"","qseqid","kingdom","phylum","class","order","family","genus","species","assignment","species_hypothesis","Confidence.x","taxon","guid","mbNumber","taxonomicLevel","trophicMode","guild","confidenceRanking","growthForm","trait","notes","citationSource","assignment.1","Kingdom","Phylum","Class","Order","Family","Genus","Species","n_100_hits","Match_Type","matched_sseqids","Species_Agreement","Genus_Agreement","Family_Agreement","Order_Agreement","Class_Agreement","Phylum_Agreement"
"1","ASV1","Fungi","Ascomycota","Dothideomycetes","Capnodiales","Cladosporiaceae","Cladosporium","Cladosporium_halotolerans","Cladosporium_halotolerans","sSH2100630.09FU","0.9957844","Cladosporiaceae","6EDCD6E4-DE4D-443D-AF6B-A572F626BD45","816548","9","Pathotroph-Saprotroph-Symbiotroph","Animal Pathogen-Endophyte-Lichen Parasite-Plant Pathogen-Wood Saprotroph","Possible","Microfungus","NULL","NULL","Seehann G, et al. 1975. List of Fungi in Soft-Rot Tissue Tests. Institute fur Holzbiologie und Holzschutz, Bundesforschungsanstalt fur Forst - und Holzwirtshaft, Hamburg - Lohbrugge, Germany; Lawrey JD, Diederich P. 2016. http://www.lichenicolous.net (accessed 24 May 2017) ((http://www.lichenicolous.net)); The American Phytopathological Society Common Names of Plant Diseases ((http://www.apsnet.org/publications/commonnames/Pages/default.aspx))","Cladosporium_halotolerans","Fungi",NA,NA,NA,NA,NA,NA,10,"Multiple 100% matches","ASV6713;ASV7012;ASV7255;ASV7270;ASV7406;ASV7706;ASV7920;ASV7934;ASV7950;ASV8081",NA,NA,NA,NA,NA,NA
"2","ASV2","Fungi","Ascomycota","Dothideomycetes","Pleosporales","Didymellaceae",NA,NA,"Didymellaceae",NA,"0.9670901","Didymellaceae","F971F4FB-F68A-481E-B5F1-2BF2B753AA5D","508292","9","Pathotroph-Saprotroph","Animal Pathogen-Plant Pathogen-Undefined Saprotroph","Possible","Microfungus","NULL","NULL","Tedersoo L, et al. 2014. Science 346:e1256688 ((https://doi.org/10.1126/science.1256688))","Didymellaceae","Fungi","Ascomycota",NA,NA,NA,NA,NA,7,"Multiple 100% matches","ASV8036;ASV8047;ASV8049;ASV8050;ASV8051;ASV8182;ASV8299",NA,NA,NA,NA,NA,"Match"
"3","ASV3","Fungi","Ascomycota","Dothideomycetes","Capnodiales","Cladosporiaceae","Cladosporium",NA,"Cladosporium",NA,"0.9630689","Cladosporiaceae","6EDCD6E4-DE4D-443D-AF6B-A572F626BD45","816548","9","Pathotroph-Saprotroph-Symbiotroph","Animal Pathogen-Endophyte-Lichen Parasite-Plant Pathogen-Wood Saprotroph","Possible","Microfungus","NULL","NULL","Seehann G, et al. 1975. List of Fungi in Soft-Rot Tissue Tests. Institute fur Holzbiologie und Holzschutz, Bundesforschungsanstalt fur Forst - und Holzwirtshaft, Hamburg - Lohbrugge, Germany; Lawrey JD, Diederich P. 2016. http://www.lichenicolous.net (accessed 24 May 2017) ((http://www.lichenicolous.net)); The American Phytopathological Society Common Names of Plant Diseases ((http://www.apsnet.org/publications/commonnames/Pages/default.aspx))","Cladosporium","Fungi","Ascomycota",NA,NA,NA,NA,NA,10,"Multiple 100% matches","ASV7515;ASV7546;ASV7578;ASV7607;ASV7750;ASV7823;ASV7847;ASV7898;ASV8048;ASV8192",NA,NA,NA,NA,NA,"Match"
"4","ASV4","Fungi","Ascomycota","Dothideomycetes","Capnodiales","Cladosporiaceae","Cladosporium",NA,"Cladosporium",NA,"0.8677805","Cladosporiaceae","6EDCD6E4-DE4D-443D-AF6B-A572F626BD45","816548","9","Pathotroph-Saprotroph-Symbiotroph","Animal Pathogen-Endophyte-Lichen Parasite-Plant Pathogen-Wood Saprotroph","Possible","Microfungus","NULL","NULL","Seehann G, et al. 1975. List of Fungi in Soft-Rot Tissue Tests. Institute fur Holzbiologie und Holzschutz, Bundesforschungsanstalt fur Forst - und Holzwirtshaft, Hamburg - Lohbrugge, Germany; Lawrey JD, Diederich P. 2016. http://www.lichenicolous.net (accessed 24 May 2017) ((http://www.lichenicolous.net)); The American Phytopathological Society Common Names of Plant Diseases ((http://www.apsnet.org/publications/commonnames/Pages/default.aspx))","Cladosporium","Fungi","Ascomycota",NA,NA,NA,NA,NA,7,"Multiple 100% matches","ASV5595;ASV5772;ASV5784;ASV5824;ASV6036;ASV6651;ASV6936",NA,NA,NA,NA,NA,"Match"
"5","ASV5","Fungi","Ascomycota","Dothideomycetes","Pleosporales","Didymellaceae",NA,NA,"Didymellaceae",NA,"0.9948787","Didymellaceae","F971F4FB-F68A-481E-B5F1-2BF2B753AA5D","508292","9","Pathotroph-Saprotroph","Animal Pathogen-Plant Pathogen-Undefined Saprotroph","Possible","Microfungus","NULL","NULL","Tedersoo L, et al. 2014. Science 346:e1256688 ((https://doi.org/10.1126/science.1256688))","Didymellaceae","Fungi","Ascomycota",NA,NA,NA,NA,NA,9,"Multiple 100% matches","ASV8164;ASV8184;ASV8185;ASV8186;ASV8187;ASV8188;ASV8246;ASV8288;ASV8289",NA,NA,NA,NA,NA,"Match"
"6","ASV6","Fungi","Ascomycota","Eurotiomycetes","Eurotiales","Aspergillaceae","Penicillium",NA,"Penicillium","sSH1225252.09FU","0.9495887","Eurotiales","1CB1CE25-36B9-11D5-9548-00D0592D548C","90472","7","Saprotroph","Undefined Saprotroph","Possible","Microfungus","NULL","NULL","Sterkenburg E, et al. 2015. New Phytologist 207:1145-1158 ((https://doi.org/10.1111/nph.13426))","Penicillium","Fungi","Ascomycota","Eurotiomycetes","Eurotiales","Aspergillaceae",NA,NA,8,"Multiple 100% matches","ASV3820;ASV3846;ASV3965;ASV3995;ASV5249;ASV5367;ASV5987;ASV6908",NA,NA,"Match","Match","Match","Match"
"7","ASV7","Fungi","Ascomycota","Dothideomycetes","Capnodiales","Cladosporiaceae","Toxicocladosporium",NA,"Toxicocladosporium",NA,"0.9998907","Cladosporiaceae","6EDCD6E4-DE4D-443D-AF6B-A572F626BD45","816548","9","Pathotroph-Saprotroph-Symbiotroph","Animal Pathogen-Endophyte-Lichen Parasite-Plant Pathogen-Wood Saprotroph","Possible","Microfungus","NULL","NULL","Seehann G, et al. 1975. List of Fungi in Soft-Rot Tissue Tests. Institute fur Holzbiologie und Holzschutz, Bundesforschungsanstalt fur Forst - und Holzwirtshaft, Hamburg - Lohbrugge, Germany; Lawrey JD, Diederich P. 2016. http://www.lichenicolous.net (accessed 24 May 2017) ((http://www.lichenicolous.net)); The American Phytopathological Society Common Names of Plant Diseases ((http://www.apsnet.org/publications/commonnames/Pages/default.aspx))","Toxicocladosporium","Fungi","Ascomycota",NA,NA,NA,NA,NA,10,"Multiple 100% matches","ASV6122;ASV6160;ASV6234;ASV6449;ASV6615;ASV6768;ASV6833;ASV6885;ASV6899;ASV7211",NA,NA,NA,NA,NA,"Match"
"8","ASV8","Fungi","Ascomycota","Sordariomycetes","Hypocreales","Nectriaceae",NA,NA,"Nectriaceae",NA,"0.9989626","Nectriaceae","1CB1CD7A-36B9-11D5-9548-00D0592D548C","81059","9","Pathotroph-Saprotroph-Symbiotroph","Animal Pathogen-Endophyte-Fungal Parasite-Lichen Parasite-Plant Pathogen-Wood Saprotroph","Possible","Microfungus","NULL","Fusarium species are amongst the economically significant plant pathogens (Cannon & Kirk 2007)","Cannon PF, Kirk PM. 2007. Fungal Families of the World. CAB International, Cambridge (ISBN: 978-0851998275); Hirooka Y, et al. 2012. Studies in Mycology 711-210 ((https://doi.org/10.3114/sim0001)); Tedersoo L, et al. 2014. Science 346:e1256688 ((https://doi.org/10.1126/science.1256688)); The American Phytopathological Society Common Names of Plant Diseases ((http://www.apsnet.org/publications/commonnames/Pages/default.aspx)); https://www.cdc.gov ((https://www.cdc.gov))","Nectriaceae","Fungi","Ascomycota",NA,NA,NA,NA,NA,10,"Multiple 100% matches","ASV6545;ASV6577;ASV6820;ASV6867;ASV6913;ASV6983;ASV7365;ASV7646;ASV7760;ASV8276",NA,NA,NA,NA,NA,"Match"
"9","ASV9","Fungi","Ascomycota","Eurotiomycetes","Eurotiales","Aspergillaceae","Aspergillus",NA,"Aspergillus",NA,"0.9531604","Eurotiales","1CB1CE25-36B9-11D5-9548-00D0592D548C","90472","7","Saprotroph","Undefined Saprotroph","Possible","Microfungus","NULL","NULL","Sterkenburg E, et al. 2015. New Phytologist 207:1145-1158 ((https://doi.org/10.1111/nph.13426))","Aspergillus","Fungi","Ascomycota",NA,NA,NA,NA,NA,9,"Multiple 100% matches","ASV5597;ASV5648;ASV5686;ASV5725;ASV5801;ASV5921;ASV6145;ASV6146;ASV6245",NA,NA,NA,NA,NA,"Match"
"10","ASV10","Fungi","Ascomycota","Dothideomycetes","Capnodiales","Cladosporiaceae","Cladosporium","Cladosporium_halotolerans","Cladosporium_halotolerans","sSH2100630.09FU","0.9718553","Cladosporiaceae","6EDCD6E4-DE4D-443D-AF6B-A572F626BD45","816548","9","Pathotroph-Saprotroph-Symbiotroph","Animal Pathogen-Endophyte-Lichen Parasite-Plant Pathogen-Wood Saprotroph","Possible","Microfungus","NULL","NULL","Seehann G, et al. 1975. List of Fungi in Soft-Rot Tissue Tests. Institute fur Holzbiologie und Holzschutz, Bundesforschungsanstalt fur Forst - und Holzwirtshaft, Hamburg - Lohbrugge, Germany; Lawrey JD, Diederich P. 2016. http://www.lichenicolous.net (accessed 24 May 2017) ((http://www.lichenicolous.net)); The American Phytopathological Society Common Names of Plant Diseases ((http://www.apsnet.org/publications/commonnames/Pages/default.aspx))","Cladosporium_halotolerans","Fungi","Ascomycota",NA,NA,NA,NA,NA,10,"Multiple 100% matches","ASV3650;ASV3900;ASV4629;ASV4727;ASV5062;ASV5389;ASV5604;ASV6669;ASV6714;ASV7995",NA,NA,NA,NA,NA,"Match"
"11","ASV11","Fungi","Ascomycota","Sordariomycetes","Hypocreales",NA,"Acremonium","Acremonium_tubakii","Acremonium_tubakii","sSH1310858.09FU","0.9822399","Hypocreales","1CB18E60-36B9-11D5-9548-00D0592D548C","90477","7","Saprotroph","Undefined Saprotroph","Possible","Microfungus","NULL","NULL","Sterkenburg E, et al. 2015. New Phytologist 207:1145-1158 ((https://doi.org/10.1111/nph.13426))","Acremonium_tubakii","Fungi","Ascomycota",NA,NA,NA,NA,NA,10,"Multiple 100% matches","ASV6683;ASV6836;ASV6893;ASV6938;ASV7136;ASV7223;ASV7278;ASV7416;ASV7740;ASV7782",NA,NA,NA,NA,NA,"Match"
"12","ASV12","Fungi","Basidiomycota","Malasseziomycetes","Malasseziales","Malasseziaceae","Malassezia","Malassezia_restricta","Malassezia_restricta","sSH1102553.09FU","0.9999938","Malassezia restricta","0ED4066F-EEFE-46DE-95EC-94452E61766B","437921","20","Pathotroph","Animal Pathogen","Probable","NULL","NULL","Opportunistic human pathogen","https://www.cdc.gov ((https://www.cdc.gov))","Malassezia_restricta","Fungi","Basidiomycota","Malasseziomycetes","Malasseziales","Malasseziaceae","Malassezia","Malassezia_restricta",1,"Unique 100% match","ASV2729","Match","Match","Match","Match","Match","Match"
"13","ASV13","Fungi","Ascomycota","Dothideomycetes","Capnodiales","Cladosporiaceae","Cladosporium","Cladosporium_endophyticum","Cladosporium_endophyticum","sSH4359617.09FU","0.9832336","Cladosporiaceae","6EDCD6E4-DE4D-443D-AF6B-A572F626BD45","816548","9","Pathotroph-Saprotroph-Symbiotroph","Animal Pathogen-Endophyte-Lichen Parasite-Plant Pathogen-Wood Saprotroph","Possible","Microfungus","NULL","NULL","Seehann G, et al. 1975. List of Fungi in Soft-Rot Tissue Tests. Institute fur Holzbiologie und Holzschutz, Bundesforschungsanstalt fur Forst - und Holzwirtshaft, Hamburg - Lohbrugge, Germany; Lawrey JD, Diederich P. 2016. http://www.lichenicolous.net (accessed 24 May 2017) ((http://www.lichenicolous.net)); The American Phytopathological Society Common Names of Plant Diseases ((http://www.apsnet.org/publications/commonnames/Pages/default.aspx))","Cladosporium_endophyticum","Fungi","Ascomycota",NA,NA,NA,NA,NA,10,"Multiple 100% matches","ASV3956;ASV4128;ASV4454;ASV4476;ASV4811;ASV4920;ASV5341;ASV6136;ASV6439;ASV7475",NA,NA,NA,NA,NA,"Match"
"14","ASV14","Fungi","Ascomycota","Eurotiomycetes","Chaetothyriales","Herpotrichiellaceae","Exophiala","Exophiala_equina","Exophiala_equina","sSH1072530.09FU","0.9763045","Herpotrichiellaceae","1CB1CD37-36B9-11D5-9548-00D0592D548C","80856","9","Pathotroph-Saprotroph","Animal Pathogen-Fungal Parasite-Undefined Saprotroph","Probable","Facultative Yeast-Microfungus","NULL","Mostly saprobic on plants or other fungi, isolated from soil etc., and from medical sources (Cannon & Kirk 2007)","Cannon PF, Kirk PM. 2007. Fungal Families of the World. CAB International, Cambridge (ISBN: 978-0851998275)","Exophiala_equina","Fungi","Ascomycota","Eurotiomycetes",NA,NA,NA,NA,10,"Multiple 100% matches","ASV6766;ASV6780;ASV6811;ASV7195;ASV7220;ASV7378;ASV7412;ASV7482;ASV7587;ASV8248",NA,NA,NA,NA,"Match","Match"
"15","ASV15","Fungi","Ascomycota","Dothideomycetes","Capnodiales","Cladosporiaceae","Verrucocladosporium",NA,"Verrucocladosporium",NA,"0.9997408","Cladosporiaceae","6EDCD6E4-DE4D-443D-AF6B-A572F626BD45","816548","9","Pathotroph-Saprotroph-Symbiotroph","Animal Pathogen-Endophyte-Lichen Parasite-Plant Pathogen-Wood Saprotroph","Possible","Microfungus","NULL","NULL","Seehann G, et al. 1975. List of Fungi in Soft-Rot Tissue Tests. Institute fur Holzbiologie und Holzschutz, Bundesforschungsanstalt fur Forst - und Holzwirtshaft, Hamburg - Lohbrugge, Germany; Lawrey JD, Diederich P. 2016. http://www.lichenicolous.net (accessed 24 May 2017) ((http://www.lichenicolous.net)); The American Phytopathological Society Common Names of Plant Diseases ((http://www.apsnet.org/publications/commonnames/Pages/default.aspx))","Verrucocladosporium","Fungi",NA,NA,NA,NA,NA,NA,10,"Multiple 100% matches","ASV7585;ASV7586;ASV7688;ASV7890;ASV7939;ASV7947;ASV8100;ASV8116;ASV8183;ASV8191",NA,NA,NA,NA,NA,NA
"16","ASV16","Fungi","Ascomycota","Dothideomycetes","Capnodiales","Cladosporiaceae","Toxicocladosporium",NA,"Toxicocladosporium",NA,"0.8325458","Cladosporiaceae","6EDCD6E4-DE4D-443D-AF6B-A572F626BD45","816548","9","Pathotroph-Saprotroph-Symbiotroph","Animal Pathogen-Endophyte-Lichen Parasite-Plant Pathogen-Wood Saprotroph","Possible","Microfungus","NULL","NULL","Seehann G, et al. 1975. List of Fungi in Soft-Rot Tissue Tests. Institute fur Holzbiologie und Holzschutz, Bundesforschungsanstalt fur Forst - und Holzwirtshaft, Hamburg - Lohbrugge, Germany; Lawrey JD, Diederich P. 2016. http://www.lichenicolous.net (accessed 24 May 2017) ((http://www.lichenicolous.net)); The American Phytopathological Society Common Names of Plant Diseases ((http://www.apsnet.org/publications/commonnames/Pages/default.aspx))","Toxicocladosporium","Fungi","Ascomycota","Dothideomycetes","Capnodiales","Cladosporiaceae","Toxicocladosporium","Toxicocladosporium_strelitziae",2,"Multiple 100% matches","ASV229;ASV6752",NA,"Match","Match","Match","Match","Match"
"17","ASV17","Fungi","Ascomycota","Eurotiomycetes","Chaetothyriales","Herpotrichiellaceae","Exophiala","Exophiala_lecanii-corni","Exophiala_lecanii-corni","sSH1107892.09FU","0.9994610","Herpotrichiellaceae","1CB1CD37-36B9-11D5-9548-00D0592D548C","80856","9","Pathotroph-Saprotroph","Animal Pathogen-Fungal Parasite-Undefined Saprotroph","Probable","Facultative Yeast-Microfungus","NULL","Mostly saprobic on plants or other fungi, isolated from soil etc., and from medical sources (Cannon & Kirk 2007)","Cannon PF, Kirk PM. 2007. Fungal Families of the World. CAB International, Cambridge (ISBN: 978-0851998275)","Exophiala_lecanii-corni","Fungi","Ascomycota","Eurotiomycetes","Chaetothyriales","Herpotrichiellaceae","Exophiala","Exophiala_lecanii-corni",5,"Multiple 100% matches","ASV52;ASV7221;ASV7483;ASV7484;ASV7626","Match","Match","Match","Match","Match","Match"
"18","ASV18","Fungi","Ascomycota","Dothideomycetes","Capnodiales","Cladosporiaceae","Toxicocladosporium",NA,"Toxicocladosporium",NA,"0.9130143","Cladosporiaceae","6EDCD6E4-DE4D-443D-AF6B-A572F626BD45","816548","9","Pathotroph-Saprotroph-Symbiotroph","Animal Pathogen-Endophyte-Lichen Parasite-Plant Pathogen-Wood Saprotroph","Possible","Microfungus","NULL","NULL","Seehann G, et al. 1975. List of Fungi in Soft-Rot Tissue Tests. Institute fur Holzbiologie und Holzschutz, Bundesforschungsanstalt fur Forst - und Holzwirtshaft, Hamburg - Lohbrugge, Germany; Lawrey JD, Diederich P. 2016. http://www.lichenicolous.net (accessed 24 May 2017) ((http://www.lichenicolous.net)); The American Phytopathological Society Common Names of Plant Diseases ((http://www.apsnet.org/publications/commonnames/Pages/default.aspx))","Toxicocladosporium","Fungi","Ascomycota","Dothideomycetes",NA,NA,NA,NA,7,"Multiple 100% matches","ASV4290;ASV45;ASV4978;ASV6326;ASV7165;ASV7222;ASV7323",NA,NA,NA,NA,"Match","Match"
"19","ASV19","Fungi","Basidiomycota","Agaricomycetes","Polyporales","Polyporaceae",NA,NA,"Polyporaceae",NA,"0.9999998","Polyporaceae","1CB19B17-36B9-11D5-9548-00D0592D548C","81203","9","Saprotroph","Wood Saprotroph","Probable","Polyporoid","Brown Rot-White Rot","Lignicolous, causing brown or white rot, mostly of broadleaved trees (Cannon & Kirk 2007)","Cannon PF, Kirk PM. 2007. Fungal Families of the World. CAB International, Cambridge (ISBN: 978-0851998275)","Polyporaceae","Fungi",NA,NA,NA,NA,NA,NA,10,"Multiple 100% matches","ASV5327;ASV5928;ASV6024;ASV6101;ASV7373;ASV7591;ASV7629;ASV7821;ASV7994;ASV8254",NA,NA,NA,NA,NA,NA
"20","ASV20","Fungi","Ascomycota","Dothideomycetes","Capnodiales","Cladosporiaceae","Cladosporium","Cladosporium_sphaerospermum","Cladosporium_sphaerospermum","sSH4358594.09FU","0.9973064","Cladosporiaceae","6EDCD6E4-DE4D-443D-AF6B-A572F626BD45","816548","9","Pathotroph-Saprotroph-Symbiotroph","Animal Pathogen-Endophyte-Lichen Parasite-Plant Pathogen-Wood Saprotroph","Possible","Microfungus","NULL","NULL","Seehann G, et al. 1975. List of Fungi in Soft-Rot Tissue Tests. Institute fur Holzbiologie und Holzschutz, Bundesforschungsanstalt fur Forst - und Holzwirtshaft, Hamburg - Lohbrugge, Germany; Lawrey JD, Diederich P. 2016. http://www.lichenicolous.net (accessed 24 May 2017) ((http://www.lichenicolous.net)); The American Phytopathological Society Common Names of Plant Diseases ((http://www.apsnet.org/publications/commonnames/Pages/default.aspx))","Cladosporium_sphaerospermum","Fungi","Ascomycota",NA,NA,NA,NA,NA,10,"Multiple 100% matches","ASV4297;ASV4428;ASV5235;ASV5674;ASV6035;ASV6076;ASV6552;ASV6712;ASV6756;ASV6967",NA,NA,NA,NA,NA,"Match"
"21","ASV21","Fungi","Ascomycota","Dothideomycetes","Pleosporales","Didymellaceae","Didymella",NA,"Didymella",NA,"0.7070005","Didymellaceae","F971F4FB-F68A-481E-B5F1-2BF2B753AA5D","508292","9","Pathotroph-Saprotroph","Animal Pathogen-Plant Pathogen-Undefined Saprotroph","Possible","Microfungus","NULL","NULL","Tedersoo L, et al. 2014. Science 346:e1256688 ((https://doi.org/10.1126/science.1256688))","Didymella","Fungi","Ascomycota","Dothideomycetes","Pleosporales","Didymellaceae","Didymella","Didymella_gardeniae",4,"Multiple 100% matches","ASV125;ASV6704;ASV6944;ASV7589",NA,"Match","Match","Match","Match","Match"
"22","ASV22","Fungi","Ascomycota","Eurotiomycetes","Chaetothyriales","Herpotrichiellaceae",NA,NA,"Herpotrichiellaceae",NA,"0.9999999","Herpotrichiellaceae","1CB1CD37-36B9-11D5-9548-00D0592D548C","80856","9","Pathotroph-Saprotroph","Animal Pathogen-Fungal Parasite-Undefined Saprotroph","Probable","Facultative Yeast-Microfungus","NULL","Mostly saprobic on plants or other fungi, isolated from soil etc., and from medical sources (Cannon & Kirk 2007)","Cannon PF, Kirk PM. 2007. Fungal Families of the World. CAB International, Cambridge (ISBN: 978-0851998275)","Herpotrichiellaceae","Fungi","Ascomycota",NA,NA,NA,NA,NA,6,"Multiple 100% matches","ASV66;ASV7442;ASV7940;ASV7993;ASV8237;ASV8243",NA,NA,NA,NA,NA,"Match"
"24","ASV24","Fungi","Ascomycota","Sordariomycetes","Hypocreales","Nectriaceae","Fusarium","Fusarium_tonkinense","Fusarium_tonkinense","sSH3194730.09FU","0.7547132","Nectriaceae","1CB1CD7A-36B9-11D5-9548-00D0592D548C","81059","9","Pathotroph-Saprotroph-Symbiotroph","Animal Pathogen-Endophyte-Fungal Parasite-Lichen Parasite-Plant Pathogen-Wood Saprotroph","Possible","Microfungus","NULL","Fusarium species are amongst the economically significant plant pathogens (Cannon & Kirk 2007)","Cannon PF, Kirk PM. 2007. Fungal Families of the World. CAB International, Cambridge (ISBN: 978-0851998275); Hirooka Y, et al. 2012. Studies in Mycology 711-210 ((https://doi.org/10.3114/sim0001)); Tedersoo L, et al. 2014. Science 346:e1256688 ((https://doi.org/10.1126/science.1256688)); The American Phytopathological Society Common Names of Plant Diseases ((http://www.apsnet.org/publications/commonnames/Pages/default.aspx)); https://www.cdc.gov ((https://www.cdc.gov))","Fusarium_tonkinense","Fungi","Ascomycota","Sordariomycetes","Hypocreales","Nectriaceae","Fusarium","Fusarium_tonkinense",8,"Multiple 100% matches","ASV41;ASV6858;ASV6927;ASV7097;ASV7297;ASV7364;ASV7536;ASV7641","Match","Match","Match","Match","Match","Match"
"25","ASV25","Fungi","Ascomycota","Sordariomycetes","Hypocreales","Cordycipitaceae","Simplicillium","Simplicillium_sympodiophorum","Simplicillium_sympodiophorum","sSH1279241.09FU","0.7996374","Hypocreales","1CB18E60-36B9-11D5-9548-00D0592D548C","90477","7","Saprotroph","Undefined Saprotroph","Possible","Microfungus","NULL","NULL","Sterkenburg E, et al. 2015. New Phytologist 207:1145-1158 ((https://doi.org/10.1111/nph.13426))","Simplicillium_sympodiophorum","Fungi","Ascomycota","Sordariomycetes","Hypocreales","Cordycipitaceae","Simplicillium","Simplicillium_sympodiophorum",3,"Multiple 100% matches","ASV8108;ASV8168;ASV96","Match","Match","Match","Match","Match","Match"
"26","ASV26","Fungi","Ascomycota","Dothideomycetes","Mycosphaerellales","Mycosphaerellaceae","Ramularia",NA,"Ramularia",NA,"0.7161318","Mycosphaerellaceae","1CB1CD75-36B9-11D5-9548-00D0592D548C","81043","9","Pathotroph-Saprotroph","Plant Pathogen-Undefined Saprotroph","Probable","Microfungus","NULL","Biotrophic, necrotrophic or saprobic on various plant tissues (Cannon & Kirk 2007)","Cannon PF, Kirk PM. 2007. Fungal Families of the World. CAB International, Cambridge (ISBN: 978-0851998275)","Ramularia","Fungi","Ascomycota",NA,NA,NA,NA,NA,10,"Multiple 100% matches","ASV4515;ASV4993;ASV5145;ASV6287;ASV6367;ASV7075;ASV7444;ASV7614;ASV7931;ASV8234",NA,NA,NA,NA,NA,"Match"
"27","ASV27","Fungi","Ascomycota",NA,NA,NA,NA,NA,"Ascomycota",NA,"0.9161619",NA,NA,NA,NA,NA,NA,NA,NA,NA,NA,NA,"Ascomycota","Fungi","Ascomycota","Dothideomycetes","Capnodiales",NA,NA,NA,10,"Multiple 100% matches","ASV5522;ASV7487;ASV7541;ASV7592;ASV7610;ASV7628;ASV7685;ASV7716;ASV8034;ASV8124",NA,NA,NA,NA,NA,"Match"
"28","ASV28","Fungi","Ascomycota","Dothideomycetes","Dothideales","Dothioraceae","Dothiora","Dothiora_infuscans","Dothiora_infuscans","sSH1204667.09FU","0.9999996","Dothiora","F5AB58E1-AB0A-4087-BA0B-F0197750FA9A","1702","13"," Saprotroph","Undefined Saprotroph-|Wood Saprotroph|","Probable","Microfungus","NULL","Decay: wood (Põlme et al. 2020)","Tedersoo L, et al. 2014. Science 346:e1256688 ((https://doi.org/10.1126/science.1256688)); Põlme S, et al. 2020. Fungal Diversity 105:1-16 ((https://doi.org/10.1007/s13225-020-00466-2))","Dothiora_infuscans","Fungi","Ascomycota","Dothideomycetes","Dothideales","Dothioraceae","Dothiora","Dothiora_infuscans",2,"Multiple 100% matches","ASV4668;ASV5220","Match","Match","Match","Match","Match","Match"
"29","ASV29","Fungi","Ascomycota","Eurotiomycetes","Eurotiales","Aspergillaceae","Penicillium",NA,"Penicillium",NA,"0.9211908","Eurotiales","1CB1CE25-36B9-11D5-9548-00D0592D548C","90472","7","Saprotroph","Undefined Saprotroph","Possible","Microfungus","NULL","NULL","Sterkenburg E, et al. 2015. New Phytologist 207:1145-1158 ((https://doi.org/10.1111/nph.13426))","Penicillium","Fungi","Ascomycota","Eurotiomycetes","Eurotiales","Aspergillaceae",NA,NA,9,"Multiple 100% matches","ASV6739;ASV6808;ASV6840;ASV7260;ASV7299;ASV7457;ASV7606;ASV7679;ASV7805",NA,NA,"Match","Match","Match","Match"
"30","ASV30","Fungi","Ascomycota","Dothideomycetes","Pleosporales","Pleosporaceae","Alternaria",NA,"Alternaria",NA,"0.9999949","Pleosporaceae","1CB1CDA2-36B9-11D5-9548-00D0592D548C","81188","9","Pathotroph-Saprotroph","Endophyte-Lichen Parasite-Plant Pathogen-Undefined Saprotroph","Probable","Microfungus","NULL","Necrotrophic pathogens and saprobes, especially associated with grasses. Many species are seed-borne (Cannon & Kirk 2007)","Cannon PF, Kirk PM. 2007. Fungal Families of the World. CAB International, Cambridge (ISBN: 978-0851998275); David AS, et al. 2016. Microbial Ecology 71:912-926 ((https://doi.org/10.1007/s00248-015-0712-6)); Lawrey JD, Diederich P. 2016. http://www.lichenicolous.net (accessed 24 May 2017) ((http://www.lichenicolous.net))","Alternaria","Fungi","Ascomycota","Dothideomycetes","Pleosporales","Pleosporaceae","Alternaria","Alternaria_angustiovoidea",7,"Multiple 100% matches","ASV3621;ASV4453;ASV6104;ASV6286;ASV6597;ASV7346;ASV7812",NA,"Match","Match","Match","Match","Match"
"31","ASV31","Fungi","Ascomycota","Eurotiomycetes","Chaetothyriales","Trichomeriaceae","Knufia","Knufia_tsunedae","Knufia_tsunedae","sSH1682696.09FU","0.9858158","Trichomeriaceae","B366E4F5-4360-49B3-BA47-86698B5D3511","800935","9","Symbiotroph","Epiphyte","Probable","Microfungus","NULL","Foliar epiphytes with the appearance of sooty moulds, mostly occurring on the surface of living leaves and apparently gaining their nutrients from insect exudates (Chomnunti et al. 2012)","Chomnunti P, et al. 2012. Fungal Diversity 56:63-76 ((https://doi.org/10.1007/s13225-012-0197-2))","Knufia_tsunedae","Fungi","Ascomycota",NA,NA,NA,NA,NA,10,"Multiple 100% matches","ASV7196;ASV7226;ASV7276;ASV7277;ASV7625;ASV7631;ASV7640;ASV7813;ASV7943;ASV7944",NA,NA,NA,NA,NA,"Match"
"32","ASV32","Fungi","Ascomycota","Eurotiomycetes","Chaetothyriales","Herpotrichiellaceae","Exophiala","Exophiala_phaeomuriformis","Exophiala_phaeomuriformis","sSH1066734.09FU","0.9998886","Herpotrichiellaceae","1CB1CD37-36B9-11D5-9548-00D0592D548C","80856","9","Pathotroph-Saprotroph","Animal Pathogen-Fungal Parasite-Undefined Saprotroph","Probable","Facultative Yeast-Microfungus","NULL","Mostly saprobic on plants or other fungi, isolated from soil etc., and from medical sources (Cannon & Kirk 2007)","Cannon PF, Kirk PM. 2007. Fungal Families of the World. CAB International, Cambridge (ISBN: 978-0851998275)","Exophiala_phaeomuriformis","Fungi","Ascomycota","Eurotiomycetes","Chaetothyriales","Herpotrichiellaceae","Exophiala","Exophiala_phaeomuriformis",2,"Multiple 100% matches","ASV128;ASV7734","Match","Match","Match","Match","Match","Match"
"33","ASV33","Fungi","Ascomycota","Sordariomycetes","Hypocreales","Nectriaceae","Fusarium","Fusarium_solani","Fusarium_solani","sSH0970292.09FU","0.9268469","Nectriaceae","1CB1CD7A-36B9-11D5-9548-00D0592D548C","81059","9","Pathotroph-Saprotroph-Symbiotroph","Animal Pathogen-Endophyte-Fungal Parasite-Lichen Parasite-Plant Pathogen-Wood Saprotroph","Possible","Microfungus","NULL","Fusarium species are amongst the economically significant plant pathogens (Cannon & Kirk 2007)","Cannon PF, Kirk PM. 2007. Fungal Families of the World. CAB International, Cambridge (ISBN: 978-0851998275); Hirooka Y, et al. 2012. Studies in Mycology 711-210 ((https://doi.org/10.3114/sim0001)); Tedersoo L, et al. 2014. Science 346:e1256688 ((https://doi.org/10.1126/science.1256688)); The American Phytopathological Society Common Names of Plant Diseases ((http://www.apsnet.org/publications/commonnames/Pages/default.aspx)); https://www.cdc.gov ((https://www.cdc.gov))","Fusarium_solani","Fungi","Ascomycota",NA,NA,NA,NA,NA,10,"Multiple 100% matches","ASV6215;ASV6462;ASV6624;ASV6707;ASV6779;ASV6912;ASV6943;ASV7259;ASV7428;ASV7537",NA,NA,NA,NA,NA,"Match"
"34","ASV34","Fungi","Basidiomycota","Malasseziomycetes","Malasseziales","Malasseziaceae","Malassezia","Malassezia_restricta","Malassezia_restricta","sSH1102553.09FU","0.9999881","Malassezia restricta","0ED4066F-EEFE-46DE-95EC-94452E61766B","437921","20","Pathotroph","Animal Pathogen","Probable","NULL","NULL","Opportunistic human pathogen","https://www.cdc.gov ((https://www.cdc.gov))","Malassezia_restricta","Fungi","Basidiomycota","Malasseziomycetes","Malasseziales","Malasseziaceae","Malassezia","Malassezia_restricta",1,"Unique 100% match","ASV7713","Match","Match","Match","Match","Match","Match"
"35","ASV35","Fungi","Basidiomycota","Agaricomycetes","Polyporales","Meripilaceae","Rigidoporus",NA,"Rigidoporus","sSH1197646.09FU","0.7272092","Meripilaceae","1CB1CD64-36B9-11D5-9548-00D0592D548C","80007","9","Pathotroph-Saprotroph","Plant Pathogen-Undefined Saprotroph","Probable","Polyporoid","NULL","Saprobic or parasitic on hardwood trees, often growing from buried roots and causing white rot (Cannon & Kirk 2007)","Cannon PF, Kirk PM. 2007. Fungal Families of the World. CAB International, Cambridge (ISBN: 978-0851998275)","Rigidoporus","Fungi","Basidiomycota","Agaricomycetes","Polyporales","Meripilaceae","Rigidoporus",NA,2,"Multiple 100% matches","ASV137;ASV6261",NA,"Match","Match","Match","Match","Match"
"37","ASV37","Fungi","Ascomycota","Dothideomycetes","Capnodiales","Cladosporiaceae","Cladosporium",NA,"Cladosporium",NA,"0.8530168","Cladosporiaceae","6EDCD6E4-DE4D-443D-AF6B-A572F626BD45","816548","9","Pathotroph-Saprotroph-Symbiotroph","Animal Pathogen-Endophyte-Lichen Parasite-Plant Pathogen-Wood Saprotroph","Possible","Microfungus","NULL","NULL","Seehann G, et al. 1975. List of Fungi in Soft-Rot Tissue Tests. Institute fur Holzbiologie und Holzschutz, Bundesforschungsanstalt fur Forst - und Holzwirtshaft, Hamburg - Lohbrugge, Germany; Lawrey JD, Diederich P. 2016. http://www.lichenicolous.net (accessed 24 May 2017) ((http://www.lichenicolous.net)); The American Phytopathological Society Common Names of Plant Diseases ((http://www.apsnet.org/publications/commonnames/Pages/default.aspx))","Cladosporium","Fungi","Ascomycota","Dothideomycetes","Capnodiales","Cladosporiaceae","Cladosporium","Cladosporium_basi-inflatum",4,"Multiple 100% matches","ASV158;ASV4685;ASV4706;ASV5509",NA,"Match","Match","Match","Match","Match"
"38","ASV38","Fungi","Ascomycota","Eurotiomycetes","Eurotiales","Aspergillaceae","Penicillium",NA,"Penicillium",NA,"0.9436629","Eurotiales","1CB1CE25-36B9-11D5-9548-00D0592D548C","90472","7","Saprotroph","Undefined Saprotroph","Possible","Microfungus","NULL","NULL","Sterkenburg E, et al. 2015. New Phytologist 207:1145-1158 ((https://doi.org/10.1111/nph.13426))","Penicillium","Fungi","Ascomycota","Eurotiomycetes","Eurotiales","Aspergillaceae",NA,NA,7,"Multiple 100% matches","ASV4946;ASV7041;ASV7257;ASV73;ASV7320;ASV7677;ASV7702",NA,NA,"Match","Match","Match","Match"
"39","ASV39","Fungi","Ascomycota","Sordariomycetes","Diaporthales","Gnomoniaceae","Gnomoniopsis","Gnomoniopsis_paraclavulata","Gnomoniopsis_paraclavulata","sSH1271741.09FU","0.9595660","Gnomoniaceae","F36F48E8-C228-4922-8DB6-AE905CA55412","80810","9","Pathotroph-Saprotroph-Symbiotroph","Endophyte-Plant Pathogen-Undefined Saprotroph","Probable","Microfungus","NULL","Most species are saprobes or endophytes in leaves and bark, but a few are neurotrophic pathogens (Cannon & Kirk 2007)","Cannon PF, Kirk PM. 2007. Fungal Families of the World. CAB International, Cambridge (ISBN: 978-0851998275)","Gnomoniopsis_paraclavulata","Fungi","Ascomycota","Sordariomycetes","Diaporthales","Gnomoniaceae","Gnomoniopsis","Gnomoniopsis_paraclavulata",1,"Unique 100% match","ASV3091","Match","Match","Match","Match","Match","Match"
"40","ASV40","Fungi","Ascomycota","Dothideomycetes","Capnodiales","Cladosporiaceae","Cladosporium","Cladosporium_endophyticum","Cladosporium_endophyticum","sSH4359617.09FU","0.9909984","Cladosporiaceae","6EDCD6E4-DE4D-443D-AF6B-A572F626BD45","816548","9","Pathotroph-Saprotroph-Symbiotroph","Animal Pathogen-Endophyte-Lichen Parasite-Plant Pathogen-Wood Saprotroph","Possible","Microfungus","NULL","NULL","Seehann G, et al. 1975. List of Fungi in Soft-Rot Tissue Tests. Institute fur Holzbiologie und Holzschutz, Bundesforschungsanstalt fur Forst - und Holzwirtshaft, Hamburg - Lohbrugge, Germany; Lawrey JD, Diederich P. 2016. http://www.lichenicolous.net (accessed 24 May 2017) ((http://www.lichenicolous.net)); The American Phytopathological Society Common Names of Plant Diseases ((http://www.apsnet.org/publications/commonnames/Pages/default.aspx))","Cladosporium_endophyticum","Fungi","Ascomycota",NA,NA,NA,NA,NA,7,"Multiple 100% matches","ASV124;ASV272;ASV46;ASV6141;ASV6495;ASV6579;ASV747",NA,NA,NA,NA,NA,"Match"
"41","ASV41","Fungi","Ascomycota","Eurotiomycetes","Eurotiales","Aspergillaceae","Aspergillus","Aspergillus_glabripes","Aspergillus_glabripes","sSH1228780.09FU","0.7175165","Eurotiales","1CB1CE25-36B9-11D5-9548-00D0592D548C","90472","7","Saprotroph","Undefined Saprotroph","Possible","Microfungus","NULL","NULL","Sterkenburg E, et al. 2015. New Phytologist 207:1145-1158 ((https://doi.org/10.1111/nph.13426))","Aspergillus_glabripes","Fungi","Ascomycota","Eurotiomycetes","Eurotiales","Aspergillaceae",NA,NA,8,"Multiple 100% matches","ASV6711;ASV6963;ASV7161;ASV7326;ASV7852;ASV7853;ASV8123;ASV8259",NA,NA,"Match","Match","Match","Match"
"42","ASV42","Fungi","Ascomycota","Sordariomycetes","Hypocreales","Niessliaceae","Niesslia","Niesslia_tenuis","Niesslia_tenuis","sSH1078503.09FU","0.9977397","Hypocreales","1CB18E60-36B9-11D5-9548-00D0592D548C","90477","7","Saprotroph","Undefined Saprotroph","Possible","Microfungus","NULL","NULL","Sterkenburg E, et al. 2015. New Phytologist 207:1145-1158 ((https://doi.org/10.1111/nph.13426))","Niesslia_tenuis","Fungi","Ascomycota",NA,NA,NA,NA,NA,9,"Multiple 100% matches","ASV5705;ASV5735;ASV5807;ASV5933;ASV5988;ASV6383;ASV6534;ASV7194;ASV7705",NA,NA,NA,NA,NA,"Match"
"43","ASV43","Fungi","Ascomycota","Eurotiomycetes","Eurotiales","Aspergillaceae","Aspergillus",NA,"Aspergillus",NA,"0.9948931","Eurotiales","1CB1CE25-36B9-11D5-9548-00D0592D548C","90472","7","Saprotroph","Undefined Saprotroph","Possible","Microfungus","NULL","NULL","Sterkenburg E, et al. 2015. New Phytologist 207:1145-1158 ((https://doi.org/10.1111/nph.13426))","Aspergillus","Fungi","Ascomycota",NA,NA,NA,NA,NA,8,"Multiple 100% matches","ASV162;ASV38;ASV4000;ASV4584;ASV4828;ASV6837;ASV7339;ASV7501",NA,NA,NA,NA,NA,"Match"
"44","ASV44","Fungi","Ascomycota","Dothideomycetes","Capnodiales","Cladosporiaceae","Cladosporium",NA,"Cladosporium",NA,"0.7767729","Cladosporiaceae","6EDCD6E4-DE4D-443D-AF6B-A572F626BD45","816548","9","Pathotroph-Saprotroph-Symbiotroph","Animal Pathogen-Endophyte-Lichen Parasite-Plant Pathogen-Wood Saprotroph","Possible","Microfungus","NULL","NULL","Seehann G, et al. 1975. List of Fungi in Soft-Rot Tissue Tests. Institute fur Holzbiologie und Holzschutz, Bundesforschungsanstalt fur Forst - und Holzwirtshaft, Hamburg - Lohbrugge, Germany; Lawrey JD, Diederich P. 2016. http://www.lichenicolous.net (accessed 24 May 2017) ((http://www.lichenicolous.net)); The American Phytopathological Society Common Names of Plant Diseases ((http://www.apsnet.org/publications/commonnames/Pages/default.aspx))","Cladosporium","Fungi","Ascomycota","Dothideomycetes","Capnodiales","Cladosporiaceae","Cladosporium",NA,4,"Multiple 100% matches","ASV6336;ASV669;ASV7322;ASV7684",NA,"Match","Match","Match","Match","Match"
"46","ASV46","Fungi","Basidiomycota","Agaricomycetes","Russulales","Peniophoraceae","Peniophora","Peniophora_albobadia","Peniophora_albobadia","sSH1068847.09FU","0.9812613","Peniophoraceae","1CB1CD8B-36B9-11D5-9548-00D0592D548C","81123","9","Pathotroph-Saprotroph","Plant Pathogen-Wood Saprotroph","Probable","Corticioid","White Rot","Most species are saprobic, causing rots of standing and fallen wood. Many species are adapted to xeric conditions, being able to grow on rapidly drying dead attached branches (Cannon & Kirk 2007)","Cannon PF, Kirk PM. 2007. Fungal Families of the World. CAB International, Cambridge (ISBN: 978-0851998275)","Peniophora_albobadia","Fungi","Basidiomycota","Agaricomycetes","Russulales","Peniophoraceae","Peniophora","Peniophora_albobadia",1,"Unique 100% match","ASV5462","Match","Match","Match","Match","Match","Match"
"53","ASV53","Fungi","Ascomycota","Sordariomycetes","Diaporthales","Gnomoniaceae",NA,NA,"Gnomoniaceae",NA,"0.9998878","Gnomoniaceae","F36F48E8-C228-4922-8DB6-AE905CA55412","80810","9","Pathotroph-Saprotroph-Symbiotroph","Endophyte-Plant Pathogen-Undefined Saprotroph","Probable","Microfungus","NULL","Most species are saprobes or endophytes in leaves and bark, but a few are neurotrophic pathogens (Cannon & Kirk 2007)","Cannon PF, Kirk PM. 2007. Fungal Families of the World. CAB International, Cambridge (ISBN: 978-0851998275)","Gnomoniaceae","Fungi","Ascomycota","Sordariomycetes","Diaporthales","Gnomoniaceae","Plagiostoma",NA,8,"Multiple 100% matches","ASV1310;ASV2292;ASV4838;ASV7447;ASV7590;ASV7739;ASV8016;ASV85",NA,NA,"Match","Match","Match","Match"
"54","ASV54","Fungi","Basidiomycota","Agaricomycetes","Polyporales","Meripilaceae",NA,NA,"Meripilaceae","sSH1197662.09FU","0.9726682","Meripilaceae","1CB1CD64-36B9-11D5-9548-00D0592D548C","80007","9","Pathotroph-Saprotroph","Plant Pathogen-Undefined Saprotroph","Probable","Polyporoid","NULL","Saprobic or parasitic on hardwood trees, often growing from buried roots and causing white rot (Cannon & Kirk 2007)","Cannon PF, Kirk PM. 2007. Fungal Families of the World. CAB International, Cambridge (ISBN: 978-0851998275)","Meripilaceae","Fungi","Basidiomycota","Agaricomycetes","Polyporales","Meripilaceae","Physisporinus",NA,1,"Unique 100% match","ASV2215",NA,NA,"Match","Match","Match","Match"
"56","ASV56","Fungi","Ascomycota","Sordariomycetes","Sordariales","Chaetomiaceae",NA,NA,"Chaetomiaceae",NA,"0.7041147","Chaetomiaceae","1CB1CCE0-36B9-11D5-9548-00D0592D548C","80582","9","Pathotroph-Saprotroph-Symbiotroph","Animal Pathogen-Dung Saprotroph-Endophyte-Epiphyte-Plant Saprotroph-Wood Saprotroph","Possible","Microfungus","Soft Rot","Saprobic, acting as key decay organisms of plant materials and plant-derived commodities (Cannon & Kirk 2007); Epiphyte detection method-culture (Massimo et al. 2015); Endophyte detection method-culture (Busby et al. 2016, David et al. 2016); Likely opportunistic human pathogen (Irinyi et al. 2015)","Seehann G, et al. 1975. List of Fungi in Soft-Rot Tissue Tests. Institute fur Holzbiologie und Holzschutz, Bundesforschungsanstalt fur Forst - und Holzwirtshaft, Hamburg - Lohbrugge, Germany; Cannon PF, Kirk PM. 2007. Fungal Families of the World. CAB International, Cambridge ((https://isbnsearch.org/isbn/9780851998275));  Bills GF, et al. 2013. Current Opinion in Microbiology 16:549-565 ((https://doi.org/10.1016/j.mib.2013.08.001)); Tedersoo L, et al. 2014. Science 346:e1256688 ((https://doi.org/10.1126/science.1256688)); Irinyi L, et al. 2015. Medical Mycology 53:313-337 ((https://doi.org/10.1093/mmy/myv008)); Massimo NC, et al. 2015. Microbial Ecology 70:61-76 ((https://doi.org/10.1007/s00248-014-0563-6)); Busby PE, et al. 2016. New Phytologist 209:1681-1692 ((https://doi.org/10.1111/nph.13742)); David AS, et al. 2016. Microbial Ecology 71:912-926 ((https://doi.org/10.1007/s00248-015-0712-6))","Chaetomiaceae","Fungi","Ascomycota",NA,NA,NA,NA,NA,10,"Multiple 100% matches","ASV5547;ASV5726;ASV5954;ASV6092;ASV6137;ASV6203;ASV6393;ASV6729;ASV6767;ASV6781",NA,NA,NA,NA,NA,"Match"
"57","ASV57","Fungi","Ascomycota","Eurotiomycetes","Chaetothyriales","Herpotrichiellaceae","Exophiala","Exophiala_oligosperma","Exophiala_oligosperma","sSH1098748.09FU","0.9987900","Herpotrichiellaceae","1CB1CD37-36B9-11D5-9548-00D0592D548C","80856","9","Pathotroph-Saprotroph","Animal Pathogen-Fungal Parasite-Undefined Saprotroph","Probable","Facultative Yeast-Microfungus","NULL","Mostly saprobic on plants or other fungi, isolated from soil etc., and from medical sources (Cannon & Kirk 2007)","Cannon PF, Kirk PM. 2007. Fungal Families of the World. CAB International, Cambridge (ISBN: 978-0851998275)","Exophiala_oligosperma","Fungi","Ascomycota","Eurotiomycetes","Chaetothyriales","Herpotrichiellaceae","Exophiala","Exophiala_oligosperma",6,"Multiple 100% matches","ASV64;ASV7814;ASV7948;ASV7949;ASV8138;ASV8193","Match","Match","Match","Match","Match","Match"
"58","ASV58","Fungi","Basidiomycota","Agaricomycetes","Hymenochaetales","Hymenochaetaceae",NA,NA,"Hymenochaetaceae","sSH0930786.09FU","0.9874259","Hymenochaetaceae","CC29D6F9-5984-496D-97E7-42EB138C1FEE","536196","9","Saprotroph-Symbiotroph","Ectomycorrhizal-Wood Saprotroph","Probable","Corticioid-Polyporoid","NULL","Lignicolous, causing white rots, rarely ectomycorrhizal (Cannon & Kirk 2007)","Cannon PF, Kirk PM. 2007. Fungal Families of the World. CAB International, Cambridge (ISBN: 978-0851998275)","Hymenochaetaceae","Fungi","Basidiomycota","Agaricomycetes","Hymenochaetales","Hymenochaetaceae",NA,NA,1,"Unique 100% match","ASV6129",NA,NA,"Match","Match","Match","Match"
"59","ASV59","Fungi","Basidiomycota","Malasseziomycetes","Malasseziales","Malasseziaceae","Malassezia","Malassezia_arunalokei","Malassezia_arunalokei","sSH1102555.09FU","0.9999932","Malassezia","1CB1C8A3-36B9-11D5-9548-00D0592D548C","8831","13","Pathotroph-Saprotroph","Animal Pathogen-|Undefined Saprotroph|","Probable","Facultative Yeast-Yeast","NULL","A lipid; As soil_saprotroph (Põlme et al. 2020); Decay roots, soil (Põlme et al. 2020); dependent fungus growing on the sebaceous areas of human skin that may cause or exacerbate several skin diseases (Pityrosporum is a synonym that has been used for the yeast forms)","Kurtzman CP, et al. (eds.) 2011. The Yeasts, a Taxonomic Study. Fifth Edition. Vols 1-3. Elsevier, San Diego (ISBN: 9780444521491); Findley K, et al. 2013. Nature 498:367-370 ((https://doi.org/10.1038/nature12171)); Põlme S, et al. 2020. Fungal Diversity 105:1-16 ((https://doi.org/10.1007/s13225-020-00466-2))","Malassezia_arunalokei","Fungi","Basidiomycota","Malasseziomycetes","Malasseziales","Malasseziaceae","Malassezia","Malassezia_arunalokei",1,"Unique 100% match","ASV5952","Match","Match","Match","Match","Match","Match"
"60","ASV60","Fungi","Ascomycota","Leotiomycetes","Helotiales","Hyaloscyphaceae","Incrucipulum",NA,"Incrucipulum",NA,"0.8673952","Hyaloscyphaceae","1CB18D86-36B9-11D5-9548-00D0592D548C","80871","9","Saprotroph","Plant Saprotroph-Wood Saprotroph","Probable","Microfungus","NULL","Saprobic on woody and herbaceous material (Cannon & Kirk 2007)","Cannon PF, Kirk PM. 2007. Fungal Families of the World. CAB International, Cambridge (ISBN: 978-0851998275)","Incrucipulum","Fungi","Ascomycota","Leotiomycetes","Helotiales","Hyaloscyphaceae","Incrucipulum","Incrucipulum_longispineum",1,"Unique 100% match","ASV3697",NA,"Match","Match","Match","Match","Match"
"62","ASV62","Fungi","Basidiomycota","Agaricomycetes","Hymenochaetales","Hymenochaetaceae","Inonotus",NA,"Inonotus","sSH1027097.09FU","0.8482519","Hymenochaetaceae","CC29D6F9-5984-496D-97E7-42EB138C1FEE","536196","9","Saprotroph-Symbiotroph","Ectomycorrhizal-Wood Saprotroph","Probable","Corticioid-Polyporoid","NULL","Lignicolous, causing white rots, rarely ectomycorrhizal (Cannon & Kirk 2007)","Cannon PF, Kirk PM. 2007. Fungal Families of the World. CAB International, Cambridge (ISBN: 978-0851998275)","Inonotus","Fungi","Basidiomycota","Agaricomycetes","Hymenochaetales","Hymenochaetaceae","Inonotus",NA,4,"Multiple 100% matches","ASV2417;ASV2793;ASV3494;ASV476",NA,"Match","Match","Match","Match","Match"
"63","ASV63","Fungi",NA,NA,NA,NA,NA,NA,NA,NA,"0.8501106",NA,NA,NA,NA,NA,NA,NA,NA,NA,NA,NA,NA,"Fungi","Ascomycota","Sordariomycetes","Glomerellales","Glomerellaceae","Colletotrichum","Colletotrichum_tamarilloi",1,"Unique 100% match","ASV2593",NA,NA,NA,NA,NA,NA
"64","ASV64","Fungi","Ascomycota","Eurotiomycetes","Eurotiales","Aspergillaceae","Penicillium",NA,"Penicillium",NA,"0.8515674","Eurotiales","1CB1CE25-36B9-11D5-9548-00D0592D548C","90472","7","Saprotroph","Undefined Saprotroph","Possible","Microfungus","NULL","NULL","Sterkenburg E, et al. 2015. New Phytologist 207:1145-1158 ((https://doi.org/10.1111/nph.13426))","Penicillium","Fungi","Ascomycota","Eurotiomycetes","Eurotiales","Aspergillaceae",NA,NA,10,"Multiple 100% matches","ASV3607;ASV3662;ASV4050;ASV5329;ASV5386;ASV5535;ASV6102;ASV6305;ASV7250;ASV7602",NA,NA,"Match","Match","Match","Match"
"66","ASV66","Fungi","Ascomycota","Saccharomycetes","Saccharomycetales",NA,"Candida","Candida_parapsilosis","Candida_parapsilosis",NA,"0.9312815","Saccharomycetales","B73A15F4-AB90-4E11-B6D7-E0BE710B986C","816369","7","Saprotroph","Undefined Saprotroph","Possible","Yeast","NULL","NULL","Sterkenburg E, et al. 2015. New Phytologist 207:1145-1158 ((https://doi.org/10.1111/nph.13426))","Candida_parapsilosis","Fungi","Ascomycota","Saccharomycetes","Saccharomycetales",NA,"Candida","Candida_parapsilosis",1,"Unique 100% match","ASV1789","Match","Match",NA,"Match","Match","Match"
"67","ASV67","Fungi","Ascomycota","Dothideomycetes","Tubeufiales","Wiesneriomycetaceae","Spissiomyces",NA,"Spissiomyces",NA,"0.8577641","Spissiomyces","6862942A-CA95-43D6-98C9-7B6FC1A347EC","807031","13","Saprotroph-Symbiotroph","Endophyte-|Undefined Saprotroph|","Probable","Microfungus","NULL","As root_endophyte (Põlme et al. 2020); Decay soil (Põlme et al. 2020)","Põlme S, et al. 2020. Fungal Diversity 105:1-16 ((https://doi.org/10.1007/s13225-020-00466-2))","Spissiomyces","Fungi","Ascomycota","Dothideomycetes","Tubeufiales","Wiesneriomycetaceae","Spissiomyces","Spissiomyces_aggregatus",1,"Unique 100% match","ASV1107",NA,"Match","Match","Match","Match","Match"
"68","ASV68","Fungi","Basidiomycota","Agaricomycetes","Polyporales","Fomitopsidaceae","Amyloporia","Amyloporia_sinuosa","Amyloporia_sinuosa","sSH1260170.09FU","0.9724216","Fomitopsidaceae","1CB1CD22-36B9-11D5-9548-00D0592D548C","81772","9","Pathotroph-Saprotroph","Plant Pathogen-Wood Saprotroph","Probable","Polyporoid","Brown Rot","Most species are parasitic on woody plants, causing brown rots (Cannon & Kirk 2007)","Cannon PF, Kirk PM. 2007. Fungal Families of the World. CAB International, Cambridge (ISBN: 978-0851998275)","Amyloporia_sinuosa","Fungi","Basidiomycota","Agaricomycetes","Polyporales","Fomitopsidaceae","Amyloporia","Amyloporia_sinuosa",2,"Multiple 100% matches","ASV2444;ASV825","Match","Match","Match","Match","Match","Match"
"70","ASV70","Fungi","Ascomycota","Dothideomycetes","Pleosporales","Didymellaceae","Epicoccum","Epicoccum_italicum","Epicoccum_italicum","sSH2739910.09FU","0.7924660","Didymellaceae","F971F4FB-F68A-481E-B5F1-2BF2B753AA5D","508292","9","Pathotroph-Saprotroph","Animal Pathogen-Plant Pathogen-Undefined Saprotroph","Possible","Microfungus","NULL","NULL","Tedersoo L, et al. 2014. Science 346:e1256688 ((https://doi.org/10.1126/science.1256688))","Epicoccum_italicum","Fungi","Ascomycota","Dothideomycetes","Pleosporales","Didymellaceae","Epicoccum","Epicoccum_italicum",2,"Multiple 100% matches","ASV131;ASV6939","Match","Match","Match","Match","Match","Match"
"71","ASV71","Fungi","Basidiomycota","Agaricomycetes","Polyporales",NA,NA,NA,"Polyporales","sSH1231330.09FU","0.7800724",NA,NA,NA,NA,NA,NA,NA,NA,NA,NA,NA,"Polyporales","Fungi",NA,NA,NA,NA,NA,NA,10,"Multiple 100% matches","ASV5100;ASV5320;ASV5719;ASV6785;ASV6879;ASV7137;ASV7291;ASV7488;ASV7714;ASV8066",NA,NA,NA,NA,NA,NA
"73","ASV73","Fungi","Ascomycota","Sordariomycetes","Togniniales","Togniniaceae","Phaeoacremonium",NA,"Phaeoacremonium",NA,"0.9998988","Phaeoacremonium","5348632F-1700-11D6-BEBB-00508BCA8DE8","27679","13","Pathotroph","|Plant Pathogen|","Probable","Microfungus","NULL","NULL","Tedersoo L, et al. 2014. Science 346:e1256688 ((https://doi.org/10.1126/science.1256688)); Põlme S, et al. 2020. Fungal Diversity 105:1-16 ((https://doi.org/10.1007/s13225-020-00466-2))","Phaeoacremonium","Fungi","Ascomycota",NA,NA,NA,NA,NA,10,"Multiple 100% matches","ASV6065;ASV6109;ASV6385;ASV6580;ASV6976;ASV7054;ASV7579;ASV7680;ASV8141;ASV8232",NA,NA,NA,NA,NA,"Match"
"74","ASV74","Fungi","Ascomycota","Eurotiomycetes","Chaetothyriales","Herpotrichiellaceae","Exophiala","Exophiala_dermatitidis","Exophiala_dermatitidis","sSH1066724.09FU","0.9983295","Herpotrichiellaceae","1CB1CD37-36B9-11D5-9548-00D0592D548C","80856","9","Pathotroph-Saprotroph","Animal Pathogen-Fungal Parasite-Undefined Saprotroph","Probable","Facultative Yeast-Microfungus","NULL","Mostly saprobic on plants or other fungi, isolated from soil etc., and from medical sources (Cannon & Kirk 2007)","Cannon PF, Kirk PM. 2007. Fungal Families of the World. CAB International, Cambridge (ISBN: 978-0851998275)","Exophiala_dermatitidis","Fungi","Ascomycota","Eurotiomycetes","Chaetothyriales","Herpotrichiellaceae","Exophiala","Exophiala_dermatitidis",4,"Multiple 100% matches","ASV207;ASV7735;ASV8163;ASV8244","Match","Match","Match","Match","Match","Match"
"75","ASV75","Fungi","Ascomycota","Dothideomycetes","Capnodiales","Neodevriesiaceae","Neodevriesia",NA,"Neodevriesia",NA,"0.7690856","Neodevriesiaceae","F8168581-D82E-4A75-9190-C7925084B4CA","807766","9","Pathotroph-Saprotroph","Plant Pathogen-Undefined Saprotroph","Probable","NULL","NULL","Members are foliicolous, saprobic or plant pathogenic (Quaedvlieg et al. 2014)","Quaedvlieg W., et al. 2014. Persoonia 3:31-40 ((http://doi.org/10.3767/003158514X681981))","Neodevriesia","Fungi","Ascomycota",NA,NA,NA,NA,NA,10,"Multiple 100% matches","ASV5888;ASV6207;ASV6355;ASV6386;ASV6499;ASV6536;ASV6731;ASV7088;ASV8084;ASV8222",NA,NA,NA,NA,NA,"Match"
"76","ASV76","Fungi","Basidiomycota","Exobasidiomycetes","Exobasidiales","Brachybasidiaceae","Meira",NA,"Meira","sSH1198140.09FU","1.0000000","Brachybasidiaceae","1CB1CE8F-36B9-11D5-9548-00D0592D548C","80532","9","Pathotroph","Plant Pathogen","Probable","Microfungus","NULL","Biotrophic or necrotrophic on leaves of monocots, including palms, grasses, sedges, and Commelinaceae (Cannon & Kirk 2007)","Cannon PF, Kirk PM. 2007. Fungal Families of the World. CAB International, Cambridge (ISBN: 978-0851998275)","Meira","Fungi","Basidiomycota","Exobasidiomycetes","Exobasidiales","Brachybasidiaceae","Meira",NA,2,"Multiple 100% matches","ASV156;ASV8030",NA,"Match","Match","Match","Match","Match"
"77","ASV77","Fungi","Ascomycota","Eurotiomycetes","Chaetothyriales","Trichomeriaceae","Knufia","Knufia_tsunedae","Knufia_tsunedae","sSH1682696.09FU","0.7520088","Trichomeriaceae","B366E4F5-4360-49B3-BA47-86698B5D3511","800935","9","Symbiotroph","Epiphyte","Probable","Microfungus","NULL","Foliar epiphytes with the appearance of sooty moulds, mostly occurring on the surface of living leaves and apparently gaining their nutrients from insect exudates (Chomnunti et al. 2012)","Chomnunti P, et al. 2012. Fungal Diversity 56:63-76 ((https://doi.org/10.1007/s13225-012-0197-2))","Knufia_tsunedae","Fungi","Ascomycota",NA,NA,NA,NA,NA,10,"Multiple 100% matches","ASV6440;ASV6464;ASV6726;ASV6810;ASV6940;ASV7081;ASV7228;ASV7280;ASV7630;ASV8305",NA,NA,NA,NA,NA,"Match"
"78","ASV78","Fungi","Ascomycota","Eurotiomycetes","Eurotiales","Aspergillaceae","Aspergillus","Aspergillus_versicolor","Aspergillus_versicolor","sSH1088125.09FU","0.8206309","Eurotiales","1CB1CE25-36B9-11D5-9548-00D0592D548C","90472","7","Saprotroph","Undefined Saprotroph","Possible","Microfungus","NULL","NULL","Sterkenburg E, et al. 2015. New Phytologist 207:1145-1158 ((https://doi.org/10.1111/nph.13426))","Aspergillus_versicolor","Fungi","Ascomycota","Eurotiomycetes","Eurotiales","Aspergillaceae","Aspergillus","Aspergillus_versicolor",5,"Multiple 100% matches","ASV111;ASV3395;ASV5550;ASV563;ASV764","Match","Match","Match","Match","Match","Match"
"80","ASV80","Fungi","Ascomycota","Eurotiomycetes","Chaetothyriales","Herpotrichiellaceae","Exophiala","Exophiala_xenobiotica","Exophiala_xenobiotica","sSH1304331.09FU","0.9999997","Herpotrichiellaceae","1CB1CD37-36B9-11D5-9548-00D0592D548C","80856","9","Pathotroph-Saprotroph","Animal Pathogen-Fungal Parasite-Undefined Saprotroph","Probable","Facultative Yeast-Microfungus","NULL","Mostly saprobic on plants or other fungi, isolated from soil etc., and from medical sources (Cannon & Kirk 2007)","Cannon PF, Kirk PM. 2007. Fungal Families of the World. CAB International, Cambridge (ISBN: 978-0851998275)","Exophiala_xenobiotica","Fungi","Ascomycota",NA,NA,NA,NA,NA,10,"Multiple 100% matches","ASV4852;ASV6138;ASV6247;ASV6289;ASV6327;ASV6354;ASV6433;ASV6761;ASV6822;ASV7032",NA,NA,NA,NA,NA,"Match"
"82","ASV82","Fungi","Ascomycota","Sordariomycetes","Amphisphaeriales","Discosiaceae","Discosia",NA,"Discosia",NA,"0.9974899","Discosia","1CB18823-36B9-11D5-9548-00D0592D548C","8072","13"," Pathotroph","|Plant Pathogen|","Probable","Microfungus","NULL","NULL","Tedersoo L, et al. 2014. Science 346:e1256688 ((https://doi.org/10.1126/science.1256688)); Põlme S, et al. 2020. Fungal Diversity 105:1-16 ((https://doi.org/10.1007/s13225-020-00466-2))","Discosia","Fungi","Ascomycota","Sordariomycetes","Amphisphaeriales","Discosiaceae","Discosia",NA,1,"Unique 100% match","ASV4614",NA,"Match","Match","Match","Match","Match"
"85","ASV85","Fungi","Ascomycota","Dothideomycetes",NA,NA,NA,NA,"Dothideomycetes","sSH0960677.09FU","0.9998194",NA,NA,NA,NA,NA,NA,NA,NA,NA,NA,NA,"Dothideomycetes","Fungi","Ascomycota","Dothideomycetes",NA,NA,NA,NA,4,"Multiple 100% matches","ASV2837;ASV284;ASV4096;ASV5177",NA,NA,NA,NA,"Match","Match"
"86","ASV86","Fungi",NA,NA,NA,NA,NA,NA,NA,NA,"0.8132813",NA,NA,NA,NA,NA,NA,NA,NA,NA,NA,NA,NA,"Fungi","Ascomycota",NA,NA,NA,NA,NA,1,"Unique 100% match","ASV7580",NA,NA,NA,NA,NA,NA
"87","ASV87","Fungi","Basidiomycota","Agaricostilbomycetes","Agaricostilbales","Agaricostilbaceae","Sterigmatomyces","Sterigmatomyces_halophilus","Sterigmatomyces_halophilus",NA,"1.0000000","Agaricostilbaceae","1CB1CCAC-36B9-11D5-9548-00D0592D548C","82058","9","Saprotroph","Undefined Saprotroph","Possible","NULL","NULL","Probably saprobic, usually associated with dead palm tissues (Cannon & Kirk 2007)","Cannon PF, Kirk PM. 2007. Fungal Families of the World. CAB International, Cambridge (ISBN: 978-0851998275)","Sterigmatomyces_halophilus","Fungi","Basidiomycota","Agaricostilbomycetes","Agaricostilbales","Agaricostilbaceae","Sterigmatomyces","Sterigmatomyces_halophilus",2,"Multiple 100% matches","ASV5111;ASV545","Match","Match","Match","Match","Match","Match"
"89","ASV89","Fungi","Ascomycota","Dothideomycetes",NA,NA,NA,NA,"Dothideomycetes",NA,"0.9051874",NA,NA,NA,NA,NA,NA,NA,NA,NA,NA,NA,"Dothideomycetes","Fungi","Ascomycota","Dothideomycetes","Capnodiales","Cladosporiaceae","Cladosporium","Cladosporium_basi-inflatum",5,"Multiple 100% matches","ASV2561;ASV296;ASV4892;ASV5663;ASV6378",NA,NA,NA,NA,"Match","Match"
"90","ASV90","Fungi","Basidiomycota","Agaricomycetes","Polyporales","Fomitopsidaceae","Amyloporia","Amyloporia_sinuosa","Amyloporia_sinuosa","sSH1260170.09FU","0.9530562","Fomitopsidaceae","1CB1CD22-36B9-11D5-9548-00D0592D548C","81772","9","Pathotroph-Saprotroph","Plant Pathogen-Wood Saprotroph","Probable","Polyporoid","Brown Rot","Most species are parasitic on woody plants, causing brown rots (Cannon & Kirk 2007)","Cannon PF, Kirk PM. 2007. Fungal Families of the World. CAB International, Cambridge (ISBN: 978-0851998275)","Amyloporia_sinuosa","Fungi","Basidiomycota","Agaricomycetes","Polyporales","Fomitopsidaceae","Amyloporia","Amyloporia_sinuosa",3,"Multiple 100% matches","ASV3974;ASV4496;ASV7669","Match","Match","Match","Match","Match","Match"
"92","ASV92","Fungi","Basidiomycota","Agaricomycetes","Hymenochaetales","Hymenochaetaceae","Hymenochaete","Hymenochaete_rheicolor","Hymenochaete_rheicolor","sSH1027030.09FU","0.8302566","Hymenochaetaceae","CC29D6F9-5984-496D-97E7-42EB138C1FEE","536196","9","Saprotroph-Symbiotroph","Ectomycorrhizal-Wood Saprotroph","Probable","Corticioid-Polyporoid","NULL","Lignicolous, causing white rots, rarely ectomycorrhizal (Cannon & Kirk 2007)","Cannon PF, Kirk PM. 2007. Fungal Families of the World. CAB International, Cambridge (ISBN: 978-0851998275)","Hymenochaete_rheicolor","Fungi","Basidiomycota","Agaricomycetes","Hymenochaetales","Hymenochaetaceae","Hymenochaete","Hymenochaete_rheicolor",2,"Multiple 100% matches","ASV3390;ASV569","Match","Match","Match","Match","Match","Match"
"93","ASV93","Fungi","Ascomycota","Dothideomycetes","Pleosporales","Pleosporaceae","Alternaria",NA,"Alternaria",NA,"0.9999960","Pleosporaceae","1CB1CDA2-36B9-11D5-9548-00D0592D548C","81188","9","Pathotroph-Saprotroph","Endophyte-Lichen Parasite-Plant Pathogen-Undefined Saprotroph","Probable","Microfungus","NULL","Necrotrophic pathogens and saprobes, especially associated with grasses. Many species are seed-borne (Cannon & Kirk 2007)","Cannon PF, Kirk PM. 2007. Fungal Families of the World. CAB International, Cambridge (ISBN: 978-0851998275); David AS, et al. 2016. Microbial Ecology 71:912-926 ((https://doi.org/10.1007/s00248-015-0712-6)); Lawrey JD, Diederich P. 2016. http://www.lichenicolous.net (accessed 24 May 2017) ((http://www.lichenicolous.net))","Alternaria","Fungi","Ascomycota","Dothideomycetes","Pleosporales","Pleosporaceae","Alternaria","Alternaria_angustiovoidea",4,"Multiple 100% matches","ASV3071;ASV4230;ASV5154;ASV7753",NA,"Match","Match","Match","Match","Match"
"95","ASV95","Fungi","Ascomycota","Eurotiomycetes","Chaetothyriales","Cyphellophoraceae","Cyphellophora","Cyphellophora_pluriseptata","Cyphellophora_pluriseptata","sSH1233253.09FU","0.9832746","Cyphellophoraceae","E47C91B2-59D9-4C3C-AC54-9038AE2E4FE1","803682","9","Pathotroph-Saprotroph","Animal Pathogen-Undefined Saprotroph","Probable","Facultative Yeast-Microfungus","NULL","Consult the current literature for updated names on this group that included the Black Yeasts; Some species are likely opportunistic human pathogen (Irinyi et al. 2015)","Tedersoo L, et al. 2014. Science 346:e1256688 ((https://doi.org/10.1126/science.1256688)); Irinyi L, et al. 2015. Medical Mycology 53:313-337 ((https://doi.org/10.1093/mmy/myv008))","Cyphellophora_pluriseptata","Fungi","Ascomycota","Eurotiomycetes","Chaetothyriales","Cyphellophoraceae","Cyphellophora","Cyphellophora_pluriseptata",1,"Unique 100% match","ASV256","Match","Match","Match","Match","Match","Match"
"96","ASV96","Fungi","Ascomycota","Eurotiomycetes","Eurotiales","Aspergillaceae",NA,NA,"Aspergillaceae",NA,"0.8389992","Eurotiales","1CB1CE25-36B9-11D5-9548-00D0592D548C","90472","7","Saprotroph","Undefined Saprotroph","Possible","Microfungus","NULL","NULL","Sterkenburg E, et al. 2015. New Phytologist 207:1145-1158 ((https://doi.org/10.1111/nph.13426))","Aspergillaceae","Fungi","Ascomycota","Eurotiomycetes","Eurotiales","Aspergillaceae",NA,NA,2,"Multiple 100% matches","ASV167;ASV4867",NA,NA,"Match","Match","Match","Match"
"97","ASV97","Fungi","Basidiomycota","Agaricomycetes","Hymenochaetales","Rickenellaceae","Peniophorella",NA,"Peniophorella","sSH1124814.09FU","0.9999993","Peniophorella","0CB5C5A6-62A5-4579-B5A2-76797F4EBA35","18202","13","Saprotroph","Undefined Saprotroph-|Wood Saprotroph|","Probable","Corticioid","White Rot","As white_rot (Põlme et al. 2020); Decay wood (Põlme et al. 2020)","Tedersoo L, et al. 2014. Science 346:e1256688 ((https://doi.org/10.1126/science.1256688)); Põlme S, et al. 2020. Fungal Diversity 105:1-16 ((https://doi.org/10.1007/s13225-020-00466-2))","Peniophorella","Fungi","Basidiomycota","Agaricomycetes","Hymenochaetales","Rickenellaceae","Peniophorella",NA,3,"Multiple 100% matches","ASV199;ASV4253;ASV6485",NA,"Match","Match","Match","Match","Match"
"100","ASV100","Fungi","Ascomycota","Dothideomycetes","Capnodiales","Cladosporiaceae","Cladosporium",NA,"Cladosporium",NA,"0.8539767","Cladosporiaceae","6EDCD6E4-DE4D-443D-AF6B-A572F626BD45","816548","9","Pathotroph-Saprotroph-Symbiotroph","Animal Pathogen-Endophyte-Lichen Parasite-Plant Pathogen-Wood Saprotroph","Possible","Microfungus","NULL","NULL","Seehann G, et al. 1975. List of Fungi in Soft-Rot Tissue Tests. Institute fur Holzbiologie und Holzschutz, Bundesforschungsanstalt fur Forst - und Holzwirtshaft, Hamburg - Lohbrugge, Germany; Lawrey JD, Diederich P. 2016. http://www.lichenicolous.net (accessed 24 May 2017) ((http://www.lichenicolous.net)); The American Phytopathological Society Common Names of Plant Diseases ((http://www.apsnet.org/publications/commonnames/Pages/default.aspx))","Cladosporium","Fungi","Ascomycota","Dothideomycetes","Capnodiales","Cladosporiaceae","Cladosporium","Cladosporium_basi-inflatum",3,"Multiple 100% matches","ASV1397;ASV2224;ASV227",NA,"Match","Match","Match","Match","Match"
"101","ASV101","Fungi","Ascomycota","Dothideomycetes","Pleosporales","Didymellaceae",NA,NA,"Didymellaceae",NA,"0.9935554","Didymellaceae","F971F4FB-F68A-481E-B5F1-2BF2B753AA5D","508292","9","Pathotroph-Saprotroph","Animal Pathogen-Plant Pathogen-Undefined Saprotroph","Possible","Microfungus","NULL","NULL","Tedersoo L, et al. 2014. Science 346:e1256688 ((https://doi.org/10.1126/science.1256688))","Didymellaceae","Fungi","Ascomycota","Dothideomycetes","Pleosporales","Didymellaceae",NA,NA,2,"Multiple 100% matches","ASV252;ASV7415",NA,NA,"Match","Match","Match","Match"
"102","ASV102","Fungi","Ascomycota","Dothideomycetes","Pleosporales","Didymellaceae","Didymella",NA,"Didymella",NA,"0.7904580","Didymellaceae","F971F4FB-F68A-481E-B5F1-2BF2B753AA5D","508292","9","Pathotroph-Saprotroph","Animal Pathogen-Plant Pathogen-Undefined Saprotroph","Possible","Microfungus","NULL","NULL","Tedersoo L, et al. 2014. Science 346:e1256688 ((https://doi.org/10.1126/science.1256688))","Didymella","Fungi","Ascomycota","Dothideomycetes","Pleosporales","Didymellaceae","Didymella",NA,3,"Multiple 100% matches","ASV55;ASV6429;ASV7275",NA,"Match","Match","Match","Match","Match"
"104","ASV104","Fungi","Basidiomycota","Cystobasidiomycetes","Cystobasidiales","Cystobasidiaceae","Cystobasidium","Cystobasidium_slooffiae","Cystobasidium_slooffiae","sSH0970186.09FU","0.9994762","Cystobasidium","089EE3BE-975C-47BF-8DD0-494C299F8F10","17446","13","Pathotroph","|Fungal Parasite|","Highly Probable","Dimorphic-Facultative Yeast","NULL","As mycoparasite (Põlme et al. 2020); Decay fungal material (Põlme et al. 2020); Host - Thelebolales (Põlme et al. 2020)","Kurtzman CP, et al. (eds.) 2011. The Yeasts, a Taxonomic Study. Fifth Edition. Vols 1-3. Elsevier, San Diego (ISBN: 9780444521491); Põlme S, et al. 2020. Fungal Diversity 105:1-16 ((https://doi.org/10.1007/s13225-020-00466-2))","Cystobasidium_slooffiae","Fungi","Basidiomycota","Cystobasidiomycetes","Cystobasidiales","Cystobasidiaceae","Cystobasidium","Cystobasidium_slooffiae",5,"Multiple 100% matches","ASV3350;ASV70;ASV7292;ASV7830;ASV8139","Match","Match","Match","Match","Match","Match"
"106","ASV106","Fungi","Basidiomycota","Agaricomycetes","Russulales","Peniophoraceae","Peniophora","Peniophora_laxitexta","Peniophora_laxitexta","sSH1068832.09FU","0.9080119","Peniophoraceae","1CB1CD8B-36B9-11D5-9548-00D0592D548C","81123","9","Pathotroph-Saprotroph","Plant Pathogen-Wood Saprotroph","Probable","Corticioid","White Rot","Most species are saprobic, causing rots of standing and fallen wood. Many species are adapted to xeric conditions, being able to grow on rapidly drying dead attached branches (Cannon & Kirk 2007)","Cannon PF, Kirk PM. 2007. Fungal Families of the World. CAB International, Cambridge (ISBN: 978-0851998275)","Peniophora_laxitexta","Fungi","Basidiomycota","Agaricomycetes","Russulales","Peniophoraceae","Peniophora","Peniophora_laxitexta",9,"Multiple 100% matches","ASV1075;ASV1189;ASV185;ASV2210;ASV3215;ASV3406;ASV3642;ASV5326;ASV5613","Match","Match","Match","Match","Match","Match"
"108","ASV108","Fungi","Ascomycota","Dothideomycetes","Pleosporales","Phaeosphaeriaceae","Phaeosphaeria","Phaeosphaeria_oryzae","Phaeosphaeria_oryzae","sSH0994151.09FU","0.9999998","Phaeosphaeriaceae","1CB1CD8E-36B9-11D5-9548-00D0592D548C","81637","9","Pathotroph-Saprotroph","Fungal Parasite-Plant Pathogen-Plant Saprotroph","Probable","Microfungus","NULL","Necrotrophic or saprobic on a wide range of plants, especially monocotyledons; a few species parasitic on other fungi (Cannon & Kirk 2007)","Cannon PF, Kirk PM. 2007. Fungal Families of the World. CAB International, Cambridge (ISBN: 978-0851998275)","Phaeosphaeria_oryzae","Fungi","Ascomycota","Dothideomycetes","Pleosporales","Phaeosphaeriaceae","Phaeosphaeria","Phaeosphaeria_oryzae",1,"Unique 100% match","ASV3631","Match","Match","Match","Match","Match","Match"
"110","ASV110","Fungi",NA,NA,NA,NA,NA,NA,NA,"sSH0884008.09FU","0.9974148",NA,NA,NA,NA,NA,NA,NA,NA,NA,NA,NA,NA,"Fungi","Ascomycota","Eurotiomycetes","Eurotiales","Aspergillaceae","Penicillium","Penicillium_restrictum",1,"Unique 100% match","ASV248",NA,NA,NA,NA,NA,NA
"111","ASV111","Fungi","Ascomycota","Sordariomycetes","Hypocreales","Ophiocordycipitaceae","Purpureocillium",NA,"Purpureocillium",NA,"0.9995601","Ophiocordycipitaceae","118FAE1B-EB93-4474-A604-F47BB984C8D1","504190","9","Pathotroph-Symbiotroph","Endophyte-Insect Pathogen","Probable","Microfungus","NULL","A family of parasitic fungi (Sung et al. 2007)","Sung GH, et al. 2007. Studies in Mycology 57:5-59 ((https://doi.org/10.3114/sim.2007.57.01)); Costa IPMW, et al. 2012. Mycotaxon 119:e26 ((http://mycotaxon.com/resources/checklists/costa_v119_checklist.pdf))","Purpureocillium","Fungi","Ascomycota","Sordariomycetes","Hypocreales","Ophiocordycipitaceae","Purpureocillium","Purpureocillium_lilacinum",1,"Unique 100% match","ASV423",NA,"Match","Match","Match","Match","Match"
"112","ASV112","Fungi","Ascomycota","Sordariomycetes","Hypocreales",NA,"Acremonium","Acremonium_charticola","Acremonium_charticola","sSH1275731.09FU","0.9998518","Hypocreales","1CB18E60-36B9-11D5-9548-00D0592D548C","90477","7","Saprotroph","Undefined Saprotroph","Possible","Microfungus","NULL","NULL","Sterkenburg E, et al. 2015. New Phytologist 207:1145-1158 ((https://doi.org/10.1111/nph.13426))","Acremonium_charticola","Fungi","Ascomycota","Sordariomycetes","Hypocreales",NA,"Acremonium","Acremonium_charticola",6,"Multiple 100% matches","ASV147;ASV3712;ASV6479;ASV7841;ASV8167;ASV83","Match","Match",NA,"Match","Match","Match"
"115","ASV115","Fungi","Ascomycota","Eurotiomycetes","Chaetothyriales","Herpotrichiellaceae","Exophiala","Exophiala_xenobiotica","Exophiala_xenobiotica","sSH1304331.09FU","0.9999991","Herpotrichiellaceae","1CB1CD37-36B9-11D5-9548-00D0592D548C","80856","9","Pathotroph-Saprotroph","Animal Pathogen-Fungal Parasite-Undefined Saprotroph","Probable","Facultative Yeast-Microfungus","NULL","Mostly saprobic on plants or other fungi, isolated from soil etc., and from medical sources (Cannon & Kirk 2007)","Cannon PF, Kirk PM. 2007. Fungal Families of the World. CAB International, Cambridge (ISBN: 978-0851998275)","Exophiala_xenobiotica","Fungi","Ascomycota","Eurotiomycetes","Chaetothyriales","Herpotrichiellaceae","Exophiala","Exophiala_xenobiotica",2,"Multiple 100% matches","ASV179;ASV328","Match","Match","Match","Match","Match","Match"
"117","ASV117","Fungi","Ascomycota","Dothideomycetes","Mycosphaerellales","Teratosphaeriaceae","Eupenidiella","Eupenidiella_venezuelensis","Eupenidiella_venezuelensis","sSH1084567.09FU","0.9888125","Teratosphaeriaceae","87A3FDCC-E75C-4F2E-B987-C7579847CE32","504465","9","Pathotroph-Saprotroph","Animal Pathogen-Plant Pathogen-Undefined Saprotroph","Probable","NULL","NULL","Includes numerous saprobic, extremophilic, human opportunistic, and plant pathogenic fungi (Quaedvlieg et al. 2014)","Quaedvlieg W, et al. 2014. Persoonia 3:31-40 ((https://doi.org/10.3767/003158514X681981))","Eupenidiella_venezuelensis","Fungi","Ascomycota","Dothideomycetes","Mycosphaerellales","Teratosphaeriaceae","Eupenidiella","Eupenidiella_venezuelensis",2,"Multiple 100% matches","ASV2497;ASV3155","Match","Match","Match","Match","Match","Match"
"118","ASV118","Fungi","Basidiomycota","Agaricomycetes","Polyporales",NA,NA,NA,"Polyporales",NA,"0.9986101",NA,NA,NA,NA,NA,NA,NA,NA,NA,NA,NA,"Polyporales","Fungi","Basidiomycota","Agaricomycetes",NA,NA,NA,NA,6,"Multiple 100% matches","ASV107;ASV5743;ASV7420;ASV8017;ASV8210;ASV8240",NA,NA,NA,NA,"Match","Match"
"119","ASV119","Fungi","Basidiomycota","Agaricomycetes","Russulales","Stereaceae","Stereum","Stereum_sanguinolentum","Stereum_sanguinolentum","sSH0935443.09FU","0.9974205","Stereaceae","1CB1CDDC-36B9-11D5-9548-00D0592D548C","81424","9","Saprotroph","Undefined Saprotroph-Wood Saprotroph","Probable","Corticioid-Polyporoid","NULL","Lignicolous or terrestrial (in leaf litter); typically saprobic (Cannon & Kirk 2007)","Cannon PF, Kirk PM. 2007. Fungal Families of the World. CAB International, Cambridge (ISBN: 978-0851998275)","Stereum_sanguinolentum","Fungi","Basidiomycota","Agaricomycetes","Russulales","Stereaceae","Stereum","Stereum_sanguinolentum",1,"Unique 100% match","ASV1405","Match","Match","Match","Match","Match","Match"
"120","ASV120","Fungi","Basidiomycota","Agaricomycetes","Agaricales","Tricholomataceae","Baeospora","Baeospora_myosura","Baeospora_myosura","sSH1044662.09FU","0.9964218","Tricholomataceae","008764C7-3F16-4577-B343-C50EF7B78211","81487","9","Pathotroph-Symbiotroph","Ectomycorrhizal-Fungal Parasite","Probable","Agaricoid","NULL","Tricholoma species are ectomycorrhizal, occurring in coniferous and broadleaved forests (Cannon & Kirk 2007); T. sclerotoideum is parasitic on Helvella spp.","Cannon PF, Kirk PM. 2007. Fungal Families of the World. CAB International, Cambridge (ISBN: 978-0851998275)","Baeospora_myosura","Fungi","Basidiomycota","Agaricomycetes","Agaricales","Tricholomataceae","Baeospora","Baeospora_myosura",5,"Multiple 100% matches","ASV5805;ASV6108;ASV6581;ASV7583;ASV8166","Match","Match","Match","Match","Match","Match"
"121","ASV121","Fungi","Basidiomycota","Agaricostilbomycetes","Agaricostilbales","Agaricostilbaceae","Sterigmatomyces","Sterigmatomyces_halophilus","Sterigmatomyces_halophilus",NA,"1.0000000","Agaricostilbaceae","1CB1CCAC-36B9-11D5-9548-00D0592D548C","82058","9","Saprotroph","Undefined Saprotroph","Possible","NULL","NULL","Probably saprobic, usually associated with dead palm tissues (Cannon & Kirk 2007)","Cannon PF, Kirk PM. 2007. Fungal Families of the World. CAB International, Cambridge (ISBN: 978-0851998275)","Sterigmatomyces_halophilus","Fungi","Basidiomycota","Agaricostilbomycetes","Agaricostilbales","Agaricostilbaceae","Sterigmatomyces","Sterigmatomyces_halophilus",1,"Unique 100% match","ASV1139","Match","Match","Match","Match","Match","Match"
"122","ASV122","Fungi","Ascomycota","Eurotiomycetes","Eurotiales","Aspergillaceae","Talaromyces",NA,"Talaromyces",NA,"0.9735482","Eurotiales","1CB1CE25-36B9-11D5-9548-00D0592D548C","90472","7","Saprotroph","Undefined Saprotroph","Possible","Microfungus","NULL","NULL","Sterkenburg E, et al. 2015. New Phytologist 207:1145-1158 ((https://doi.org/10.1111/nph.13426))","Talaromyces","Fungi","Ascomycota",NA,NA,NA,NA,NA,8,"Multiple 100% matches","ASV1859;ASV6984;ASV7205;ASV7293;ASV7347;ASV7742;ASV78;ASV7975",NA,NA,NA,NA,NA,"Match"
"123","ASV123","Fungi","Ascomycota",NA,NA,NA,NA,NA,"Ascomycota","sSH1291810.09FU","0.9174729",NA,NA,NA,NA,NA,NA,NA,NA,NA,NA,NA,"Ascomycota","Fungi","Ascomycota","Dothideomycetes",NA,NA,NA,NA,5,"Multiple 100% matches","ASV1322;ASV240;ASV3246;ASV8025;ASV8169",NA,NA,NA,NA,NA,"Match"
"124","ASV124","Fungi","Ascomycota","Dothideomycetes","Capnodiales","Cladosporiaceae","Cladosporium",NA,"Cladosporium",NA,"0.9868291","Cladosporiaceae","6EDCD6E4-DE4D-443D-AF6B-A572F626BD45","816548","9","Pathotroph-Saprotroph-Symbiotroph","Animal Pathogen-Endophyte-Lichen Parasite-Plant Pathogen-Wood Saprotroph","Possible","Microfungus","NULL","NULL","Seehann G, et al. 1975. List of Fungi in Soft-Rot Tissue Tests. Institute fur Holzbiologie und Holzschutz, Bundesforschungsanstalt fur Forst - und Holzwirtshaft, Hamburg - Lohbrugge, Germany; Lawrey JD, Diederich P. 2016. http://www.lichenicolous.net (accessed 24 May 2017) ((http://www.lichenicolous.net)); The American Phytopathological Society Common Names of Plant Diseases ((http://www.apsnet.org/publications/commonnames/Pages/default.aspx))","Cladosporium","Fungi","Ascomycota","Dothideomycetes","Capnodiales","Cladosporiaceae","Cladosporium","Cladosporium_dominicanum",1,"Unique 100% match","ASV386",NA,"Match","Match","Match","Match","Match"
"125","ASV125","Fungi","Basidiomycota","Agaricomycetes","Polyporales","Phanerochaetaceae","Phlebiopsis","Phlebiopsis_flavidoalba","Phlebiopsis_flavidoalba","sSH1216930.09FU","0.9935234","Phlebiopsis","1CB1C9FB-36B9-11D5-9548-00D0592D548C","25478","13","Saprotroph","Undefined Saprotroph-|Wood Saprotroph|","Probable","Corticioid","White Rot","As white_rot (Põlme et al. 2020); Decay wood (Põlme et al. 2020)","Tedersoo L, et al. 2014. Science 346:e1256688 ((https://doi.org/10.1126/science.1256688)); Põlme S, et al. 2020. Fungal Diversity 105:1-16 ((https://doi.org/10.1007/s13225-020-00466-2))","Phlebiopsis_flavidoalba","Fungi","Basidiomycota","Agaricomycetes","Polyporales","Phanerochaetaceae","Phlebiopsis","Phlebiopsis_flavidoalba",9,"Multiple 100% matches","ASV2192;ASV2386;ASV2606;ASV4439;ASV4970;ASV5904;ASV6260;ASV7935;ASV8292","Match","Match","Match","Match","Match","Match"
"126","ASV126","Fungi","Basidiomycota","Agaricomycetes","Hymenochaetales","Rickenellaceae","Sidera",NA,"Sidera","sSH1110195.09FU","1.0000000","Sidera","97B47272-365F-4F6A-8BF6-A4ACD4016A3C","516944","13","Saprotroph","Undefined Saprotroph-|Wood Saprotroph|","Probable","Corticioid","White Rot","As white_rot (Põlme et al. 2020); Decay wood (Põlme et al. 2020)","Tedersoo L, et al. 2014. Science 346:e1256688 ((https://doi.org/10.1126/science.1256688)); Põlme S, et al. 2020. Fungal Diversity 105:1-16 ((https://doi.org/10.1007/s13225-020-00466-2))","Sidera","Fungi","Basidiomycota","Agaricomycetes","Hymenochaetales","Rickenellaceae","Sidera",NA,6,"Multiple 100% matches","ASV2850;ASV4082;ASV4580;ASV6466;ASV688;ASV7831",NA,"Match","Match","Match","Match","Match"
"127","ASV127","Fungi",NA,NA,NA,NA,NA,NA,NA,NA,"0.9999846",NA,NA,NA,NA,NA,NA,NA,NA,NA,NA,NA,NA,"Fungi","Ascomycota","Dothideomycetes","Pleosporales","Didymellaceae","Epicoccum","Epicoccum_thailandicum",3,"Multiple 100% matches","ASV1650;ASV2926;ASV674",NA,NA,NA,NA,NA,NA
"129","ASV129","Fungi",NA,NA,NA,NA,NA,NA,NA,NA,"0.9344336",NA,NA,NA,NA,NA,NA,NA,NA,NA,NA,NA,NA,"Fungi",NA,NA,NA,NA,NA,NA,9,"Multiple 100% matches","ASV2410;ASV3061;ASV3670;ASV6000;ASV7366;ASV7512;ASV7563;ASV7633;ASV7686",NA,NA,NA,NA,NA,NA
"131","ASV131","Fungi","Basidiomycota","Agaricomycetes","Hymenochaetales","Rickenellaceae","Peniophorella","Peniophorella_odontiiformis","Peniophorella_odontiiformis","sSH1124815.09FU","1.0000000","Peniophorella","0CB5C5A6-62A5-4579-B5A2-76797F4EBA35","18202","13","Saprotroph","Undefined Saprotroph-|Wood Saprotroph|","Probable","Corticioid","White Rot","As white_rot (Põlme et al. 2020); Decay wood (Põlme et al. 2020)","Tedersoo L, et al. 2014. Science 346:e1256688 ((https://doi.org/10.1126/science.1256688)); Põlme S, et al. 2020. Fungal Diversity 105:1-16 ((https://doi.org/10.1007/s13225-020-00466-2))","Peniophorella_odontiiformis","Fungi","Basidiomycota","Agaricomycetes","Hymenochaetales","Rickenellaceae","Peniophorella","Peniophorella_odontiiformis",1,"Unique 100% match","ASV2053","Match","Match","Match","Match","Match","Match"
"132","ASV132","Fungi","Basidiomycota","Agaricomycetes","Hymenochaetales","Hymenochaetaceae",NA,NA,"Hymenochaetaceae",NA,"0.9950857","Hymenochaetaceae","CC29D6F9-5984-496D-97E7-42EB138C1FEE","536196","9","Saprotroph-Symbiotroph","Ectomycorrhizal-Wood Saprotroph","Probable","Corticioid-Polyporoid","NULL","Lignicolous, causing white rots, rarely ectomycorrhizal (Cannon & Kirk 2007)","Cannon PF, Kirk PM. 2007. Fungal Families of the World. CAB International, Cambridge (ISBN: 978-0851998275)","Hymenochaetaceae","Fungi","Basidiomycota","Agaricomycetes","Hymenochaetales","Hymenochaetaceae","Hymenochaete",NA,3,"Multiple 100% matches","ASV311;ASV4570;ASV868",NA,NA,"Match","Match","Match","Match"
"133","ASV133","Fungi","Basidiomycota","Agaricomycetes","Hymenochaetales",NA,"Trichaptum","Trichaptum_sector","Trichaptum_sector","sSH0891791.09FU","0.9999832","Trichaptum","1CB1CC20-36B9-11D5-9548-00D0592D548C","18675","13","Saprotroph","|Wood Saprotroph|","Highly Probable","Polyporoid","White Rot","As white_rot (Põlme et al. 2020); Decay wood (Põlme et al. 2020)","Gilbertson RL, Ryvarden L. 1987-1987. North American Polypores. Fungiflora, Oslo (ISBN: 978-0945345060); Põlme S, et al. 2020. Fungal Diversity 105:1-16 ((https://doi.org/10.1007/s13225-020-00466-2))","Trichaptum_sector","Fungi","Basidiomycota","Agaricomycetes","Hymenochaetales",NA,"Trichaptum","Trichaptum_sector",10,"Multiple 100% matches","ASV4091;ASV4834;ASV4969;ASV5745;ASV6023;ASV7367;ASV7446;ASV7611;ASV7752;ASV7953","Match","Match",NA,"Match","Match","Match"
"135","ASV135","Fungi","Basidiomycota","Agaricomycetes","Russulales","Peniophoraceae","Peniophora",NA,"Peniophora",NA,"0.8971314","Peniophoraceae","1CB1CD8B-36B9-11D5-9548-00D0592D548C","81123","9","Pathotroph-Saprotroph","Plant Pathogen-Wood Saprotroph","Probable","Corticioid","White Rot","Most species are saprobic, causing rots of standing and fallen wood. Many species are adapted to xeric conditions, being able to grow on rapidly drying dead attached branches (Cannon & Kirk 2007)","Cannon PF, Kirk PM. 2007. Fungal Families of the World. CAB International, Cambridge (ISBN: 978-0851998275)","Peniophora","Fungi","Basidiomycota","Agaricomycetes","Russulales","Peniophoraceae","Peniophora",NA,4,"Multiple 100% matches","ASV1418;ASV1452;ASV149;ASV7372",NA,"Match","Match","Match","Match","Match"
"136","ASV136","Fungi","Basidiomycota","Agaricomycetes",NA,NA,NA,NA,"Agaricomycetes",NA,"1.0000000",NA,NA,NA,NA,NA,NA,NA,NA,NA,NA,NA,"Agaricomycetes","Fungi","Basidiomycota","Agaricomycetes","Russulales","Stereaceae","Stereum","Stereum_subtomentosum",6,"Multiple 100% matches","ASV3635;ASV4127;ASV4837;ASV5910;ASV6034;ASV8300",NA,NA,NA,NA,"Match","Match"
"137","ASV137","Fungi","Basidiomycota","Microbotryomycetes","Sporidiobolales","Sporidiobolaceae","Sporidiobolus","Sporidiobolus_salmonicolor","Sporidiobolus_salmonicolor",NA,"0.9957458","Sporidiobolaceae","20AD224D-9EFF-4C1C-8214-59BA76CCCDF3","82101","9","Pathotroph-Saprotroph","Animal Pathogen-Undefined Saprotroph","Probable","Microfungus","NULL","Saprobic, found in a wide range of habitats and especially in aquatic systems. Some of the red yeasts in this family are widely encountered spoilage organisms and opportunistic human pathogens (Cannon & Kirk 2007)","Cannon PF, Kirk PM. 2007. Fungal Families of the World. CAB International, Cambridge (ISBN: 978-0851998275)","Sporidiobolus_salmonicolor","Fungi","Basidiomycota","Microbotryomycetes","Sporidiobolales","Sporidiobolaceae","Sporidiobolus","Sporidiobolus_salmonicolor",2,"Multiple 100% matches","ASV1637;ASV4724","Match","Match","Match","Match","Match","Match"
"138","ASV138","Fungi","Basidiomycota","Agaricomycetes","Hymenochaetales","Hymenochaetaceae","Hymenochaetopsis",NA,"Hymenochaetopsis",NA,"0.9662446","Hymenochaetaceae","CC29D6F9-5984-496D-97E7-42EB138C1FEE","536196","9","Saprotroph-Symbiotroph","Ectomycorrhizal-Wood Saprotroph","Probable","Corticioid-Polyporoid","NULL","Lignicolous, causing white rots, rarely ectomycorrhizal (Cannon & Kirk 2007)","Cannon PF, Kirk PM. 2007. Fungal Families of the World. CAB International, Cambridge (ISBN: 978-0851998275)","Hymenochaetopsis","Fungi","Basidiomycota","Agaricomycetes","Hymenochaetales","Hymenochaetaceae","Hymenochaetopsis",NA,2,"Multiple 100% matches","ASV4665;ASV4973",NA,"Match","Match","Match","Match","Match"
"139","ASV139","Fungi","Ascomycota","Eurotiomycetes","Eurotiales","Aspergillaceae","Penicillium",NA,"Penicillium",NA,"0.8212119","Eurotiales","1CB1CE25-36B9-11D5-9548-00D0592D548C","90472","7","Saprotroph","Undefined Saprotroph","Possible","Microfungus","NULL","NULL","Sterkenburg E, et al. 2015. New Phytologist 207:1145-1158 ((https://doi.org/10.1111/nph.13426))","Penicillium","Fungi","Ascomycota","Eurotiomycetes","Eurotiales","Aspergillaceae","Penicillium","Penicillium_citrinum",1,"Unique 100% match","ASV2324",NA,"Match","Match","Match","Match","Match"
"140","ASV140","Fungi","Basidiomycota","Agaricomycetes","Polyporales","Meripilaceae","Physisporinus","Physisporinus_vitreus","Physisporinus_vitreus","sSH1257021.09FU","0.9999650","Meripilaceae","1CB1CD64-36B9-11D5-9548-00D0592D548C","80007","9","Pathotroph-Saprotroph","Plant Pathogen-Undefined Saprotroph","Probable","Polyporoid","NULL","Saprobic or parasitic on hardwood trees, often growing from buried roots and causing white rot (Cannon & Kirk 2007)","Cannon PF, Kirk PM. 2007. Fungal Families of the World. CAB International, Cambridge (ISBN: 978-0851998275)","Physisporinus_vitreus","Fungi","Basidiomycota","Agaricomycetes","Polyporales","Meripilaceae","Physisporinus","Physisporinus_vitreus",1,"Unique 100% match","ASV2490","Match","Match","Match","Match","Match","Match"
"141","ASV141","Fungi","Ascomycota","Sordariomycetes","Diaporthales","Gnomoniaceae",NA,NA,"Gnomoniaceae",NA,"0.9997364","Gnomoniaceae","F36F48E8-C228-4922-8DB6-AE905CA55412","80810","9","Pathotroph-Saprotroph-Symbiotroph","Endophyte-Plant Pathogen-Undefined Saprotroph","Probable","Microfungus","NULL","Most species are saprobes or endophytes in leaves and bark, but a few are neurotrophic pathogens (Cannon & Kirk 2007)","Cannon PF, Kirk PM. 2007. Fungal Families of the World. CAB International, Cambridge (ISBN: 978-0851998275)","Gnomoniaceae","Fungi","Ascomycota","Sordariomycetes","Diaporthales","Gnomoniaceae","Ambarignomonia","Ambarignomonia_petiolorum",1,"Unique 100% match","ASV668",NA,NA,"Match","Match","Match","Match"
"143","ASV143","Fungi","Basidiomycota","Malasseziomycetes","Malasseziales","Malasseziaceae",NA,NA,"Malasseziaceae","sSH1013102.09FU","1.0000000",NA,NA,NA,NA,NA,NA,NA,NA,NA,NA,NA,"Malasseziaceae","Fungi","Basidiomycota","Malasseziomycetes","Malasseziales","Malasseziaceae",NA,NA,1,"Unique 100% match","ASV6994",NA,NA,"Match","Match","Match","Match"
"144","ASV144","Fungi","Ascomycota","Dothideomycetes","Mycosphaerellales","Mycosphaerellaceae","Ramularia","Ramularia_pistaciae","Ramularia_pistaciae","sSH1551179.09FU","0.9618495","Mycosphaerellaceae","1CB1CD75-36B9-11D5-9548-00D0592D548C","81043","9","Pathotroph-Saprotroph","Plant Pathogen-Undefined Saprotroph","Probable","Microfungus","NULL","Biotrophic, necrotrophic or saprobic on various plant tissues (Cannon & Kirk 2007)","Cannon PF, Kirk PM. 2007. Fungal Families of the World. CAB International, Cambridge (ISBN: 978-0851998275)","Ramularia_pistaciae","Fungi","Ascomycota","Dothideomycetes","Mycosphaerellales","Mycosphaerellaceae","Ramularia","Ramularia_pistaciae",1,"Unique 100% match","ASV6540","Match","Match","Match","Match","Match","Match"
"145","ASV145","Fungi","Basidiomycota","Agaricomycetes","Polyporales","Incrustoporiaceae","Skeletocutis","Skeletocutis_diluta","Skeletocutis_diluta","sSH1010832.09FU","0.9999984","Skeletocutis","1CB1A2C9-36B9-11D5-9548-00D0592D548C","18554","13","Saprotroph","|Wood Saprotroph|","Highly Probable","Polyporoid","White Rot","As white_rot (Põlme et al. 2020); Decay wood (Põlme et al. 2020)","Gilbertson RL, Ryvarden L. 1987-1987. North American Polypores. Fungiflora, Oslo (ISBN: 978-0945345060); Põlme S, et al. 2020. Fungal Diversity 105:1-16 ((https://doi.org/10.1007/s13225-020-00466-2))","Skeletocutis_diluta","Fungi","Basidiomycota","Agaricomycetes","Polyporales","Incrustoporiaceae","Skeletocutis","Skeletocutis_diluta",2,"Multiple 100% matches","ASV4373;ASV977","Match","Match","Match","Match","Match","Match"
"147","ASV147","Fungi","Ascomycota","Eurotiomycetes","Eurotiales","Aspergillaceae","Talaromyces",NA,"Talaromyces",NA,"0.9988476","Eurotiales","1CB1CE25-36B9-11D5-9548-00D0592D548C","90472","7","Saprotroph","Undefined Saprotroph","Possible","Microfungus","NULL","NULL","Sterkenburg E, et al. 2015. New Phytologist 207:1145-1158 ((https://doi.org/10.1111/nph.13426))","Talaromyces","Fungi","Ascomycota",NA,NA,NA,NA,NA,10,"Multiple 100% matches","ASV6782;ASV6815;ASV6868;ASV7087;ASV7203;ASV7266;ASV7279;ASV7431;ASV7519;ASV7700",NA,NA,NA,NA,NA,"Match"
"149","ASV149","Fungi","Basidiomycota","Agaricomycetes","Cantharellales","Botryobasidiaceae","Botryobasidium",NA,"Botryobasidium","sSH1241749.09FU","0.8706713","Botryobasidiaceae","1CB1CCD1-36B9-11D5-9548-00D0592D548C","81744","9","Saprotroph","Undefined Saprotroph-Wood Saprotroph","Probable","Corticioid","NULL","Saprobic, typically on rotten wood (Cannon & Kirk 2007)","Cannon PF, Kirk PM. 2007. Fungal Families of the World. CAB International, Cambridge (ISBN: 978-0851998275)","Botryobasidium","Fungi","Basidiomycota","Agaricomycetes","Cantharellales","Botryobasidiaceae","Botryobasidium",NA,3,"Multiple 100% matches","ASV1984;ASV580;ASV887",NA,"Match","Match","Match","Match","Match"
"150","ASV150","Fungi","Basidiomycota","Agaricomycetes","Auriculariales",NA,NA,NA,"Auriculariales","sSH1300732.09FU","0.9867013",NA,NA,NA,NA,NA,NA,NA,NA,NA,NA,NA,"Auriculariales","Fungi",NA,NA,NA,NA,NA,NA,10,"Multiple 100% matches","ASV3659;ASV4087;ASV4196;ASV4265;ASV4393;ASV5718;ASV6800;ASV7819;ASV7822;ASV7876",NA,NA,NA,NA,NA,NA
"151","ASV151","Fungi",NA,NA,NA,NA,NA,NA,NA,"sSH0884008.09FU","0.9847113",NA,NA,NA,NA,NA,NA,NA,NA,NA,NA,NA,NA,"Fungi","Ascomycota",NA,NA,NA,NA,NA,7,"Multiple 100% matches","ASV129;ASV172;ASV5242;ASV6278;ASV7490;ASV7491;ASV7957",NA,NA,NA,NA,NA,NA
"152","ASV152","Fungi","Basidiomycota","Agaricostilbomycetes","Agaricostilbales","Chionosphaeraceae",NA,NA,"Chionosphaeraceae",NA,"0.9112955","Chionosphaeraceae","1CB1CCE4-36B9-11D5-9548-00D0592D548C","82032","9","Pathotroph-Saprotroph","Fungal Parasite-Undefined Saprotroph","Possible","Microfungus","NULL","Species appear to be mycoparasitic, associated with fungi of bark beetle galleries, wood-inhabiting Xylariaceae or lichens. Others are found erumpent from bark or decaying wood and may be sabrobic (Cannon & Kirk 2007)","Cannon PF, Kirk PM. 2007. Fungal Families of the World. CAB International, Cambridge (ISBN: 978-0851998275)","Chionosphaeraceae","Fungi","Basidiomycota","Agaricostilbomycetes","Agaricostilbales","Chionosphaeraceae",NA,NA,2,"Multiple 100% matches","ASV273;ASV624",NA,NA,"Match","Match","Match","Match"
"153","ASV153","Fungi","Basidiomycota","Agaricomycetes","Hymenochaetales","Schizoporaceae","Xylodon",NA,"Xylodon",NA,"0.9995587","Schizoporaceae","1CB1CDC9-36B9-11D5-9548-00D0592D548C","80038","9","Saprotroph","Wood Saprotroph","Probable","Corticioid","White Rot","Saprobic, causing white rot of standing and fallen wood of coniferous and broadleaved trees, rarely on herbaceous stems (Cannon & Kirk 2007)","Cannon PF, Kirk PM. 2007. Fungal Families of the World. CAB International, Cambridge (ISBN: 978-0851998275)","Xylodon","Fungi","Basidiomycota","Agaricomycetes","Hymenochaetales","Schizoporaceae","Xylodon","Xylodon_raduloides",5,"Multiple 100% matches","ASV1321;ASV3161;ASV3787;ASV555;ASV776",NA,"Match","Match","Match","Match","Match"
"155","ASV155","Fungi","Basidiomycota","Tremellomycetes","Filobasidiales","Filobasidiaceae","Filobasidium","Filobasidium_magnum","Filobasidium_magnum","sSH1389554.09FU","0.8137834","Filobasidium","3CBD5388-8494-45D1-8790-A0713070C68B","16130","13","Saprotroph","|Undefined Saprotroph|","Highly Probable","Dimorphic-Facultative Yeast","NULL","NULL","Kurtzman CP, et al. (eds.) 2011. The Yeasts, a Taxonomic Study. Fifth Edition. Vols 1-3. Elsevier, San Diego (ISBN: 9780444521491); Põlme S, et al. 2020. Fungal Diversity 105:1-16 ((https://doi.org/10.1007/s13225-020-00466-2))","Filobasidium_magnum","Fungi","Basidiomycota","Tremellomycetes","Filobasidiales","Filobasidiaceae","Filobasidium","Filobasidium_magnum",1,"Unique 100% match","ASV1349","Match","Match","Match","Match","Match","Match"
"157","ASV157","Fungi","Ascomycota","Saccharomycetes","Saccharomycetales","Dipodascaceae","Yarrowia","Yarrowia_lipolytica","Yarrowia_lipolytica","sSH1006766.09FU","0.8809215","Saccharomycetales","B73A15F4-AB90-4E11-B6D7-E0BE710B986C","816369","7","Saprotroph","Undefined Saprotroph","Possible","Yeast","NULL","NULL","Sterkenburg E, et al. 2015. New Phytologist 207:1145-1158 ((https://doi.org/10.1111/nph.13426))","Yarrowia_lipolytica","Fungi","Ascomycota","Saccharomycetes","Saccharomycetales","Dipodascaceae","Yarrowia","Yarrowia_lipolytica",1,"Unique 100% match","ASV4853","Match","Match","Match","Match","Match","Match"
"158","ASV158","Fungi","Basidiomycota","Agaricomycetes","Polyporales","Meruliaceae","Aurantiporus","Aurantiporus_fissilis","Aurantiporus_fissilis","sSH1020165.09FU","0.9933755","Meruliaceae","9E12B0B5-1D82-4978-AF3D-6EC22C257619","89005","9","Pathotroph-Saprotroph","Plant Pathogen-Undefined Saprotroph","Probable","Corticioid-Polyporoid","NULL","Saprobic or parasitic on woody plants, causing a white rot (Cannon & Kirk 2007)","Cannon PF, Kirk PM. 2007. Fungal Families of the World. CAB International, Cambridge (ISBN: 978-0851998275)","Aurantiporus_fissilis","Fungi","Basidiomycota","Agaricomycetes","Polyporales","Meruliaceae","Aurantiporus","Aurantiporus_fissilis",2,"Multiple 100% matches","ASV3579;ASV512","Match","Match","Match","Match","Match","Match"
"159","ASV159","Fungi","Basidiomycota","Microbotryomycetes","Sporidiobolales","Sporidiobolaceae","Sporobolomyces","Sporobolomyces_patagonicus","Sporobolomyces_patagonicus","sSH0882337.09FU","0.8642221","Sporidiobolaceae","20AD224D-9EFF-4C1C-8214-59BA76CCCDF3","82101","9","Pathotroph-Saprotroph","Animal Pathogen-Undefined Saprotroph","Probable","Microfungus","NULL","Saprobic, found in a wide range of habitats and especially in aquatic systems. Some of the red yeasts in this family are widely encountered spoilage organisms and opportunistic human pathogens (Cannon & Kirk 2007)","Cannon PF, Kirk PM. 2007. Fungal Families of the World. CAB International, Cambridge (ISBN: 978-0851998275)","Sporobolomyces_patagonicus","Fungi","Basidiomycota","Microbotryomycetes","Sporidiobolales","Sporidiobolaceae","Sporobolomyces","Sporobolomyces_patagonicus",3,"Multiple 100% matches","ASV159;ASV2279;ASV8013","Match","Match","Match","Match","Match","Match"
"161","ASV161","Fungi","Ascomycota","Leotiomycetes","Helotiales","Myxotrichaceae","Oidiodendron",NA,"Oidiodendron",NA,"0.9473348","Myxotrichaceae","1CB1CD78-36B9-11D5-9548-00D0592D548C","81054","9","Saprotroph-Symbiotroph","Ectomycorrhizal-Undefined Saprotroph","Probable","Microfungus","NULL","Many species are cellulolytic, occurring on paper, straw etc. Others are mycorrhizal associated with roots of Ericaceae and Epacridaceae (Cannon & Kirk 2007)","Cannon PF, Kirk PM. 2007. Fungal Families of the World. CAB International, Cambridge (ISBN: 978-0851998275)","Oidiodendron","Fungi","Ascomycota","Leotiomycetes","Helotiales","Myxotrichaceae","Oidiodendron","Oidiodendron_griseum",1,"Unique 100% match","ASV187",NA,"Match","Match","Match","Match","Match"
"162","ASV162","Fungi","Basidiomycota","Agaricomycetes","Auriculariales",NA,NA,NA,"Auriculariales","sSH1300732.09FU","0.9786718",NA,NA,NA,NA,NA,NA,NA,NA,NA,NA,NA,"Auriculariales","Fungi","Basidiomycota","Agaricomycetes","Auriculariales",NA,NA,NA,6,"Multiple 100% matches","ASV1791;ASV363;ASV5019;ASV832;ASV851;ASV890",NA,NA,NA,"Match","Match","Match"
"163","ASV163","Fungi","Ascomycota","Dothideomycetes","Capnodiales","Neodevriesiaceae",NA,NA,"Neodevriesiaceae","sSH0960579.09FU","0.9173180","Neodevriesiaceae","F8168581-D82E-4A75-9190-C7925084B4CA","807766","9","Pathotroph-Saprotroph","Plant Pathogen-Undefined Saprotroph","Probable","NULL","NULL","Members are foliicolous, saprobic or plant pathogenic (Quaedvlieg et al. 2014)","Quaedvlieg W., et al. 2014. Persoonia 3:31-40 ((http://doi.org/10.3767/003158514X681981))","Neodevriesiaceae","Fungi","Ascomycota","Dothideomycetes","Capnodiales",NA,NA,NA,8,"Multiple 100% matches","ASV4258;ASV51;ASV583;ASV6598;ASV6708;ASV6823;ASV6996;ASV7336",NA,NA,NA,"Match","Match","Match"
"164","ASV164","Fungi","Ascomycota","Sordariomycetes","Hypocreales","Ophiocordycipitaceae","Purpureocillium",NA,"Purpureocillium",NA,"0.9995666","Ophiocordycipitaceae","118FAE1B-EB93-4474-A604-F47BB984C8D1","504190","9","Pathotroph-Symbiotroph","Endophyte-Insect Pathogen","Probable","Microfungus","NULL","A family of parasitic fungi (Sung et al. 2007)","Sung GH, et al. 2007. Studies in Mycology 57:5-59 ((https://doi.org/10.3114/sim.2007.57.01)); Costa IPMW, et al. 2012. Mycotaxon 119:e26 ((http://mycotaxon.com/resources/checklists/costa_v119_checklist.pdf))","Purpureocillium","Fungi","Ascomycota","Sordariomycetes","Hypocreales","Ophiocordycipitaceae","Purpureocillium","Purpureocillium_lilacinum",2,"Multiple 100% matches","ASV302;ASV3241",NA,"Match","Match","Match","Match","Match"
"166","ASV166","Fungi","Basidiomycota","Agaricomycetes","Russulales","Peniophoraceae","Peniophora",NA,"Peniophora",NA,"0.8662343","Peniophoraceae","1CB1CD8B-36B9-11D5-9548-00D0592D548C","81123","9","Pathotroph-Saprotroph","Plant Pathogen-Wood Saprotroph","Probable","Corticioid","White Rot","Most species are saprobic, causing rots of standing and fallen wood. Many species are adapted to xeric conditions, being able to grow on rapidly drying dead attached branches (Cannon & Kirk 2007)","Cannon PF, Kirk PM. 2007. Fungal Families of the World. CAB International, Cambridge (ISBN: 978-0851998275)","Peniophora","Fungi","Basidiomycota","Agaricomycetes","Russulales","Peniophoraceae","Peniophora","Peniophora_laxitexta",9,"Multiple 100% matches","ASV1211;ASV2323;ASV2653;ASV3723;ASV4058;ASV459;ASV616;ASV7248;ASV7875",NA,"Match","Match","Match","Match","Match"
"167","ASV167","Fungi",NA,NA,NA,NA,NA,NA,NA,NA,"1.0000000",NA,NA,NA,NA,NA,NA,NA,NA,NA,NA,NA,NA,"Fungi","Ascomycota",NA,NA,NA,NA,NA,10,"Multiple 100% matches","ASV4882;ASV5022;ASV60;ASV6204;ASV6218;ASV6727;ASV697;ASV7348;ASV7612;ASV8096",NA,NA,NA,NA,NA,NA
"171","ASV171","Fungi","Ascomycota","Eurotiomycetes","Eurotiales","Aspergillaceae","Penicillium",NA,"Penicillium",NA,"0.7742269","Eurotiales","1CB1CE25-36B9-11D5-9548-00D0592D548C","90472","7","Saprotroph","Undefined Saprotroph","Possible","Microfungus","NULL","NULL","Sterkenburg E, et al. 2015. New Phytologist 207:1145-1158 ((https://doi.org/10.1111/nph.13426))","Penicillium","Fungi","Ascomycota","Eurotiomycetes","Eurotiales","Aspergillaceae","Penicillium","Penicillium_toxicarium",4,"Multiple 100% matches","ASV62;ASV6599;ASV6861;ASV6881",NA,"Match","Match","Match","Match","Match"
"172","ASV172","Fungi","Ascomycota","Eurotiomycetes","Eurotiales","Aspergillaceae","Aspergillus","Aspergillus_penicillioides","Aspergillus_penicillioides","sSH1228776.09FU","0.9244857","Eurotiales","1CB1CE25-36B9-11D5-9548-00D0592D548C","90472","7","Saprotroph","Undefined Saprotroph","Possible","Microfungus","NULL","NULL","Sterkenburg E, et al. 2015. New Phytologist 207:1145-1158 ((https://doi.org/10.1111/nph.13426))","Aspergillus_penicillioides","Fungi","Ascomycota","Eurotiomycetes","Eurotiales","Aspergillaceae","Aspergillus","Aspergillus_penicillioides",3,"Multiple 100% matches","ASV2796;ASV388;ASV5077","Match","Match","Match","Match","Match","Match"
"176","ASV176","Fungi","Basidiomycota","Cystobasidiomycetes","Cystobasidiales","Cystobasidiaceae","Cystobasidium","Cystobasidium_slooffiae","Cystobasidium_slooffiae","sSH0970186.09FU","0.9975056","Cystobasidium","089EE3BE-975C-47BF-8DD0-494C299F8F10","17446","13","Pathotroph","|Fungal Parasite|","Highly Probable","Dimorphic-Facultative Yeast","NULL","As mycoparasite (Põlme et al. 2020); Decay fungal material (Põlme et al. 2020); Host - Thelebolales (Põlme et al. 2020)","Kurtzman CP, et al. (eds.) 2011. The Yeasts, a Taxonomic Study. Fifth Edition. Vols 1-3. Elsevier, San Diego (ISBN: 9780444521491); Põlme S, et al. 2020. Fungal Diversity 105:1-16 ((https://doi.org/10.1007/s13225-020-00466-2))","Cystobasidium_slooffiae","Fungi","Basidiomycota","Cystobasidiomycetes","Cystobasidiales","Cystobasidiaceae","Cystobasidium","Cystobasidium_slooffiae",1,"Unique 100% match","ASV275","Match","Match","Match","Match","Match","Match"
"178","ASV178","Fungi","Basidiomycota","Agaricomycetes","Russulales","Peniophoraceae","Peniophora","Peniophora_bicornis","Peniophora_bicornis","sSH1068927.09FU","0.9946696","Peniophoraceae","1CB1CD8B-36B9-11D5-9548-00D0592D548C","81123","9","Pathotroph-Saprotroph","Plant Pathogen-Wood Saprotroph","Probable","Corticioid","White Rot","Most species are saprobic, causing rots of standing and fallen wood. Many species are adapted to xeric conditions, being able to grow on rapidly drying dead attached branches (Cannon & Kirk 2007)","Cannon PF, Kirk PM. 2007. Fungal Families of the World. CAB International, Cambridge (ISBN: 978-0851998275)","Peniophora_bicornis","Fungi","Basidiomycota","Agaricomycetes","Russulales","Peniophoraceae","Peniophora","Peniophora_bicornis",5,"Multiple 100% matches","ASV1902;ASV2284;ASV406;ASV5612;ASV778","Match","Match","Match","Match","Match","Match"
"180","ASV180","Fungi","Ascomycota","Dothideomycetes",NA,NA,NA,NA,"Dothideomycetes",NA,"0.9999998",NA,NA,NA,NA,NA,NA,NA,NA,NA,NA,NA,"Dothideomycetes","Fungi","Ascomycota","Dothideomycetes","Pleosporales","Leptosphaeriaceae","Leptosphaeria",NA,1,"Unique 100% match","ASV3613",NA,NA,NA,NA,"Match","Match"
"182","ASV182","Fungi","Ascomycota","Dothideomycetes","Capnodiales","Neodevriesiaceae","Neodevriesia",NA,"Neodevriesia","sSH0960616.09FU","0.9710105","Neodevriesiaceae","F8168581-D82E-4A75-9190-C7925084B4CA","807766","9","Pathotroph-Saprotroph","Plant Pathogen-Undefined Saprotroph","Probable","NULL","NULL","Members are foliicolous, saprobic or plant pathogenic (Quaedvlieg et al. 2014)","Quaedvlieg W., et al. 2014. Persoonia 3:31-40 ((http://doi.org/10.3767/003158514X681981))","Neodevriesia","Fungi","Ascomycota","Dothideomycetes","Capnodiales","Neodevriesiaceae","Neodevriesia","Neodevriesia_strelitziicola",4,"Multiple 100% matches","ASV3933;ASV456;ASV5408;ASV971",NA,"Match","Match","Match","Match","Match"
"183","ASV183","Fungi","Basidiomycota",NA,NA,NA,NA,NA,"Basidiomycota","sSH0918878.09FU","0.9918721",NA,NA,NA,NA,NA,NA,NA,NA,NA,NA,NA,"Basidiomycota","Fungi","Basidiomycota",NA,NA,NA,NA,NA,5,"Multiple 100% matches","ASV112;ASV2070;ASV7842;ASV8019;ASV8272",NA,NA,NA,NA,NA,"Match"
"185","ASV185","Fungi","Ascomycota","Sordariomycetes","Hypocreales","Cordycipitaceae","Simplicillium",NA,"Simplicillium",NA,"1.0000000","Hypocreales","1CB18E60-36B9-11D5-9548-00D0592D548C","90477","7","Saprotroph","Undefined Saprotroph","Possible","Microfungus","NULL","NULL","Sterkenburg E, et al. 2015. New Phytologist 207:1145-1158 ((https://doi.org/10.1111/nph.13426))","Simplicillium","Fungi","Ascomycota",NA,NA,NA,NA,NA,9,"Multiple 100% matches","ASV1426;ASV4296;ASV4703;ASV7099;ASV7265;ASV7493;ASV7497;ASV7516;ASV80",NA,NA,NA,NA,NA,"Match"
"186","ASV186","Fungi","Basidiomycota","Agaricomycetes","Russulales","Stereaceae",NA,NA,"Stereaceae","sSH0935519.09FU","0.9388150","Stereaceae","1CB1CDDC-36B9-11D5-9548-00D0592D548C","81424","9","Saprotroph","Undefined Saprotroph-Wood Saprotroph","Probable","Corticioid-Polyporoid","NULL","Lignicolous or terrestrial (in leaf litter); typically saprobic (Cannon & Kirk 2007)","Cannon PF, Kirk PM. 2007. Fungal Families of the World. CAB International, Cambridge (ISBN: 978-0851998275)","Stereaceae","Fungi","Basidiomycota","Agaricomycetes","Russulales","Stereaceae",NA,NA,2,"Multiple 100% matches","ASV5681;ASV6524",NA,NA,"Match","Match","Match","Match"
"188","ASV188","Fungi","Basidiomycota","Agaricomycetes","Russulales","Stereaceae","Stereum","Stereum_sanguinolentum","Stereum_sanguinolentum",NA,"0.8199895","Stereaceae","1CB1CDDC-36B9-11D5-9548-00D0592D548C","81424","9","Saprotroph","Undefined Saprotroph-Wood Saprotroph","Probable","Corticioid-Polyporoid","NULL","Lignicolous or terrestrial (in leaf litter); typically saprobic (Cannon & Kirk 2007)","Cannon PF, Kirk PM. 2007. Fungal Families of the World. CAB International, Cambridge (ISBN: 978-0851998275)","Stereum_sanguinolentum","Fungi","Basidiomycota","Agaricomycetes","Russulales","Stereaceae","Stereum","Stereum_sanguinolentum",4,"Multiple 100% matches","ASV402;ASV424;ASV5179;ASV7951","Match","Match","Match","Match","Match","Match"
"189","ASV189","Fungi","Basidiomycota","Agaricomycetes","Polyporales","Incrustoporiaceae","Skeletocutis","Skeletocutis_diluta","Skeletocutis_diluta","sSH1010832.09FU","0.9999901","Skeletocutis","1CB1A2C9-36B9-11D5-9548-00D0592D548C","18554","13","Saprotroph","|Wood Saprotroph|","Highly Probable","Polyporoid","White Rot","As white_rot (Põlme et al. 2020); Decay wood (Põlme et al. 2020)","Gilbertson RL, Ryvarden L. 1987-1987. North American Polypores. Fungiflora, Oslo (ISBN: 978-0945345060); Põlme S, et al. 2020. Fungal Diversity 105:1-16 ((https://doi.org/10.1007/s13225-020-00466-2))","Skeletocutis_diluta","Fungi","Basidiomycota","Agaricomycetes","Polyporales","Incrustoporiaceae","Skeletocutis","Skeletocutis_diluta",1,"Unique 100% match","ASV1057","Match","Match","Match","Match","Match","Match"
"191","ASV191","Fungi","Basidiomycota","Agaricomycetes","Russulales","Peniophoraceae","Peniophora","Peniophora_albobadia","Peniophora_albobadia","sSH1068847.09FU","0.8733082","Peniophoraceae","1CB1CD8B-36B9-11D5-9548-00D0592D548C","81123","9","Pathotroph-Saprotroph","Plant Pathogen-Wood Saprotroph","Probable","Corticioid","White Rot","Most species are saprobic, causing rots of standing and fallen wood. Many species are adapted to xeric conditions, being able to grow on rapidly drying dead attached branches (Cannon & Kirk 2007)","Cannon PF, Kirk PM. 2007. Fungal Families of the World. CAB International, Cambridge (ISBN: 978-0851998275)","Peniophora_albobadia","Fungi","Basidiomycota","Agaricomycetes","Russulales","Peniophoraceae","Peniophora","Peniophora_albobadia",8,"Multiple 100% matches","ASV1342;ASV3473;ASV3729;ASV5117;ASV5927;ASV6045;ASV7186;ASV995","Match","Match","Match","Match","Match","Match"
"193","ASV193","Fungi","Basidiomycota","Microbotryomycetes","Sporidiobolales","Sporidiobolaceae","Rhodotorula","Rhodotorula_mucilaginosa","Rhodotorula_mucilaginosa","sSH1008722.09FU","0.9970464","Sporidiobolaceae","20AD224D-9EFF-4C1C-8214-59BA76CCCDF3","82101","9","Pathotroph-Saprotroph","Animal Pathogen-Undefined Saprotroph","Probable","Microfungus","NULL","Saprobic, found in a wide range of habitats and especially in aquatic systems. Some of the red yeasts in this family are widely encountered spoilage organisms and opportunistic human pathogens (Cannon & Kirk 2007)","Cannon PF, Kirk PM. 2007. Fungal Families of the World. CAB International, Cambridge (ISBN: 978-0851998275)","Rhodotorula_mucilaginosa","Fungi","Basidiomycota","Microbotryomycetes","Sporidiobolales","Sporidiobolaceae","Rhodotorula","Rhodotorula_mucilaginosa",1,"Unique 100% match","ASV5546","Match","Match","Match","Match","Match","Match"
"196","ASV196","Fungi","Basidiomycota","Agaricomycetes","Hymenochaetales","Hymenochaetaceae","Fuscoporia","Fuscoporia_chinensis","Fuscoporia_chinensis","sSH1189814.09FU","0.9999086","Hymenochaetaceae","CC29D6F9-5984-496D-97E7-42EB138C1FEE","536196","9","Saprotroph-Symbiotroph","Ectomycorrhizal-Wood Saprotroph","Probable","Corticioid-Polyporoid","NULL","Lignicolous, causing white rots, rarely ectomycorrhizal (Cannon & Kirk 2007)","Cannon PF, Kirk PM. 2007. Fungal Families of the World. CAB International, Cambridge (ISBN: 978-0851998275)","Fuscoporia_chinensis","Fungi","Basidiomycota","Agaricomycetes","Hymenochaetales","Hymenochaetaceae","Fuscoporia","Fuscoporia_chinensis",6,"Multiple 100% matches","ASV113;ASV2318;ASV2755;ASV3430;ASV4463;ASV8110","Match","Match","Match","Match","Match","Match"
"198","ASV198","Fungi",NA,NA,NA,NA,NA,NA,NA,"sSH0884008.09FU","0.9865040",NA,NA,NA,NA,NA,NA,NA,NA,NA,NA,NA,NA,"Fungi","Ascomycota","Eurotiomycetes","Eurotiales","Aspergillaceae","Penicillium","Penicillium_restrictum",4,"Multiple 100% matches","ASV1847;ASV7008;ASV7311;ASV8064",NA,NA,NA,NA,NA,NA
"199","ASV199","Fungi","Basidiomycota","Agaricomycetes","Agaricales",NA,NA,NA,"Agaricales","sSH1217731.09FU","0.9999998","Agaricales","715D162F-5F0E-40C8-A7DC-79D488D3F937","90508","7","Pathotroph-Saprotroph-Symbiotroph","Bryophyte Parasite-Dung Saprotroph-Ectomycorrhizal-Fungal Parasite-Leaf Saprotroph-Plant Parasite-Undefined Saprotroph-Wood Saprotroph","Possible","Agaricoid-Gasteroid-Microfungus-Secotioid-Yeast","NULL","Mushrooms and toadstools, Gill fungi, Agarics... lignicolous, sometimes muscicolous or fungicolous, saprobic, mycorrhizal, rarely parasitic on plants or fungi (Kirk et al. 2008)","Kirk PM et al. 2008. Dictionary of the Fungi. Tenth Edition. CAB International, Wallingford (ISBN: 978-0851998268)","Agaricales","Fungi","Basidiomycota","Agaricomycetes","Agaricales",NA,NA,NA,3,"Multiple 100% matches","ASV1084;ASV1442;ASV4377",NA,NA,NA,"Match","Match","Match"
"200","ASV200","Fungi","Ascomycota","Sordariomycetes","Hypocreales","Nectriaceae",NA,NA,"Nectriaceae",NA,"0.9849922","Nectriaceae","1CB1CD7A-36B9-11D5-9548-00D0592D548C","81059","9","Pathotroph-Saprotroph-Symbiotroph","Animal Pathogen-Endophyte-Fungal Parasite-Lichen Parasite-Plant Pathogen-Wood Saprotroph","Possible","Microfungus","NULL","Fusarium species are amongst the economically significant plant pathogens (Cannon & Kirk 2007)","Cannon PF, Kirk PM. 2007. Fungal Families of the World. CAB International, Cambridge (ISBN: 978-0851998275); Hirooka Y, et al. 2012. Studies in Mycology 711-210 ((https://doi.org/10.3114/sim0001)); Tedersoo L, et al. 2014. Science 346:e1256688 ((https://doi.org/10.1126/science.1256688)); The American Phytopathological Society Common Names of Plant Diseases ((http://www.apsnet.org/publications/commonnames/Pages/default.aspx)); https://www.cdc.gov ((https://www.cdc.gov))","Nectriaceae","Fungi","Ascomycota","Sordariomycetes","Hypocreales","Nectriaceae","Fusarium",NA,4,"Multiple 100% matches","ASV2044;ASV2985;ASV360;ASV379",NA,NA,"Match","Match","Match","Match"
"201","ASV201","Fungi","Ascomycota","Dothideomycetes","Pleosporales","Pleosporaceae","Curvularia",NA,"Curvularia",NA,"0.9999026","Pleosporaceae","1CB1CDA2-36B9-11D5-9548-00D0592D548C","81188","9","Pathotroph-Saprotroph","Endophyte-Lichen Parasite-Plant Pathogen-Undefined Saprotroph","Probable","Microfungus","NULL","Necrotrophic pathogens and saprobes, especially associated with grasses. Many species are seed-borne (Cannon & Kirk 2007)","Cannon PF, Kirk PM. 2007. Fungal Families of the World. CAB International, Cambridge (ISBN: 978-0851998275); David AS, et al. 2016. Microbial Ecology 71:912-926 ((https://doi.org/10.1007/s00248-015-0712-6)); Lawrey JD, Diederich P. 2016. http://www.lichenicolous.net (accessed 24 May 2017) ((http://www.lichenicolous.net))","Curvularia","Fungi","Ascomycota","Dothideomycetes","Pleosporales","Pleosporaceae","Curvularia","Curvularia_mebaldsii",1,"Unique 100% match","ASV421",NA,"Match","Match","Match","Match","Match"
"202","ASV202","Fungi","Basidiomycota","Agaricomycetes","Auriculariales",NA,NA,NA,"Auriculariales","sSH1300732.09FU","0.9821716",NA,NA,NA,NA,NA,NA,NA,NA,NA,NA,NA,"Auriculariales","Fungi","Basidiomycota","Agaricomycetes","Auriculariales",NA,NA,NA,1,"Unique 100% match","ASV2792",NA,NA,NA,"Match","Match","Match"
"204","ASV204","Fungi","Basidiomycota","Agaricomycetes","Corticiales",NA,NA,NA,"Corticiales","sSH1308167.09FU","0.9999972",NA,NA,NA,NA,NA,NA,NA,NA,NA,NA,NA,"Corticiales","Fungi","Basidiomycota","Agaricomycetes","Corticiales",NA,NA,NA,5,"Multiple 100% matches","ASV257;ASV4851;ASV5470;ASV6150;ASV6271",NA,NA,NA,"Match","Match","Match"
"205","ASV205","Fungi","Basidiomycota","Agaricomycetes","Hymenochaetales","Rickenellaceae","Peniophorella","Peniophorella_praetermissa","Peniophorella_praetermissa","sSH1124829.09FU","0.9999771","Peniophorella","0CB5C5A6-62A5-4579-B5A2-76797F4EBA35","18202","13","Saprotroph","Undefined Saprotroph-|Wood Saprotroph|","Probable","Corticioid","White Rot","As white_rot (Põlme et al. 2020); Decay wood (Põlme et al. 2020)","Tedersoo L, et al. 2014. Science 346:e1256688 ((https://doi.org/10.1126/science.1256688)); Põlme S, et al. 2020. Fungal Diversity 105:1-16 ((https://doi.org/10.1007/s13225-020-00466-2))","Peniophorella_praetermissa","Fungi","Basidiomycota","Agaricomycetes","Hymenochaetales","Rickenellaceae","Peniophorella","Peniophorella_praetermissa",1,"Unique 100% match","ASV983","Match","Match","Match","Match","Match","Match"
"207","ASV207","Fungi","Ascomycota","Eurotiomycetes","Chaetothyriales","Trichomeriaceae","Knufia","Knufia_petricola","Knufia_petricola","sSH1070857.09FU","0.9990205","Trichomeriaceae","B366E4F5-4360-49B3-BA47-86698B5D3511","800935","9","Symbiotroph","Epiphyte","Probable","Microfungus","NULL","Foliar epiphytes with the appearance of sooty moulds, mostly occurring on the surface of living leaves and apparently gaining their nutrients from insect exudates (Chomnunti et al. 2012)","Chomnunti P, et al. 2012. Fungal Diversity 56:63-76 ((https://doi.org/10.1007/s13225-012-0197-2))","Knufia_petricola","Fungi","Ascomycota","Eurotiomycetes","Chaetothyriales","Trichomeriaceae","Knufia","Knufia_petricola",1,"Unique 100% match","ASV1030","Match","Match","Match","Match","Match","Match"
"208","ASV208","Fungi","Basidiomycota","Agaricomycetes","Hymenochaetales","Rickenellaceae","Resinicium","Resinicium_friabile","Resinicium_friabile","sSH1252024.09FU","0.9533811","Resinicium","1CB1CAE9-36B9-11D5-9548-00D0592D548C","18453","13","Saprotroph","Undefined Saprotroph-|Wood Saprotroph|","Probable","Corticioid","White Rot","As white_rot (Põlme et al. 2020); Decay wood (Põlme et al. 2020)","Tedersoo L, et al. 2014. Science 346:e1256688 ((https://doi.org/10.1126/science.1256688)); Põlme S, et al. 2020. Fungal Diversity 105:1-16 ((https://doi.org/10.1007/s13225-020-00466-2))","Resinicium_friabile","Fungi","Basidiomycota","Agaricomycetes","Hymenochaetales","Rickenellaceae","Resinicium","Resinicium_friabile",7,"Multiple 100% matches","ASV1171;ASV175;ASV292;ASV3349;ASV500;ASV7738;ASV8027","Match","Match","Match","Match","Match","Match"
"210","ASV210","Fungi","Ascomycota","Dothideomycetes","Capnodiales","Neodevriesiaceae","Neodevriesia",NA,"Neodevriesia","sSH0960646.09FU","0.9381567","Neodevriesiaceae","F8168581-D82E-4A75-9190-C7925084B4CA","807766","9","Pathotroph-Saprotroph","Plant Pathogen-Undefined Saprotroph","Probable","NULL","NULL","Members are foliicolous, saprobic or plant pathogenic (Quaedvlieg et al. 2014)","Quaedvlieg W., et al. 2014. Persoonia 3:31-40 ((http://doi.org/10.3767/003158514X681981))","Neodevriesia","Fungi","Ascomycota","Dothideomycetes","Capnodiales","Neodevriesiaceae","Neodevriesia",NA,4,"Multiple 100% matches","ASV160;ASV2000;ASV443;ASV7167",NA,"Match","Match","Match","Match","Match"
"211","ASV211","Fungi","Basidiomycota","Agaricostilbomycetes","Agaricostilbales","Agaricostilbaceae","Sterigmatomyces","Sterigmatomyces_halophilus","Sterigmatomyces_halophilus",NA,"1.0000000","Agaricostilbaceae","1CB1CCAC-36B9-11D5-9548-00D0592D548C","82058","9","Saprotroph","Undefined Saprotroph","Possible","NULL","NULL","Probably saprobic, usually associated with dead palm tissues (Cannon & Kirk 2007)","Cannon PF, Kirk PM. 2007. Fungal Families of the World. CAB International, Cambridge (ISBN: 978-0851998275)","Sterigmatomyces_halophilus","Fungi","Basidiomycota","Agaricostilbomycetes","Agaricostilbales","Agaricostilbaceae","Sterigmatomyces","Sterigmatomyces_halophilus",2,"Multiple 100% matches","ASV4549;ASV838","Match","Match","Match","Match","Match","Match"
"214","ASV214","Fungi","Basidiomycota","Agaricomycetes","Russulales","Peniophoraceae","Peniophora","Peniophora_pini","Peniophora_pini","sSH1068862.09FU","0.9254495","Peniophoraceae","1CB1CD8B-36B9-11D5-9548-00D0592D548C","81123","9","Pathotroph-Saprotroph","Plant Pathogen-Wood Saprotroph","Probable","Corticioid","White Rot","Most species are saprobic, causing rots of standing and fallen wood. Many species are adapted to xeric conditions, being able to grow on rapidly drying dead attached branches (Cannon & Kirk 2007)","Cannon PF, Kirk PM. 2007. Fungal Families of the World. CAB International, Cambridge (ISBN: 978-0851998275)","Peniophora_pini","Fungi","Basidiomycota","Agaricomycetes","Russulales","Peniophoraceae","Peniophora","Peniophora_pini",3,"Multiple 100% matches","ASV1437;ASV2157;ASV6220","Match","Match","Match","Match","Match","Match"
"215","ASV215","Fungi",NA,NA,NA,NA,NA,NA,NA,NA,"0.8888533",NA,NA,NA,NA,NA,NA,NA,NA,NA,NA,NA,NA,"Fungi","Basidiomycota","Agaricomycetes","Hymenochaetales","Rickenellaceae","Sidera",NA,1,"Unique 100% match","ASV3530",NA,NA,NA,NA,NA,NA
"217","ASV217","Fungi","Ascomycota","Eurotiomycetes","Chaetothyriales","Herpotrichiellaceae","Exophiala","Exophiala_cancerae","Exophiala_cancerae","sSH1072542.09FU","0.9425105","Herpotrichiellaceae","1CB1CD37-36B9-11D5-9548-00D0592D548C","80856","9","Pathotroph-Saprotroph","Animal Pathogen-Fungal Parasite-Undefined Saprotroph","Probable","Facultative Yeast-Microfungus","NULL","Mostly saprobic on plants or other fungi, isolated from soil etc., and from medical sources (Cannon & Kirk 2007)","Cannon PF, Kirk PM. 2007. Fungal Families of the World. CAB International, Cambridge (ISBN: 978-0851998275)","Exophiala_cancerae","Fungi","Ascomycota","Eurotiomycetes","Chaetothyriales","Herpotrichiellaceae","Exophiala","Exophiala_cancerae",1,"Unique 100% match","ASV3054","Match","Match","Match","Match","Match","Match"
"218","ASV218","Fungi","Basidiomycota","Agaricomycetes","Hymenochaetales","Schizoporaceae","Xylodon","Xylodon_subflaviporus","Xylodon_subflaviporus","sSH1236554.09FU","0.9807347","Schizoporaceae","1CB1CDC9-36B9-11D5-9548-00D0592D548C","80038","9","Saprotroph","Wood Saprotroph","Probable","Corticioid","White Rot","Saprobic, causing white rot of standing and fallen wood of coniferous and broadleaved trees, rarely on herbaceous stems (Cannon & Kirk 2007)","Cannon PF, Kirk PM. 2007. Fungal Families of the World. CAB International, Cambridge (ISBN: 978-0851998275)","Xylodon_subflaviporus","Fungi","Basidiomycota","Agaricomycetes","Hymenochaetales","Schizoporaceae","Xylodon","Xylodon_subflaviporus",8,"Multiple 100% matches","ASV1124;ASV1436;ASV3516;ASV5424;ASV7448;ASV7885;ASV7954;ASV8018","Match","Match","Match","Match","Match","Match"
"219","ASV219","Fungi","Basidiomycota","Agaricomycetes",NA,NA,NA,NA,"Agaricomycetes",NA,"1.0000000",NA,NA,NA,NA,NA,NA,NA,NA,NA,NA,NA,"Agaricomycetes","Fungi","Basidiomycota","Agaricomycetes",NA,NA,NA,NA,2,"Multiple 100% matches","ASV3209;ASV414",NA,NA,NA,NA,"Match","Match"
"220","ASV220","Fungi","Basidiomycota","Agaricomycetes","Polyporales","Polyporaceae","Trametes","Trametes_pubescens","Trametes_pubescens","sSH1122502.09FU","0.8188336","Polyporaceae","1CB19B17-36B9-11D5-9548-00D0592D548C","81203","9","Saprotroph","Wood Saprotroph","Probable","Polyporoid","Brown Rot-White Rot","Lignicolous, causing brown or white rot, mostly of broadleaved trees (Cannon & Kirk 2007)","Cannon PF, Kirk PM. 2007. Fungal Families of the World. CAB International, Cambridge (ISBN: 978-0851998275)","Trametes_pubescens","Fungi",NA,NA,NA,NA,NA,NA,8,"Multiple 100% matches","ASV4225;ASV4759;ASV5857;ASV6700;ASV7413;ASV7815;ASV8105;ASV8171",NA,NA,NA,NA,NA,NA
"221","ASV221","Fungi","Basidiomycota","Agaricomycetes","Russulales","Peniophoraceae","Peniophora","Peniophora_bicornis","Peniophora_bicornis","sSH1068927.09FU","0.9723783","Peniophoraceae","1CB1CD8B-36B9-11D5-9548-00D0592D548C","81123","9","Pathotroph-Saprotroph","Plant Pathogen-Wood Saprotroph","Probable","Corticioid","White Rot","Most species are saprobic, causing rots of standing and fallen wood. Many species are adapted to xeric conditions, being able to grow on rapidly drying dead attached branches (Cannon & Kirk 2007)","Cannon PF, Kirk PM. 2007. Fungal Families of the World. CAB International, Cambridge (ISBN: 978-0851998275)","Peniophora_bicornis","Fungi",NA,NA,NA,NA,NA,NA,9,"Multiple 100% matches","ASV1622;ASV1959;ASV2743;ASV4365;ASV4527;ASV5348;ASV5376;ASV7818;ASV7955",NA,NA,NA,NA,NA,NA
"222","ASV222","Fungi","Ascomycota","Dothideomycetes","Mycosphaerellales","Teratosphaeriaceae","Eupenidiella","Eupenidiella_venezuelensis","Eupenidiella_venezuelensis","sSH1084567.09FU","0.9903308","Teratosphaeriaceae","87A3FDCC-E75C-4F2E-B987-C7579847CE32","504465","9","Pathotroph-Saprotroph","Animal Pathogen-Plant Pathogen-Undefined Saprotroph","Probable","NULL","NULL","Includes numerous saprobic, extremophilic, human opportunistic, and plant pathogenic fungi (Quaedvlieg et al. 2014)","Quaedvlieg W, et al. 2014. Persoonia 3:31-40 ((https://doi.org/10.3767/003158514X681981))","Eupenidiella_venezuelensis","Fungi","Ascomycota","Dothideomycetes",NA,NA,NA,NA,2,"Multiple 100% matches","ASV261;ASV7701",NA,NA,NA,NA,"Match","Match"
"223","ASV223","Fungi","Ascomycota","Eurotiomycetes","Eurotiales","Aspergillaceae","Penicillium",NA,"Penicillium",NA,"0.9953027","Eurotiales","1CB1CE25-36B9-11D5-9548-00D0592D548C","90472","7","Saprotroph","Undefined Saprotroph","Possible","Microfungus","NULL","NULL","Sterkenburg E, et al. 2015. New Phytologist 207:1145-1158 ((https://doi.org/10.1111/nph.13426))","Penicillium","Fungi","Ascomycota","Eurotiomycetes","Eurotiales","Aspergillaceae",NA,NA,2,"Multiple 100% matches","ASV173;ASV6668",NA,NA,"Match","Match","Match","Match"
"224","ASV224","Fungi","Ascomycota","Dothideomycetes","Pleosporales","Phaeosphaeriaceae","Didymocyrtis","Didymocyrtis_pini","Didymocyrtis_pini","sSH0942280.09FU","0.9885281","Phaeosphaeriaceae","1CB1CD8E-36B9-11D5-9548-00D0592D548C","81637","9","Pathotroph-Saprotroph","Fungal Parasite-Plant Pathogen-Plant Saprotroph","Probable","Microfungus","NULL","Necrotrophic or saprobic on a wide range of plants, especially monocotyledons; a few species parasitic on other fungi (Cannon & Kirk 2007)","Cannon PF, Kirk PM. 2007. Fungal Families of the World. CAB International, Cambridge (ISBN: 978-0851998275)","Didymocyrtis_pini","Fungi","Ascomycota","Dothideomycetes","Pleosporales","Phaeosphaeriaceae","Didymocyrtis","Didymocyrtis_pini",1,"Unique 100% match","ASV6946","Match","Match","Match","Match","Match","Match"
"226","ASV226","Fungi","Ascomycota","Dothideomycetes","Mycosphaerellales","Teratosphaeriaceae","Penidiella",NA,"Penidiella","sSH1036135.09FU","0.9999991","Teratosphaeriaceae","87A3FDCC-E75C-4F2E-B987-C7579847CE32","504465","9","Pathotroph-Saprotroph","Animal Pathogen-Plant Pathogen-Undefined Saprotroph","Probable","NULL","NULL","Includes numerous saprobic, extremophilic, human opportunistic, and plant pathogenic fungi (Quaedvlieg et al. 2014)","Quaedvlieg W, et al. 2014. Persoonia 3:31-40 ((https://doi.org/10.3767/003158514X681981))","Penidiella","Fungi","Ascomycota",NA,NA,NA,NA,NA,5,"Multiple 100% matches","ASV184;ASV7699;ASV7843;ASV7887;ASV8306",NA,NA,NA,NA,NA,"Match"
"228","ASV228","Fungi","Basidiomycota","Agaricomycetes","Polyporales","Polyporaceae","Trametes",NA,"Trametes",NA,"0.9679512","Polyporaceae","1CB19B17-36B9-11D5-9548-00D0592D548C","81203","9","Saprotroph","Wood Saprotroph","Probable","Polyporoid","Brown Rot-White Rot","Lignicolous, causing brown or white rot, mostly of broadleaved trees (Cannon & Kirk 2007)","Cannon PF, Kirk PM. 2007. Fungal Families of the World. CAB International, Cambridge (ISBN: 978-0851998275)","Trametes","Fungi","Basidiomycota","Agaricomycetes","Polyporales","Polyporaceae","Trametes","Trametes_versicolor",8,"Multiple 100% matches","ASV1072;ASV136;ASV2248;ASV2572;ASV3307;ASV3688;ASV4210;ASV7135",NA,"Match","Match","Match","Match","Match"
"230","ASV230","Fungi",NA,NA,NA,NA,NA,NA,NA,NA,"0.8336564",NA,NA,NA,NA,NA,NA,NA,NA,NA,NA,NA,NA,"Fungi","Ascomycota","Taphrinomycetes","Taphrinales","Taphrinaceae","Taphrina",NA,1,"Unique 100% match","ASV4823",NA,NA,NA,NA,NA,NA
"232","ASV232","Fungi","Ascomycota",NA,NA,NA,NA,NA,"Ascomycota","sSH1259017.09FU","0.9547135",NA,NA,NA,NA,NA,NA,NA,NA,NA,NA,NA,"Ascomycota","Fungi","Ascomycota",NA,NA,NA,NA,NA,9,"Multiple 100% matches","ASV101;ASV4800;ASV5311;ASV5465;ASV6945;ASV7224;ASV7337;ASV7349;ASV7836",NA,NA,NA,NA,NA,"Match"
"234","ASV234","Fungi","Basidiomycota","Agaricomycetes","Russulales","Peniophoraceae","Peniophora","Peniophora_cinerea","Peniophora_cinerea","sSH1068907.09FU","0.9531068","Peniophoraceae","1CB1CD8B-36B9-11D5-9548-00D0592D548C","81123","9","Pathotroph-Saprotroph","Plant Pathogen-Wood Saprotroph","Probable","Corticioid","White Rot","Most species are saprobic, causing rots of standing and fallen wood. Many species are adapted to xeric conditions, being able to grow on rapidly drying dead attached branches (Cannon & Kirk 2007)","Cannon PF, Kirk PM. 2007. Fungal Families of the World. CAB International, Cambridge (ISBN: 978-0851998275)","Peniophora_cinerea","Fungi","Basidiomycota","Agaricomycetes","Russulales","Peniophoraceae","Peniophora","Peniophora_cinerea",1,"Unique 100% match","ASV7030","Match","Match","Match","Match","Match","Match"
"235","ASV235","Fungi","Basidiomycota","Agaricomycetes","Hymenochaetales",NA,"Trichaptum","Trichaptum_fuscoviolaceum","Trichaptum_fuscoviolaceum","sSH1186720.09FU","0.7830497","Trichaptum","1CB1CC20-36B9-11D5-9548-00D0592D548C","18675","13","Saprotroph","|Wood Saprotroph|","Highly Probable","Polyporoid","White Rot","As white_rot (Põlme et al. 2020); Decay wood (Põlme et al. 2020)","Gilbertson RL, Ryvarden L. 1987-1987. North American Polypores. Fungiflora, Oslo (ISBN: 978-0945345060); Põlme S, et al. 2020. Fungal Diversity 105:1-16 ((https://doi.org/10.1007/s13225-020-00466-2))","Trichaptum_fuscoviolaceum","Fungi","Basidiomycota","Agaricomycetes","Hymenochaetales",NA,"Trichaptum",NA,8,"Multiple 100% matches","ASV1657;ASV233;ASV2336;ASV2446;ASV3172;ASV4009;ASV4642;ASV5793",NA,"Match",NA,"Match","Match","Match"
"236","ASV236","Fungi","Ascomycota","Sordariomycetes","Hypocreales","Cordycipitaceae","Simplicillium","Simplicillium_sympodiophorum","Simplicillium_sympodiophorum","sSH1279241.09FU","0.9997417","Hypocreales","1CB18E60-36B9-11D5-9548-00D0592D548C","90477","7","Saprotroph","Undefined Saprotroph","Possible","Microfungus","NULL","NULL","Sterkenburg E, et al. 2015. New Phytologist 207:1145-1158 ((https://doi.org/10.1111/nph.13426))","Simplicillium_sympodiophorum","Fungi","Ascomycota",NA,NA,NA,NA,NA,5,"Multiple 100% matches","ASV7500;ASV7518;ASV7543;ASV7845;ASV97",NA,NA,NA,NA,NA,"Match"
"238","ASV238","Fungi",NA,NA,NA,NA,NA,NA,NA,NA,"1.0000000",NA,NA,NA,NA,NA,NA,NA,NA,NA,NA,NA,NA,"Fungi","Basidiomycota","Agaricomycetes","Polyporales","Polyporaceae","Trametes","Trametes_hirsuta",5,"Multiple 100% matches","ASV241;ASV3724;ASV5325;ASV585;ASV673",NA,NA,NA,NA,NA,NA
"239","ASV239","Fungi","Basidiomycota","Cystobasidiomycetes","Cystobasidiales","Cystobasidiaceae","Cystobasidium","Cystobasidium_oligophagum","Cystobasidium_oligophagum","sSH1223481.09FU","0.9999994","Cystobasidium","089EE3BE-975C-47BF-8DD0-494C299F8F10","17446","13","Pathotroph","|Fungal Parasite|","Highly Probable","Dimorphic-Facultative Yeast","NULL","As mycoparasite (Põlme et al. 2020); Decay fungal material (Põlme et al. 2020); Host - Thelebolales (Põlme et al. 2020)","Kurtzman CP, et al. (eds.) 2011. The Yeasts, a Taxonomic Study. Fifth Edition. Vols 1-3. Elsevier, San Diego (ISBN: 9780444521491); Põlme S, et al. 2020. Fungal Diversity 105:1-16 ((https://doi.org/10.1007/s13225-020-00466-2))","Cystobasidium_oligophagum","Fungi","Basidiomycota","Cystobasidiomycetes","Cystobasidiales","Cystobasidiaceae","Cystobasidium","Cystobasidium_oligophagum",2,"Multiple 100% matches","ASV139;ASV8271","Match","Match","Match","Match","Match","Match"
"243","ASV243","Fungi","Ascomycota","Dothideomycetes","Mycosphaerellales","Teratosphaeriaceae","Hortaea","Hortaea_werneckii","Hortaea_werneckii","sSH1000031.09FU","1.0000000","Teratosphaeriaceae","87A3FDCC-E75C-4F2E-B987-C7579847CE32","504465","9","Pathotroph-Saprotroph","Animal Pathogen-Plant Pathogen-Undefined Saprotroph","Probable","NULL","NULL","Includes numerous saprobic, extremophilic, human opportunistic, and plant pathogenic fungi (Quaedvlieg et al. 2014)","Quaedvlieg W, et al. 2014. Persoonia 3:31-40 ((https://doi.org/10.3767/003158514X681981))","Hortaea_werneckii","Fungi","Ascomycota",NA,NA,NA,NA,NA,10,"Multiple 100% matches","ASV1420;ASV1979;ASV2368;ASV2465;ASV5206;ASV7635;ASV7694;ASV7717;ASV7829;ASV7881",NA,NA,NA,NA,NA,"Match"
"244","ASV244","Fungi","Ascomycota","Dothideomycetes","Pleosporales","Pleosporaceae","Alternaria",NA,"Alternaria",NA,"0.9999719","Pleosporaceae","1CB1CDA2-36B9-11D5-9548-00D0592D548C","81188","9","Pathotroph-Saprotroph","Endophyte-Lichen Parasite-Plant Pathogen-Undefined Saprotroph","Probable","Microfungus","NULL","Necrotrophic pathogens and saprobes, especially associated with grasses. Many species are seed-borne (Cannon & Kirk 2007)","Cannon PF, Kirk PM. 2007. Fungal Families of the World. CAB International, Cambridge (ISBN: 978-0851998275); David AS, et al. 2016. Microbial Ecology 71:912-926 ((https://doi.org/10.1007/s00248-015-0712-6)); Lawrey JD, Diederich P. 2016. http://www.lichenicolous.net (accessed 24 May 2017) ((http://www.lichenicolous.net))","Alternaria","Fungi","Ascomycota","Dothideomycetes","Pleosporales","Pleosporaceae","Alternaria","Alternaria_angustiovoidea",2,"Multiple 100% matches","ASV1805;ASV364",NA,"Match","Match","Match","Match","Match"
"245","ASV245","Fungi","Ascomycota","Dothideomycetes","Muyocopronales","Muyocopronaceae","Muyocopron","Muyocopron_laterale","Muyocopron_laterale","sSH1287601.09FU","0.8310416","Muyocopron","E1058D71-4A0F-11D5-BEBB-00508BCA8DE8","3294","13","Saprotroph-Symbiotroph","Endophyte-|Plant Saprotroph|-Undefined Saprotroph","Probable","Microfungus","NULL","As foliar_endophyte (Põlme et al. 2020); As litter_saprotroph (Põlme et al. 2020); Decay leaf, fruit, seed (Põlme et al. 2020)","Tedersoo L, et al. 2014. Science 346:e1256688 ((https://doi.org/10.1126/science.1256688)); Põlme S, et al. 2020. Fungal Diversity 105:1-16 ((https://doi.org/10.1007/s13225-020-00466-2))","Muyocopron_laterale","Fungi","Ascomycota","Dothideomycetes","Muyocopronales","Muyocopronaceae","Mycoleptodiscus","Mycoleptodiscus_indicus",1,"Unique 100% match","ASV4537","Mismatch","Mismatch","Match","Match","Match","Match"
"246","ASV246","Fungi","Ascomycota","Dothideomycetes","Dothideales","Saccotheciaceae","Aureobasidium","Aureobasidium_pullulans","Aureobasidium_pullulans","sSH1240491.09FU","0.9891985","Aureobasidium pullulans","FE27878E-8260-43C1-A33B-204ACC27101A","101771","20","Pathotroph-Symbiotroph","Animal Pathogen-Endophyte-Epiphyte-Plant Pathogen","Possible","NULL","NULL","Pathogen Host - Asteraceae; Epiphyte detection method-culture (Wachowska & Glowacka 2014)","Costa IPMW, et al. 2012. Mycotaxon 119:e26 ((http://mycotaxon.com/resources/checklists/costa_v119_checklist.pdf)); Wachowska U, Głowacka K. 2014. BioControl 59:635-645 ((https://doi.org/10.1007/s10526-014-9596-5)); Irinyia L, et al. 2016. Fungal Biology 120:125-136 ((https://doi.org/10.1016/j.funbio.2015.04.007)); The American Phytopathological Society Common Names of Plant Diseases ((http://www.apsnet.org/publications/commonnames/Pages/default.aspx))","Aureobasidium_pullulans","Fungi","Ascomycota","Dothideomycetes","Dothideales","Saccotheciaceae","Aureobasidium","Aureobasidium_pullulans",1,"Unique 100% match","ASV1761","Match","Match","Match","Match","Match","Match"
"248","ASV248","Fungi","Ascomycota","Sordariomycetes","Hypocreales",NA,NA,NA,"Hypocreales",NA,"0.9982598","Hypocreales","1CB18E60-36B9-11D5-9548-00D0592D548C","90477","7","Saprotroph","Undefined Saprotroph","Possible","Microfungus","NULL","NULL","Sterkenburg E, et al. 2015. New Phytologist 207:1145-1158 ((https://doi.org/10.1111/nph.13426))","Hypocreales","Fungi","Ascomycota","Sordariomycetes","Hypocreales","Cordycipitaceae","Lecanicillium","Lecanicillium_coprophilum",4,"Multiple 100% matches","ASV103;ASV4381;ASV7600;ASV7695",NA,NA,NA,"Match","Match","Match"
"249","ASV249","Fungi","Ascomycota","Dothideomycetes","Capnodiales","Neodevriesiaceae","Neodevriesia","Neodevriesia_lagerstroemiae","Neodevriesia_lagerstroemiae","sSH0960637.09FU","0.9868050","Neodevriesiaceae","F8168581-D82E-4A75-9190-C7925084B4CA","807766","9","Pathotroph-Saprotroph","Plant Pathogen-Undefined Saprotroph","Probable","NULL","NULL","Members are foliicolous, saprobic or plant pathogenic (Quaedvlieg et al. 2014)","Quaedvlieg W., et al. 2014. Persoonia 3:31-40 ((http://doi.org/10.3767/003158514X681981))","Neodevriesia_lagerstroemiae","Fungi","Ascomycota","Dothideomycetes",NA,NA,NA,NA,7,"Multiple 100% matches","ASV102;ASV2339;ASV317;ASV7513;ASV7542;ASV7878;ASV8026",NA,NA,NA,NA,"Match","Match"
"251","ASV251","Fungi","Ascomycota","Dothideomycetes","Dothideales","Saccotheciaceae","Aureobasidium","Aureobasidium_pullulans","Aureobasidium_pullulans","sSH1240491.09FU","0.9992131","Aureobasidium pullulans","FE27878E-8260-43C1-A33B-204ACC27101A","101771","20","Pathotroph-Symbiotroph","Animal Pathogen-Endophyte-Epiphyte-Plant Pathogen","Possible","NULL","NULL","Pathogen Host - Asteraceae; Epiphyte detection method-culture (Wachowska & Glowacka 2014)","Costa IPMW, et al. 2012. Mycotaxon 119:e26 ((http://mycotaxon.com/resources/checklists/costa_v119_checklist.pdf)); Wachowska U, Głowacka K. 2014. BioControl 59:635-645 ((https://doi.org/10.1007/s10526-014-9596-5)); Irinyia L, et al. 2016. Fungal Biology 120:125-136 ((https://doi.org/10.1016/j.funbio.2015.04.007)); The American Phytopathological Society Common Names of Plant Diseases ((http://www.apsnet.org/publications/commonnames/Pages/default.aspx))","Aureobasidium_pullulans","Fungi","Ascomycota","Dothideomycetes","Dothideales","Saccotheciaceae","Aureobasidium","Aureobasidium_pullulans",1,"Unique 100% match","ASV1417","Match","Match","Match","Match","Match","Match"
"252","ASV252","Fungi","Basidiomycota","Agaricomycetes",NA,NA,NA,NA,"Agaricomycetes","sSH1112177.09FU","0.9950196",NA,NA,NA,NA,NA,NA,NA,NA,NA,NA,NA,"Agaricomycetes","Fungi","Basidiomycota","Agaricomycetes",NA,NA,NA,NA,2,"Multiple 100% matches","ASV4349;ASV927",NA,NA,NA,NA,"Match","Match"
"253","ASV253","Fungi","Ascomycota","Dothideomycetes","Venturiales","Venturiaceae",NA,NA,"Venturiaceae","sSH1025605.09FU","0.8250317","Venturiaceae","1CB1CDFC-36B9-11D5-9548-00D0592D548C","81516","9","Pathotroph-Saprotroph-Symbiotroph","Endophyte-Plant Pathogen-Undefined Saprotroph","Probable","Microfungus","NULL","Mostly endophytes and weak parasites of aerial plant parts, including bark and wood, leaf and fruit tissue; rarely biotrophic. Little is known except for the important pathogens (Cannon & Kirk 2007)","Cannon PF, Kirk PM. 2007. Fungal Families of the World. CAB International, Cambridge (ISBN: 978-0851998275)","Venturiaceae","Fungi","Ascomycota","Dothideomycetes","Venturiales","Venturiaceae",NA,NA,2,"Multiple 100% matches","ASV1861;ASV6419",NA,NA,"Match","Match","Match","Match"
"254","ASV254","Fungi","Ascomycota","Dothideomycetes","Mycosphaerellales","Mycosphaerellaceae","Cercospora",NA,"Cercospora",NA,"0.9992308","Mycosphaerellaceae","1CB1CD75-36B9-11D5-9548-00D0592D548C","81043","9","Pathotroph-Saprotroph","Plant Pathogen-Undefined Saprotroph","Probable","Microfungus","NULL","Biotrophic, necrotrophic or saprobic on various plant tissues (Cannon & Kirk 2007)","Cannon PF, Kirk PM. 2007. Fungal Families of the World. CAB International, Cambridge (ISBN: 978-0851998275)","Cercospora","Fungi","Ascomycota","Dothideomycetes","Mycosphaerellales","Mycosphaerellaceae","Cercospora",NA,5,"Multiple 100% matches","ASV1621;ASV263;ASV399;ASV4314;ASV7880",NA,"Match","Match","Match","Match","Match"
"257","ASV257","Fungi","Basidiomycota",NA,NA,NA,NA,NA,"Basidiomycota","sSH1178703.09FU","1.0000000",NA,NA,NA,NA,NA,NA,NA,NA,NA,NA,NA,"Basidiomycota","Fungi","Basidiomycota",NA,NA,NA,NA,NA,1,"Unique 100% match","ASV153",NA,NA,NA,NA,NA,"Match"
"260","ASV260","Fungi","Ascomycota","Dothideomycetes","Mycosphaerellales","Teratosphaeriaceae","Xenopenidiella","Xenopenidiella_tarda","Xenopenidiella_tarda","sSH1084480.09FU","0.9998337","Teratosphaeriaceae","87A3FDCC-E75C-4F2E-B987-C7579847CE32","504465","9","Pathotroph-Saprotroph","Animal Pathogen-Plant Pathogen-Undefined Saprotroph","Probable","NULL","NULL","Includes numerous saprobic, extremophilic, human opportunistic, and plant pathogenic fungi (Quaedvlieg et al. 2014)","Quaedvlieg W, et al. 2014. Persoonia 3:31-40 ((https://doi.org/10.3767/003158514X681981))","Xenopenidiella_tarda","Fungi","Ascomycota","Dothideomycetes","Mycosphaerellales","Teratosphaeriaceae","Xenopenidiella","Xenopenidiella_tarda",1,"Unique 100% match","ASV1348","Match","Match","Match","Match","Match","Match"
"261","ASV261","Fungi","Basidiomycota","Agaricomycetes","Russulales",NA,NA,NA,"Russulales","sSH0953146.09FU","0.9999709",NA,NA,NA,NA,NA,NA,NA,NA,NA,NA,NA,"Russulales","Fungi","Basidiomycota","Agaricomycetes","Russulales",NA,NA,NA,6,"Multiple 100% matches","ASV1840;ASV2650;ASV3384;ASV382;ASV4404;ASV574",NA,NA,NA,"Match","Match","Match"
"262","ASV262","Fungi","Ascomycota","Eurotiomycetes","Eurotiales","Aspergillaceae","Penicillium",NA,"Penicillium",NA,"0.9999936","Eurotiales","1CB1CE25-36B9-11D5-9548-00D0592D548C","90472","7","Saprotroph","Undefined Saprotroph","Possible","Microfungus","NULL","NULL","Sterkenburg E, et al. 2015. New Phytologist 207:1145-1158 ((https://doi.org/10.1111/nph.13426))","Penicillium","Fungi","Ascomycota","Eurotiomycetes","Eurotiales","Aspergillaceae",NA,NA,4,"Multiple 100% matches","ASV457;ASV6866;ASV7481;ASV79",NA,NA,"Match","Match","Match","Match"
"264","ASV264","Fungi","Ascomycota","Dothideomycetes","Mycosphaerellales","Teratosphaeriaceae","Hortaea","Hortaea_werneckii","Hortaea_werneckii","sSH1000031.09FU","0.9999999","Teratosphaeriaceae","87A3FDCC-E75C-4F2E-B987-C7579847CE32","504465","9","Pathotroph-Saprotroph","Animal Pathogen-Plant Pathogen-Undefined Saprotroph","Probable","NULL","NULL","Includes numerous saprobic, extremophilic, human opportunistic, and plant pathogenic fungi (Quaedvlieg et al. 2014)","Quaedvlieg W, et al. 2014. Persoonia 3:31-40 ((https://doi.org/10.3767/003158514X681981))","Hortaea_werneckii","Fungi","Ascomycota","Dothideomycetes","Mycosphaerellales","Teratosphaeriaceae","Hortaea","Hortaea_werneckii",1,"Unique 100% match","ASV264","Match","Match","Match","Match","Match","Match"
"265","ASV265","Fungi","Basidiomycota","Agaricomycetes","Auriculariales","Exidiaceae","Eichleriella",NA,"Eichleriella","sSH1090779.09FU","0.9717466","Eichleriella","1CB1C6E5-36B9-11D5-9548-00D0592D548C","17543","13","Saprotroph","Undefined Saprotroph-|Wood Saprotroph|","Probable","Corticioid","NULL","Decay wood (Põlme et al. 2020)","Tedersoo L, et al. 2014. Science 346:e1256688 ((https://doi.org/10.1126/science.1256688)); Põlme S, et al. 2020. Fungal Diversity 105:1-16 ((https://doi.org/10.1007/s13225-020-00466-2))","Eichleriella","Fungi","Basidiomycota","Agaricomycetes","Auriculariales","Exidiaceae","Eichleriella",NA,3,"Multiple 100% matches","ASV164;ASV2817;ASV8173",NA,"Match","Match","Match","Match","Match"
"269","ASV269","Fungi",NA,NA,NA,NA,NA,NA,NA,NA,"0.9997268",NA,NA,NA,NA,NA,NA,NA,NA,NA,NA,NA,NA,"Fungi",NA,NA,NA,NA,NA,NA,3,"Multiple 100% matches","ASV146;ASV1480;ASV1891",NA,NA,NA,NA,NA,NA
"270","ASV270","Fungi","Basidiomycota","Agaricomycetes","Auriculariales","Exidiaceae",NA,NA,"Exidiaceae",NA,"0.9915801",NA,NA,NA,NA,NA,NA,NA,NA,NA,NA,NA,"Exidiaceae","Fungi","Basidiomycota","Agaricomycetes","Auriculariales","Exidiaceae","Eichleriella",NA,1,"Unique 100% match","ASV947",NA,NA,"Match","Match","Match","Match"
"271","ASV271","Fungi","Ascomycota","Dothideomycetes","Capnodiales","Cladosporiaceae","Toxicocladosporium",NA,"Toxicocladosporium",NA,"0.9991874","Cladosporiaceae","6EDCD6E4-DE4D-443D-AF6B-A572F626BD45","816548","9","Pathotroph-Saprotroph-Symbiotroph","Animal Pathogen-Endophyte-Lichen Parasite-Plant Pathogen-Wood Saprotroph","Possible","Microfungus","NULL","NULL","Seehann G, et al. 1975. List of Fungi in Soft-Rot Tissue Tests. Institute fur Holzbiologie und Holzschutz, Bundesforschungsanstalt fur Forst - und Holzwirtshaft, Hamburg - Lohbrugge, Germany; Lawrey JD, Diederich P. 2016. http://www.lichenicolous.net (accessed 24 May 2017) ((http://www.lichenicolous.net)); The American Phytopathological Society Common Names of Plant Diseases ((http://www.apsnet.org/publications/commonnames/Pages/default.aspx))","Toxicocladosporium","Fungi","Ascomycota","Dothideomycetes","Capnodiales","Cladosporiaceae","Toxicocladosporium","Toxicocladosporium_strelitziae",1,"Unique 100% match","ASV4699",NA,"Match","Match","Match","Match","Match"
"272","ASV272","Fungi","Basidiomycota","Agaricomycetes","Trechisporales","Hydnodontaceae","Subulicystidium",NA,"Subulicystidium",NA,"0.9979626","Subulicystidium","1CB1CBCE-36B9-11D5-9548-00D0592D548C","18619","13","Saprotroph","Undefined Saprotroph-|Wood Saprotroph|","Probable","Corticioid","White Rot","As white_rot (Põlme et al. 2020); Decay wood (Põlme et al. 2020)","Tedersoo L, et al. 2014. Science 346:e1256688 ((https://doi.org/10.1126/science.1256688)); Põlme S, et al. 2020. Fungal Diversity 105:1-16 ((https://doi.org/10.1007/s13225-020-00466-2))","Subulicystidium","Fungi","Basidiomycota","Agaricomycetes","Trechisporales","Hydnodontaceae","Subulicystidium",NA,1,"Unique 100% match","ASV6652",NA,"Match","Match","Match","Match","Match"
"274","ASV274","Fungi","Ascomycota","Dothideomycetes","Capnodiales","Cladosporiaceae","Cladosporium","Cladosporium_halotolerans","Cladosporium_halotolerans","sSH2100630.09FU","0.9921463","Cladosporiaceae","6EDCD6E4-DE4D-443D-AF6B-A572F626BD45","816548","9","Pathotroph-Saprotroph-Symbiotroph","Animal Pathogen-Endophyte-Lichen Parasite-Plant Pathogen-Wood Saprotroph","Possible","Microfungus","NULL","NULL","Seehann G, et al. 1975. List of Fungi in Soft-Rot Tissue Tests. Institute fur Holzbiologie und Holzschutz, Bundesforschungsanstalt fur Forst - und Holzwirtshaft, Hamburg - Lohbrugge, Germany; Lawrey JD, Diederich P. 2016. http://www.lichenicolous.net (accessed 24 May 2017) ((http://www.lichenicolous.net)); The American Phytopathological Society Common Names of Plant Diseases ((http://www.apsnet.org/publications/commonnames/Pages/default.aspx))","Cladosporium_halotolerans","Fungi","Ascomycota","Dothideomycetes","Capnodiales","Cladosporiaceae","Cladosporium","Cladosporium_halotolerans",2,"Multiple 100% matches","ASV1145;ASV5246","Match","Match","Match","Match","Match","Match"
"275","ASV275","Fungi","Ascomycota","Eurotiomycetes","Eurotiales","Aspergillaceae","Talaromyces","Talaromyces_radicus","Talaromyces_radicus","sSH1286650.09FU","0.7880795","Eurotiales","1CB1CE25-36B9-11D5-9548-00D0592D548C","90472","7","Saprotroph","Undefined Saprotroph","Possible","Microfungus","NULL","NULL","Sterkenburg E, et al. 2015. New Phytologist 207:1145-1158 ((https://doi.org/10.1111/nph.13426))","Talaromyces_radicus","Fungi","Ascomycota","Eurotiomycetes","Eurotiales","Aspergillaceae","Talaromyces","Talaromyces_wortmannii",1,"Unique 100% match","ASV231","Mismatch","Match","Match","Match","Match","Match"
"276","ASV276","Fungi","Basidiomycota","Agaricomycetes","Polyporales","Polyporaceae","Funalia","Funalia_floccosa","Funalia_floccosa","sSH1248998.09FU","0.9996074","Polyporaceae","1CB19B17-36B9-11D5-9548-00D0592D548C","81203","9","Saprotroph","Wood Saprotroph","Probable","Polyporoid","Brown Rot-White Rot","Lignicolous, causing brown or white rot, mostly of broadleaved trees (Cannon & Kirk 2007)","Cannon PF, Kirk PM. 2007. Fungal Families of the World. CAB International, Cambridge (ISBN: 978-0851998275)","Funalia_floccosa","Fungi","Basidiomycota","Agaricomycetes","Polyporales","Polyporaceae","Funalia","Funalia_floccosa",4,"Multiple 100% matches","ASV2876;ASV4283;ASV6901;ASV6951","Match","Match","Match","Match","Match","Match"
"277","ASV277","Fungi","Ascomycota","Dothideomycetes","Capnodiales","Neodevriesiaceae","Neodevriesia",NA,"Neodevriesia","sSH0960542.09FU","0.9998808","Neodevriesiaceae","F8168581-D82E-4A75-9190-C7925084B4CA","807766","9","Pathotroph-Saprotroph","Plant Pathogen-Undefined Saprotroph","Probable","NULL","NULL","Members are foliicolous, saprobic or plant pathogenic (Quaedvlieg et al. 2014)","Quaedvlieg W., et al. 2014. Persoonia 3:31-40 ((http://doi.org/10.3767/003158514X681981))","Neodevriesia","Fungi","Ascomycota","Dothideomycetes","Capnodiales","Neodevriesiaceae","Neodevriesia",NA,1,"Unique 100% match","ASV3413",NA,"Match","Match","Match","Match","Match"
"278","ASV278","Fungi","Ascomycota","Eurotiomycetes","Eurotiales","Aspergillaceae","Penicillium","Penicillium_brocae","Penicillium_brocae","sSH1228867.09FU","0.9969707","Eurotiales","1CB1CE25-36B9-11D5-9548-00D0592D548C","90472","7","Saprotroph","Undefined Saprotroph","Possible","Microfungus","NULL","NULL","Sterkenburg E, et al. 2015. New Phytologist 207:1145-1158 ((https://doi.org/10.1111/nph.13426))","Penicillium_brocae","Fungi","Ascomycota","Eurotiomycetes","Eurotiales","Aspergillaceae","Penicillium","Penicillium_brocae",1,"Unique 100% match","ASV1445","Match","Match","Match","Match","Match","Match"
"281","ASV281","Fungi","Basidiomycota","Agaricomycetes","Auriculariales","Exidiaceae","Basidiodendron",NA,"Basidiodendron",NA,"0.9999234","Basidiodendron","1CB1C4F5-36B9-11D5-9548-00D0592D548C","17148","13","Saprotroph","Undefined Saprotroph-|Wood Saprotroph|","Probable","Corticioid","NULL","Decay wood (Põlme et al. 2020)","Tedersoo L, et al. 2014. Science 346:e1256688 ((https://doi.org/10.1126/science.1256688)); Põlme S, et al. 2020. Fungal Diversity 105:1-16 ((https://doi.org/10.1007/s13225-020-00466-2))","Basidiodendron","Fungi","Basidiomycota","Agaricomycetes","Auriculariales","Exidiaceae","Basidiodendron",NA,1,"Unique 100% match","ASV564",NA,"Match","Match","Match","Match","Match"
"283","ASV283","Fungi","Ascomycota","Sordariomycetes","Diaporthales","Gnomoniaceae",NA,NA,"Gnomoniaceae",NA,"0.9999979","Gnomoniaceae","F36F48E8-C228-4922-8DB6-AE905CA55412","80810","9","Pathotroph-Saprotroph-Symbiotroph","Endophyte-Plant Pathogen-Undefined Saprotroph","Probable","Microfungus","NULL","Most species are saprobes or endophytes in leaves and bark, but a few are neurotrophic pathogens (Cannon & Kirk 2007)","Cannon PF, Kirk PM. 2007. Fungal Families of the World. CAB International, Cambridge (ISBN: 978-0851998275)","Gnomoniaceae","Fungi","Ascomycota","Sordariomycetes","Diaporthales","Gnomoniaceae",NA,NA,9,"Multiple 100% matches","ASV1021;ASV1831;ASV2002;ASV2225;ASV2500;ASV3095;ASV5527;ASV6187;ASV6568",NA,NA,"Match","Match","Match","Match"
"285","ASV285","Fungi","Basidiomycota","Cystobasidiomycetes",NA,"Symmetrosporaceae","Symmetrospora",NA,"Symmetrospora",NA,"0.9999045","Symmetrospora","087AD0E3-3941-4D4D-B6AD-C4299E0B7B7F","813117","13","Saprotroph-Symbiotroph","|Epiphyte|-Plant Saprotroph","Probable","Yeast","NULL","As litter_saprotroph (Põlme et al. 2020); Decay leaf, fruit, seed (Põlme et al. 2020)","Põlme S, et al. 2020. Fungal Diversity 105:1-16 ((https://doi.org/10.1007/s13225-020-00466-2))","Symmetrospora","Fungi","Basidiomycota","Cystobasidiomycetes",NA,NA,NA,NA,1,"Unique 100% match","ASV4078",NA,NA,NA,NA,"Match","Match"
"286","ASV286","Fungi","Ascomycota","Eurotiomycetes","Eurotiales","Aspergillaceae","Penicillium",NA,"Penicillium","sSH1225252.09FU","0.9474014","Eurotiales","1CB1CE25-36B9-11D5-9548-00D0592D548C","90472","7","Saprotroph","Undefined Saprotroph","Possible","Microfungus","NULL","NULL","Sterkenburg E, et al. 2015. New Phytologist 207:1145-1158 ((https://doi.org/10.1111/nph.13426))","Penicillium","Fungi","Ascomycota","Eurotiomycetes","Eurotiales","Aspergillaceae","Penicillium",NA,1,"Unique 100% match","ASV3427",NA,"Match","Match","Match","Match","Match"
"287","ASV287","Fungi","Ascomycota","Sordariomycetes","Amphisphaeriales","Pestalotiopsidaceae","Neopestalotiopsis",NA,"Neopestalotiopsis",NA,"0.9128564","Neopestalotiopsis","58011663-82AF-4B2A-93DC-EDA0011F6089","809759","13","Pathotroph","|Plant Pathogen|","Probable","Microfungus","NULL","NULL","Põlme S, et al. 2020. Fungal Diversity 105:1-16 ((https://doi.org/10.1007/s13225-020-00466-2))","Neopestalotiopsis","Fungi","Ascomycota","Sordariomycetes","Amphisphaeriales","Pestalotiopsidaceae","Neopestalotiopsis",NA,1,"Unique 100% match","ASV894",NA,"Match","Match","Match","Match","Match"
"288","ASV288","Fungi",NA,NA,NA,NA,NA,NA,NA,NA,"0.9316973",NA,NA,NA,NA,NA,NA,NA,NA,NA,NA,NA,NA,"Fungi","Basidiomycota","Agaricomycetes","Hymenochaetales","Rickenellaceae","Sidera",NA,7,"Multiple 100% matches","ASV1240;ASV132;ASV1814;ASV1985;ASV2170;ASV4088;ASV6100",NA,NA,NA,NA,NA,NA
"291","ASV291","Fungi","Ascomycota","Sordariomycetes","Hypocreales",NA,"Acremonium",NA,"Acremonium",NA,"0.9999075","Hypocreales","1CB18E60-36B9-11D5-9548-00D0592D548C","90477","7","Saprotroph","Undefined Saprotroph","Possible","Microfungus","NULL","NULL","Sterkenburg E, et al. 2015. New Phytologist 207:1145-1158 ((https://doi.org/10.1111/nph.13426))","Acremonium","Fungi","Ascomycota","Sordariomycetes","Hypocreales",NA,"Acremonium","Acremonium_persicinum",2,"Multiple 100% matches","ASV446;ASV8088",NA,"Match",NA,"Match","Match","Match"
"292","ASV292","Fungi","Ascomycota","Dothideomycetes","Capnodiales","Neodevriesiaceae","Neodevriesia","Neodevriesia_strelitziae","Neodevriesia_strelitziae","sSH0960596.09FU","0.9997270","Neodevriesiaceae","F8168581-D82E-4A75-9190-C7925084B4CA","807766","9","Pathotroph-Saprotroph","Plant Pathogen-Undefined Saprotroph","Probable","NULL","NULL","Members are foliicolous, saprobic or plant pathogenic (Quaedvlieg et al. 2014)","Quaedvlieg W., et al. 2014. Persoonia 3:31-40 ((http://doi.org/10.3767/003158514X681981))","Neodevriesia_strelitziae","Fungi","Ascomycota","Dothideomycetes","Capnodiales","Neodevriesiaceae","Neodevriesia","Neodevriesia_strelitziae",3,"Multiple 100% matches","ASV3750;ASV5226;ASV538","Match","Match","Match","Match","Match","Match"
"293","ASV293","Fungi","Ascomycota","Sordariomycetes","Diaporthales","Gnomoniaceae",NA,NA,"Gnomoniaceae",NA,"0.9999926","Gnomoniaceae","F36F48E8-C228-4922-8DB6-AE905CA55412","80810","9","Pathotroph-Saprotroph-Symbiotroph","Endophyte-Plant Pathogen-Undefined Saprotroph","Probable","Microfungus","NULL","Most species are saprobes or endophytes in leaves and bark, but a few are neurotrophic pathogens (Cannon & Kirk 2007)","Cannon PF, Kirk PM. 2007. Fungal Families of the World. CAB International, Cambridge (ISBN: 978-0851998275)","Gnomoniaceae","Fungi","Ascomycota","Sordariomycetes","Diaporthales","Gnomoniaceae",NA,NA,1,"Unique 100% match","ASV3765",NA,NA,"Match","Match","Match","Match"
"294","ASV294","Fungi","Basidiomycota","Agaricomycetes","Polyporales","Phanerochaetaceae","Hyphodermella",NA,"Hyphodermella","sSH1216880.09FU","0.9505365","Hyphodermella","700BB18B-97CD-446F-9AB1-387549071314","17824","13","Saprotroph","Undefined Saprotroph-|Wood Saprotroph|","Probable","Corticioid","White Rot","As white_rot (Põlme et al. 2020); Decay wood (Põlme et al. 2020)","Tedersoo L, et al. 2014. Science 346:e1256688 ((https://doi.org/10.1126/science.1256688)); Põlme S, et al. 2020. Fungal Diversity 105:1-16 ((https://doi.org/10.1007/s13225-020-00466-2))","Hyphodermella","Fungi","Basidiomycota","Agaricomycetes","Polyporales","Phanerochaetaceae","Roseograndinia","Roseograndinia_minispora",1,"Unique 100% match","ASV337",NA,"Mismatch","Match","Match","Match","Match"
"295","ASV295","Fungi","Ascomycota","Eurotiomycetes","Eurotiales","Aspergillaceae","Penicillium","Penicillium_coffeae","Penicillium_coffeae","sSH1227789.09FU","0.7524344","Eurotiales","1CB1CE25-36B9-11D5-9548-00D0592D548C","90472","7","Saprotroph","Undefined Saprotroph","Possible","Microfungus","NULL","NULL","Sterkenburg E, et al. 2015. New Phytologist 207:1145-1158 ((https://doi.org/10.1111/nph.13426))","Penicillium_coffeae","Fungi","Ascomycota","Eurotiomycetes","Eurotiales","Aspergillaceae",NA,NA,3,"Multiple 100% matches","ASV145;ASV6821;ASV7970",NA,NA,"Match","Match","Match","Match"
"297","ASV297","Fungi","Basidiomycota","Agaricomycetes","Atheliales","Byssocorticiaceae",NA,NA,"Byssocorticiaceae","sSH0915876.09FU","0.9906853",NA,NA,NA,NA,NA,NA,NA,NA,NA,NA,NA,"Byssocorticiaceae","Fungi","Basidiomycota","Agaricomycetes","Atheliales","Byssocorticiaceae",NA,NA,4,"Multiple 100% matches","ASV3245;ASV3376;ASV3437;ASV3898",NA,NA,"Match","Match","Match","Match"
"298","ASV298","Fungi","Basidiomycota","Agaricomycetes","Geastrales","Sphaerobolaceae","Sphaerobolus",NA,"Sphaerobolus",NA,"0.9905476","Sphaerobolus","1CB1CB88-36B9-11D5-9548-00D0592D548C","19322","13","Saprotroph","Undefined Saprotroph-|Wood Saprotroph|","Probable","Gasteroid","White Rot"," cannon ball fungus; As white_rot (Põlme et al. 2020); Common name ; Decay wood (Põlme et al. 2020)","Tedersoo L, et al. 2014. Science 346:e1256688 ((https://doi.org/10.1126/science.1256688)); Põlme S, et al. 2020. Fungal Diversity 105:1-16 ((https://doi.org/10.1007/s13225-020-00466-2))","Sphaerobolus","Fungi","Basidiomycota","Agaricomycetes","Geastrales","Sphaerobolaceae","Sphaerobolus",NA,2,"Multiple 100% matches","ASV1967;ASV3181",NA,"Match","Match","Match","Match","Match"
"299","ASV299","Fungi","Basidiomycota","Exobasidiomycetes","Exobasidiales","Exobasidiaceae","Exobasidium",NA,"Exobasidium","sSH0974513.09FU","0.9993524","Exobasidium","1CB18A27-36B9-11D5-9548-00D0592D548C","17576","13","Pathotroph","|Plant Pathogen|","Probable","Leaf Blister-Leaf Gall-Leaf Spot","NULL","NULL","Tedersoo L, et al. 2014. Science 346:e1256688 ((https://doi.org/10.1126/science.1256688)); Põlme S, et al. 2020. Fungal Diversity 105:1-16 ((https://doi.org/10.1007/s13225-020-00466-2))","Exobasidium","Fungi","Basidiomycota","Exobasidiomycetes","Exobasidiales","Exobasidiaceae","Exobasidium",NA,1,"Unique 100% match","ASV1983",NA,"Match","Match","Match","Match","Match"
"300","ASV300","Fungi","Ascomycota","Sordariomycetes","Diaporthales","Gnomoniaceae","Gnomoniopsis",NA,"Gnomoniopsis",NA,"0.9989106","Gnomoniaceae","F36F48E8-C228-4922-8DB6-AE905CA55412","80810","9","Pathotroph-Saprotroph-Symbiotroph","Endophyte-Plant Pathogen-Undefined Saprotroph","Probable","Microfungus","NULL","Most species are saprobes or endophytes in leaves and bark, but a few are neurotrophic pathogens (Cannon & Kirk 2007)","Cannon PF, Kirk PM. 2007. Fungal Families of the World. CAB International, Cambridge (ISBN: 978-0851998275)","Gnomoniopsis","Fungi","Ascomycota","Sordariomycetes","Diaporthales","Gnomoniaceae","Gnomoniopsis",NA,3,"Multiple 100% matches","ASV1186;ASV211;ASV8015",NA,"Match","Match","Match","Match","Match"
"301","ASV301","Fungi","Basidiomycota","Agaricomycetes","Cantharellales","Ceratobasidiaceae","Ceratobasidium",NA,"Ceratobasidium","sSH1147170.09FU","0.9750900","Ceratobasidiaceae","1CB1CCDC-36B9-11D5-9548-00D0592D548C","80572","9","Pathotroph-Saprotroph-Symbiotroph","Endomycorrhizal-Plant Pathogen-Undefined Saprotroph","Possible","Microfungus","NULL","Best known as plant pathogens, but also saprobic. Species are endomycorrhizal with a wide range of plant roots - especially of Orchidaceae but also even bryophytes (Cannon & Kirk 2007)","Cannon PF, Kirk PM. 2007. Fungal Families of the World. CAB International, Cambridge (ISBN: 978-0851998275)","Ceratobasidium","Fungi","Basidiomycota","Agaricomycetes","Cantharellales","Ceratobasidiaceae","Ceratobasidium",NA,1,"Unique 100% match","ASV3667",NA,"Match","Match","Match","Match","Match"
"303","ASV303","Fungi","Basidiomycota","Agaricomycetes","Agaricales","Schizophyllaceae","Schizophyllum","Schizophyllum_commune","Schizophyllum_commune","sSH1009492.09FU","0.9705178","Agaricales","715D162F-5F0E-40C8-A7DC-79D488D3F937","90508","7","Pathotroph-Saprotroph-Symbiotroph","Bryophyte Parasite-Dung Saprotroph-Ectomycorrhizal-Fungal Parasite-Leaf Saprotroph-Plant Parasite-Undefined Saprotroph-Wood Saprotroph","Possible","Agaricoid-Gasteroid-Microfungus-Secotioid-Yeast","NULL","Mushrooms and toadstools, Gill fungi, Agarics... lignicolous, sometimes muscicolous or fungicolous, saprobic, mycorrhizal, rarely parasitic on plants or fungi (Kirk et al. 2008)","Kirk PM et al. 2008. Dictionary of the Fungi. Tenth Edition. CAB International, Wallingford (ISBN: 978-0851998268)","Schizophyllum_commune","Fungi","Basidiomycota","Agaricomycetes","Agaricales","Schizophyllaceae","Schizophyllum","Schizophyllum_commune",4,"Multiple 100% matches","ASV1988;ASV2191;ASV2707;ASV491","Match","Match","Match","Match","Match","Match"
"304","ASV304","Fungi","Ascomycota","Sordariomycetes","Hypocreales",NA,"Acremonium","Acremonium_tubakii","Acremonium_tubakii","sSH1310858.09FU","0.9867772","Hypocreales","1CB18E60-36B9-11D5-9548-00D0592D548C","90477","7","Saprotroph","Undefined Saprotroph","Possible","Microfungus","NULL","NULL","Sterkenburg E, et al. 2015. New Phytologist 207:1145-1158 ((https://doi.org/10.1111/nph.13426))","Acremonium_tubakii","Fungi","Ascomycota","Sordariomycetes","Hypocreales",NA,"Acremonium","Acremonium_acutatum",1,"Unique 100% match","ASV277","Mismatch","Match",NA,"Match","Match","Match"
"306","ASV306","Fungi","Basidiomycota","Agaricomycetes","Polyporales","Phanerochaetaceae","Bjerkandera","Bjerkandera_adusta","Bjerkandera_adusta","sSH1177901.09FU","0.8752565","Bjerkandera","1CB1C50E-36B9-11D5-9548-00D0592D548C","17160","13","Pathotroph-Saprotroph-Symbiotroph","Endophyte-Plant Pathogen-|Wood Saprotroph|","Highly Probable","Polyporoid","White Rot","As root_endophyte_dark_septate (Põlme et al. 2020); As white_rot (Põlme et al. 2020); As wood_pathogen (Põlme et al. 2020); Decay wood (Põlme et al. 2020)","Gilbertson RL, Ryvarden L. 1987-1987. North American Polypores. Fungiflora, Oslo (ISBN: 978-0945345060); Põlme S, et al. 2020. Fungal Diversity 105:1-16 ((https://doi.org/10.1007/s13225-020-00466-2))","Bjerkandera_adusta","Fungi","Basidiomycota","Agaricomycetes","Polyporales","Phanerochaetaceae","Bjerkandera","Bjerkandera_minispora",3,"Multiple 100% matches","ASV188;ASV5196;ASV6562","Mismatch","Match","Match","Match","Match","Match"
"310","ASV310","Fungi","Ascomycota","Sordariomycetes","Diaporthales","Gnomoniaceae",NA,NA,"Gnomoniaceae",NA,"0.9998600","Gnomoniaceae","F36F48E8-C228-4922-8DB6-AE905CA55412","80810","9","Pathotroph-Saprotroph-Symbiotroph","Endophyte-Plant Pathogen-Undefined Saprotroph","Probable","Microfungus","NULL","Most species are saprobes or endophytes in leaves and bark, but a few are neurotrophic pathogens (Cannon & Kirk 2007)","Cannon PF, Kirk PM. 2007. Fungal Families of the World. CAB International, Cambridge (ISBN: 978-0851998275)","Gnomoniaceae","Fungi","Ascomycota","Sordariomycetes","Diaporthales","Gnomoniaceae","Ambarignomonia","Ambarignomonia_petiolorum",1,"Unique 100% match","ASV201",NA,NA,"Match","Match","Match","Match"
"312","ASV312","Fungi","Basidiomycota","Agaricomycetes","Agaricales","Schizophyllaceae","Schizophyllum","Schizophyllum_commune","Schizophyllum_commune","sSH1009492.09FU","0.9448184","Agaricales","715D162F-5F0E-40C8-A7DC-79D488D3F937","90508","7","Pathotroph-Saprotroph-Symbiotroph","Bryophyte Parasite-Dung Saprotroph-Ectomycorrhizal-Fungal Parasite-Leaf Saprotroph-Plant Parasite-Undefined Saprotroph-Wood Saprotroph","Possible","Agaricoid-Gasteroid-Microfungus-Secotioid-Yeast","NULL","Mushrooms and toadstools, Gill fungi, Agarics... lignicolous, sometimes muscicolous or fungicolous, saprobic, mycorrhizal, rarely parasitic on plants or fungi (Kirk et al. 2008)","Kirk PM et al. 2008. Dictionary of the Fungi. Tenth Edition. CAB International, Wallingford (ISBN: 978-0851998268)","Schizophyllum_commune","Fungi","Basidiomycota","Agaricomycetes","Agaricales","Schizophyllaceae","Schizophyllum","Schizophyllum_commune",2,"Multiple 100% matches","ASV4913;ASV521","Match","Match","Match","Match","Match","Match"
"314","ASV314","Fungi","Basidiomycota","Agaricomycetes","Russulales","Peniophoraceae","Peniophora","Peniophora_albobadia","Peniophora_albobadia","sSH1068847.09FU","0.9963493","Peniophoraceae","1CB1CD8B-36B9-11D5-9548-00D0592D548C","81123","9","Pathotroph-Saprotroph","Plant Pathogen-Wood Saprotroph","Probable","Corticioid","White Rot","Most species are saprobic, causing rots of standing and fallen wood. Many species are adapted to xeric conditions, being able to grow on rapidly drying dead attached branches (Cannon & Kirk 2007)","Cannon PF, Kirk PM. 2007. Fungal Families of the World. CAB International, Cambridge (ISBN: 978-0851998275)","Peniophora_albobadia","Fungi","Basidiomycota","Agaricomycetes","Russulales","Peniophoraceae","Peniophora","Peniophora_albobadia",2,"Multiple 100% matches","ASV2404;ASV5827","Match","Match","Match","Match","Match","Match"
"315","ASV315","Fungi","Basidiomycota","Agaricomycetes","Hymenochaetales",NA,"Trichaptum",NA,"Trichaptum",NA,"0.9970502","Trichaptum","1CB1CC20-36B9-11D5-9548-00D0592D548C","18675","13","Saprotroph","|Wood Saprotroph|","Highly Probable","Polyporoid","White Rot","As white_rot (Põlme et al. 2020); Decay wood (Põlme et al. 2020)","Gilbertson RL, Ryvarden L. 1987-1987. North American Polypores. Fungiflora, Oslo (ISBN: 978-0945345060); Põlme S, et al. 2020. Fungal Diversity 105:1-16 ((https://doi.org/10.1007/s13225-020-00466-2))","Trichaptum","Fungi","Basidiomycota","Agaricomycetes","Hymenochaetales",NA,"Trichaptum",NA,1,"Unique 100% match","ASV1115",NA,"Match",NA,"Match","Match","Match"
"318","ASV318","Fungi","Ascomycota","Dothideomycetes","Dothideales","Saccotheciaceae","Aureobasidium","Aureobasidium_pullulans","Aureobasidium_pullulans","sSH1240491.09FU","0.9154171","Aureobasidium pullulans","FE27878E-8260-43C1-A33B-204ACC27101A","101771","20","Pathotroph-Symbiotroph","Animal Pathogen-Endophyte-Epiphyte-Plant Pathogen","Possible","NULL","NULL","Pathogen Host - Asteraceae; Epiphyte detection method-culture (Wachowska & Glowacka 2014)","Costa IPMW, et al. 2012. Mycotaxon 119:e26 ((http://mycotaxon.com/resources/checklists/costa_v119_checklist.pdf)); Wachowska U, Głowacka K. 2014. BioControl 59:635-645 ((https://doi.org/10.1007/s10526-014-9596-5)); Irinyia L, et al. 2016. Fungal Biology 120:125-136 ((https://doi.org/10.1016/j.funbio.2015.04.007)); The American Phytopathological Society Common Names of Plant Diseases ((http://www.apsnet.org/publications/commonnames/Pages/default.aspx))","Aureobasidium_pullulans","Fungi","Ascomycota","Dothideomycetes","Dothideales","Saccotheciaceae","Aureobasidium","Aureobasidium_pullulans",1,"Unique 100% match","ASV751","Match","Match","Match","Match","Match","Match"
"320","ASV320","Fungi","Ascomycota","Dothideomycetes","Capnodiales","Cladosporiaceae","Cladosporium","Cladosporium_dominicanum","Cladosporium_dominicanum","sSH4359931.09FU","0.9880712","Cladosporiaceae","6EDCD6E4-DE4D-443D-AF6B-A572F626BD45","816548","9","Pathotroph-Saprotroph-Symbiotroph","Animal Pathogen-Endophyte-Lichen Parasite-Plant Pathogen-Wood Saprotroph","Possible","Microfungus","NULL","NULL","Seehann G, et al. 1975. List of Fungi in Soft-Rot Tissue Tests. Institute fur Holzbiologie und Holzschutz, Bundesforschungsanstalt fur Forst - und Holzwirtshaft, Hamburg - Lohbrugge, Germany; Lawrey JD, Diederich P. 2016. http://www.lichenicolous.net (accessed 24 May 2017) ((http://www.lichenicolous.net)); The American Phytopathological Society Common Names of Plant Diseases ((http://www.apsnet.org/publications/commonnames/Pages/default.aspx))","Cladosporium_dominicanum","Fungi","Ascomycota","Dothideomycetes","Capnodiales","Cladosporiaceae","Cladosporium","Cladosporium_dominicanum",2,"Multiple 100% matches","ASV143;ASV6306","Match","Match","Match","Match","Match","Match"
"325","ASV325","Fungi",NA,NA,NA,NA,NA,NA,NA,NA,"0.9398429",NA,NA,NA,NA,NA,NA,NA,NA,NA,NA,NA,NA,"Fungi","Basidiomycota","Agaricomycetes","Hymenochaetales","Rickenellaceae","Sidera",NA,1,"Unique 100% match","ASV7410",NA,NA,NA,NA,NA,NA
"328","ASV328","Fungi","Ascomycota","Sordariomycetes","Hypocreales","Cylindriaceae","Cylindrium",NA,"Cylindrium",NA,"0.7510126","Hypocreales","1CB18E60-36B9-11D5-9548-00D0592D548C","90477","7","Saprotroph","Undefined Saprotroph","Possible","Microfungus","NULL","NULL","Sterkenburg E, et al. 2015. New Phytologist 207:1145-1158 ((https://doi.org/10.1111/nph.13426))","Cylindrium","Fungi","Ascomycota",NA,NA,NA,NA,NA,2,"Multiple 100% matches","ASV212;ASV8250",NA,NA,NA,NA,NA,"Match"
"329","ASV329","Fungi","Ascomycota","Sordariomycetes","Xylariales","Xylariaceae","Anthostomella",NA,"Anthostomella",NA,"0.9549765","Xylariaceae","1CB1ABFB-36B9-11D5-9548-00D0592D548C","81528","9","Pathotroph-Saprotroph-Symbiotroph","Dung Saprotroph-Endophyte-Plant Pathogen-Undefined Saprotroph","Probable","Xylarioid","NULL","Saprobes or weak pathogens, many endophytes, mainly in wood and bark, occasionally in soil and dung (Cannon & Kirk 2007)","Cannon PF, Kirk PM. 2007. Fungal Families of the World. CAB International, Cambridge (ISBN: 978-0851998275)","Anthostomella","Fungi","Ascomycota","Sordariomycetes","Xylariales","Xylariaceae","Anthostomella",NA,1,"Unique 100% match","ASV7234",NA,"Match","Match","Match","Match","Match"
"330","ASV330","Fungi","Ascomycota","Dothideomycetes",NA,NA,NA,NA,"Dothideomycetes","sSH1084323.09FU","0.9999852",NA,NA,NA,NA,NA,NA,NA,NA,NA,NA,NA,"Dothideomycetes","Fungi","Ascomycota","Dothideomycetes","Capnodiales",NA,NA,NA,2,"Multiple 100% matches","ASV628;ASV8260",NA,NA,NA,NA,"Match","Match"
"331","ASV331","Fungi","Basidiomycota","Agaricomycetes","Corticiales","Vuilleminiaceae","Vuilleminia",NA,"Vuilleminia","sSH1265472.09FU","0.9999977","Vuilleminia","1CB1CC74-36B9-11D5-9548-00D0592D548C","18743","13","Pathotroph-Saprotroph","Plant Pathogen-Undefined Saprotroph-|Wood Saprotroph|","Probable","Corticioid","White Rot","As white_rot (Põlme et al. 2020); As wood_pathogen (Põlme et al. 2020); Decay wood (Põlme et al. 2020)","Tedersoo L, et al. 2014. Science 346:e1256688 ((https://doi.org/10.1126/science.1256688)); Põlme S, et al. 2020. Fungal Diversity 105:1-16 ((https://doi.org/10.1007/s13225-020-00466-2))","Vuilleminia","Fungi","Basidiomycota","Agaricomycetes","Corticiales","Vuilleminiaceae","Vuilleminia",NA,1,"Unique 100% match","ASV552",NA,"Match","Match","Match","Match","Match"
"334","ASV334","Fungi","Ascomycota","Sordariomycetes","Magnaporthales","Ophioceraceae","Ophioceras","Ophioceras_junci","Ophioceras_junci","sSH1026589.09FU","0.9998918","Ophioceras","1CB196FA-36B9-11D5-9548-00D0592D548C","3595","13","Saprotroph","|Undefined Saprotroph|","Probable","Microfungus","NULL","NULL","Tedersoo L, et al. 2014. Science 346:e1256688 ((https://doi.org/10.1126/science.1256688)); Põlme S, et al. 2020. Fungal Diversity 105:1-16 ((https://doi.org/10.1007/s13225-020-00466-2))","Ophioceras_junci","Fungi","Ascomycota","Sordariomycetes","Magnaporthales","Ophioceraceae","Ophioceras","Ophioceras_junci",1,"Unique 100% match","ASV3796","Match","Match","Match","Match","Match","Match"
"336","ASV336","Fungi","Basidiomycota","Agaricomycetes","Russulales","Peniophoraceae","Peniophora","Peniophora_laxitexta","Peniophora_laxitexta","sSH1068832.09FU","0.9215692","Peniophoraceae","1CB1CD8B-36B9-11D5-9548-00D0592D548C","81123","9","Pathotroph-Saprotroph","Plant Pathogen-Wood Saprotroph","Probable","Corticioid","White Rot","Most species are saprobic, causing rots of standing and fallen wood. Many species are adapted to xeric conditions, being able to grow on rapidly drying dead attached branches (Cannon & Kirk 2007)","Cannon PF, Kirk PM. 2007. Fungal Families of the World. CAB International, Cambridge (ISBN: 978-0851998275)","Peniophora_laxitexta","Fungi","Basidiomycota","Agaricomycetes","Russulales","Peniophoraceae","Peniophora","Peniophora_laxitexta",1,"Unique 100% match","ASV7251","Match","Match","Match","Match","Match","Match"
"338","ASV338","Fungi","Basidiomycota","Agaricomycetes","Hymenochaetales","Hyphodontiaceae","Kneiffiella",NA,"Kneiffiella","sSH1101015.09FU","1.0000000","Kneiffiella","521B67D7-C6CE-4635-BDE1-314C8DF4C6B6","17877","13","Saprotroph","|Wood Saprotroph|","Probable","Corticioid","White Rot","As white_rot (Põlme et al. 2020); Decay wood (Põlme et al. 2020)","Põlme S, et al. 2020. Fungal Diversity 105:1-16 ((https://doi.org/10.1007/s13225-020-00466-2))","Kneiffiella","Fungi","Basidiomycota","Agaricomycetes","Hymenochaetales","Hyphodontiaceae","Kneiffiella",NA,4,"Multiple 100% matches","ASV300;ASV3127;ASV6178;ASV723",NA,"Match","Match","Match","Match","Match"
"339","ASV339","Fungi","Ascomycota","Sordariomycetes",NA,NA,NA,NA,"Sordariomycetes","sSH0882599.09FU","0.9979468",NA,NA,NA,NA,NA,NA,NA,NA,NA,NA,NA,"Sordariomycetes","Fungi","Ascomycota","Sordariomycetes",NA,NA,NA,NA,3,"Multiple 100% matches","ASV1048;ASV1567;ASV4819",NA,NA,NA,NA,"Match","Match"
"340","ASV340","Fungi","Ascomycota","Sordariomycetes",NA,NA,NA,NA,"Sordariomycetes",NA,"0.7352280",NA,NA,NA,NA,NA,NA,NA,NA,NA,NA,NA,"Sordariomycetes","Fungi","Ascomycota","Sordariomycetes",NA,NA,NA,NA,6,"Multiple 100% matches","ASV141;ASV7517;ASV7741;ASV7825;ASV8285;ASV8286",NA,NA,NA,NA,"Match","Match"
"343","ASV343","Fungi","Basidiomycota","Agaricomycetes","Auriculariales","Exidiaceae","Basidiodendron","Basidiodendron_pelinum","Basidiodendron_pelinum","sSH1598665.09FU","0.7462253","Basidiodendron","1CB1C4F5-36B9-11D5-9548-00D0592D548C","17148","13","Saprotroph","Undefined Saprotroph-|Wood Saprotroph|","Probable","Corticioid","NULL","Decay wood (Põlme et al. 2020)","Tedersoo L, et al. 2014. Science 346:e1256688 ((https://doi.org/10.1126/science.1256688)); Põlme S, et al. 2020. Fungal Diversity 105:1-16 ((https://doi.org/10.1007/s13225-020-00466-2))","Basidiodendron_pelinum","Fungi","Basidiomycota","Agaricomycetes","Auriculariales","Exidiaceae","Basidiodendron","Basidiodendron_pelinum",8,"Multiple 100% matches","ASV1046;ASV225;ASV320;ASV375;ASV492;ASV5364;ASV8112;ASV8119","Match","Match","Match","Match","Match","Match"
"345","ASV345","Fungi","Basidiomycota","Agaricomycetes","Hymenochaetales",NA,"Trichaptum","Trichaptum_biforme","Trichaptum_biforme","sSH1186721.09FU","0.9992340","Trichaptum","1CB1CC20-36B9-11D5-9548-00D0592D548C","18675","13","Saprotroph","|Wood Saprotroph|","Highly Probable","Polyporoid","White Rot","As white_rot (Põlme et al. 2020); Decay wood (Põlme et al. 2020)","Gilbertson RL, Ryvarden L. 1987-1987. North American Polypores. Fungiflora, Oslo (ISBN: 978-0945345060); Põlme S, et al. 2020. Fungal Diversity 105:1-16 ((https://doi.org/10.1007/s13225-020-00466-2))","Trichaptum_biforme","Fungi","Basidiomycota","Agaricomycetes","Hymenochaetales",NA,"Trichaptum","Trichaptum_biforme",1,"Unique 100% match","ASV1347","Match","Match",NA,"Match","Match","Match"
"347","ASV347","Fungi","Basidiomycota","Tremellomycetes","Tremellales","Bulleribasidiaceae","Vishniacozyma","Vishniacozyma_dimennae","Vishniacozyma_dimennae","sSH0999935.09FU","0.7069469","Tremellales","1CB1CE64-36B9-11D5-9548-00D0592D548C","90451","7","Pathotroph-Saprotroph-Symbiotroph","Fungal Parasite-Undefined Saprotroph","Possible","Tremelloid-Yeast","NULL","The order contains both teleomorphic and anamorphic species, most of the latter being yeasts","Sterkenburg E, et al. 2015. New Phytologist 207:1145-1158 ((https://doi.org/10.1111/nph.13426))","Vishniacozyma_dimennae","Fungi","Basidiomycota","Tremellomycetes","Tremellales","Bulleribasidiaceae","Vishniacozyma","Vishniacozyma_dimennae",1,"Unique 100% match","ASV1123","Match","Match","Match","Match","Match","Match"
"348","ASV348","Fungi","Ascomycota","Dothideomycetes","Pleosporales","Pleosporaceae","Curvularia","Curvularia_lunata","Curvularia_lunata","sSH1224132.09FU","0.7455129","Pleosporaceae","1CB1CDA2-36B9-11D5-9548-00D0592D548C","81188","9","Pathotroph-Saprotroph","Endophyte-Lichen Parasite-Plant Pathogen-Undefined Saprotroph","Probable","Microfungus","NULL","Necrotrophic pathogens and saprobes, especially associated with grasses. Many species are seed-borne (Cannon & Kirk 2007)","Cannon PF, Kirk PM. 2007. Fungal Families of the World. CAB International, Cambridge (ISBN: 978-0851998275); David AS, et al. 2016. Microbial Ecology 71:912-926 ((https://doi.org/10.1007/s00248-015-0712-6)); Lawrey JD, Diederich P. 2016. http://www.lichenicolous.net (accessed 24 May 2017) ((http://www.lichenicolous.net))","Curvularia_lunata","Fungi","Ascomycota","Dothideomycetes","Pleosporales","Pleosporaceae","Curvularia","Curvularia_lunata",2,"Multiple 100% matches","ASV1852;ASV274","Match","Match","Match","Match","Match","Match"
"351","ASV351","Fungi","Basidiomycota","Agaricomycetes","Russulales","Lachnocladiaceae","Scytinostroma",NA,"Scytinostroma","sSH1235897.09FU","0.9965161","Lachnocladiaceae","1CB1CD49-36B9-11D5-9548-00D0592D548C","80924","9","Saprotroph","Wood Saprotroph","Probable","Coraloid-Corticioid","NULL","On decaying coniferous or broadleaved wood, sometimes on herbaceous stems, presumably saprobic (Cannon & Kirk 2007)","Cannon PF, Kirk PM. 2007. Fungal Families of the World. CAB International, Cambridge (ISBN: 978-0851998275)","Scytinostroma","Fungi","Basidiomycota","Agaricomycetes","Russulales",NA,NA,NA,1,"Unique 100% match","ASV3566",NA,NA,NA,"Match","Match","Match"
"352","ASV352","Fungi","Ascomycota","Dothideomycetes","Pleosporales","Pleosporaceae","Curvularia",NA,"Curvularia",NA,"0.9999948","Pleosporaceae","1CB1CDA2-36B9-11D5-9548-00D0592D548C","81188","9","Pathotroph-Saprotroph","Endophyte-Lichen Parasite-Plant Pathogen-Undefined Saprotroph","Probable","Microfungus","NULL","Necrotrophic pathogens and saprobes, especially associated with grasses. Many species are seed-borne (Cannon & Kirk 2007)","Cannon PF, Kirk PM. 2007. Fungal Families of the World. CAB International, Cambridge (ISBN: 978-0851998275); David AS, et al. 2016. Microbial Ecology 71:912-926 ((https://doi.org/10.1007/s00248-015-0712-6)); Lawrey JD, Diederich P. 2016. http://www.lichenicolous.net (accessed 24 May 2017) ((http://www.lichenicolous.net))","Curvularia","Fungi","Ascomycota","Dothideomycetes","Pleosporales","Pleosporaceae","Curvularia","Curvularia_mebaldsii",1,"Unique 100% match","ASV681",NA,"Match","Match","Match","Match","Match"
"354","ASV354","Fungi","Basidiomycota","Agaricomycetes","Russulales","Stereaceae","Stereum","Stereum_sanguinolentum","Stereum_sanguinolentum",NA,"0.8211571","Stereaceae","1CB1CDDC-36B9-11D5-9548-00D0592D548C","81424","9","Saprotroph","Undefined Saprotroph-Wood Saprotroph","Probable","Corticioid-Polyporoid","NULL","Lignicolous or terrestrial (in leaf litter); typically saprobic (Cannon & Kirk 2007)","Cannon PF, Kirk PM. 2007. Fungal Families of the World. CAB International, Cambridge (ISBN: 978-0851998275)","Stereum_sanguinolentum","Fungi","Basidiomycota","Agaricomycetes","Russulales","Stereaceae","Stereum","Stereum_sanguinolentum",4,"Multiple 100% matches","ASV402;ASV424;ASV5179;ASV7951","Match","Match","Match","Match","Match","Match"
"357","ASV357","Fungi","Basidiomycota","Agaricomycetes","Thelephorales","Thelephoraceae","Amaurodon",NA,"Amaurodon",NA,"0.9999999","Thelephoraceae","1CB1CDE7-36B9-11D5-9548-00D0592D548C","81463","9","Saprotroph-Symbiotroph","Ectomycorrhizal-Undefined Saprotroph","Probable","Clavarioid","NULL","On the ground, on soil, a few on wood. At least some speices ectomycorrhizal (Cannon & Kirk 2007)","Cannon PF, Kirk PM. 2007. Fungal Families of the World. CAB International, Cambridge (ISBN: 978-0851998275)","Amaurodon","Fungi","Basidiomycota","Agaricomycetes","Thelephorales","Thelephoraceae","Amaurodon",NA,1,"Unique 100% match","ASV7572",NA,"Match","Match","Match","Match","Match"
"358","ASV358","Fungi","Ascomycota","Taphrinomycetes","Taphrinales","Taphrinaceae","Taphrina",NA,"Taphrina","sSH1286376.09FU","0.9998997","Taphrinaceae","1CB1CDE3-36B9-11D5-9548-00D0592D548C","81450","9","Pathotroph","Plant Pathogen","Probable","Microfungus","NULL","Biotrophic on plants, usually causing hyperplasia (galls, witches broom) or lesions (Cannon & Kirk 2007)","Cannon PF, Kirk PM. 2007. Fungal Families of the World. CAB International, Cambridge (ISBN: 978-0851998275)","Taphrina","Fungi","Ascomycota","Taphrinomycetes","Taphrinales","Taphrinaceae","Taphrina",NA,1,"Unique 100% match","ASV7036",NA,"Match","Match","Match","Match","Match"
"360","ASV360","Fungi","Ascomycota","Dothideomycetes","Capnodiales","Neodevriesiaceae","Neodevriesia",NA,"Neodevriesia",NA,"0.9997334","Neodevriesiaceae","F8168581-D82E-4A75-9190-C7925084B4CA","807766","9","Pathotroph-Saprotroph","Plant Pathogen-Undefined Saprotroph","Probable","NULL","NULL","Members are foliicolous, saprobic or plant pathogenic (Quaedvlieg et al. 2014)","Quaedvlieg W., et al. 2014. Persoonia 3:31-40 ((http://doi.org/10.3767/003158514X681981))","Neodevriesia","Fungi","Ascomycota","Dothideomycetes","Capnodiales","Neodevriesiaceae","Neodevriesia",NA,1,"Unique 100% match","ASV4394",NA,"Match","Match","Match","Match","Match"
"362","ASV362","Fungi","Basidiomycota","Agaricomycetes",NA,NA,NA,NA,"Agaricomycetes","sSH0919881.09FU","1.0000000",NA,NA,NA,NA,NA,NA,NA,NA,NA,NA,NA,"Agaricomycetes","Fungi","Basidiomycota","Agaricomycetes",NA,NA,NA,NA,2,"Multiple 100% matches","ASV2716;ASV5970",NA,NA,NA,NA,"Match","Match"
"363","ASV363","Fungi","Ascomycota","Eurotiomycetes","Eurotiales","Thermoascaceae","Byssochlamys",NA,"Byssochlamys","sSH1126442.09FU","0.9598024","Eurotiales","1CB1CE25-36B9-11D5-9548-00D0592D548C","90472","7","Saprotroph","Undefined Saprotroph","Possible","Microfungus","NULL","NULL","Sterkenburg E, et al. 2015. New Phytologist 207:1145-1158 ((https://doi.org/10.1111/nph.13426))","Byssochlamys","Fungi","Ascomycota","Eurotiomycetes","Eurotiales","Aspergillaceae",NA,NA,3,"Multiple 100% matches","ASV177;ASV7430;ASV8033",NA,NA,"Mismatch","Match","Match","Match"
"365","ASV365","Fungi","Basidiomycota","Agaricomycetes","Polyporales","Meripilaceae","Rigidoporus","Rigidoporus_pouzarii","Rigidoporus_pouzarii","sSH1197608.09FU","0.9999937","Meripilaceae","1CB1CD64-36B9-11D5-9548-00D0592D548C","80007","9","Pathotroph-Saprotroph","Plant Pathogen-Undefined Saprotroph","Probable","Polyporoid","NULL","Saprobic or parasitic on hardwood trees, often growing from buried roots and causing white rot (Cannon & Kirk 2007)","Cannon PF, Kirk PM. 2007. Fungal Families of the World. CAB International, Cambridge (ISBN: 978-0851998275)","Rigidoporus_pouzarii","Fungi","Basidiomycota","Agaricomycetes","Polyporales","Meripilaceae","Rigidoporus","Rigidoporus_pouzarii",4,"Multiple 100% matches","ASV151;ASV2430;ASV701;ASV8103","Match","Match","Match","Match","Match","Match"
"366","ASV366","Fungi","Ascomycota","Eurotiomycetes","Eurotiales","Aspergillaceae","Talaromyces","Talaromyces_siglerae","Talaromyces_siglerae","sSH1286620.09FU","0.9995546","Eurotiales","1CB1CE25-36B9-11D5-9548-00D0592D548C","90472","7","Saprotroph","Undefined Saprotroph","Possible","Microfungus","NULL","NULL","Sterkenburg E, et al. 2015. New Phytologist 207:1145-1158 ((https://doi.org/10.1111/nph.13426))","Talaromyces_siglerae","Fungi","Ascomycota","Eurotiomycetes","Eurotiales","Aspergillaceae","Talaromyces","Talaromyces_siglerae",2,"Multiple 100% matches","ASV1039;ASV1539","Match","Match","Match","Match","Match","Match"
"367","ASV367","Fungi","Ascomycota","Dothideomycetes","Dothideales","Saccotheciaceae","Aureobasidium","Aureobasidium_pullulans","Aureobasidium_pullulans","sSH1240491.09FU","0.9127887","Aureobasidium pullulans","FE27878E-8260-43C1-A33B-204ACC27101A","101771","20","Pathotroph-Symbiotroph","Animal Pathogen-Endophyte-Epiphyte-Plant Pathogen","Possible","NULL","NULL","Pathogen Host - Asteraceae; Epiphyte detection method-culture (Wachowska & Glowacka 2014)","Costa IPMW, et al. 2012. Mycotaxon 119:e26 ((http://mycotaxon.com/resources/checklists/costa_v119_checklist.pdf)); Wachowska U, Głowacka K. 2014. BioControl 59:635-645 ((https://doi.org/10.1007/s10526-014-9596-5)); Irinyia L, et al. 2016. Fungal Biology 120:125-136 ((https://doi.org/10.1016/j.funbio.2015.04.007)); The American Phytopathological Society Common Names of Plant Diseases ((http://www.apsnet.org/publications/commonnames/Pages/default.aspx))","Aureobasidium_pullulans","Fungi","Ascomycota","Dothideomycetes","Dothideales","Saccotheciaceae","Aureobasidium","Aureobasidium_pullulans",3,"Multiple 100% matches","ASV1003;ASV3036;ASV6411","Match","Match","Match","Match","Match","Match"
"369","ASV369","Fungi","Ascomycota","Dothideomycetes","Venturiales","Venturiaceae",NA,NA,"Venturiaceae","sSH1025610.09FU","0.7985418","Venturiaceae","1CB1CDFC-36B9-11D5-9548-00D0592D548C","81516","9","Pathotroph-Saprotroph-Symbiotroph","Endophyte-Plant Pathogen-Undefined Saprotroph","Probable","Microfungus","NULL","Mostly endophytes and weak parasites of aerial plant parts, including bark and wood, leaf and fruit tissue; rarely biotrophic. Little is known except for the important pathogens (Cannon & Kirk 2007)","Cannon PF, Kirk PM. 2007. Fungal Families of the World. CAB International, Cambridge (ISBN: 978-0851998275)","Venturiaceae","Fungi","Ascomycota","Dothideomycetes","Venturiales","Venturiaceae",NA,NA,1,"Unique 100% match","ASV544",NA,NA,"Match","Match","Match","Match"
"371","ASV371","Fungi","Ascomycota","Dothideomycetes","Pleosporales","Didymosphaeriaceae","Spegazzinia",NA,"Spegazzinia","sSH0965612.09FU","0.9159324","Didymosphaeriaceae","1CB1CD0B-36B9-11D5-9548-00D0592D548C","80702","9","Pathotroph-Saprotroph-Symbiotroph","Endophyte-Lichen Parasite-Plant Pathogen-Undefined Saprotroph","Probable","Microfungus","NULL","Saprobes in both woody and herbaceous material, also parasitic on other fungi (Cannon & Kirk 2007)","Cannon PF, Kirk PM. 2007. Fungal Families of the World. CAB International, Cambridge (ISBN: 978-0851998275); Massimo NC, et al. 2015. Microbial Ecology 70:61-76 ((https://doi.org/10.1007/s00248-014-0563-6))","Spegazzinia","Fungi","Ascomycota","Dothideomycetes","Pleosporales","Didymosphaeriaceae","Spegazzinia",NA,1,"Unique 100% match","ASV246",NA,"Match","Match","Match","Match","Match"
"372","ASV372","Fungi","Basidiomycota","Agaricomycetes","Agaricales","Tricholomataceae","Baeospora","Baeospora_myosura","Baeospora_myosura","sSH1044662.09FU","0.9958701","Tricholomataceae","008764C7-3F16-4577-B343-C50EF7B78211","81487","9","Pathotroph-Symbiotroph","Ectomycorrhizal-Fungal Parasite","Probable","Agaricoid","NULL","Tricholoma species are ectomycorrhizal, occurring in coniferous and broadleaved forests (Cannon & Kirk 2007); T. sclerotoideum is parasitic on Helvella spp.","Cannon PF, Kirk PM. 2007. Fungal Families of the World. CAB International, Cambridge (ISBN: 978-0851998275)","Baeospora_myosura","Fungi","Basidiomycota","Agaricomycetes","Agaricales","Tricholomataceae","Baeospora","Baeospora_myosura",1,"Unique 100% match","ASV4285","Match","Match","Match","Match","Match","Match"
"373","ASV373","Fungi","Basidiomycota","Microbotryomycetes","Sporidiobolales","Sporidiobolaceae","Sporobolomyces","Sporobolomyces_musae","Sporobolomyces_musae","sSH2149879.09FU","0.9818325","Sporidiobolaceae","20AD224D-9EFF-4C1C-8214-59BA76CCCDF3","82101","9","Pathotroph-Saprotroph","Animal Pathogen-Undefined Saprotroph","Probable","Microfungus","NULL","Saprobic, found in a wide range of habitats and especially in aquatic systems. Some of the red yeasts in this family are widely encountered spoilage organisms and opportunistic human pathogens (Cannon & Kirk 2007)","Cannon PF, Kirk PM. 2007. Fungal Families of the World. CAB International, Cambridge (ISBN: 978-0851998275)","Sporobolomyces_musae","Fungi","Basidiomycota","Microbotryomycetes","Sporidiobolales","Sporidiobolaceae","Sporobolomyces","Sporobolomyces_musae",3,"Multiple 100% matches","ASV238;ASV6456;ASV7664","Match","Match","Match","Match","Match","Match"
"374","ASV374","Fungi","Basidiomycota","Agaricomycetes","Boletales","Astraeaceae","Astraeus","Astraeus_morganii","Astraeus_morganii","sSH1306119.09FU","0.7369020","Astraeus","1CB1C4D0-36B9-11D5-9548-00D0592D548C","19026","13","Symbiotroph","|Ectomycorrhizal|","Highly Probable","Gasteroid","NULL","Common name - earthstar","Rinaldi AC, et al. 2008. Fungal Diversity 33:1-45 ((http://www.fungaldiversity.org/fdp/sfdp/33-1.pdf)); Tedersoo L, et al. 2010. Mycorrhiza 20:217-263 ((https://doi.org/10.1007/s00572-009-0274-x)); Põlme S, et al. 2020. Fungal Diversity 105:1-16 ((https://doi.org/10.1007/s13225-020-00466-2)); http://mycorrhizas.info/ecmf.html ((http://mycorrhizas.info/ecmf.html))","Astraeus_morganii","Fungi","Basidiomycota","Agaricomycetes","Boletales","Astraeaceae","Astraeus","Astraeus_morganii",2,"Multiple 100% matches","ASV3762;ASV5852","Match","Match","Match","Match","Match","Match"
"375","ASV375","Fungi","Ascomycota","Dothideomycetes","Mycosphaerellales","Mycosphaerellaceae","Ramularia",NA,"Ramularia",NA,"0.9552905","Mycosphaerellaceae","1CB1CD75-36B9-11D5-9548-00D0592D548C","81043","9","Pathotroph-Saprotroph","Plant Pathogen-Undefined Saprotroph","Probable","Microfungus","NULL","Biotrophic, necrotrophic or saprobic on various plant tissues (Cannon & Kirk 2007)","Cannon PF, Kirk PM. 2007. Fungal Families of the World. CAB International, Cambridge (ISBN: 978-0851998275)","Ramularia","Fungi","Ascomycota","Dothideomycetes","Mycosphaerellales","Mycosphaerellaceae","Ramularia","Ramularia_nyssicola",1,"Unique 100% match","ASV2403",NA,"Match","Match","Match","Match","Match"
"377","ASV377","Fungi","Ascomycota","Leotiomycetes","Helotiales","Helotiaceae","Articulospora",NA,"Articulospora","sSH0961012.09FU","0.7996382","Helotiaceae","1CB18C9C-36B9-11D5-9548-00D0592D548C","80845","9","Saprotroph-Symbiotroph","Ectomycorrhizal-Fungal Parasite-Plant Pathogen-Wood Saprotroph","Probable","Microfungus","NULL","Usually saprobic on herbaceous or woody tissues, some species fungicolous. A few species are known to form mycorrhizae (Cannon & Kirk 2007)","Cannon PF, Kirk PM. 2007. Fungal Families of the World. CAB International, Cambridge (ISBN: 978-0851998275)","Articulospora","Fungi","Ascomycota","Leotiomycetes","Helotiales","Helotiaceae","Articulospora",NA,2,"Multiple 100% matches","ASV1594;ASV3412",NA,"Match","Match","Match","Match","Match"
"378","ASV378","Fungi","Basidiomycota","Agaricomycetes","Hymenochaetales","Hymenochaetaceae",NA,NA,"Hymenochaetaceae",NA,"0.9999999","Hymenochaetaceae","CC29D6F9-5984-496D-97E7-42EB138C1FEE","536196","9","Saprotroph-Symbiotroph","Ectomycorrhizal-Wood Saprotroph","Probable","Corticioid-Polyporoid","NULL","Lignicolous, causing white rots, rarely ectomycorrhizal (Cannon & Kirk 2007)","Cannon PF, Kirk PM. 2007. Fungal Families of the World. CAB International, Cambridge (ISBN: 978-0851998275)","Hymenochaetaceae","Fungi","Basidiomycota","Agaricomycetes","Hymenochaetales","Hymenochaetaceae","Inonotus",NA,1,"Unique 100% match","ASV5799",NA,NA,"Match","Match","Match","Match"
"379","ASV379","Fungi","Ascomycota","Dothideomycetes","Mycosphaerellales","Mycosphaerellaceae","Cercospora",NA,"Cercospora",NA,"0.9987613","Mycosphaerellaceae","1CB1CD75-36B9-11D5-9548-00D0592D548C","81043","9","Pathotroph-Saprotroph","Plant Pathogen-Undefined Saprotroph","Probable","Microfungus","NULL","Biotrophic, necrotrophic or saprobic on various plant tissues (Cannon & Kirk 2007)","Cannon PF, Kirk PM. 2007. Fungal Families of the World. CAB International, Cambridge (ISBN: 978-0851998275)","Cercospora","Fungi","Ascomycota","Dothideomycetes","Mycosphaerellales","Mycosphaerellaceae","Cercospora","Cercospora_olivascens",3,"Multiple 100% matches","ASV1462;ASV1621;ASV4314",NA,"Match","Match","Match","Match","Match"
"380","ASV380","Fungi","Basidiomycota","Tremellomycetes","Tremellales","Bulleribasidiaceae","Derxomyces","Derxomyces_mrakii","Derxomyces_mrakii","sSH1299436.09FU","0.9984691","Tremellales","1CB1CE64-36B9-11D5-9548-00D0592D548C","90451","7","Pathotroph-Saprotroph-Symbiotroph","Fungal Parasite-Undefined Saprotroph","Possible","Tremelloid-Yeast","NULL","The order contains both teleomorphic and anamorphic species, most of the latter being yeasts","Sterkenburg E, et al. 2015. New Phytologist 207:1145-1158 ((https://doi.org/10.1111/nph.13426))","Derxomyces_mrakii","Fungi","Basidiomycota","Tremellomycetes","Tremellales","Bulleribasidiaceae","Derxomyces","Derxomyces_mrakii",1,"Unique 100% match","ASV2308","Match","Match","Match","Match","Match","Match"
"381","ASV381","Fungi","Ascomycota","Eurotiomycetes","Eurotiales","Aspergillaceae","Penicillium",NA,"Penicillium",NA,"0.8594251","Eurotiales","1CB1CE25-36B9-11D5-9548-00D0592D548C","90472","7","Saprotroph","Undefined Saprotroph","Possible","Microfungus","NULL","NULL","Sterkenburg E, et al. 2015. New Phytologist 207:1145-1158 ((https://doi.org/10.1111/nph.13426))","Penicillium","Fungi","Ascomycota","Eurotiomycetes","Eurotiales","Aspergillaceae","Penicillium",NA,1,"Unique 100% match","ASV236",NA,"Match","Match","Match","Match","Match"
"383","ASV383","Fungi","Ascomycota",NA,NA,NA,NA,NA,"Ascomycota","sSH1319856.09FU","1.0000000",NA,NA,NA,NA,NA,NA,NA,NA,NA,NA,NA,"Ascomycota","Fungi","Ascomycota","Dothideomycetes","Capnodiales",NA,NA,NA,2,"Multiple 100% matches","ASV268;ASV8245",NA,NA,NA,NA,NA,"Match"
"386","ASV386","Fungi","Basidiomycota","Agaricomycetes","Hymenochaetales","Hymenochaetaceae","Inonotus",NA,"Inonotus","sSH1027097.09FU","0.7878246","Hymenochaetaceae","CC29D6F9-5984-496D-97E7-42EB138C1FEE","536196","9","Saprotroph-Symbiotroph","Ectomycorrhizal-Wood Saprotroph","Probable","Corticioid-Polyporoid","NULL","Lignicolous, causing white rots, rarely ectomycorrhizal (Cannon & Kirk 2007)","Cannon PF, Kirk PM. 2007. Fungal Families of the World. CAB International, Cambridge (ISBN: 978-0851998275)","Inonotus","Fungi","Basidiomycota","Agaricomycetes","Hymenochaetales","Hymenochaetaceae","Inonotus",NA,7,"Multiple 100% matches","ASV1117;ASV1562;ASV2182;ASV2625;ASV3187;ASV8092;ASV917",NA,"Match","Match","Match","Match","Match"
"390","ASV390","Fungi","Basidiomycota","Agaricomycetes","Polyporales","Phanerochaetaceae","Phanerochaete","Phanerochaete_chrysosporium","Phanerochaete_chrysosporium","sSH1217083.09FU","0.9829961","Phanerochaete chrysosporium","359F4808-7D98-4AE1-BFBE-7434A6B800A0","319705","20","Saprotroph","Wood Saprotroph","Probable","NULL","NULL","NULL","James TY, et al. 2006. Nature 443:818-822 ((https://doi.org/10.1038/nature05110))","Phanerochaete_chrysosporium","Fungi","Basidiomycota","Agaricomycetes","Polyporales","Phanerochaetaceae","Phanerochaete","Phanerochaete_chrysosporium",6,"Multiple 100% matches","ASV1948;ASV323;ASV3853;ASV5555;ASV561;ASV6416","Match","Match","Match","Match","Match","Match"
"393","ASV393","Fungi","Ascomycota","Arthoniomycetes","Lichenostigmatales","Phaeococcomycetaceae","Phaeococcomyces",NA,"Phaeococcomyces","sSH0943962.09FU","0.9827242","Phaeococcomyces","A89C65DB-0771-41D1-B65F-F7529095EE5F","9294","13","Saprotroph","|Undefined Saprotroph|","Probable","Dimorphic-Facultative Yeast","NULL","NULL","Tedersoo L, et al. 2014. Science 346:e1256688 ((https://doi.org/10.1126/science.1256688)); Põlme S, et al. 2020. Fungal Diversity 105:1-16 ((https://doi.org/10.1007/s13225-020-00466-2))","Phaeococcomyces","Fungi","Ascomycota","Arthoniomycetes","Lichenostigmatales","Phaeococcomycetaceae","Phaeococcomyces",NA,1,"Unique 100% match","ASV1305",NA,"Match","Match","Match","Match","Match"
"395","ASV395","Fungi",NA,NA,NA,NA,NA,NA,NA,"sSH1020015.09FU","0.7639238",NA,NA,NA,NA,NA,NA,NA,NA,NA,NA,NA,NA,"Fungi","Ascomycota","Dothideomycetes","Dothideales","Saccotheciaceae","Aureobasidium","Aureobasidium_pullulans",6,"Multiple 100% matches","ASV1544;ASV265;ASV5176;ASV6047;ASV6079;ASV7820",NA,NA,NA,NA,NA,NA
"396","ASV396","Fungi","Basidiomycota","Tremellomycetes","Tremellales","Bulleribasidiaceae","Vishniacozyma","Vishniacozyma_penaeus","Vishniacozyma_penaeus","sSH1004301.09FU","0.9999972","Tremellales","1CB1CE64-36B9-11D5-9548-00D0592D548C","90451","7","Pathotroph-Saprotroph-Symbiotroph","Fungal Parasite-Undefined Saprotroph","Possible","Tremelloid-Yeast","NULL","The order contains both teleomorphic and anamorphic species, most of the latter being yeasts","Sterkenburg E, et al. 2015. New Phytologist 207:1145-1158 ((https://doi.org/10.1111/nph.13426))","Vishniacozyma_penaeus","Fungi","Basidiomycota","Tremellomycetes","Tremellales","Bulleribasidiaceae","Vishniacozyma","Vishniacozyma_penaeus",2,"Multiple 100% matches","ASV244;ASV3554","Match","Match","Match","Match","Match","Match"
"399","ASV399","Fungi","Ascomycota","Eurotiomycetes","Eurotiales","Aspergillaceae","Talaromyces","Talaromyces_siglerae","Talaromyces_siglerae","sSH1286620.09FU","0.9995763","Eurotiales","1CB1CE25-36B9-11D5-9548-00D0592D548C","90472","7","Saprotroph","Undefined Saprotroph","Possible","Microfungus","NULL","NULL","Sterkenburg E, et al. 2015. New Phytologist 207:1145-1158 ((https://doi.org/10.1111/nph.13426))","Talaromyces_siglerae","Fungi","Ascomycota","Eurotiomycetes","Eurotiales","Aspergillaceae","Talaromyces","Talaromyces_siglerae",2,"Multiple 100% matches","ASV1179;ASV6307","Match","Match","Match","Match","Match","Match"
"400","ASV400","Fungi","Ascomycota","Dothideomycetes","Pleosporales","Pleosporaceae","Bipolaris","Bipolaris_cynodontis","Bipolaris_cynodontis","sSH2165071.09FU","0.9802419","Pleosporaceae","1CB1CDA2-36B9-11D5-9548-00D0592D548C","81188","9","Pathotroph-Saprotroph","Endophyte-Lichen Parasite-Plant Pathogen-Undefined Saprotroph","Probable","Microfungus","NULL","Necrotrophic pathogens and saprobes, especially associated with grasses. Many species are seed-borne (Cannon & Kirk 2007)","Cannon PF, Kirk PM. 2007. Fungal Families of the World. CAB International, Cambridge (ISBN: 978-0851998275); David AS, et al. 2016. Microbial Ecology 71:912-926 ((https://doi.org/10.1007/s00248-015-0712-6)); Lawrey JD, Diederich P. 2016. http://www.lichenicolous.net (accessed 24 May 2017) ((http://www.lichenicolous.net))","Bipolaris_cynodontis","Fungi","Ascomycota","Dothideomycetes","Pleosporales","Pleosporaceae","Bipolaris",NA,3,"Multiple 100% matches","ASV287;ASV4325;ASV6798",NA,"Match","Match","Match","Match","Match"
"401","ASV401","Fungi","Ascomycota","Sordariomycetes","Xylariales","Diatrypaceae","Eutypella",NA,"Eutypella","sSH0882582.09FU","0.7848407","Diatrypaceae","1CB1CD09-36B9-11D5-9548-00D0592D548C","80692","9","Pathotroph-Saprotroph","Plant Pathogen-Plant Saprotroph","Probable","Microfungus","NULL","Saprobes and (usually) weak parasites in wood and bark (Cannon & Kirk 2007)","Cannon PF, Kirk PM. 2007. Fungal Families of the World. CAB International, Cambridge (ISBN: 978-0851998275)","Eutypella","Fungi","Ascomycota","Sordariomycetes","Xylariales","Diatrypaceae",NA,NA,1,"Unique 100% match","ASV1843",NA,NA,"Match","Match","Match","Match"
"404","ASV404","Fungi","Basidiomycota","Agaricomycetes",NA,NA,NA,NA,"Agaricomycetes","sSH1208252.09FU","0.9996300",NA,NA,NA,NA,NA,NA,NA,NA,NA,NA,NA,"Agaricomycetes","Fungi","Basidiomycota","Agaricomycetes",NA,NA,NA,NA,1,"Unique 100% match","ASV279",NA,NA,NA,NA,"Match","Match"
"405","ASV405","Fungi","Ascomycota","Dothideomycetes","Mycosphaerellales","Mycosphaerellaceae","Phaeophleospora","Phaeophleospora_hymenocallidicola","Phaeophleospora_hymenocallidicola","sSH0963610.09FU","0.7706501","Mycosphaerellaceae","1CB1CD75-36B9-11D5-9548-00D0592D548C","81043","9","Pathotroph-Saprotroph","Plant Pathogen-Undefined Saprotroph","Probable","Microfungus","NULL","Biotrophic, necrotrophic or saprobic on various plant tissues (Cannon & Kirk 2007)","Cannon PF, Kirk PM. 2007. Fungal Families of the World. CAB International, Cambridge (ISBN: 978-0851998275)","Phaeophleospora_hymenocallidicola","Fungi","Ascomycota","Dothideomycetes","Mycosphaerellales","Mycosphaerellaceae","Phaeophleospora","Phaeophleospora_hymenocallidicola",1,"Unique 100% match","ASV631","Match","Match","Match","Match","Match","Match"
"413","ASV413","Fungi","Ascomycota","Leotiomycetes","Erysiphales","Erysiphaceae","Podosphaera",NA,"Podosphaera","sSH2624355.09FU","0.7082591","Erysiphaceae","1CB1CD1B-36B9-11D5-9548-00D0592D548C","80754","9","Pathotroph","Plant Pathogen","Probable","Microfungus","NULL","Biotrophic, with affected plant tissues damaged but usually not killing outright (Cannon & Kirk 2007); Common name - powdery mildew","Cannon PF, Kirk PM. 2007. Fungal Families of the World. CAB International, Cambridge (ISBN: 978-0851998275)","Podosphaera","Fungi","Ascomycota","Leotiomycetes","Erysiphales","Erysiphaceae","Podosphaera","Podosphaera_astericola",1,"Unique 100% match","ASV5792",NA,"Match","Match","Match","Match","Match"
"415","ASV415","Fungi","Basidiomycota","Agaricomycetes","Polyporales","Meruliaceae","Phlebia","Phlebia_formosana","Phlebia_formosana","sSH1255403.09FU","0.9999999","Meruliaceae","9E12B0B5-1D82-4978-AF3D-6EC22C257619","89005","9","Pathotroph-Saprotroph","Plant Pathogen-Undefined Saprotroph","Probable","Corticioid-Polyporoid","NULL","Saprobic or parasitic on woody plants, causing a white rot (Cannon & Kirk 2007)","Cannon PF, Kirk PM. 2007. Fungal Families of the World. CAB International, Cambridge (ISBN: 978-0851998275)","Phlebia_formosana","Fungi","Basidiomycota","Agaricomycetes","Polyporales","Meruliaceae","Phlebia","Phlebia_formosana",2,"Multiple 100% matches","ASV1237;ASV548","Match","Match","Match","Match","Match","Match"
"417","ASV417","Fungi","Ascomycota","Dothideomycetes","Capnodiales","Cladosporiaceae","Verrucocladosporium",NA,"Verrucocladosporium",NA,"0.9989806","Cladosporiaceae","6EDCD6E4-DE4D-443D-AF6B-A572F626BD45","816548","9","Pathotroph-Saprotroph-Symbiotroph","Animal Pathogen-Endophyte-Lichen Parasite-Plant Pathogen-Wood Saprotroph","Possible","Microfungus","NULL","NULL","Seehann G, et al. 1975. List of Fungi in Soft-Rot Tissue Tests. Institute fur Holzbiologie und Holzschutz, Bundesforschungsanstalt fur Forst - und Holzwirtshaft, Hamburg - Lohbrugge, Germany; Lawrey JD, Diederich P. 2016. http://www.lichenicolous.net (accessed 24 May 2017) ((http://www.lichenicolous.net)); The American Phytopathological Society Common Names of Plant Diseases ((http://www.apsnet.org/publications/commonnames/Pages/default.aspx))","Verrucocladosporium","Fungi","Ascomycota","Dothideomycetes","Capnodiales","Cladosporiaceae","Verrucocladosporium",NA,1,"Unique 100% match","ASV3053",NA,"Match","Match","Match","Match","Match"
"418","ASV418","Fungi","Ascomycota","Dothideomycetes","Pleosporales","Periconiaceae","Periconia",NA,"Periconia",NA,"0.9999422","Periconia","1CB197FE-36B9-11D5-9548-00D0592D548C","9263","13","Pathotroph-Saprotroph-Symbiotroph","Endophyte-|Plant Pathogen|-Wood Saprotroph","Possible","Microfungus","Soft Rot"," Asteraceae, Musaceae (Costa et al. 2012); As foliar_endophyte (Põlme et al. 2020); Dark Septate Endophyte, known from plant roots (Mandyam et al. 2010); Endophyte Host ; Decay leaf, fruit, seed (Põlme et al. 2020)","Duncan CG, Eslyn WE. 1966. Mycologia 58:642-645 ((https://doi.org/10.2307/3757045)); Costa IPMW, et al. 2012. Mycotaxon 119:e26 ((http://mycotaxon.com/resources/checklists/costa_v119_checklist.pdf)); Põlme S, et al. 2020. Fungal Diversity 105:1-16 ((https://doi.org/10.1007/s13225-020-00466-2)); Mandyam K, et al. 2012. Mycorrhiza 22:109-119 ((https://doi.org/10.1007/s00572-011-0386-y)); Knapp DG, et al. 2012. PLOS ONE 7:e32570 (( https://doi.org/10.1371/journal.pone.0032570)); The American Phytopathological Society Common Names of Plant Diseases ((http://www.apsnet.org/publications/commonnames/Pages/default.aspx))","Periconia","Fungi","Ascomycota","Dothideomycetes","Pleosporales","Periconiaceae","Periconia",NA,1,"Unique 100% match","ASV703",NA,"Match","Match","Match","Match","Match"
"419","ASV419","Fungi","Basidiomycota","Agaricomycetes","Cantharellales","Botryobasidiaceae","Botryobasidium",NA,"Botryobasidium",NA,"0.9852984","Botryobasidiaceae","1CB1CCD1-36B9-11D5-9548-00D0592D548C","81744","9","Saprotroph","Undefined Saprotroph-Wood Saprotroph","Probable","Corticioid","NULL","Saprobic, typically on rotten wood (Cannon & Kirk 2007)","Cannon PF, Kirk PM. 2007. Fungal Families of the World. CAB International, Cambridge (ISBN: 978-0851998275)","Botryobasidium","Fungi","Basidiomycota","Agaricomycetes","Cantharellales","Botryobasidiaceae","Botryobasidium",NA,3,"Multiple 100% matches","ASV2823;ASV549;ASV614",NA,"Match","Match","Match","Match","Match"
"420","ASV420","Fungi","Ascomycota","Sordariomycetes","Trichosphaeriales","Trichosphaeriaceae","Nigrospora",NA,"Nigrospora","sSH1069294.09FU","0.9945184","Nigrospora","1CB19645-36B9-11D5-9548-00D0592D548C","9124","13","Saprotroph","|Plant Saprotroph|-Undefined Saprotroph","Probable","Microfungus","NULL","As litter_saprotroph (Põlme et al. 2020); Decay leaf, fruit, seed (Põlme et al. 2020)","Tedersoo L, et al. 2014. Science 346:e1256688 ((https://doi.org/10.1126/science.1256688)); Põlme S, et al. 2020. Fungal Diversity 105:1-16 ((https://doi.org/10.1007/s13225-020-00466-2))","Nigrospora","Fungi","Ascomycota","Sordariomycetes","Trichosphaeriales","Trichosphaeriaceae","Nigrospora",NA,1,"Unique 100% match","ASV1379",NA,"Match","Match","Match","Match","Match"
"422","ASV422","Fungi",NA,NA,NA,NA,NA,NA,NA,NA,"0.9255387",NA,NA,NA,NA,NA,NA,NA,NA,NA,NA,NA,NA,"Fungi","Basidiomycota","Agaricomycetes","Hymenochaetales","Rickenellaceae","Sidera",NA,1,"Unique 100% match","ASV3733",NA,NA,NA,NA,NA,NA
"423","ASV423","Fungi","Basidiomycota","Agaricomycetes","Russulales","Wrightoporiaceae","Wrightoporia","Wrightoporia_austrosinensis","Wrightoporia_austrosinensis","sSH1323069.09FU","1.0000000","Wrightoporia","1CB1CC82-36B9-11D5-9548-00D0592D548C","18750","13","Saprotroph","|Wood Saprotroph|","Highly Probable","Corticioid","White Rot","As white_rot (Põlme et al. 2020); Decay wood (Põlme et al. 2020)","Gilbertson RL, Ryvarden L. 1987-1987. North American Polypores. Fungiflora, Oslo (ISBN: 978-0945345060); Põlme S, et al. 2020. Fungal Diversity 105:1-16 ((https://doi.org/10.1007/s13225-020-00466-2))","Wrightoporia_austrosinensis","Fungi","Basidiomycota","Agaricomycetes","Russulales","Wrightoporiaceae","Wrightoporia","Wrightoporia_austrosinensis",2,"Multiple 100% matches","ASV182;ASV7556","Match","Match","Match","Match","Match","Match"
"424","ASV424","Fungi","Ascomycota","Eurotiomycetes","Eurotiales","Aspergillaceae","Penicillium",NA,"Penicillium",NA,"0.8552808","Eurotiales","1CB1CE25-36B9-11D5-9548-00D0592D548C","90472","7","Saprotroph","Undefined Saprotroph","Possible","Microfungus","NULL","NULL","Sterkenburg E, et al. 2015. New Phytologist 207:1145-1158 ((https://doi.org/10.1111/nph.13426))","Penicillium","Fungi","Ascomycota","Eurotiomycetes","Eurotiales","Aspergillaceae","Penicillium","Penicillium_ellipsoideosporum",1,"Unique 100% match","ASV789",NA,"Match","Match","Match","Match","Match"
"425","ASV425","Fungi",NA,NA,NA,NA,NA,NA,NA,NA,"1.0000000",NA,NA,NA,NA,NA,NA,NA,NA,NA,NA,NA,NA,"Fungi","Basidiomycota","Agaricomycetes","Agaricales","Clavariaceae",NA,NA,4,"Multiple 100% matches","ASV1125;ASV1940;ASV4716;ASV5795",NA,NA,NA,NA,NA,NA
"426","ASV426","Fungi","Basidiomycota","Agaricomycetes","Polyporales","Meruliaceae","Aurantiporus","Aurantiporus_fissilis","Aurantiporus_fissilis","sSH1020165.09FU","0.9931861","Meruliaceae","9E12B0B5-1D82-4978-AF3D-6EC22C257619","89005","9","Pathotroph-Saprotroph","Plant Pathogen-Undefined Saprotroph","Probable","Corticioid-Polyporoid","NULL","Saprobic or parasitic on woody plants, causing a white rot (Cannon & Kirk 2007)","Cannon PF, Kirk PM. 2007. Fungal Families of the World. CAB International, Cambridge (ISBN: 978-0851998275)","Aurantiporus_fissilis","Fungi","Basidiomycota","Agaricomycetes","Polyporales","Meruliaceae","Aurantiporus","Aurantiporus_fissilis",1,"Unique 100% match","ASV359","Match","Match","Match","Match","Match","Match"
"429","ASV429","Fungi","Basidiomycota","Agaricomycetes","Agaricales","Tricholomataceae","Resupinatus","Resupinatus_americanus","Resupinatus_americanus","sSH1217733.09FU","1.0000000","Tricholomataceae","008764C7-3F16-4577-B343-C50EF7B78211","81487","9","Pathotroph-Symbiotroph","Ectomycorrhizal-Fungal Parasite","Probable","Agaricoid","NULL","Tricholoma species are ectomycorrhizal, occurring in coniferous and broadleaved forests (Cannon & Kirk 2007); T. sclerotoideum is parasitic on Helvella spp.","Cannon PF, Kirk PM. 2007. Fungal Families of the World. CAB International, Cambridge (ISBN: 978-0851998275)","Resupinatus_americanus","Fungi","Basidiomycota","Agaricomycetes","Agaricales","Tricholomataceae","Resupinatus","Resupinatus_americanus",5,"Multiple 100% matches","ASV1180;ASV5794;ASV6895;ASV7065;ASV7395","Match","Match","Match","Match","Match","Match"
"430","ASV430","Fungi","Basidiomycota","Agaricomycetes","Russulales","Auriscalpiaceae","Lentinellus","Lentinellus_castoreus","Lentinellus_castoreus",NA,"0.9999982","Auriscalpiaceae","1CB1CCC4-36B9-11D5-9548-00D0592D548C","80506","9","Pathotroph-Saprotroph","Plant Pathogen-Wood Saprotroph","Probable","Hydnoid","White Rot","Saprobic or parasitic, on wood of gymnosperms and angiosperms, producing white rots (Cannon & Kirk 2007)","Cannon PF, Kirk PM. 2007. Fungal Families of the World. CAB International, Cambridge (ISBN: 978-0851998275)","Lentinellus_castoreus","Fungi","Basidiomycota","Agaricomycetes","Russulales","Auriscalpiaceae","Lentinellus","Lentinellus_castoreus",1,"Unique 100% match","ASV2525","Match","Match","Match","Match","Match","Match"
"434","ASV434","Fungi","Basidiomycota","Agaricomycetes","Auriculariales","Exidiaceae","Basidiodendron",NA,"Basidiodendron","sSH1023643.09FU","0.9880706","Basidiodendron","1CB1C4F5-36B9-11D5-9548-00D0592D548C","17148","13","Saprotroph","Undefined Saprotroph-|Wood Saprotroph|","Probable","Corticioid","NULL","Decay wood (Põlme et al. 2020)","Tedersoo L, et al. 2014. Science 346:e1256688 ((https://doi.org/10.1126/science.1256688)); Põlme S, et al. 2020. Fungal Diversity 105:1-16 ((https://doi.org/10.1007/s13225-020-00466-2))","Basidiodendron","Fungi","Basidiomycota","Agaricomycetes","Auriculariales","Exidiaceae","Basidiodendron",NA,2,"Multiple 100% matches","ASV1207;ASV2375",NA,"Match","Match","Match","Match","Match"
"436","ASV436","Fungi","Basidiomycota","Agaricomycetes","Auriculariales","Exidiaceae","Basidiodendron",NA,"Basidiodendron","sSH1023643.09FU","0.9968956","Basidiodendron","1CB1C4F5-36B9-11D5-9548-00D0592D548C","17148","13","Saprotroph","Undefined Saprotroph-|Wood Saprotroph|","Probable","Corticioid","NULL","Decay wood (Põlme et al. 2020)","Tedersoo L, et al. 2014. Science 346:e1256688 ((https://doi.org/10.1126/science.1256688)); Põlme S, et al. 2020. Fungal Diversity 105:1-16 ((https://doi.org/10.1007/s13225-020-00466-2))","Basidiodendron","Fungi","Basidiomycota","Agaricomycetes","Auriculariales","Exidiaceae","Basidiodendron",NA,1,"Unique 100% match","ASV1228",NA,"Match","Match","Match","Match","Match"
"437","ASV437","Fungi","Ascomycota","Eurotiomycetes","Chaetothyriales","Herpotrichiellaceae","Exophiala","Exophiala_bergeri","Exophiala_bergeri","sSH1165417.09FU","0.8234104","Herpotrichiellaceae","1CB1CD37-36B9-11D5-9548-00D0592D548C","80856","9","Pathotroph-Saprotroph","Animal Pathogen-Fungal Parasite-Undefined Saprotroph","Probable","Facultative Yeast-Microfungus","NULL","Mostly saprobic on plants or other fungi, isolated from soil etc., and from medical sources (Cannon & Kirk 2007)","Cannon PF, Kirk PM. 2007. Fungal Families of the World. CAB International, Cambridge (ISBN: 978-0851998275)","Exophiala_bergeri","Fungi","Ascomycota","Eurotiomycetes","Chaetothyriales","Herpotrichiellaceae","Exophiala","Exophiala_bergeri",3,"Multiple 100% matches","ASV237;ASV4824;ASV5387","Match","Match","Match","Match","Match","Match"
"440","ASV440","Fungi","Basidiomycota","Agaricomycetes","Auriculariales","Exidiaceae","Basidiodendron",NA,"Basidiodendron","sSH1023643.09FU","0.9976424","Basidiodendron","1CB1C4F5-36B9-11D5-9548-00D0592D548C","17148","13","Saprotroph","Undefined Saprotroph-|Wood Saprotroph|","Probable","Corticioid","NULL","Decay wood (Põlme et al. 2020)","Tedersoo L, et al. 2014. Science 346:e1256688 ((https://doi.org/10.1126/science.1256688)); Põlme S, et al. 2020. Fungal Diversity 105:1-16 ((https://doi.org/10.1007/s13225-020-00466-2))","Basidiodendron","Fungi","Basidiomycota","Agaricomycetes","Auriculariales","Exidiaceae","Basidiodendron",NA,1,"Unique 100% match","ASV6413",NA,"Match","Match","Match","Match","Match"
"441","ASV441","Fungi",NA,NA,NA,NA,NA,NA,NA,NA,"0.9589940",NA,NA,NA,NA,NA,NA,NA,NA,NA,NA,NA,NA,"Fungi","Basidiomycota","Agaricomycetes",NA,NA,NA,NA,2,"Multiple 100% matches","ASV1701;ASV4744",NA,NA,NA,NA,NA,NA
"442","ASV442","Fungi","Basidiomycota","Agaricomycetes","Polyporales","Fomitopsidaceae","Tyromyces","Tyromyces_galactinus","Tyromyces_galactinus","sSH1257604.09FU","0.9999906","Fomitopsidaceae","1CB1CD22-36B9-11D5-9548-00D0592D548C","81772","9","Pathotroph-Saprotroph","Plant Pathogen-Wood Saprotroph","Probable","Polyporoid","Brown Rot","Most species are parasitic on woody plants, causing brown rots (Cannon & Kirk 2007)","Cannon PF, Kirk PM. 2007. Fungal Families of the World. CAB International, Cambridge (ISBN: 978-0851998275)","Tyromyces_galactinus","Fungi","Basidiomycota","Agaricomycetes","Polyporales","Fomitopsidaceae","Tyromyces","Tyromyces_galactinus",1,"Unique 100% match","ASV6558","Match","Match","Match","Match","Match","Match"
"445","ASV445","Fungi","Ascomycota",NA,NA,NA,NA,NA,"Ascomycota","sSH1329199.09FU","0.9476466",NA,NA,NA,NA,NA,NA,NA,NA,NA,NA,NA,"Ascomycota","Fungi","Ascomycota","Dothideomycetes","Capnodiales",NA,NA,NA,4,"Multiple 100% matches","ASV2966;ASV7485;ASV8263;ASV968",NA,NA,NA,NA,NA,"Match"
"446","ASV446","Fungi","Basidiomycota","Agaricomycetes","Russulales","Peniophoraceae","Peniophora","Peniophora_bicornis","Peniophora_bicornis","sSH1068927.09FU","0.9999997","Peniophoraceae","1CB1CD8B-36B9-11D5-9548-00D0592D548C","81123","9","Pathotroph-Saprotroph","Plant Pathogen-Wood Saprotroph","Probable","Corticioid","White Rot","Most species are saprobic, causing rots of standing and fallen wood. Many species are adapted to xeric conditions, being able to grow on rapidly drying dead attached branches (Cannon & Kirk 2007)","Cannon PF, Kirk PM. 2007. Fungal Families of the World. CAB International, Cambridge (ISBN: 978-0851998275)","Peniophora_bicornis","Fungi","Basidiomycota","Agaricomycetes","Russulales","Peniophoraceae","Peniophora","Peniophora_bicornis",2,"Multiple 100% matches","ASV519;ASV5441","Match","Match","Match","Match","Match","Match"
"447","ASV447","Fungi","Basidiomycota","Agaricomycetes","Russulales","Peniophoraceae","Peniophora","Peniophora_bicornis","Peniophora_bicornis","sSH1068927.09FU","0.9999650","Peniophoraceae","1CB1CD8B-36B9-11D5-9548-00D0592D548C","81123","9","Pathotroph-Saprotroph","Plant Pathogen-Wood Saprotroph","Probable","Corticioid","White Rot","Most species are saprobic, causing rots of standing and fallen wood. Many species are adapted to xeric conditions, being able to grow on rapidly drying dead attached branches (Cannon & Kirk 2007)","Cannon PF, Kirk PM. 2007. Fungal Families of the World. CAB International, Cambridge (ISBN: 978-0851998275)","Peniophora_bicornis","Fungi","Basidiomycota","Agaricomycetes","Russulales","Peniophoraceae","Peniophora","Peniophora_bicornis",3,"Multiple 100% matches","ASV1224;ASV1497;ASV1687","Match","Match","Match","Match","Match","Match"
"452","ASV452","Fungi","Basidiomycota","Agaricomycetes","Polyporales","Polyporaceae","Dichomitus","Dichomitus_squalens","Dichomitus_squalens","sSH1248919.09FU","0.9966205","Polyporaceae","1CB19B17-36B9-11D5-9548-00D0592D548C","81203","9","Saprotroph","Wood Saprotroph","Probable","Polyporoid","Brown Rot-White Rot","Lignicolous, causing brown or white rot, mostly of broadleaved trees (Cannon & Kirk 2007)","Cannon PF, Kirk PM. 2007. Fungal Families of the World. CAB International, Cambridge (ISBN: 978-0851998275)","Dichomitus_squalens","Fungi","Basidiomycota","Agaricomycetes","Polyporales","Polyporaceae","Dichomitus","Dichomitus_squalens",6,"Multiple 100% matches","ASV1647;ASV2651;ASV438;ASV490;ASV5879;ASV856","Match","Match","Match","Match","Match","Match"
"453","ASV453","Fungi","Basidiomycota","Agaricomycetes","Polyporales","Phanerochaetaceae","Bjerkandera","Bjerkandera_adusta","Bjerkandera_adusta","sSH1177901.09FU","0.9701065","Bjerkandera","1CB1C50E-36B9-11D5-9548-00D0592D548C","17160","13","Pathotroph-Saprotroph-Symbiotroph","Endophyte-Plant Pathogen-|Wood Saprotroph|","Highly Probable","Polyporoid","White Rot","As root_endophyte_dark_septate (Põlme et al. 2020); As white_rot (Põlme et al. 2020); As wood_pathogen (Põlme et al. 2020); Decay wood (Põlme et al. 2020)","Gilbertson RL, Ryvarden L. 1987-1987. North American Polypores. Fungiflora, Oslo (ISBN: 978-0945345060); Põlme S, et al. 2020. Fungal Diversity 105:1-16 ((https://doi.org/10.1007/s13225-020-00466-2))","Bjerkandera_adusta","Fungi","Basidiomycota","Agaricomycetes","Polyporales","Phanerochaetaceae","Bjerkandera","Bjerkandera_adusta",3,"Multiple 100% matches","ASV1131;ASV1564;ASV367","Match","Match","Match","Match","Match","Match"
"454","ASV454","Fungi","Ascomycota","Lecanoromycetes","Baeomycetales","Trapeliaceae","Placynthiella",NA,"Placynthiella","sSH0972465.09FU","0.9999962","Trapeliaceae","B3468AF4-02A6-4552-8112-8967C1D281EF","81480","9","Symbiotroph","Lichenized","Probable","Thallus","NULL","NULL","Hertel H. 1970. Vorträge aus dem Gesamtgebiet der Botanik 4:171-185","Placynthiella","Fungi","Ascomycota","Lecanoromycetes","Baeomycetales","Trapeliaceae","Placynthiella",NA,2,"Multiple 100% matches","ASV6016;ASV6222",NA,"Match","Match","Match","Match","Match"
"456","ASV456","Fungi","Basidiomycota","Agaricomycetes","Polyporales","Irpicaceae","Ceriporia","Ceriporia_lacerata","Ceriporia_lacerata","sSH1142630.09FU","0.9999324","Ceriporia","1CB1C611-36B9-11D5-9548-00D0592D548C","17267","13","Saprotroph","|Wood Saprotroph|","Highly Probable","Corticioid","White Rot","As white_rot (Põlme et al. 2020); Decay wood (Põlme et al. 2020)","Tedersoo L, et al. 2014. Science 346:e1256688 ((https://doi.org/10.1126/science.1256688)); Põlme S, et al. 2020. Fungal Diversity 105:1-16 ((https://doi.org/10.1007/s13225-020-00466-2))","Ceriporia_lacerata","Fungi","Basidiomycota","Agaricomycetes","Polyporales","Irpicaceae","Ceriporia","Ceriporia_lacerata",1,"Unique 100% match","ASV2768","Match","Match","Match","Match","Match","Match"
"457","ASV457","Fungi","Ascomycota","Eurotiomycetes","Eurotiales","Aspergillaceae","Penicillium","Penicillium_sumatraense","Penicillium_sumatraense","sSH0884459.09FU","0.9854921","Eurotiales","1CB1CE25-36B9-11D5-9548-00D0592D548C","90472","7","Saprotroph","Undefined Saprotroph","Possible","Microfungus","NULL","NULL","Sterkenburg E, et al. 2015. New Phytologist 207:1145-1158 ((https://doi.org/10.1111/nph.13426))","Penicillium_sumatraense","Fungi","Ascomycota","Eurotiomycetes","Eurotiales","Aspergillaceae","Penicillium","Penicillium_sumatraense",2,"Multiple 100% matches","ASV1664;ASV343","Match","Match","Match","Match","Match","Match"
"462","ASV462","Fungi","Ascomycota","Dothideomycetes","Pleosporales","Lentitheciaceae",NA,NA,"Lentitheciaceae","sSH1169448.09FU","0.9979663",NA,NA,NA,NA,NA,NA,NA,NA,NA,NA,NA,"Lentitheciaceae","Fungi","Ascomycota","Dothideomycetes","Pleosporales","Lentitheciaceae",NA,NA,1,"Unique 100% match","ASV3466",NA,NA,"Match","Match","Match","Match"
"469","ASV469","Fungi","Basidiomycota","Tremellomycetes","Tremellales","Bulleribasidiaceae","Hannaella","Hannaella_sinensis","Hannaella_sinensis","sSH1003194.09FU","0.7722225","Tremellales","1CB1CE64-36B9-11D5-9548-00D0592D548C","90451","7","Pathotroph-Saprotroph-Symbiotroph","Fungal Parasite-Undefined Saprotroph","Possible","Tremelloid-Yeast","NULL","The order contains both teleomorphic and anamorphic species, most of the latter being yeasts","Sterkenburg E, et al. 2015. New Phytologist 207:1145-1158 ((https://doi.org/10.1111/nph.13426))","Hannaella_sinensis","Fungi","Basidiomycota","Tremellomycetes","Tremellales","Bulleribasidiaceae","Hannaella","Hannaella_sinensis",1,"Unique 100% match","ASV5331","Match","Match","Match","Match","Match","Match"
"471","ASV471","Fungi","Basidiomycota","Agaricomycetes","Russulales","Bondarzewiaceae","Heterobasidion","Heterobasidion_irregulare","Heterobasidion_irregulare","sSH1236129.09FU","0.9960097","Bondarzewiaceae","1CB1CCCF-36B9-11D5-9548-00D0592D548C","80527","9","Pathotroph-Saprotroph","Plant Pathogen-Wood Saprotroph","Probable","Polyporoid","White Rot","Parasitic or saprobic on wood of gymnosperms and angiosperms, causing white rot (Cannon & Kirk 2007)","Cannon PF, Kirk PM. 2007. Fungal Families of the World. CAB International, Cambridge (ISBN: 978-0851998275)","Heterobasidion_irregulare","Fungi","Basidiomycota","Agaricomycetes","Russulales","Bondarzewiaceae","Heterobasidion","Heterobasidion_irregulare",4,"Multiple 100% matches","ASV4844;ASV5103;ASV7078;ASV93","Match","Match","Match","Match","Match","Match"
"472","ASV472","Fungi","Basidiomycota","Agaricomycetes","Russulales","Peniophoraceae","Peniophora","Peniophora_bicornis","Peniophora_bicornis","sSH1068927.09FU","0.8492556","Peniophoraceae","1CB1CD8B-36B9-11D5-9548-00D0592D548C","81123","9","Pathotroph-Saprotroph","Plant Pathogen-Wood Saprotroph","Probable","Corticioid","White Rot","Most species are saprobic, causing rots of standing and fallen wood. Many species are adapted to xeric conditions, being able to grow on rapidly drying dead attached branches (Cannon & Kirk 2007)","Cannon PF, Kirk PM. 2007. Fungal Families of the World. CAB International, Cambridge (ISBN: 978-0851998275)","Peniophora_bicornis","Fungi","Basidiomycota","Agaricomycetes","Russulales","Peniophoraceae","Peniophora","Peniophora_bicornis",3,"Multiple 100% matches","ASV2122;ASV752;ASV786","Match","Match","Match","Match","Match","Match"
"474","ASV474","Fungi","Ascomycota","Dothideomycetes","Mycosphaerellales","Teratosphaeriaceae",NA,NA,"Teratosphaeriaceae",NA,"1.0000000","Teratosphaeriaceae","87A3FDCC-E75C-4F2E-B987-C7579847CE32","504465","9","Pathotroph-Saprotroph","Animal Pathogen-Plant Pathogen-Undefined Saprotroph","Probable","NULL","NULL","Includes numerous saprobic, extremophilic, human opportunistic, and plant pathogenic fungi (Quaedvlieg et al. 2014)","Quaedvlieg W, et al. 2014. Persoonia 3:31-40 ((https://doi.org/10.3767/003158514X681981))","Teratosphaeriaceae","Fungi","Ascomycota","Dothideomycetes","Mycosphaerellales","Teratosphaeriaceae",NA,NA,1,"Unique 100% match","ASV3978",NA,NA,"Match","Match","Match","Match"
"477","ASV477","Fungi","Basidiomycota","Agaricomycetes","Agaricales",NA,NA,NA,"Agaricales","sSH1095199.09FU","0.7074450","Agaricales","715D162F-5F0E-40C8-A7DC-79D488D3F937","90508","7","Pathotroph-Saprotroph-Symbiotroph","Bryophyte Parasite-Dung Saprotroph-Ectomycorrhizal-Fungal Parasite-Leaf Saprotroph-Plant Parasite-Undefined Saprotroph-Wood Saprotroph","Possible","Agaricoid-Gasteroid-Microfungus-Secotioid-Yeast","NULL","Mushrooms and toadstools, Gill fungi, Agarics... lignicolous, sometimes muscicolous or fungicolous, saprobic, mycorrhizal, rarely parasitic on plants or fungi (Kirk et al. 2008)","Kirk PM et al. 2008. Dictionary of the Fungi. Tenth Edition. CAB International, Wallingford (ISBN: 978-0851998268)","Agaricales","Fungi","Basidiomycota","Agaricomycetes","Agaricales",NA,NA,NA,1,"Unique 100% match","ASV2683",NA,NA,NA,"Match","Match","Match"
"478","ASV478","Fungi","Ascomycota","Dothideomycetes",NA,NA,"Radulidium",NA,"Radulidium","sSH1170247.09FU","0.8728660","Radulidium","988F46F7-CD82-46AD-A417-6F4D2199FDBE","504566","13","Pathotroph-Saprotroph","Fungal Parasite-|Undefined Saprotroph|","Probable","Microfungus","NULL","As mycoparasite (Põlme et al. 2020)","Põlme S, et al. 2020. Fungal Diversity 105:1-16 ((https://doi.org/10.1007/s13225-020-00466-2))","Radulidium","Fungi","Ascomycota","Dothideomycetes",NA,NA,NA,NA,1,"Unique 100% match","ASV7371",NA,NA,NA,NA,"Match","Match"
"479","ASV479","Fungi","Basidiomycota","Agaricomycetes","Trechisporales","Hydnodontaceae","Trechispora",NA,"Trechispora","sSH1300239.09FU","0.7869169","Trechispora","1CB1CC1A-36B9-11D5-9548-00D0592D548C","18664","13","Saprotroph","|Wood Saprotroph|","Highly Probable","Corticioid","White Rot","As white_rot (Põlme et al. 2020); Decay wood (Põlme et al. 2020)","Gilbertson RL, Ryvarden L. 1987-1987. North American Polypores. Fungiflora, Oslo (ISBN: 978-0945345060); Rinaldi AC, et al. 2008. Fungal Diversity 33:1-45 ((http://www.fungaldiversity.org/fdp/sfdp/33-1.pdf)) (as Uncertain); Tedersoo L, et al. 2010. Mycorrhiza 20:217-263 ((https://doi.org/10.1007/s00572-009-0274-x)) (as not ECM).; Põlme S, et al. 2020. Fungal Diversity 105:1-16 ((https://doi.org/10.1007/s13225-020-00466-2))","Trechispora","Fungi","Basidiomycota","Agaricomycetes","Trechisporales","Hydnodontaceae","Trechispora",NA,1,"Unique 100% match","ASV2540",NA,"Match","Match","Match","Match","Match"
"482","ASV482","Fungi","Basidiomycota","Agaricomycetes","Corticiales","Vuilleminiaceae","Vuilleminia",NA,"Vuilleminia","sSH1265472.09FU","0.9999998","Vuilleminia","1CB1CC74-36B9-11D5-9548-00D0592D548C","18743","13","Pathotroph-Saprotroph","Plant Pathogen-Undefined Saprotroph-|Wood Saprotroph|","Probable","Corticioid","White Rot","As white_rot (Põlme et al. 2020); As wood_pathogen (Põlme et al. 2020); Decay wood (Põlme et al. 2020)","Tedersoo L, et al. 2014. Science 346:e1256688 ((https://doi.org/10.1126/science.1256688)); Põlme S, et al. 2020. Fungal Diversity 105:1-16 ((https://doi.org/10.1007/s13225-020-00466-2))","Vuilleminia","Fungi","Basidiomycota","Agaricomycetes","Corticiales","Vuilleminiaceae","Vuilleminia",NA,2,"Multiple 100% matches","ASV348;ASV5880",NA,"Match","Match","Match","Match","Match"
"484","ASV484","Fungi","Basidiomycota","Atractiellomycetes","Atractiellales","Phleogenaceae","Atractidochium","Atractidochium_hillariae","Atractidochium_hillariae","sSH0983572.09FU","1.0000000","Atractidochium","FF07EE21-B165-43D3-B994-37D3FDC5DB6A","824356","13","Symbiotroph","|Endophyte|","Probable","Microfungus","NULL","As foliar_endophyte (Põlme et al. 2020); Decay leaf, fruit, seed (Põlme et al. 2020)","Põlme S, et al. 2020. Fungal Diversity 105:1-16 ((https://doi.org/10.1007/s13225-020-00466-2))","Atractidochium_hillariae","Fungi","Basidiomycota","Atractiellomycetes","Atractiellales","Phleogenaceae","Atractidochium","Atractidochium_hillariae",2,"Multiple 100% matches","ASV357;ASV6950","Match","Match","Match","Match","Match","Match"
"485","ASV485","Fungi","Basidiomycota","Agaricomycetes","Polyporales",NA,NA,NA,"Polyporales","sSH1112175.09FU","0.9982639",NA,NA,NA,NA,NA,NA,NA,NA,NA,NA,NA,"Polyporales","Fungi","Basidiomycota","Agaricomycetes","Polyporales",NA,NA,NA,3,"Multiple 100% matches","ASV1565;ASV601;ASV6099",NA,NA,NA,"Match","Match","Match"
"486","ASV486","Fungi","Basidiomycota","Agaricomycetes","Polyporales","Meruliaceae",NA,NA,"Meruliaceae","sSH1255433.09FU","0.9949978","Meruliaceae","9E12B0B5-1D82-4978-AF3D-6EC22C257619","89005","9","Pathotroph-Saprotroph","Plant Pathogen-Undefined Saprotroph","Probable","Corticioid-Polyporoid","NULL","Saprobic or parasitic on woody plants, causing a white rot (Cannon & Kirk 2007)","Cannon PF, Kirk PM. 2007. Fungal Families of the World. CAB International, Cambridge (ISBN: 978-0851998275)","Meruliaceae","Fungi","Basidiomycota","Agaricomycetes","Polyporales","Meruliaceae",NA,NA,2,"Multiple 100% matches","ASV5531;ASV815",NA,NA,"Match","Match","Match","Match"
"487","ASV487","Fungi","Basidiomycota","Agaricomycetes","Agaricales","Tricholomataceae","Resupinatus","Resupinatus_americanus","Resupinatus_americanus","sSH1217733.09FU","1.0000000","Tricholomataceae","008764C7-3F16-4577-B343-C50EF7B78211","81487","9","Pathotroph-Symbiotroph","Ectomycorrhizal-Fungal Parasite","Probable","Agaricoid","NULL","Tricholoma species are ectomycorrhizal, occurring in coniferous and broadleaved forests (Cannon & Kirk 2007); T. sclerotoideum is parasitic on Helvella spp.","Cannon PF, Kirk PM. 2007. Fungal Families of the World. CAB International, Cambridge (ISBN: 978-0851998275)","Resupinatus_americanus","Fungi","Basidiomycota","Agaricomycetes","Agaricales","Tricholomataceae","Resupinatus","Resupinatus_americanus",2,"Multiple 100% matches","ASV3075;ASV3450","Match","Match","Match","Match","Match","Match"
"488","ASV488","Fungi","Basidiomycota","Agaricomycetes",NA,NA,NA,NA,"Agaricomycetes","sSH0919881.09FU","0.9999990",NA,NA,NA,NA,NA,NA,NA,NA,NA,NA,NA,"Agaricomycetes","Fungi","Basidiomycota","Agaricomycetes",NA,NA,NA,NA,1,"Unique 100% match","ASV450",NA,NA,NA,NA,"Match","Match"
"489","ASV489","Fungi",NA,NA,NA,NA,NA,NA,NA,NA,"0.8336011",NA,NA,NA,NA,NA,NA,NA,NA,NA,NA,NA,NA,"Fungi","Basidiomycota","Agaricostilbomycetes",NA,NA,NA,NA,1,"Unique 100% match","ASV1434",NA,NA,NA,NA,NA,NA
"494","ASV494","Fungi","Basidiomycota","Agaricomycetes","Cantharellales","Botryobasidiaceae","Botryobasidium",NA,"Botryobasidium",NA,"0.9782777","Botryobasidiaceae","1CB1CCD1-36B9-11D5-9548-00D0592D548C","81744","9","Saprotroph","Undefined Saprotroph-Wood Saprotroph","Probable","Corticioid","NULL","Saprobic, typically on rotten wood (Cannon & Kirk 2007)","Cannon PF, Kirk PM. 2007. Fungal Families of the World. CAB International, Cambridge (ISBN: 978-0851998275)","Botryobasidium","Fungi","Basidiomycota","Agaricomycetes","Cantharellales","Botryobasidiaceae","Botryobasidium",NA,2,"Multiple 100% matches","ASV1723;ASV1867",NA,"Match","Match","Match","Match","Match"
"495","ASV495","Fungi","Ascomycota","Sordariomycetes","Xylariales","Diatrypaceae",NA,NA,"Diatrypaceae",NA,"0.9958523","Diatrypaceae","1CB1CD09-36B9-11D5-9548-00D0592D548C","80692","9","Pathotroph-Saprotroph","Plant Pathogen-Plant Saprotroph","Probable","Microfungus","NULL","Saprobes and (usually) weak parasites in wood and bark (Cannon & Kirk 2007)","Cannon PF, Kirk PM. 2007. Fungal Families of the World. CAB International, Cambridge (ISBN: 978-0851998275)","Diatrypaceae","Fungi","Ascomycota","Sordariomycetes","Xylariales","Diatrypaceae",NA,NA,1,"Unique 100% match","ASV1692",NA,NA,"Match","Match","Match","Match"
"497","ASV497","Fungi","Ascomycota",NA,NA,NA,NA,NA,"Ascomycota",NA,"0.9007810",NA,NA,NA,NA,NA,NA,NA,NA,NA,NA,NA,"Ascomycota","Fungi",NA,NA,NA,NA,NA,NA,1,"Unique 100% match","ASV4599",NA,NA,NA,NA,NA,NA
"499","ASV499","Fungi","Basidiomycota","Agaricomycetes","Hymenochaetales","Schizoporaceae","Xylodon","Xylodon_chinensis","Xylodon_chinensis","sSH1236548.09FU","0.9998185","Schizoporaceae","1CB1CDC9-36B9-11D5-9548-00D0592D548C","80038","9","Saprotroph","Wood Saprotroph","Probable","Corticioid","White Rot","Saprobic, causing white rot of standing and fallen wood of coniferous and broadleaved trees, rarely on herbaceous stems (Cannon & Kirk 2007)","Cannon PF, Kirk PM. 2007. Fungal Families of the World. CAB International, Cambridge (ISBN: 978-0851998275)","Xylodon_chinensis","Fungi","Basidiomycota","Agaricomycetes","Hymenochaetales","Schizoporaceae","Xylodon","Xylodon_chinensis",1,"Unique 100% match","ASV371","Match","Match","Match","Match","Match","Match"
"500","ASV500","Fungi","Basidiomycota","Agaricomycetes","Hymenochaetales",NA,"Skvortzovia","Skvortzovia_pinicola","Skvortzovia_pinicola","sSH1135752.09FU","1.0000000","Skvortzovia","A047BE52-9557-40F8-96C4-FE4378E1D7D6","14446","13","Saprotroph","Undefined Saprotroph-|Wood Saprotroph|","Probable","Corticioid","White Rot","As white_rot (Põlme et al. 2020); Decay wood (Põlme et al. 2020)","Tedersoo L, et al. 2014. Science 346:e1256688 ((https://doi.org/10.1126/science.1256688)); Põlme S, et al. 2020. Fungal Diversity 105:1-16 ((https://doi.org/10.1007/s13225-020-00466-2))","Skvortzovia_pinicola","Fungi","Basidiomycota","Agaricomycetes","Hymenochaetales",NA,"Skvortzovia","Skvortzovia_pinicola",1,"Unique 100% match","ASV336","Match","Match",NA,"Match","Match","Match"
"501","ASV501","Fungi",NA,NA,NA,NA,NA,NA,NA,"sSH1077781.09FU","0.9927613",NA,NA,NA,NA,NA,NA,NA,NA,NA,NA,NA,NA,"Fungi",NA,NA,NA,NA,NA,NA,1,"Unique 100% match","ASV293",NA,NA,NA,NA,NA,NA
"505","ASV505","Fungi","Basidiomycota","Agaricomycetes",NA,NA,NA,NA,"Agaricomycetes","sSH1047030.09FU","1.0000000",NA,NA,NA,NA,NA,NA,NA,NA,NA,NA,NA,"Agaricomycetes","Fungi","Basidiomycota","Agaricomycetes",NA,NA,NA,NA,1,"Unique 100% match","ASV2895",NA,NA,NA,NA,"Match","Match"
"508","ASV508","Fungi","Basidiomycota","Agaricomycetes","Hymenochaetales",NA,NA,NA,"Hymenochaetales","sSH1145590.09FU","0.9996166",NA,NA,NA,NA,NA,NA,NA,NA,NA,NA,NA,"Hymenochaetales","Fungi","Basidiomycota","Agaricomycetes","Hymenochaetales",NA,NA,NA,3,"Multiple 100% matches","ASV2265;ASV4596;ASV466",NA,NA,NA,"Match","Match","Match"
"509","ASV509","Fungi","Ascomycota","Dothideomycetes","Pleosporales","Phaeosphaeriaceae","Leptospora","Leptospora_thailandica","Leptospora_thailandica","sSH0895933.09FU","0.9746472","Phaeosphaeriaceae","1CB1CD8E-36B9-11D5-9548-00D0592D548C","81637","9","Pathotroph-Saprotroph","Fungal Parasite-Plant Pathogen-Plant Saprotroph","Probable","Microfungus","NULL","Necrotrophic or saprobic on a wide range of plants, especially monocotyledons; a few species parasitic on other fungi (Cannon & Kirk 2007)","Cannon PF, Kirk PM. 2007. Fungal Families of the World. CAB International, Cambridge (ISBN: 978-0851998275)","Leptospora_thailandica","Fungi","Ascomycota","Dothideomycetes","Pleosporales","Phaeosphaeriaceae","Leptospora","Leptospora_thailandica",1,"Unique 100% match","ASV2927","Match","Match","Match","Match","Match","Match"
"511","ASV511","Fungi","Basidiomycota","Agaricomycetes","Auriculariales","Exidiaceae","Exidia",NA,"Exidia","sSH0939870.09FU","0.9999947","Exidia","1CB18A1B-36B9-11D5-9548-00D0592D548C","17572","13","Saprotroph-Symbiotroph","Endophyte-Plant Saprotroph-Undefined Saprotroph-|Wood Saprotroph|","Probable","Tremelloid","NULL","As foliar_endophyte (Põlme et al. 2020); As litter_saprotroph (Põlme et al. 2020); Decay wood, leaf, fruit, seed (Põlme et al. 2020)","Tedersoo L, et al. 2014. Science 346:e1256688 ((https://doi.org/10.1126/science.1256688)); David AS, et al. 2016. Microbial Ecology 71:912-926 ((https://doi.org/10.1007/s00248-015-0712-6)); Põlme S, et al. 2020. Fungal Diversity 105:1-16 ((https://doi.org/10.1007/s13225-020-00466-2))","Exidia","Fungi","Basidiomycota","Agaricomycetes","Auriculariales","Exidiaceae","Exidia",NA,2,"Multiple 100% matches","ASV4017;ASV646",NA,"Match","Match","Match","Match","Match"
"514","ASV514","Fungi","Ascomycota","Dothideomycetes","Mycosphaerellales","Teratosphaeriaceae","Catenulostroma",NA,"Catenulostroma","sSH1084587.09FU","0.7500439","Teratosphaeriaceae","87A3FDCC-E75C-4F2E-B987-C7579847CE32","504465","9","Pathotroph-Saprotroph","Animal Pathogen-Plant Pathogen-Undefined Saprotroph","Probable","NULL","NULL","Includes numerous saprobic, extremophilic, human opportunistic, and plant pathogenic fungi (Quaedvlieg et al. 2014)","Quaedvlieg W, et al. 2014. Persoonia 3:31-40 ((https://doi.org/10.3767/003158514X681981))","Catenulostroma","Fungi","Ascomycota","Dothideomycetes","Mycosphaerellales","Teratosphaeriaceae",NA,NA,1,"Unique 100% match","ASV7775",NA,NA,"Match","Match","Match","Match"
"515","ASV515","Fungi","Basidiomycota","Exobasidiomycetes","Exobasidiales","Graphiolaceae",NA,NA,"Graphiolaceae","sSH1087961.09FU","0.7550052",NA,NA,NA,NA,NA,NA,NA,NA,NA,NA,NA,"Graphiolaceae","Fungi",NA,NA,NA,NA,NA,NA,2,"Multiple 100% matches","ASV2546;ASV8241",NA,NA,NA,NA,NA,NA
"516","ASV516","Fungi","Ascomycota","Eurotiomycetes","Eurotiales","Aspergillaceae","Talaromyces",NA,"Talaromyces",NA,"0.9991144","Eurotiales","1CB1CE25-36B9-11D5-9548-00D0592D548C","90472","7","Saprotroph","Undefined Saprotroph","Possible","Microfungus","NULL","NULL","Sterkenburg E, et al. 2015. New Phytologist 207:1145-1158 ((https://doi.org/10.1111/nph.13426))","Talaromyces","Fungi","Ascomycota","Eurotiomycetes","Eurotiales","Aspergillaceae","Talaromyces",NA,2,"Multiple 100% matches","ASV216;ASV713",NA,"Match","Match","Match","Match","Match"
"518","ASV518","Fungi","Basidiomycota","Agaricomycetes","Auriculariales","Exidiaceae",NA,NA,"Exidiaceae",NA,"0.9302011",NA,NA,NA,NA,NA,NA,NA,NA,NA,NA,NA,"Exidiaceae","Fungi","Basidiomycota","Agaricomycetes","Auriculariales","Exidiaceae","Exidia","Exidia_uvapassa",1,"Unique 100% match","ASV7557",NA,NA,"Match","Match","Match","Match"
"520","ASV520","Fungi","Basidiomycota","Agaricomycetes","Polyporales","Meruliaceae",NA,NA,"Meruliaceae","sSH1264942.09FU","0.9994483","Meruliaceae","9E12B0B5-1D82-4978-AF3D-6EC22C257619","89005","9","Pathotroph-Saprotroph","Plant Pathogen-Undefined Saprotroph","Probable","Corticioid-Polyporoid","NULL","Saprobic or parasitic on woody plants, causing a white rot (Cannon & Kirk 2007)","Cannon PF, Kirk PM. 2007. Fungal Families of the World. CAB International, Cambridge (ISBN: 978-0851998275)","Meruliaceae","Fungi","Basidiomycota","Agaricomycetes","Polyporales","Meruliaceae",NA,NA,4,"Multiple 100% matches","ASV183;ASV5557;ASV7785;ASV871",NA,NA,"Match","Match","Match","Match"
"521","ASV521","Fungi","Basidiomycota","Agaricomycetes","Russulales","Peniophoraceae","Peniophora",NA,"Peniophora",NA,"0.9999971","Peniophoraceae","1CB1CD8B-36B9-11D5-9548-00D0592D548C","81123","9","Pathotroph-Saprotroph","Plant Pathogen-Wood Saprotroph","Probable","Corticioid","White Rot","Most species are saprobic, causing rots of standing and fallen wood. Many species are adapted to xeric conditions, being able to grow on rapidly drying dead attached branches (Cannon & Kirk 2007)","Cannon PF, Kirk PM. 2007. Fungal Families of the World. CAB International, Cambridge (ISBN: 978-0851998275)","Peniophora","Fungi","Basidiomycota","Agaricomycetes","Russulales","Peniophoraceae","Peniophora",NA,1,"Unique 100% match","ASV3188",NA,"Match","Match","Match","Match","Match"
"522","ASV522","Fungi","Basidiomycota","Agaricomycetes","Russulales","Stereaceae","Stereum","Stereum_lobatum","Stereum_lobatum","sSH0935460.09FU","0.9999955","Stereaceae","1CB1CDDC-36B9-11D5-9548-00D0592D548C","81424","9","Saprotroph","Undefined Saprotroph-Wood Saprotroph","Probable","Corticioid-Polyporoid","NULL","Lignicolous or terrestrial (in leaf litter); typically saprobic (Cannon & Kirk 2007)","Cannon PF, Kirk PM. 2007. Fungal Families of the World. CAB International, Cambridge (ISBN: 978-0851998275)","Stereum_lobatum","Fungi","Basidiomycota","Agaricomycetes","Russulales","Stereaceae","Stereum","Stereum_lobatum",2,"Multiple 100% matches","ASV325;ASV396","Match","Match","Match","Match","Match","Match"
"527","ASV527","Fungi","Ascomycota","Dothideomycetes","Capnodiales","Dissoconiaceae","Uwebraunia","Uwebraunia_communis","Uwebraunia_communis","sSH1077955.09FU","0.8032638","Uwebraunia","80508960-7D66-4FE7-A5A4-6454C2712399","27643","13","Saprotroph","|Plant Saprotroph|-Undefined Saprotroph","Probable","Microfungus","NULL","As litter_saprotroph (Põlme et al. 2020); Decay leaf, fruit, seed (Põlme et al. 2020)","Tedersoo L, et al. 2014. Science 346:e1256688 ((https://doi.org/10.1126/science.1256688)); Põlme S, et al. 2020. Fungal Diversity 105:1-16 ((https://doi.org/10.1007/s13225-020-00466-2))","Uwebraunia_communis","Fungi","Ascomycota","Dothideomycetes","Capnodiales","Dissoconiaceae","Uwebraunia",NA,4,"Multiple 100% matches","ASV1521;ASV3991;ASV5641;ASV5978",NA,"Match","Match","Match","Match","Match"
"530","ASV530","Fungi","Basidiomycota","Agaricomycetes","Hymenochaetales","Hymenochaetaceae",NA,NA,"Hymenochaetaceae","sSH1027100.09FU","0.9999986","Hymenochaetaceae","CC29D6F9-5984-496D-97E7-42EB138C1FEE","536196","9","Saprotroph-Symbiotroph","Ectomycorrhizal-Wood Saprotroph","Probable","Corticioid-Polyporoid","NULL","Lignicolous, causing white rots, rarely ectomycorrhizal (Cannon & Kirk 2007)","Cannon PF, Kirk PM. 2007. Fungal Families of the World. CAB International, Cambridge (ISBN: 978-0851998275)","Hymenochaetaceae","Fungi","Basidiomycota","Agaricomycetes","Hymenochaetales","Hymenochaetaceae",NA,NA,1,"Unique 100% match","ASV3824",NA,NA,"Match","Match","Match","Match"
"532","ASV532","Fungi","Basidiomycota","Agaricomycetes","Russulales","Auriscalpiaceae","Gloeodontia","Gloeodontia_eriobotryae","Gloeodontia_eriobotryae","sSH1372224.09FU","0.9999999","Auriscalpiaceae","1CB1CCC4-36B9-11D5-9548-00D0592D548C","80506","9","Pathotroph-Saprotroph","Plant Pathogen-Wood Saprotroph","Probable","Hydnoid","White Rot","Saprobic or parasitic, on wood of gymnosperms and angiosperms, producing white rots (Cannon & Kirk 2007)","Cannon PF, Kirk PM. 2007. Fungal Families of the World. CAB International, Cambridge (ISBN: 978-0851998275)","Gloeodontia_eriobotryae","Fungi","Basidiomycota","Agaricomycetes","Russulales","Auriscalpiaceae","Gloeodontia","Gloeodontia_eriobotryae",6,"Multiple 100% matches","ASV1746;ASV2908;ASV381;ASV3818;ASV3904;ASV7886","Match","Match","Match","Match","Match","Match"
"533","ASV533","Fungi","Basidiomycota","Agaricomycetes","Hymenochaetales","Schizoporaceae","Xylodon","Xylodon_flaviporus","Xylodon_flaviporus","sSH1236566.09FU","0.9914178","Schizoporaceae","1CB1CDC9-36B9-11D5-9548-00D0592D548C","80038","9","Saprotroph","Wood Saprotroph","Probable","Corticioid","White Rot","Saprobic, causing white rot of standing and fallen wood of coniferous and broadleaved trees, rarely on herbaceous stems (Cannon & Kirk 2007)","Cannon PF, Kirk PM. 2007. Fungal Families of the World. CAB International, Cambridge (ISBN: 978-0851998275)","Xylodon_flaviporus","Fungi","Basidiomycota","Agaricomycetes","Hymenochaetales","Schizoporaceae","Xylodon","Xylodon_flaviporus",3,"Multiple 100% matches","ASV1128;ASV255;ASV4772","Match","Match","Match","Match","Match","Match"
"535","ASV535","Fungi","Basidiomycota","Agaricomycetes",NA,NA,NA,NA,"Agaricomycetes","sSH1167282.09FU","0.9998904",NA,NA,NA,NA,NA,NA,NA,NA,NA,NA,NA,"Agaricomycetes","Fungi","Basidiomycota","Agaricomycetes",NA,NA,NA,NA,3,"Multiple 100% matches","ASV2056;ASV2307;ASV536",NA,NA,NA,NA,"Match","Match"
"536","ASV536","Fungi","Basidiomycota","Agaricomycetes","Corticiales","Vuilleminiaceae","Vuilleminia",NA,"Vuilleminia","sSH1265472.09FU","0.9999989","Vuilleminia","1CB1CC74-36B9-11D5-9548-00D0592D548C","18743","13","Pathotroph-Saprotroph","Plant Pathogen-Undefined Saprotroph-|Wood Saprotroph|","Probable","Corticioid","White Rot","As white_rot (Põlme et al. 2020); As wood_pathogen (Põlme et al. 2020); Decay wood (Põlme et al. 2020)","Tedersoo L, et al. 2014. Science 346:e1256688 ((https://doi.org/10.1126/science.1256688)); Põlme S, et al. 2020. Fungal Diversity 105:1-16 ((https://doi.org/10.1007/s13225-020-00466-2))","Vuilleminia","Fungi","Basidiomycota","Agaricomycetes","Corticiales","Vuilleminiaceae","Vuilleminia",NA,3,"Multiple 100% matches","ASV1552;ASV1906;ASV354",NA,"Match","Match","Match","Match","Match"
"537","ASV537","Fungi","Basidiomycota","Agaricomycetes","Polyporales",NA,NA,NA,"Polyporales","sSH1217104.09FU","0.9122509",NA,NA,NA,NA,NA,NA,NA,NA,NA,NA,NA,"Polyporales","Fungi","Basidiomycota","Agaricomycetes","Polyporales",NA,NA,NA,7,"Multiple 100% matches","ASV2007;ASV3870;ASV4353;ASV479;ASV568;ASV6181;ASV7877",NA,NA,NA,"Match","Match","Match"
"538","ASV538","Fungi","Basidiomycota","Agaricomycetes","Polyporales","Polyporaceae","Daedaleopsis","Daedaleopsis_confragosa","Daedaleopsis_confragosa","sSH1311657.09FU","0.9999754","Polyporaceae","1CB19B17-36B9-11D5-9548-00D0592D548C","81203","9","Saprotroph","Wood Saprotroph","Probable","Polyporoid","Brown Rot-White Rot","Lignicolous, causing brown or white rot, mostly of broadleaved trees (Cannon & Kirk 2007)","Cannon PF, Kirk PM. 2007. Fungal Families of the World. CAB International, Cambridge (ISBN: 978-0851998275)","Daedaleopsis_confragosa","Fungi","Basidiomycota","Agaricomycetes","Polyporales","Polyporaceae","Daedaleopsis","Daedaleopsis_confragosa",3,"Multiple 100% matches","ASV2993;ASV418;ASV7031","Match","Match","Match","Match","Match","Match"
"539","ASV539","Fungi","Ascomycota","Dothideomycetes","Venturiales","Sympoventuriaceae","Ochroconis","Ochroconis_musae","Ochroconis_musae","sSH0949400.09FU","0.9457166","Sympoventuriaceae","1A5CF12B-5C15-43F8-BB6A-8479B1581BBB","563117","9","Saprotroph","Undefined Saprotroph","Probable","Microfungus","NULL","Sympoventuriaceae is represented by Sympoventuria, and can be distinguished from species of Venturiales by its saprobic life style (Zhang et al. 2011)","Zhang Y, et al. 2011 Fungal Diversity 51:249-277 ((https://doi.org/10.1007/s13225-011-0141-x))","Ochroconis_musae","Fungi","Ascomycota","Dothideomycetes","Venturiales","Sympoventuriaceae","Ochroconis","Ochroconis_musae",1,"Unique 100% match","ASV1766","Match","Match","Match","Match","Match","Match"
"540","ASV540","Fungi",NA,NA,NA,NA,NA,NA,NA,"sSH0960589.09FU","0.9961080",NA,NA,NA,NA,NA,NA,NA,NA,NA,NA,NA,NA,"Fungi",NA,NA,NA,NA,NA,NA,1,"Unique 100% match","ASV217",NA,NA,NA,NA,NA,NA
"544","ASV544","Fungi","Basidiomycota","Agaricomycetes","Polyporales","Meruliaceae","Scopuloides","Scopuloides_rimosa","Scopuloides_rimosa","sSH1255418.09FU","0.9643244","Meruliaceae","9E12B0B5-1D82-4978-AF3D-6EC22C257619","89005","9","Pathotroph-Saprotroph","Plant Pathogen-Undefined Saprotroph","Probable","Corticioid-Polyporoid","NULL","Saprobic or parasitic on woody plants, causing a white rot (Cannon & Kirk 2007)","Cannon PF, Kirk PM. 2007. Fungal Families of the World. CAB International, Cambridge (ISBN: 978-0851998275)","Scopuloides_rimosa","Fungi","Basidiomycota","Agaricomycetes","Polyporales","Meruliaceae","Scopuloides",NA,3,"Multiple 100% matches","ASV440;ASV5642;ASV6081",NA,"Match","Match","Match","Match","Match"
"545","ASV545","Fungi","Basidiomycota","Agaricomycetes","Agaricales","Mycenaceae","Mycena","Mycena_clavicularis","Mycena_clavicularis","sSH1126222.09FU","0.9051372","Mycenaceae","8AE7A7D8-5A42-428C-A1CF-0125BA948485","505549","9","Saprotroph","Leaf Saprotroph-Wood Saprotroph","Probable","Agaricoid","NULL","Saprobes, most species as early colonizers of dead wood and leaves. A few species of Favolaschia and Mycena have been described as mycorrhizal with terrestrial orchids, but the associations need confirmation (Cannon & Kirk 2007)","Cannon PF, Kirk PM. 2007. Fungal Families of the World. CAB International, Cambridge (ISBN: 978-0851998275)","Mycena_clavicularis","Fungi","Basidiomycota","Agaricomycetes","Agaricales","Mycenaceae","Mycena","Mycena_clavicularis",3,"Multiple 100% matches","ASV3761;ASV6760;ASV7499","Match","Match","Match","Match","Match","Match"
"546","ASV546","Fungi","Basidiomycota","Agaricomycetes","Polyporales","Hyphodermataceae","Hyphoderma","Hyphoderma_setigerum","Hyphoderma_setigerum","sSH1236272.09FU","0.9999392","Hyphoderma","1CB18E22-36B9-11D5-9548-00D0592D548C","17823","13"," Saprotroph","Undefined Saprotroph-|Wood Saprotroph|","Probable","Corticioid","White Rot","As white_rot (Põlme et al. 2020); Decay wood (Põlme et al. 2020)","Tedersoo L, et al. 2014. Science 346:e1256688 ((https://doi.org/10.1126/science.1256688)); Põlme S, et al. 2020. Fungal Diversity 105:1-16 ((https://doi.org/10.1007/s13225-020-00466-2))","Hyphoderma_setigerum","Fungi","Basidiomycota","Agaricomycetes","Polyporales","Hyphodermataceae","Hyphoderma","Hyphoderma_setigerum",1,"Unique 100% match","ASV3296","Match","Match","Match","Match","Match","Match"
"547","ASV547","Fungi","Ascomycota","Eurotiomycetes","Chaetothyriales","Herpotrichiellaceae","Exophiala",NA,"Exophiala",NA,"0.9910010","Herpotrichiellaceae","1CB1CD37-36B9-11D5-9548-00D0592D548C","80856","9","Pathotroph-Saprotroph","Animal Pathogen-Fungal Parasite-Undefined Saprotroph","Probable","Facultative Yeast-Microfungus","NULL","Mostly saprobic on plants or other fungi, isolated from soil etc., and from medical sources (Cannon & Kirk 2007)","Cannon PF, Kirk PM. 2007. Fungal Families of the World. CAB International, Cambridge (ISBN: 978-0851998275)","Exophiala","Fungi","Ascomycota","Eurotiomycetes","Chaetothyriales","Herpotrichiellaceae","Exophiala",NA,2,"Multiple 100% matches","ASV206;ASV7422",NA,"Match","Match","Match","Match","Match"
"549","ASV549","Fungi","Ascomycota","Sordariomycetes",NA,NA,NA,NA,"Sordariomycetes",NA,"0.9484904",NA,NA,NA,NA,NA,NA,NA,NA,NA,NA,NA,"Sordariomycetes","Fungi","Ascomycota","Sordariomycetes","Amphisphaeriales","Phlogicylindriaceae","Phlogicylindrium",NA,1,"Unique 100% match","ASV4154",NA,NA,NA,NA,"Match","Match"
"550","ASV550","Fungi",NA,NA,NA,NA,NA,NA,NA,NA,"0.9999684",NA,NA,NA,NA,NA,NA,NA,NA,NA,NA,NA,NA,"Fungi",NA,NA,NA,NA,NA,NA,2,"Multiple 100% matches","ASV4850;ASV691",NA,NA,NA,NA,NA,NA
"551","ASV551","Fungi","Ascomycota","Dothideomycetes","Capnodiales","Cladosporiaceae","Rachicladosporium","Rachicladosporium_cboliae","Rachicladosporium_cboliae","sSH0944736.09FU","0.8122887","Cladosporiaceae","6EDCD6E4-DE4D-443D-AF6B-A572F626BD45","816548","9","Pathotroph-Saprotroph-Symbiotroph","Animal Pathogen-Endophyte-Lichen Parasite-Plant Pathogen-Wood Saprotroph","Possible","Microfungus","NULL","NULL","Seehann G, et al. 1975. List of Fungi in Soft-Rot Tissue Tests. Institute fur Holzbiologie und Holzschutz, Bundesforschungsanstalt fur Forst - und Holzwirtshaft, Hamburg - Lohbrugge, Germany; Lawrey JD, Diederich P. 2016. http://www.lichenicolous.net (accessed 24 May 2017) ((http://www.lichenicolous.net)); The American Phytopathological Society Common Names of Plant Diseases ((http://www.apsnet.org/publications/commonnames/Pages/default.aspx))","Rachicladosporium_cboliae","Fungi","Ascomycota","Dothideomycetes","Capnodiales","Cladosporiaceae","Rachicladosporium","Rachicladosporium_cboliae",3,"Multiple 100% matches","ASV3372;ASV5423;ASV579","Match","Match","Match","Match","Match","Match"
"552","ASV552","Fungi","Basidiomycota","Agaricomycetes","Polyporales","Steccherinaceae","Steccherinum",NA,"Steccherinum","sSH1266361.09FU","0.9998721","Steccherinaceae","1CB1CDD9-36B9-11D5-9548-00D0592D548C","81420","9","Saprotroph","Wood Saprotroph","Probable","Corticioid-Polyporoid","White Rot","Growing on dead wood causing white rot, sometimes replacing early colonizers (Cannon & Kirk 2007)","Cannon PF, Kirk PM. 2007. Fungal Families of the World. CAB International, Cambridge (ISBN: 978-0851998275)","Steccherinum","Fungi","Basidiomycota","Agaricomycetes","Polyporales","Steccherinaceae","Steccherinum",NA,5,"Multiple 100% matches","ASV1238;ASV1316;ASV2218;ASV4251;ASV5740",NA,"Match","Match","Match","Match","Match"
"553","ASV553","Fungi","Basidiomycota","Agaricomycetes","Hymenochaetales","Hymenochaetaceae","Hymenochaete",NA,"Hymenochaete","sSH1027104.09FU","0.9572792","Hymenochaetaceae","CC29D6F9-5984-496D-97E7-42EB138C1FEE","536196","9","Saprotroph-Symbiotroph","Ectomycorrhizal-Wood Saprotroph","Probable","Corticioid-Polyporoid","NULL","Lignicolous, causing white rots, rarely ectomycorrhizal (Cannon & Kirk 2007)","Cannon PF, Kirk PM. 2007. Fungal Families of the World. CAB International, Cambridge (ISBN: 978-0851998275)","Hymenochaete","Fungi","Basidiomycota","Agaricomycetes","Hymenochaetales","Hymenochaetaceae","Hymenochaete",NA,1,"Unique 100% match","ASV1642",NA,"Match","Match","Match","Match","Match"
"554","ASV554","Fungi","Basidiomycota","Agaricomycetes","Russulales","Peniophoraceae",NA,NA,"Peniophoraceae","sSH1068829.09FU","0.9938158","Peniophoraceae","1CB1CD8B-36B9-11D5-9548-00D0592D548C","81123","9","Pathotroph-Saprotroph","Plant Pathogen-Wood Saprotroph","Probable","Corticioid","White Rot","Most species are saprobic, causing rots of standing and fallen wood. Many species are adapted to xeric conditions, being able to grow on rapidly drying dead attached branches (Cannon & Kirk 2007)","Cannon PF, Kirk PM. 2007. Fungal Families of the World. CAB International, Cambridge (ISBN: 978-0851998275)","Peniophoraceae","Fungi","Basidiomycota","Agaricomycetes","Russulales","Peniophoraceae","Peniophora","Peniophora_albobadia",4,"Multiple 100% matches","ASV1853;ASV5528;ASV6148;ASV715",NA,NA,"Match","Match","Match","Match"
"555","ASV555","Fungi","Basidiomycota","Agaricomycetes","Corticiales","Vuilleminiaceae","Vuilleminia",NA,"Vuilleminia","sSH1265472.09FU","0.9999947","Vuilleminia","1CB1CC74-36B9-11D5-9548-00D0592D548C","18743","13","Pathotroph-Saprotroph","Plant Pathogen-Undefined Saprotroph-|Wood Saprotroph|","Probable","Corticioid","White Rot","As white_rot (Põlme et al. 2020); As wood_pathogen (Põlme et al. 2020); Decay wood (Põlme et al. 2020)","Tedersoo L, et al. 2014. Science 346:e1256688 ((https://doi.org/10.1126/science.1256688)); Põlme S, et al. 2020. Fungal Diversity 105:1-16 ((https://doi.org/10.1007/s13225-020-00466-2))","Vuilleminia","Fungi","Basidiomycota","Agaricomycetes","Corticiales","Vuilleminiaceae","Vuilleminia",NA,1,"Unique 100% match","ASV550",NA,"Match","Match","Match","Match","Match"
"556","ASV556","Fungi","Basidiomycota","Agaricomycetes","Russulales","Stereaceae","Stereum","Stereum_sanguinolentum","Stereum_sanguinolentum","sSH0935443.09FU","0.9999340","Stereaceae","1CB1CDDC-36B9-11D5-9548-00D0592D548C","81424","9","Saprotroph","Undefined Saprotroph-Wood Saprotroph","Probable","Corticioid-Polyporoid","NULL","Lignicolous or terrestrial (in leaf litter); typically saprobic (Cannon & Kirk 2007)","Cannon PF, Kirk PM. 2007. Fungal Families of the World. CAB International, Cambridge (ISBN: 978-0851998275)","Stereum_sanguinolentum","Fungi","Basidiomycota","Agaricomycetes","Russulales","Stereaceae","Stereum","Stereum_sanguinolentum",1,"Unique 100% match","ASV1337","Match","Match","Match","Match","Match","Match"
"557","ASV557","Fungi","Basidiomycota","Agaricomycetes","Polyporales","Phanerochaetaceae","Bjerkandera","Bjerkandera_adusta","Bjerkandera_adusta","sSH1177901.09FU","0.9971916","Bjerkandera","1CB1C50E-36B9-11D5-9548-00D0592D548C","17160","13","Pathotroph-Saprotroph-Symbiotroph","Endophyte-Plant Pathogen-|Wood Saprotroph|","Highly Probable","Polyporoid","White Rot","As root_endophyte_dark_septate (Põlme et al. 2020); As white_rot (Põlme et al. 2020); As wood_pathogen (Põlme et al. 2020); Decay wood (Põlme et al. 2020)","Gilbertson RL, Ryvarden L. 1987-1987. North American Polypores. Fungiflora, Oslo (ISBN: 978-0945345060); Põlme S, et al. 2020. Fungal Diversity 105:1-16 ((https://doi.org/10.1007/s13225-020-00466-2))","Bjerkandera_adusta","Fungi","Basidiomycota","Agaricomycetes","Polyporales","Phanerochaetaceae","Bjerkandera","Bjerkandera_adusta",3,"Multiple 100% matches","ASV2045;ASV262;ASV7945","Match","Match","Match","Match","Match","Match"
"562","ASV562","Fungi","Basidiomycota","Agaricomycetes","Polyporales","Polyporaceae","Funalia","Funalia_floccosa","Funalia_floccosa","sSH1248998.09FU","0.9999133","Polyporaceae","1CB19B17-36B9-11D5-9548-00D0592D548C","81203","9","Saprotroph","Wood Saprotroph","Probable","Polyporoid","Brown Rot-White Rot","Lignicolous, causing brown or white rot, mostly of broadleaved trees (Cannon & Kirk 2007)","Cannon PF, Kirk PM. 2007. Fungal Families of the World. CAB International, Cambridge (ISBN: 978-0851998275)","Funalia_floccosa","Fungi","Basidiomycota","Agaricomycetes","Polyporales","Polyporaceae","Funalia","Funalia_floccosa",3,"Multiple 100% matches","ASV1236;ASV442;ASV7066","Match","Match","Match","Match","Match","Match"
"565","ASV565","Fungi","Ascomycota","Saccharomycetes","Saccharomycetales","Saccharomycetaceae","Saccharomyces",NA,"Saccharomyces",NA,"1.0000000","Saccharomycetales","B73A15F4-AB90-4E11-B6D7-E0BE710B986C","816369","7","Saprotroph","Undefined Saprotroph","Possible","Yeast","NULL","NULL","Sterkenburg E, et al. 2015. New Phytologist 207:1145-1158 ((https://doi.org/10.1111/nph.13426))","Saccharomyces","Fungi","Ascomycota","Saccharomycetes","Saccharomycetales","Saccharomycetaceae","Saccharomyces",NA,1,"Unique 100% match","ASV3043",NA,"Match","Match","Match","Match","Match"
"566","ASV566","Fungi","Basidiomycota","Agaricomycetes","Polyporales",NA,NA,NA,"Polyporales","sSH1126588.09FU","1.0000000",NA,NA,NA,NA,NA,NA,NA,NA,NA,NA,NA,"Polyporales","Fungi","Basidiomycota","Agaricomycetes","Polyporales",NA,NA,NA,7,"Multiple 100% matches","ASV378;ASV7121;ASV7239;ASV7559;ASV7910;ASV7911;ASV8258",NA,NA,NA,"Match","Match","Match"
"567","ASV567","Fungi","Basidiomycota","Agaricomycetes","Polyporales",NA,NA,NA,"Polyporales","sSH1088341.09FU","0.9987136",NA,NA,NA,NA,NA,NA,NA,NA,NA,NA,NA,"Polyporales","Fungi","Basidiomycota","Agaricomycetes","Polyporales",NA,NA,NA,4,"Multiple 100% matches","ASV4140;ASV529;ASV5797;ASV7119",NA,NA,NA,"Match","Match","Match"
"569","ASV569","Fungi","Ascomycota",NA,NA,NA,NA,NA,"Ascomycota",NA,"0.9966324",NA,NA,NA,NA,NA,NA,NA,NA,NA,NA,NA,"Ascomycota","Fungi","Ascomycota","Leotiomycetes","Helotiales","Helotiaceae","Scytalidium","Scytalidium_infestans",1,"Unique 100% match","ASV4366",NA,NA,NA,NA,NA,"Match"
"571","ASV571","Fungi","Basidiomycota","Agaricomycetes","Russulales","Stereaceae","Stereum","Stereum_lobatum","Stereum_lobatum","sSH0935460.09FU","0.9999794","Stereaceae","1CB1CDDC-36B9-11D5-9548-00D0592D548C","81424","9","Saprotroph","Undefined Saprotroph-Wood Saprotroph","Probable","Corticioid-Polyporoid","NULL","Lignicolous or terrestrial (in leaf litter); typically saprobic (Cannon & Kirk 2007)","Cannon PF, Kirk PM. 2007. Fungal Families of the World. CAB International, Cambridge (ISBN: 978-0851998275)","Stereum_lobatum","Fungi","Basidiomycota","Agaricomycetes","Russulales","Stereaceae","Stereum","Stereum_lobatum",3,"Multiple 100% matches","ASV5494;ASV6487;ASV827","Match","Match","Match","Match","Match","Match"
"573","ASV573","Fungi","Basidiomycota","Agaricomycetes","Cantharellales","Hydnaceae","Burgoa","Burgoa_verzuoliana","Burgoa_verzuoliana","sSH1249937.09FU","0.9999321","Burgoa","3D022F63-75EE-4255-A657-0A099AF78896","7457","13","Pathotroph","|Lichen Parasite|","Probable","Microfungus","NULL","Decay fungal material, algal material (Põlme et al. 2020)","Põlme S, et al. 2020. Fungal Diversity 105:1-16 ((https://doi.org/10.1007/s13225-020-00466-2))","Burgoa_verzuoliana","Fungi","Basidiomycota","Agaricomycetes","Cantharellales","Hydnaceae","Burgoa","Burgoa_verzuoliana",3,"Multiple 100% matches","ASV2709;ASV8270;ASV994","Match","Match","Match","Match","Match","Match"
"574","ASV574","Fungi","Basidiomycota","Agaricomycetes","Cantharellales","Hydnaceae","Sistotrema",NA,"Sistotrema","sSH0879290.09FU","0.9770330","Sistotrema","1CB1CB70-36B9-11D5-9548-00D0592D548C","18551","13","Saprotroph-Symbiotroph","Ectomycorrhizal-|Plant Saprotroph|-Wood Saprotroph","Possible","Corticioid","White Rot","As litter_saprotroph (Põlme et al. 2020); Decay leaf, fruit, seed (Põlme et al. 2020)","Gilbertson RL, Ryvarden L. 1987-1987. North American Polypores. Fungiflora, Oslo (ISBN: 978-0945345060); Rinaldi AC, et al. 2008. Fungal Diversity 33:1-45 ((http://www.fungaldiversity.org/fdp/sfdp/33-1.pdf)) (as ECM/not ECM); Tedersoo L, et al. 2010. Mycorrhiza 20:217-263 ((https://doi.org/10.1007/s00572-009-0274-x)) (pro parte); Põlme S, et al. 2020. Fungal Diversity 105:1-16 ((https://doi.org/10.1007/s13225-020-00466-2)); http://mycorrhizas.info/ecmf.html ((http://mycorrhizas.info/ecmf.html)) (as ECM/not ECM).","Sistotrema","Fungi","Basidiomycota","Agaricomycetes","Cantharellales","Hydnaceae","Sistotrema",NA,4,"Multiple 100% matches","ASV2732;ASV5361;ASV6569;ASV835",NA,"Match","Match","Match","Match","Match"
"575","ASV575","Fungi","Basidiomycota","Agaricomycetes","Russulales","Stereaceae",NA,NA,"Stereaceae",NA,"0.9577438","Stereaceae","1CB1CDDC-36B9-11D5-9548-00D0592D548C","81424","9","Saprotroph","Undefined Saprotroph-Wood Saprotroph","Probable","Corticioid-Polyporoid","NULL","Lignicolous or terrestrial (in leaf litter); typically saprobic (Cannon & Kirk 2007)","Cannon PF, Kirk PM. 2007. Fungal Families of the World. CAB International, Cambridge (ISBN: 978-0851998275)","Stereaceae","Fungi","Basidiomycota","Agaricomycetes","Russulales","Stereaceae","Stereum","Stereum_sanguinolentum",1,"Unique 100% match","ASV1102",NA,NA,"Match","Match","Match","Match"
"580","ASV580","Fungi","Basidiomycota","Tremellomycetes","Tremellales","Bulleraceae","Bullera","Bullera_alba","Bullera_alba","sSH1008214.09FU","0.9967358","Tremellales","1CB1CE64-36B9-11D5-9548-00D0592D548C","90451","7","Pathotroph-Saprotroph-Symbiotroph","Fungal Parasite-Undefined Saprotroph","Possible","Tremelloid-Yeast","NULL","The order contains both teleomorphic and anamorphic species, most of the latter being yeasts","Sterkenburg E, et al. 2015. New Phytologist 207:1145-1158 ((https://doi.org/10.1111/nph.13426))","Bullera_alba","Fungi","Basidiomycota","Tremellomycetes","Tremellales","Bulleraceae","Bullera","Bullera_alba",1,"Unique 100% match","ASV465","Match","Match","Match","Match","Match","Match"
"581","ASV581","Fungi","Basidiomycota","Agaricomycetes","Polyporales","Irpicaceae","Irpex","Irpex_hacksungii","Irpex_hacksungii","sSH1142629.09FU","0.9896454","Irpex","1CB18F5A-36B9-11D5-9548-00D0592D548C","17858","13","Saprotroph","|Wood Saprotroph|","Highly Probable","Corticioid","White Rot","As white_rot (Põlme et al. 2020); Decay wood (Põlme et al. 2020); White rot of dead hardwoods, rarely on conifers","Gilbertson RL, Ryvarden L. 1987-1987. North American Polypores. Fungiflora, Oslo (ISBN: 978-0945345060); Costa IPMW, et al. 2012. Mycotaxon 119:e26 ((http://mycotaxon.com/resources/checklists/costa_v119_checklist.pdf)); Põlme S, et al. 2020. Fungal Diversity 105:1-16 ((https://doi.org/10.1007/s13225-020-00466-2)); The American Phytopathological Society Common Names of Plant Diseases ((http://www.apsnet.org/publications/commonnames/Pages/default.aspx))","Irpex_hacksungii","Fungi","Basidiomycota","Agaricomycetes","Polyporales","Irpicaceae","Irpex","Irpex_hydnoides",4,"Multiple 100% matches","ASV3640;ASV4438;ASV5941;ASV8278","Mismatch","Match","Match","Match","Match","Match"
"582","ASV582","Fungi","Basidiomycota","Agaricomycetes","Sistotremastrales","Sistotremastraceae","Sistotremastrum",NA,"Sistotremastrum","sSH0893867.09FU","0.9999902","Sistotremastrum","091F1714-D38C-4FB2-A0F9-84225773BCBE","18553","13","Saprotroph","Undefined Saprotroph-|Wood Saprotroph|","Probable","Corticioid","White Rot","As white_rot (Põlme et al. 2020); Decay wood (Põlme et al. 2020)","Tedersoo L, et al. 2014. Science 346:e1256688 ((https://doi.org/10.1126/science.1256688)); Põlme S, et al. 2020. Fungal Diversity 105:1-16 ((https://doi.org/10.1007/s13225-020-00466-2))","Sistotremastrum","Fungi","Basidiomycota","Agaricomycetes","Sistotremastrales","Sistotremastraceae","Sistotremastrum",NA,3,"Multiple 100% matches","ASV4264;ASV5137;ASV966",NA,"Match","Match","Match","Match","Match"
"583","ASV583","Fungi","Basidiomycota","Agaricomycetes","Corticiales","Vuilleminiaceae",NA,NA,"Vuilleminiaceae","sSH1308164.09FU","0.9988581",NA,NA,NA,NA,NA,NA,NA,NA,NA,NA,NA,"Vuilleminiaceae","Fungi","Basidiomycota","Agaricomycetes","Corticiales","Vuilleminiaceae",NA,NA,2,"Multiple 100% matches","ASV368;ASV6412",NA,NA,"Match","Match","Match","Match"
"584","ASV584","Fungi","Basidiomycota","Microbotryomycetes","Sporidiobolales","Sporidiobolaceae","Sporobolomyces","Sporobolomyces_ruberrimus","Sporobolomyces_ruberrimus","sSH0882343.09FU","0.8216057","Sporidiobolaceae","20AD224D-9EFF-4C1C-8214-59BA76CCCDF3","82101","9","Pathotroph-Saprotroph","Animal Pathogen-Undefined Saprotroph","Probable","Microfungus","NULL","Saprobic, found in a wide range of habitats and especially in aquatic systems. Some of the red yeasts in this family are widely encountered spoilage organisms and opportunistic human pathogens (Cannon & Kirk 2007)","Cannon PF, Kirk PM. 2007. Fungal Families of the World. CAB International, Cambridge (ISBN: 978-0851998275)","Sporobolomyces_ruberrimus","Fungi","Basidiomycota","Microbotryomycetes","Sporidiobolales","Sporidiobolaceae","Sporobolomyces",NA,1,"Unique 100% match","ASV6520",NA,"Match","Match","Match","Match","Match"
"586","ASV586","Fungi","Basidiomycota","Agaricomycetes","Amylocorticiales","Amylocorticiaceae","Amyloxenasma",NA,"Amyloxenasma",NA,"0.9014133","Amylocorticiaceae","F1AC6A76-C083-47A5-ACC0-FB5027C4CCF1","82170","9","Saprotroph","Undefined Saprotroph","Probable","NULL","Brown Rot; White Rot","Species live saprophytically on decaying wood or as plant parasites. Associated with brown rot or white rot (Binder et al. 2010)","Binder M, et al. 2010. Mycologia 102:865-880 ((https://doi.org/10.3852/09-288))","Amyloxenasma","Fungi","Basidiomycota","Agaricomycetes","Amylocorticiales","Amylocorticiaceae","Amyloxenasma",NA,2,"Multiple 100% matches","ASV2173;ASV5321",NA,"Match","Match","Match","Match","Match"
"587","ASV587","Fungi","Basidiomycota","Agaricomycetes","Hymenochaetales","Hyphodontiaceae","Kneiffiella",NA,"Kneiffiella","sSH1133832.09FU","1.0000000","Kneiffiella","521B67D7-C6CE-4635-BDE1-314C8DF4C6B6","17877","13","Saprotroph","|Wood Saprotroph|","Probable","Corticioid","White Rot","As white_rot (Põlme et al. 2020); Decay wood (Põlme et al. 2020)","Põlme S, et al. 2020. Fungal Diversity 105:1-16 ((https://doi.org/10.1007/s13225-020-00466-2))","Kneiffiella","Fungi","Basidiomycota","Agaricomycetes","Hymenochaetales","Hyphodontiaceae","Kneiffiella",NA,3,"Multiple 100% matches","ASV1047;ASV2934;ASV578",NA,"Match","Match","Match","Match","Match"
"591","ASV591","Fungi","Basidiomycota","Agaricomycetes","Sistotremastrales","Sistotremastraceae","Sistotremastrum","Sistotremastrum_rigidum","Sistotremastrum_rigidum","sSH1075055.09FU","1.0000000","Sistotremastrum","091F1714-D38C-4FB2-A0F9-84225773BCBE","18553","13","Saprotroph","Undefined Saprotroph-|Wood Saprotroph|","Probable","Corticioid","White Rot","As white_rot (Põlme et al. 2020); Decay wood (Põlme et al. 2020)","Tedersoo L, et al. 2014. Science 346:e1256688 ((https://doi.org/10.1126/science.1256688)); Põlme S, et al. 2020. Fungal Diversity 105:1-16 ((https://doi.org/10.1007/s13225-020-00466-2))","Sistotremastrum_rigidum","Fungi","Basidiomycota","Agaricomycetes","Sistotremastrales","Sistotremastraceae","Sistotremastrum","Sistotremastrum_rigidum",1,"Unique 100% match","ASV725","Match","Match","Match","Match","Match","Match"
"592","ASV592","Fungi","Basidiomycota","Agaricomycetes","Russulales","Peniophoraceae","Peniophora","Peniophora_versiformis","Peniophora_versiformis","sSH1068814.09FU","0.9973291","Peniophoraceae","1CB1CD8B-36B9-11D5-9548-00D0592D548C","81123","9","Pathotroph-Saprotroph","Plant Pathogen-Wood Saprotroph","Probable","Corticioid","White Rot","Most species are saprobic, causing rots of standing and fallen wood. Many species are adapted to xeric conditions, being able to grow on rapidly drying dead attached branches (Cannon & Kirk 2007)","Cannon PF, Kirk PM. 2007. Fungal Families of the World. CAB International, Cambridge (ISBN: 978-0851998275)","Peniophora_versiformis","Fungi","Basidiomycota","Agaricomycetes","Russulales","Peniophoraceae","Peniophora","Peniophora_versiformis",1,"Unique 100% match","ASV854","Match","Match","Match","Match","Match","Match"
"593","ASV593","Fungi","Basidiomycota","Agaricomycetes","Polyporales","Meruliaceae","Phlebia","Phlebia_formosana","Phlebia_formosana","sSH1255403.09FU","0.9999943","Meruliaceae","9E12B0B5-1D82-4978-AF3D-6EC22C257619","89005","9","Pathotroph-Saprotroph","Plant Pathogen-Undefined Saprotroph","Probable","Corticioid-Polyporoid","NULL","Saprobic or parasitic on woody plants, causing a white rot (Cannon & Kirk 2007)","Cannon PF, Kirk PM. 2007. Fungal Families of the World. CAB International, Cambridge (ISBN: 978-0851998275)","Phlebia_formosana","Fungi","Basidiomycota","Agaricomycetes","Polyporales","Meruliaceae","Phlebia","Phlebia_formosana",1,"Unique 100% match","ASV1446","Match","Match","Match","Match","Match","Match"
"594","ASV594","Fungi","Basidiomycota","Tremellomycetes","Tremellales","Bulleribasidiaceae","Hannaella",NA,"Hannaella",NA,"0.8252242","Tremellales","1CB1CE64-36B9-11D5-9548-00D0592D548C","90451","7","Pathotroph-Saprotroph-Symbiotroph","Fungal Parasite-Undefined Saprotroph","Possible","Tremelloid-Yeast","NULL","The order contains both teleomorphic and anamorphic species, most of the latter being yeasts","Sterkenburg E, et al. 2015. New Phytologist 207:1145-1158 ((https://doi.org/10.1111/nph.13426))","Hannaella","Fungi","Basidiomycota","Tremellomycetes","Tremellales","Bulleribasidiaceae","Hannaella","Hannaella_xanthorrhoeae",2,"Multiple 100% matches","ASV5172;ASV5742",NA,"Match","Match","Match","Match","Match"
"595","ASV595","Fungi","Ascomycota","Sordariomycetes","Diaporthales","Gnomoniaceae","Gnomoniopsis","Gnomoniopsis_paraclavulata","Gnomoniopsis_paraclavulata","sSH1271741.09FU","0.9268067","Gnomoniaceae","F36F48E8-C228-4922-8DB6-AE905CA55412","80810","9","Pathotroph-Saprotroph-Symbiotroph","Endophyte-Plant Pathogen-Undefined Saprotroph","Probable","Microfungus","NULL","Most species are saprobes or endophytes in leaves and bark, but a few are neurotrophic pathogens (Cannon & Kirk 2007)","Cannon PF, Kirk PM. 2007. Fungal Families of the World. CAB International, Cambridge (ISBN: 978-0851998275)","Gnomoniopsis_paraclavulata","Fungi","Ascomycota","Sordariomycetes","Diaporthales","Gnomoniaceae","Gnomoniopsis","Gnomoniopsis_paraclavulata",2,"Multiple 100% matches","ASV2330;ASV3436","Match","Match","Match","Match","Match","Match"
"596","ASV596","Fungi","Ascomycota","Eurotiomycetes","Chaetothyriales","Herpotrichiellaceae","Exophiala","Exophiala_mali","Exophiala_mali","sSH1107902.09FU","0.9884392","Herpotrichiellaceae","1CB1CD37-36B9-11D5-9548-00D0592D548C","80856","9","Pathotroph-Saprotroph","Animal Pathogen-Fungal Parasite-Undefined Saprotroph","Probable","Facultative Yeast-Microfungus","NULL","Mostly saprobic on plants or other fungi, isolated from soil etc., and from medical sources (Cannon & Kirk 2007)","Cannon PF, Kirk PM. 2007. Fungal Families of the World. CAB International, Cambridge (ISBN: 978-0851998275)","Exophiala_mali","Fungi","Ascomycota","Eurotiomycetes","Chaetothyriales","Herpotrichiellaceae","Exophiala","Exophiala_mali",1,"Unique 100% match","ASV3572","Match","Match","Match","Match","Match","Match"
"599","ASV599","Fungi","Basidiomycota","Agaricomycetes","Polyporales","Meruliaceae","Phlebia","Phlebia_acanthocystis","Phlebia_acanthocystis","sSH1255430.09FU","0.7143172","Meruliaceae","9E12B0B5-1D82-4978-AF3D-6EC22C257619","89005","9","Pathotroph-Saprotroph","Plant Pathogen-Undefined Saprotroph","Probable","Corticioid-Polyporoid","NULL","Saprobic or parasitic on woody plants, causing a white rot (Cannon & Kirk 2007)","Cannon PF, Kirk PM. 2007. Fungal Families of the World. CAB International, Cambridge (ISBN: 978-0851998275)","Phlebia_acanthocystis","Fungi","Basidiomycota","Agaricomycetes","Polyporales","Meruliaceae","Phlebia","Phlebia_acanthocystis",2,"Multiple 100% matches","ASV1964;ASV349","Match","Match","Match","Match","Match","Match"
"600","ASV600","Fungi","Ascomycota","Dothideomycetes","Capnodiales","Neodevriesiaceae","Neodevriesia","Neodevriesia_strelitziae","Neodevriesia_strelitziae","sSH0960596.09FU","0.9971800","Neodevriesiaceae","F8168581-D82E-4A75-9190-C7925084B4CA","807766","9","Pathotroph-Saprotroph","Plant Pathogen-Undefined Saprotroph","Probable","NULL","NULL","Members are foliicolous, saprobic or plant pathogenic (Quaedvlieg et al. 2014)","Quaedvlieg W., et al. 2014. Persoonia 3:31-40 ((http://doi.org/10.3767/003158514X681981))","Neodevriesia_strelitziae","Fungi","Ascomycota","Dothideomycetes","Capnodiales","Neodevriesiaceae","Neodevriesia","Neodevriesia_strelitziae",1,"Unique 100% match","ASV1837","Match","Match","Match","Match","Match","Match"
"602","ASV602","Fungi","Basidiomycota","Agaricomycetes","Polyporales","Phanerochaetaceae",NA,NA,"Phanerochaetaceae","sSH1217013.09FU","0.9999323",NA,NA,NA,NA,NA,NA,NA,NA,NA,NA,NA,"Phanerochaetaceae","Fungi","Basidiomycota","Agaricomycetes","Polyporales","Phanerochaetaceae",NA,NA,1,"Unique 100% match","ASV1537",NA,NA,"Match","Match","Match","Match"
"603","ASV603","Fungi","Basidiomycota","Agaricomycetes","Russulales","Peniophoraceae","Peniophora","Peniophora_laxitexta","Peniophora_laxitexta","sSH1068832.09FU","0.9160492","Peniophoraceae","1CB1CD8B-36B9-11D5-9548-00D0592D548C","81123","9","Pathotroph-Saprotroph","Plant Pathogen-Wood Saprotroph","Probable","Corticioid","White Rot","Most species are saprobic, causing rots of standing and fallen wood. Many species are adapted to xeric conditions, being able to grow on rapidly drying dead attached branches (Cannon & Kirk 2007)","Cannon PF, Kirk PM. 2007. Fungal Families of the World. CAB International, Cambridge (ISBN: 978-0851998275)","Peniophora_laxitexta","Fungi","Basidiomycota","Agaricomycetes","Russulales","Peniophoraceae","Peniophora","Peniophora_laxitexta",4,"Multiple 100% matches","ASV1064;ASV3869;ASV5210;ASV629","Match","Match","Match","Match","Match","Match"
"604","ASV604","Fungi","Basidiomycota","Agaricomycetes","Polyporales","Irpicaceae",NA,NA,"Irpicaceae","sSH1142622.09FU","0.9985848",NA,NA,NA,NA,NA,NA,NA,NA,NA,NA,NA,"Irpicaceae","Fungi","Basidiomycota","Agaricomycetes","Polyporales","Irpicaceae",NA,NA,3,"Multiple 100% matches","ASV6414;ASV6607;ASV791",NA,NA,"Match","Match","Match","Match"
"605","ASV605","Fungi","Ascomycota","Dothideomycetes","Venturiales","Sympoventuriaceae",NA,NA,"Sympoventuriaceae",NA,"0.7494397","Sympoventuriaceae","1A5CF12B-5C15-43F8-BB6A-8479B1581BBB","563117","9","Saprotroph","Undefined Saprotroph","Probable","Microfungus","NULL","Sympoventuriaceae is represented by Sympoventuria, and can be distinguished from species of Venturiales by its saprobic life style (Zhang et al. 2011)","Zhang Y, et al. 2011 Fungal Diversity 51:249-277 ((https://doi.org/10.1007/s13225-011-0141-x))","Sympoventuriaceae","Fungi","Ascomycota","Dothideomycetes","Venturiales","Sympoventuriaceae","Ochroconis","Ochroconis_musae",1,"Unique 100% match","ASV1807",NA,NA,"Match","Match","Match","Match"
"606","ASV606","Fungi","Ascomycota","Dothideomycetes","Pleosporales","Phaeosphaeriaceae","Didymocyrtis",NA,"Didymocyrtis","sSH0942249.09FU","0.8565737","Phaeosphaeriaceae","1CB1CD8E-36B9-11D5-9548-00D0592D548C","81637","9","Pathotroph-Saprotroph","Fungal Parasite-Plant Pathogen-Plant Saprotroph","Probable","Microfungus","NULL","Necrotrophic or saprobic on a wide range of plants, especially monocotyledons; a few species parasitic on other fungi (Cannon & Kirk 2007)","Cannon PF, Kirk PM. 2007. Fungal Families of the World. CAB International, Cambridge (ISBN: 978-0851998275)","Didymocyrtis","Fungi","Ascomycota","Dothideomycetes","Pleosporales","Phaeosphaeriaceae","Didymocyrtis",NA,2,"Multiple 100% matches","ASV1631;ASV1863",NA,"Match","Match","Match","Match","Match"
"607","ASV607","Fungi","Basidiomycota","Tremellomycetes","Tremellales","Rhynchogastremataceae","Papiliotrema","Papiliotrema_pseudoalba","Papiliotrema_pseudoalba","sSH0960186.09FU","0.9977137","Tremellales","1CB1CE64-36B9-11D5-9548-00D0592D548C","90451","7","Pathotroph-Saprotroph-Symbiotroph","Fungal Parasite-Undefined Saprotroph","Possible","Tremelloid-Yeast","NULL","The order contains both teleomorphic and anamorphic species, most of the latter being yeasts","Sterkenburg E, et al. 2015. New Phytologist 207:1145-1158 ((https://doi.org/10.1111/nph.13426))","Papiliotrema_pseudoalba","Fungi","Basidiomycota","Tremellomycetes","Tremellales","Rhynchogastremataceae","Papiliotrema","Papiliotrema_pseudoalba",2,"Multiple 100% matches","ASV5867;ASV6778","Match","Match","Match","Match","Match","Match"
"608","ASV608","Fungi","Basidiomycota","Agaricomycetes","Polyporales","Meruliaceae","Phlebia","Phlebia_brevispora","Phlebia_brevispora","sSH1167279.09FU","1.0000000","Meruliaceae","9E12B0B5-1D82-4978-AF3D-6EC22C257619","89005","9","Pathotroph-Saprotroph","Plant Pathogen-Undefined Saprotroph","Probable","Corticioid-Polyporoid","NULL","Saprobic or parasitic on woody plants, causing a white rot (Cannon & Kirk 2007)","Cannon PF, Kirk PM. 2007. Fungal Families of the World. CAB International, Cambridge (ISBN: 978-0851998275)","Phlebia_brevispora","Fungi","Basidiomycota","Agaricomycetes","Polyporales","Meruliaceae","Phlebia","Phlebia_brevispora",2,"Multiple 100% matches","ASV1743;ASV1989","Match","Match","Match","Match","Match","Match"
"609","ASV609","Fungi","Basidiomycota","Agaricomycetes","Hymenochaetales","Hymenochaetaceae","Hymenochaete",NA,"Hymenochaete",NA,"0.7738670","Hymenochaetaceae","CC29D6F9-5984-496D-97E7-42EB138C1FEE","536196","9","Saprotroph-Symbiotroph","Ectomycorrhizal-Wood Saprotroph","Probable","Corticioid-Polyporoid","NULL","Lignicolous, causing white rots, rarely ectomycorrhizal (Cannon & Kirk 2007)","Cannon PF, Kirk PM. 2007. Fungal Families of the World. CAB International, Cambridge (ISBN: 978-0851998275)","Hymenochaete","Fungi","Basidiomycota","Agaricomycetes","Hymenochaetales","Hymenochaetaceae","Hymenochaete",NA,1,"Unique 100% match","ASV801",NA,"Match","Match","Match","Match","Match"
"610","ASV610","Fungi","Basidiomycota","Agaricomycetes","Auriculariales","Exidiaceae",NA,NA,"Exidiaceae",NA,"0.9932781",NA,NA,NA,NA,NA,NA,NA,NA,NA,NA,NA,"Exidiaceae","Fungi","Basidiomycota","Agaricomycetes","Auriculariales","Exidiaceae","Eichleriella",NA,3,"Multiple 100% matches","ASV1696;ASV2448;ASV4835",NA,NA,"Match","Match","Match","Match"
"611","ASV611","Fungi","Ascomycota","Eurotiomycetes","Eurotiales","Aspergillaceae",NA,NA,"Aspergillaceae",NA,"0.9999775","Eurotiales","1CB1CE25-36B9-11D5-9548-00D0592D548C","90472","7","Saprotroph","Undefined Saprotroph","Possible","Microfungus","NULL","NULL","Sterkenburg E, et al. 2015. New Phytologist 207:1145-1158 ((https://doi.org/10.1111/nph.13426))","Aspergillaceae","Fungi","Ascomycota","Eurotiomycetes","Eurotiales","Aspergillaceae","Aspergillus",NA,1,"Unique 100% match","ASV900",NA,NA,"Match","Match","Match","Match"
"612","ASV612","Fungi","Basidiomycota","Agaricomycetes",NA,"Xenasmataceae","Xenasmatella",NA,"Xenasmatella",NA,"0.9999702","Xenasmatella","1CB1CC85-36B9-11D5-9548-00D0592D548C","18756","13","Saprotroph","Undefined Saprotroph-|Wood Saprotroph|","Probable","Corticioid","White Rot","As white_rot (Põlme et al. 2020); Decay wood (Põlme et al. 2020)","Tedersoo L, et al. 2014. Science 346:e1256688 ((https://doi.org/10.1126/science.1256688)); Põlme S, et al. 2020. Fungal Diversity 105:1-16 ((https://doi.org/10.1007/s13225-020-00466-2))","Xenasmatella","Fungi","Basidiomycota","Agaricomycetes",NA,NA,NA,NA,2,"Multiple 100% matches","ASV4514;ASV5593",NA,NA,NA,NA,"Match","Match"
"613","ASV613","Fungi","Basidiomycota","Agaricomycetes","Polyporales","Incrustoporiaceae","Skeletocutis","Skeletocutis_kuehneri","Skeletocutis_kuehneri","sSH1010839.09FU","0.9999945","Skeletocutis","1CB1A2C9-36B9-11D5-9548-00D0592D548C","18554","13","Saprotroph","|Wood Saprotroph|","Highly Probable","Polyporoid","White Rot","As white_rot (Põlme et al. 2020); Decay wood (Põlme et al. 2020)","Gilbertson RL, Ryvarden L. 1987-1987. North American Polypores. Fungiflora, Oslo (ISBN: 978-0945345060); Põlme S, et al. 2020. Fungal Diversity 105:1-16 ((https://doi.org/10.1007/s13225-020-00466-2))","Skeletocutis_kuehneri","Fungi","Basidiomycota","Agaricomycetes","Polyporales","Incrustoporiaceae","Skeletocutis","Skeletocutis_kuehneri",2,"Multiple 100% matches","ASV7833;ASV7840","Match","Match","Match","Match","Match","Match"
"614","ASV614","Fungi","Ascomycota","Sordariomycetes","Diaporthales","Diaporthaceae","Diaporthe",NA,"Diaporthe",NA,"0.9958564","Diaporthaceae","1CB186D0-36B9-11D5-9548-00D0592D548C","80691","9","Pathotroph-Saprotroph-Symbiotroph","Endophyte-Plant Pathogen-Plant Saprotroph","Probable","Microfungus","NULL","Most species are weak pathogens or endophytes in leaf or stem tissue, growing saprobically after the plant dies (Cannon & Kirk 2007)","Cannon PF, Kirk PM. 2007. Fungal Families of the World. CAB International, Cambridge (ISBN: 978-0851998275)","Diaporthe","Fungi","Ascomycota","Sordariomycetes","Diaporthales","Diaporthaceae","Diaporthe","Diaporthe_kochmanii",1,"Unique 100% match","ASV4557",NA,"Match","Match","Match","Match","Match"
"616","ASV616","Fungi","Basidiomycota","Agaricomycetes","Polyporales","Irpicaceae","Irpex","Irpex_hacksungii","Irpex_hacksungii","sSH1142629.09FU","0.9926112","Irpex","1CB18F5A-36B9-11D5-9548-00D0592D548C","17858","13","Saprotroph","|Wood Saprotroph|","Highly Probable","Corticioid","White Rot","As white_rot (Põlme et al. 2020); Decay wood (Põlme et al. 2020); White rot of dead hardwoods, rarely on conifers","Gilbertson RL, Ryvarden L. 1987-1987. North American Polypores. Fungiflora, Oslo (ISBN: 978-0945345060); Costa IPMW, et al. 2012. Mycotaxon 119:e26 ((http://mycotaxon.com/resources/checklists/costa_v119_checklist.pdf)); Põlme S, et al. 2020. Fungal Diversity 105:1-16 ((https://doi.org/10.1007/s13225-020-00466-2)); The American Phytopathological Society Common Names of Plant Diseases ((http://www.apsnet.org/publications/commonnames/Pages/default.aspx))","Irpex_hacksungii","Fungi","Basidiomycota","Agaricomycetes","Polyporales","Irpicaceae","Irpex","Irpex_hydnoides",1,"Unique 100% match","ASV1136","Mismatch","Match","Match","Match","Match","Match"
"617","ASV617","Fungi","Basidiomycota","Tremellomycetes","Tremellales","Rhynchogastremataceae","Papiliotrema",NA,"Papiliotrema",NA,"0.9927206","Tremellales","1CB1CE64-36B9-11D5-9548-00D0592D548C","90451","7","Pathotroph-Saprotroph-Symbiotroph","Fungal Parasite-Undefined Saprotroph","Possible","Tremelloid-Yeast","NULL","The order contains both teleomorphic and anamorphic species, most of the latter being yeasts","Sterkenburg E, et al. 2015. New Phytologist 207:1145-1158 ((https://doi.org/10.1111/nph.13426))","Papiliotrema","Fungi","Basidiomycota","Tremellomycetes","Tremellales","Rhynchogastremataceae","Papiliotrema","Papiliotrema_mangalensis",1,"Unique 100% match","ASV522",NA,"Match","Match","Match","Match","Match"
"618","ASV618","Fungi","Ascomycota","Sordariomycetes","Hypocreales","Cordycipitaceae","Lecanicillium","Lecanicillium_fusisporum","Lecanicillium_fusisporum","sSH1259181.09FU","0.9999997","Hypocreales","1CB18E60-36B9-11D5-9548-00D0592D548C","90477","7","Saprotroph","Undefined Saprotroph","Possible","Microfungus","NULL","NULL","Sterkenburg E, et al. 2015. New Phytologist 207:1145-1158 ((https://doi.org/10.1111/nph.13426))","Lecanicillium_fusisporum","Fungi","Ascomycota",NA,NA,NA,NA,NA,3,"Multiple 100% matches","ASV452;ASV8115;ASV8281",NA,NA,NA,NA,NA,"Match"
"619","ASV619","Fungi","Ascomycota","Sordariomycetes","Hypocreales",NA,"Acremonium","Acremonium_sclerotigenum","Acremonium_sclerotigenum","sSH1291669.09FU","0.9535052","Hypocreales","1CB18E60-36B9-11D5-9548-00D0592D548C","90477","7","Saprotroph","Undefined Saprotroph","Possible","Microfungus","NULL","NULL","Sterkenburg E, et al. 2015. New Phytologist 207:1145-1158 ((https://doi.org/10.1111/nph.13426))","Acremonium_sclerotigenum","Fungi","Ascomycota","Sordariomycetes","Hypocreales",NA,"Acremonium","Acremonium_sclerotigenum",1,"Unique 100% match","ASV1381","Match","Match",NA,"Match","Match","Match"
"620","ASV620","Fungi","Ascomycota","Dothideomycetes","Capnodiales","Neodevriesiaceae",NA,NA,"Neodevriesiaceae",NA,"0.7375043","Neodevriesiaceae","F8168581-D82E-4A75-9190-C7925084B4CA","807766","9","Pathotroph-Saprotroph","Plant Pathogen-Undefined Saprotroph","Probable","NULL","NULL","Members are foliicolous, saprobic or plant pathogenic (Quaedvlieg et al. 2014)","Quaedvlieg W., et al. 2014. Persoonia 3:31-40 ((http://doi.org/10.3767/003158514X681981))","Neodevriesiaceae","Fungi","Ascomycota","Leotiomycetes","Helotiales","Helotiaceae","Scytalidium","Scytalidium_infestans",2,"Multiple 100% matches","ASV1016;ASV573",NA,NA,"Mismatch","Mismatch","Mismatch","Match"
"621","ASV621","Fungi","Ascomycota","Eurotiomycetes","Eurotiales","Aspergillaceae","Aspergillus",NA,"Aspergillus",NA,"0.8221244","Eurotiales","1CB1CE25-36B9-11D5-9548-00D0592D548C","90472","7","Saprotroph","Undefined Saprotroph","Possible","Microfungus","NULL","NULL","Sterkenburg E, et al. 2015. New Phytologist 207:1145-1158 ((https://doi.org/10.1111/nph.13426))","Aspergillus","Fungi","Ascomycota","Eurotiomycetes","Eurotiales","Aspergillaceae","Aspergillus",NA,1,"Unique 100% match","ASV384",NA,"Match","Match","Match","Match","Match"
"622","ASV622","Fungi","Ascomycota","Sordariomycetes","Hypocreales","Cordycipitaceae","Leptobacillium","Leptobacillium_symbioticum","Leptobacillium_symbioticum","sSH0940224.09FU","0.9996338","Hypocreales","1CB18E60-36B9-11D5-9548-00D0592D548C","90477","7","Saprotroph","Undefined Saprotroph","Possible","Microfungus","NULL","NULL","Sterkenburg E, et al. 2015. New Phytologist 207:1145-1158 ((https://doi.org/10.1111/nph.13426))","Leptobacillium_symbioticum","Fungi","Ascomycota","Sordariomycetes","Hypocreales","Cordycipitaceae","Leptobacillium","Leptobacillium_symbioticum",1,"Unique 100% match","ASV1252","Match","Match","Match","Match","Match","Match"
"623","ASV623","Fungi","Ascomycota","Sordariomycetes","Diaporthales","Diaporthaceae","Diaporthe",NA,"Diaporthe",NA,"0.7967380","Diaporthaceae","1CB186D0-36B9-11D5-9548-00D0592D548C","80691","9","Pathotroph-Saprotroph-Symbiotroph","Endophyte-Plant Pathogen-Plant Saprotroph","Probable","Microfungus","NULL","Most species are weak pathogens or endophytes in leaf or stem tissue, growing saprobically after the plant dies (Cannon & Kirk 2007)","Cannon PF, Kirk PM. 2007. Fungal Families of the World. CAB International, Cambridge (ISBN: 978-0851998275)","Diaporthe","Fungi","Ascomycota","Sordariomycetes","Diaporthales","Diaporthaceae","Diaporthe","Diaporthe_goulteri",1,"Unique 100% match","ASV1720",NA,"Match","Match","Match","Match","Match"
"624","ASV624","Fungi","Basidiomycota","Agaricomycetes","Amylocorticiales","Amylocorticiaceae","Plicaturopsis","Plicaturopsis_crispa","Plicaturopsis_crispa","sSH1001310.09FU","0.9999974","Amylocorticiaceae","F1AC6A76-C083-47A5-ACC0-FB5027C4CCF1","82170","9","Saprotroph","Undefined Saprotroph","Probable","NULL","Brown Rot; White Rot","Species live saprophytically on decaying wood or as plant parasites. Associated with brown rot or white rot (Binder et al. 2010)","Binder M, et al. 2010. Mycologia 102:865-880 ((https://doi.org/10.3852/09-288))","Plicaturopsis_crispa","Fungi","Basidiomycota","Agaricomycetes","Amylocorticiales","Amylocorticiaceae","Plicaturopsis","Plicaturopsis_crispa",2,"Multiple 100% matches","ASV8113;ASV8277","Match","Match","Match","Match","Match","Match"
"625","ASV625","Fungi","Basidiomycota","Tremellomycetes","Tremellales","Cryptococcaceae","Cryptococcus","Cryptococcus_aureus","Cryptococcus_aureus","sSH0989469.09FU","0.8049662","Tremellales","1CB1CE64-36B9-11D5-9548-00D0592D548C","90451","7","Pathotroph-Saprotroph-Symbiotroph","Fungal Parasite-Undefined Saprotroph","Possible","Tremelloid-Yeast","NULL","The order contains both teleomorphic and anamorphic species, most of the latter being yeasts","Sterkenburg E, et al. 2015. New Phytologist 207:1145-1158 ((https://doi.org/10.1111/nph.13426))","Cryptococcus_aureus","Fungi","Basidiomycota","Tremellomycetes","Tremellales","Cryptococcaceae","Cryptococcus","Cryptococcus_aureus",1,"Unique 100% match","ASV641","Match","Match","Match","Match","Match","Match"
"627","ASV627","Fungi","Ascomycota",NA,NA,NA,NA,NA,"Ascomycota",NA,"0.7487147",NA,NA,NA,NA,NA,NA,NA,NA,NA,NA,NA,"Ascomycota","Fungi","Ascomycota","Taphrinomycetes","Taphrinales","Taphrinaceae","Taphrina",NA,4,"Multiple 100% matches","ASV3008;ASV4229;ASV5427;ASV5576",NA,NA,NA,NA,NA,"Match"
"628","ASV628","Fungi","Basidiomycota","Agaricomycetes","Hymenochaetales","Schizoporaceae","Hyphodontia",NA,"Hyphodontia","sSH1201146.09FU","0.8558921","Schizoporaceae","1CB1CDC9-36B9-11D5-9548-00D0592D548C","80038","9","Saprotroph","Wood Saprotroph","Probable","Corticioid","White Rot","Saprobic, causing white rot of standing and fallen wood of coniferous and broadleaved trees, rarely on herbaceous stems (Cannon & Kirk 2007)","Cannon PF, Kirk PM. 2007. Fungal Families of the World. CAB International, Cambridge (ISBN: 978-0851998275)","Hyphodontia","Fungi","Basidiomycota","Agaricomycetes","Hymenochaetales","Schizoporaceae","Hyphodontia","Hyphodontia_pallidula",2,"Multiple 100% matches","ASV3684;ASV779",NA,"Match","Match","Match","Match","Match"
"630","ASV630","Fungi","Ascomycota","Eurotiomycetes","Chaetothyriales","Herpotrichiellaceae","Exophiala",NA,"Exophiala",NA,"0.8723245","Herpotrichiellaceae","1CB1CD37-36B9-11D5-9548-00D0592D548C","80856","9","Pathotroph-Saprotroph","Animal Pathogen-Fungal Parasite-Undefined Saprotroph","Probable","Facultative Yeast-Microfungus","NULL","Mostly saprobic on plants or other fungi, isolated from soil etc., and from medical sources (Cannon & Kirk 2007)","Cannon PF, Kirk PM. 2007. Fungal Families of the World. CAB International, Cambridge (ISBN: 978-0851998275)","Exophiala","Fungi","Ascomycota","Eurotiomycetes","Chaetothyriales",NA,NA,NA,2,"Multiple 100% matches","ASV4231;ASV760",NA,NA,NA,"Match","Match","Match"
"632","ASV632","Fungi","Basidiomycota","Microbotryomycetes","Sporidiobolales","Sporidiobolaceae","Sporobolomyces","Sporobolomyces_ruberrimus","Sporobolomyces_ruberrimus","sSH0882343.09FU","0.8347044","Sporidiobolaceae","20AD224D-9EFF-4C1C-8214-59BA76CCCDF3","82101","9","Pathotroph-Saprotroph","Animal Pathogen-Undefined Saprotroph","Probable","Microfungus","NULL","Saprobic, found in a wide range of habitats and especially in aquatic systems. Some of the red yeasts in this family are widely encountered spoilage organisms and opportunistic human pathogens (Cannon & Kirk 2007)","Cannon PF, Kirk PM. 2007. Fungal Families of the World. CAB International, Cambridge (ISBN: 978-0851998275)","Sporobolomyces_ruberrimus","Fungi","Basidiomycota","Microbotryomycetes","Sporidiobolales","Sporidiobolaceae","Sporobolomyces","Sporobolomyces_ruberrimus",1,"Unique 100% match","ASV5053","Match","Match","Match","Match","Match","Match"
"636","ASV636","Fungi","Basidiomycota","Agaricomycetes","Polyporales","Hyphodermataceae","Hyphoderma","Hyphoderma_nudicephalum","Hyphoderma_nudicephalum","sSH1236263.09FU","0.9999592","Hyphoderma","1CB18E22-36B9-11D5-9548-00D0592D548C","17823","13"," Saprotroph","Undefined Saprotroph-|Wood Saprotroph|","Probable","Corticioid","White Rot","As white_rot (Põlme et al. 2020); Decay wood (Põlme et al. 2020)","Tedersoo L, et al. 2014. Science 346:e1256688 ((https://doi.org/10.1126/science.1256688)); Põlme S, et al. 2020. Fungal Diversity 105:1-16 ((https://doi.org/10.1007/s13225-020-00466-2))","Hyphoderma_nudicephalum","Fungi","Basidiomycota","Agaricomycetes","Polyporales","Hyphodermataceae","Hyphoderma","Hyphoderma_nudicephalum",1,"Unique 100% match","ASV3434","Match","Match","Match","Match","Match","Match"
"637","ASV637","Fungi","Basidiomycota","Agaricomycetes","Polyporales","Phanerochaetaceae","Phaeophlebiopsis",NA,"Phaeophlebiopsis","sSH1217023.09FU","0.9990091","Phaeophlebiopsis","4BE40F00-E0B2-4338-B658-D28FDAA49A02","811929","13","Saprotroph","|Wood Saprotroph|","Probable","Corticioid","White Rot","As white_rot (Põlme et al. 2020); Decay wood (Põlme et al. 2020)","Põlme S, et al. 2020. Fungal Diversity 105:1-16 ((https://doi.org/10.1007/s13225-020-00466-2))","Phaeophlebiopsis","Fungi","Basidiomycota","Agaricomycetes","Polyporales","Phanerochaetaceae","Phaeophlebiopsis",NA,2,"Multiple 100% matches","ASV1797;ASV2949",NA,"Match","Match","Match","Match","Match"
"638","ASV638","Fungi","Basidiomycota","Agaricomycetes","Hymenochaetales",NA,"Skvortzoviella","Skvortzoviella_lenis","Skvortzoviella_lenis","sSH1022786.09FU","0.9196362",NA,NA,NA,NA,NA,NA,NA,NA,NA,NA,NA,"Skvortzoviella_lenis","Fungi","Basidiomycota","Agaricomycetes","Hymenochaetales",NA,NA,NA,1,"Unique 100% match","ASV5254",NA,NA,NA,"Match","Match","Match"
"639","ASV639","Fungi","Basidiomycota","Agaricomycetes","Cantharellales","Hydnaceae","Sistotrema","Sistotrema_sernanderi","Sistotrema_sernanderi","sSH1249944.09FU","0.9999872","Sistotrema","1CB1CB70-36B9-11D5-9548-00D0592D548C","18551","13","Saprotroph-Symbiotroph","Ectomycorrhizal-|Plant Saprotroph|-Wood Saprotroph","Possible","Corticioid","White Rot","As litter_saprotroph (Põlme et al. 2020); Decay leaf, fruit, seed (Põlme et al. 2020)","Gilbertson RL, Ryvarden L. 1987-1987. North American Polypores. Fungiflora, Oslo (ISBN: 978-0945345060); Rinaldi AC, et al. 2008. Fungal Diversity 33:1-45 ((http://www.fungaldiversity.org/fdp/sfdp/33-1.pdf)) (as ECM/not ECM); Tedersoo L, et al. 2010. Mycorrhiza 20:217-263 ((https://doi.org/10.1007/s00572-009-0274-x)) (pro parte); Põlme S, et al. 2020. Fungal Diversity 105:1-16 ((https://doi.org/10.1007/s13225-020-00466-2)); http://mycorrhizas.info/ecmf.html ((http://mycorrhizas.info/ecmf.html)) (as ECM/not ECM).","Sistotrema_sernanderi","Fungi","Basidiomycota","Agaricomycetes","Cantharellales","Hydnaceae","Sistotrema","Sistotrema_sernanderi",1,"Unique 100% match","ASV976","Match","Match","Match","Match","Match","Match"
"642","ASV642","Fungi","Basidiomycota","Agaricomycetes","Polyporales","Phanerochaetaceae","Phanerochaete","Phanerochaete_bambusicola","Phanerochaete_bambusicola","sSH1217085.09FU","0.8607210","Phanerochaete","1CB1C9F2-36B9-11D5-9548-00D0592D548C","18245","13","Saprotroph","|Wood Saprotroph|","Highly Probable","Corticioid","White Rot","As white_rot (Põlme et al. 2020); Decay wood (Põlme et al. 2020)","Glenn JK, et al. 1983. Biochemical and Biophysical Research Communications 114:1077-1083 ((https://doi.org/10.1016/0006-291x((83))90672-1)); Põlme S, et al. 2020. Fungal Diversity 105:1-16 ((https://doi.org/10.1007/s13225-020-00466-2))","Phanerochaete_bambusicola","Fungi","Basidiomycota","Agaricomycetes","Polyporales","Phanerochaetaceae","Phanerochaete",NA,1,"Unique 100% match","ASV2578",NA,"Match","Match","Match","Match","Match"
"643","ASV643","Fungi","Basidiomycota","Agaricomycetes","Polyporales","Polyporaceae","Lenzites","Lenzites_betulina","Lenzites_betulina","sSH1122474.09FU","0.9998169","Polyporaceae","1CB19B17-36B9-11D5-9548-00D0592D548C","81203","9","Saprotroph","Wood Saprotroph","Probable","Polyporoid","Brown Rot-White Rot","Lignicolous, causing brown or white rot, mostly of broadleaved trees (Cannon & Kirk 2007)","Cannon PF, Kirk PM. 2007. Fungal Families of the World. CAB International, Cambridge (ISBN: 978-0851998275)","Lenzites_betulina","Fungi","Basidiomycota","Agaricomycetes","Polyporales","Polyporaceae","Lenzites","Lenzites_betulina",2,"Multiple 100% matches","ASV2383;ASV7976","Match","Match","Match","Match","Match","Match"
"644","ASV644","Fungi","Basidiomycota","Agaricomycetes","Polyporales","Polyporaceae","Fomitella","Fomitella_supina","Fomitella_supina","sSH1248880.09FU","0.9972754","Polyporaceae","1CB19B17-36B9-11D5-9548-00D0592D548C","81203","9","Saprotroph","Wood Saprotroph","Probable","Polyporoid","Brown Rot-White Rot","Lignicolous, causing brown or white rot, mostly of broadleaved trees (Cannon & Kirk 2007)","Cannon PF, Kirk PM. 2007. Fungal Families of the World. CAB International, Cambridge (ISBN: 978-0851998275)","Fomitella_supina","Fungi","Basidiomycota","Agaricomycetes","Polyporales","Polyporaceae","Fomitella","Fomitella_supina",1,"Unique 100% match","ASV7791","Match","Match","Match","Match","Match","Match"
"645","ASV645","Fungi","Basidiomycota","Agaricomycetes","Polyporales","Phanerochaetaceae","Phanerochaete","Phanerochaete_burtii","Phanerochaete_burtii","sSH1216932.09FU","0.9784883","Phanerochaete","1CB1C9F2-36B9-11D5-9548-00D0592D548C","18245","13","Saprotroph","|Wood Saprotroph|","Highly Probable","Corticioid","White Rot","As white_rot (Põlme et al. 2020); Decay wood (Põlme et al. 2020)","Glenn JK, et al. 1983. Biochemical and Biophysical Research Communications 114:1077-1083 ((https://doi.org/10.1016/0006-291x((83))90672-1)); Põlme S, et al. 2020. Fungal Diversity 105:1-16 ((https://doi.org/10.1007/s13225-020-00466-2))","Phanerochaete_burtii","Fungi","Basidiomycota","Agaricomycetes","Polyporales","Phanerochaetaceae","Phanerochaete","Phanerochaete_burtii",1,"Unique 100% match","ASV3039","Match","Match","Match","Match","Match","Match"
"647","ASV647","Fungi",NA,NA,NA,NA,NA,NA,NA,NA,"0.9995853",NA,NA,NA,NA,NA,NA,NA,NA,NA,NA,NA,NA,"Fungi",NA,NA,NA,NA,NA,NA,1,"Unique 100% match","ASV3088",NA,NA,NA,NA,NA,NA
"649","ASV649","Fungi","Basidiomycota","Agaricomycetes","Polyporales","Irpicaceae",NA,NA,"Irpicaceae","sSH1142622.09FU","0.7747669",NA,NA,NA,NA,NA,NA,NA,NA,NA,NA,NA,"Irpicaceae","Fungi","Basidiomycota","Agaricomycetes","Polyporales","Irpicaceae",NA,NA,2,"Multiple 100% matches","ASV3813;ASV507",NA,NA,"Match","Match","Match","Match"
"650","ASV650","Fungi","Ascomycota","Sordariomycetes","Xylariales","Castanediellaceae","Castanediella",NA,"Castanediella","sSH1095032.09FU","0.9996155","Castanediella","772A84A0-A6BC-4190-8943-1D09465BC50D","811878","13","Pathotroph","|Plant Pathogen|","Probable","Micofungus-Microfungus","NULL","NULL","Crous PW, et al. 2015. Persoonia 34:167-266 ((https://doi.org/10.3767/003158515X688433)); Põlme S, et al. 2020. Fungal Diversity 105:1-16 ((https://doi.org/10.1007/s13225-020-00466-2))","Castanediella","Fungi","Ascomycota","Sordariomycetes","Xylariales","Castanediellaceae","Castanediella",NA,1,"Unique 100% match","ASV2142",NA,"Match","Match","Match","Match","Match"
"651","ASV651","Fungi","Basidiomycota","Agaricomycetes","Auriculariales",NA,NA,NA,"Auriculariales","sSH0933490.09FU","0.7580687",NA,NA,NA,NA,NA,NA,NA,NA,NA,NA,NA,"Auriculariales","Fungi","Basidiomycota","Agaricomycetes","Auriculariales",NA,NA,NA,1,"Unique 100% match","ASV1857",NA,NA,NA,"Match","Match","Match"
"652","ASV652","Fungi","Basidiomycota","Agaricomycetes","Polyporales","Steccherinaceae","Ceriporiopsis","Ceriporiopsis_fimbriata","Ceriporiopsis_fimbriata","sSH1255438.09FU","1.0000000","Steccherinaceae","1CB1CDD9-36B9-11D5-9548-00D0592D548C","81420","9","Saprotroph","Wood Saprotroph","Probable","Corticioid-Polyporoid","White Rot","Growing on dead wood causing white rot, sometimes replacing early colonizers (Cannon & Kirk 2007)","Cannon PF, Kirk PM. 2007. Fungal Families of the World. CAB International, Cambridge (ISBN: 978-0851998275)","Ceriporiopsis_fimbriata","Fungi","Basidiomycota","Agaricomycetes","Polyporales","Steccherinaceae","Ceriporiopsis","Ceriporiopsis_fimbriata",1,"Unique 100% match","ASV5552","Match","Match","Match","Match","Match","Match"
"653","ASV653","Fungi","Basidiomycota","Cystobasidiomycetes",NA,"Symmetrosporaceae","Symmetrospora",NA,"Symmetrospora",NA,"0.9999551","Symmetrospora","087AD0E3-3941-4D4D-B6AD-C4299E0B7B7F","813117","13","Saprotroph-Symbiotroph","|Epiphyte|-Plant Saprotroph","Probable","Yeast","NULL","As litter_saprotroph (Põlme et al. 2020); Decay leaf, fruit, seed (Põlme et al. 2020)","Põlme S, et al. 2020. Fungal Diversity 105:1-16 ((https://doi.org/10.1007/s13225-020-00466-2))","Symmetrospora","Fungi","Basidiomycota","Cystobasidiomycetes",NA,NA,NA,NA,1,"Unique 100% match","ASV4324",NA,NA,NA,NA,"Match","Match"
"654","ASV654","Fungi",NA,NA,NA,NA,NA,NA,NA,NA,"0.7930512",NA,NA,NA,NA,NA,NA,NA,NA,NA,NA,NA,NA,"Fungi","Basidiomycota","Agaricomycetes",NA,NA,NA,NA,1,"Unique 100% match","ASV2543",NA,NA,NA,NA,NA,NA
"656","ASV656","Fungi","Basidiomycota","Agaricomycetes","Hymenochaetales","Hymenochaetaceae","Hymenochaete","Hymenochaete_odontoides","Hymenochaete_odontoides","sSH1027091.09FU","0.9999005","Hymenochaetaceae","CC29D6F9-5984-496D-97E7-42EB138C1FEE","536196","9","Saprotroph-Symbiotroph","Ectomycorrhizal-Wood Saprotroph","Probable","Corticioid-Polyporoid","NULL","Lignicolous, causing white rots, rarely ectomycorrhizal (Cannon & Kirk 2007)","Cannon PF, Kirk PM. 2007. Fungal Families of the World. CAB International, Cambridge (ISBN: 978-0851998275)","Hymenochaete_odontoides","Fungi","Basidiomycota","Agaricomycetes","Hymenochaetales","Hymenochaetaceae","Hymenochaete","Hymenochaete_odontoides",1,"Unique 100% match","ASV7797","Match","Match","Match","Match","Match","Match"
"657","ASV657","Fungi","Basidiomycota","Agaricomycetes","Trechisporales","Hydnodontaceae","Trechispora",NA,"Trechispora",NA,"0.7039500","Trechispora","1CB1CC1A-36B9-11D5-9548-00D0592D548C","18664","13","Saprotroph","|Wood Saprotroph|","Highly Probable","Corticioid","White Rot","As white_rot (Põlme et al. 2020); Decay wood (Põlme et al. 2020)","Gilbertson RL, Ryvarden L. 1987-1987. North American Polypores. Fungiflora, Oslo (ISBN: 978-0945345060); Rinaldi AC, et al. 2008. Fungal Diversity 33:1-45 ((http://www.fungaldiversity.org/fdp/sfdp/33-1.pdf)) (as Uncertain); Tedersoo L, et al. 2010. Mycorrhiza 20:217-263 ((https://doi.org/10.1007/s00572-009-0274-x)) (as not ECM).; Põlme S, et al. 2020. Fungal Diversity 105:1-16 ((https://doi.org/10.1007/s13225-020-00466-2))","Trechispora","Fungi","Basidiomycota","Agaricomycetes","Trechisporales","Hydnodontaceae","Trechispora","Trechispora_mollusca",4,"Multiple 100% matches","ASV2671;ASV3433;ASV5174;ASV844",NA,"Match","Match","Match","Match","Match"
"658","ASV658","Fungi","Ascomycota","Sordariomycetes","Diaporthales","Schizoparmaceae","Coniella","Coniella_quercicola","Coniella_quercicola","sSH1288027.09FU","0.9086775","Coniella","1CB18470-36B9-11D5-9548-00D0592D548C","7753","13","Pathotroph","|Plant Pathogen|","Probable","Microfungus","NULL","NULL","Põlme S, et al. 2020. Fungal Diversity 105:1-16 ((https://doi.org/10.1007/s13225-020-00466-2)); The American Phytopathological Society Common Names of Plant Diseases ((http://www.apsnet.org/publications/commonnames/Pages/default.aspx))","Coniella_quercicola","Fungi","Ascomycota","Sordariomycetes","Diaporthales","Schizoparmaceae","Coniella","Coniella_quercicola",1,"Unique 100% match","ASV6486","Match","Match","Match","Match","Match","Match"
"659","ASV659","Fungi","Basidiomycota","Agaricomycetes","Polyporales",NA,NA,NA,"Polyporales","sSH1188711.09FU","0.9998360",NA,NA,NA,NA,NA,NA,NA,NA,NA,NA,NA,"Polyporales","Fungi",NA,NA,NA,NA,NA,NA,3,"Multiple 100% matches","ASV2544;ASV310;ASV554",NA,NA,NA,NA,NA,NA
"660","ASV660","Fungi","Basidiomycota","Agaricomycetes","Russulales","Lachnocladiaceae","Scytinostroma",NA,"Scytinostroma",NA,"0.9999638","Lachnocladiaceae","1CB1CD49-36B9-11D5-9548-00D0592D548C","80924","9","Saprotroph","Wood Saprotroph","Probable","Coraloid-Corticioid","NULL","On decaying coniferous or broadleaved wood, sometimes on herbaceous stems, presumably saprobic (Cannon & Kirk 2007)","Cannon PF, Kirk PM. 2007. Fungal Families of the World. CAB International, Cambridge (ISBN: 978-0851998275)","Scytinostroma","Fungi","Basidiomycota","Agaricomycetes","Russulales",NA,NA,NA,1,"Unique 100% match","ASV2502",NA,NA,NA,"Match","Match","Match"
"661","ASV661","Fungi","Basidiomycota","Agaricomycetes","Auriculariales","Exidiaceae","Basidiodendron",NA,"Basidiodendron","sSH1023643.09FU","0.9944342","Basidiodendron","1CB1C4F5-36B9-11D5-9548-00D0592D548C","17148","13","Saprotroph","Undefined Saprotroph-|Wood Saprotroph|","Probable","Corticioid","NULL","Decay wood (Põlme et al. 2020)","Tedersoo L, et al. 2014. Science 346:e1256688 ((https://doi.org/10.1126/science.1256688)); Põlme S, et al. 2020. Fungal Diversity 105:1-16 ((https://doi.org/10.1007/s13225-020-00466-2))","Basidiodendron","Fungi","Basidiomycota","Agaricomycetes","Auriculariales","Exidiaceae","Basidiodendron",NA,6,"Multiple 100% matches","ASV1014;ASV2009;ASV341;ASV4615;ASV6180;ASV659",NA,"Match","Match","Match","Match","Match"
"662","ASV662","Fungi","Basidiomycota","Agaricomycetes","Russulales","Peniophoraceae","Peniophora",NA,"Peniophora",NA,"0.8250410","Peniophoraceae","1CB1CD8B-36B9-11D5-9548-00D0592D548C","81123","9","Pathotroph-Saprotroph","Plant Pathogen-Wood Saprotroph","Probable","Corticioid","White Rot","Most species are saprobic, causing rots of standing and fallen wood. Many species are adapted to xeric conditions, being able to grow on rapidly drying dead attached branches (Cannon & Kirk 2007)","Cannon PF, Kirk PM. 2007. Fungal Families of the World. CAB International, Cambridge (ISBN: 978-0851998275)","Peniophora","Fungi","Basidiomycota","Agaricomycetes","Russulales","Peniophoraceae","Entomocorticium",NA,1,"Unique 100% match","ASV7666",NA,"Mismatch","Match","Match","Match","Match"
"663","ASV663","Fungi","Ascomycota","Sordariomycetes","Hypocreales","Cordycipitaceae","Lecanicillium","Lecanicillium_psalliotae","Lecanicillium_psalliotae","sSH1259024.09FU","0.9895057","Hypocreales","1CB18E60-36B9-11D5-9548-00D0592D548C","90477","7","Saprotroph","Undefined Saprotroph","Possible","Microfungus","NULL","NULL","Sterkenburg E, et al. 2015. New Phytologist 207:1145-1158 ((https://doi.org/10.1111/nph.13426))","Lecanicillium_psalliotae","Fungi","Ascomycota","Sordariomycetes","Hypocreales","Cordycipitaceae","Lecanicillium","Lecanicillium_psalliotae",1,"Unique 100% match","ASV546","Match","Match","Match","Match","Match","Match"
"666","ASV666","Fungi","Ascomycota","Dothideomycetes","Muyocopronales","Muyocopronaceae",NA,NA,"Muyocopronaceae","sSH1174518.09FU","0.9999998",NA,NA,NA,NA,NA,NA,NA,NA,NA,NA,NA,"Muyocopronaceae","Fungi","Ascomycota","Dothideomycetes","Muyocopronales","Muyocopronaceae",NA,NA,2,"Multiple 100% matches","ASV1996;ASV7569",NA,NA,"Match","Match","Match","Match"
"667","ASV667","Fungi","Basidiomycota","Agaricomycetes","Polyporales","Fomitopsidaceae",NA,NA,"Fomitopsidaceae","sSH1078920.09FU","1.0000000","Fomitopsidaceae","1CB1CD22-36B9-11D5-9548-00D0592D548C","81772","9","Pathotroph-Saprotroph","Plant Pathogen-Wood Saprotroph","Probable","Polyporoid","Brown Rot","Most species are parasitic on woody plants, causing brown rots (Cannon & Kirk 2007)","Cannon PF, Kirk PM. 2007. Fungal Families of the World. CAB International, Cambridge (ISBN: 978-0851998275)","Fomitopsidaceae","Fungi","Basidiomycota","Agaricomycetes","Polyporales","Fomitopsidaceae",NA,NA,2,"Multiple 100% matches","ASV1262;ASV836",NA,NA,"Match","Match","Match","Match"
"668","ASV668","Fungi","Ascomycota",NA,NA,NA,NA,NA,"Ascomycota","sSH0936900.09FU","0.9927228",NA,NA,NA,NA,NA,NA,NA,NA,NA,NA,NA,"Ascomycota","Fungi","Ascomycota",NA,NA,NA,NA,NA,1,"Unique 100% match","ASV7108",NA,NA,NA,NA,NA,"Match"
"671","ASV671","Fungi","Basidiomycota","Agaricomycetes","Cantharellales","Botryobasidiaceae","Botryobasidium","Botryobasidium_candicans","Botryobasidium_candicans","sSH0891569.09FU","0.9988580","Botryobasidiaceae","1CB1CCD1-36B9-11D5-9548-00D0592D548C","81744","9","Saprotroph","Undefined Saprotroph-Wood Saprotroph","Probable","Corticioid","NULL","Saprobic, typically on rotten wood (Cannon & Kirk 2007)","Cannon PF, Kirk PM. 2007. Fungal Families of the World. CAB International, Cambridge (ISBN: 978-0851998275)","Botryobasidium_candicans","Fungi","Basidiomycota","Agaricomycetes","Cantharellales","Botryobasidiaceae","Botryobasidium","Botryobasidium_candicans",1,"Unique 100% match","ASV5104","Match","Match","Match","Match","Match","Match"
"672","ASV672","Fungi","Ascomycota","Leotiomycetes","Rhytismatales","Rhytismataceae",NA,NA,"Rhytismataceae",NA,"0.9836762","Rhytismataceae","1CB1CDBD-36B9-11D5-9548-00D0592D548C","81352","9","Pathotroph-Saprotroph-Symbiotroph","Endophyte-Leaf Saprotroph-Plant Pathogen","Probable","Microfungus","NULL","Biotrophic, necrotrophic or saprobic on leaves and bark, often initially as endophytes, causing tar spots, premature leaf fall and occasionally witches broom symptoms (Cannon & Kirk 2007)","Cannon PF, Kirk PM. 2007. Fungal Families of the World. CAB International, Cambridge (ISBN: 978-0851998275)","Rhytismataceae","Fungi","Ascomycota","Leotiomycetes","Rhytismatales","Rhytismataceae","Coccomyces",NA,1,"Unique 100% match","ASV1343",NA,NA,"Match","Match","Match","Match"
"673","ASV673","Fungi","Basidiomycota","Agaricomycetes","Polyporales","Irpicaceae",NA,NA,"Irpicaceae","sSH1142622.09FU","0.9175233",NA,NA,NA,NA,NA,NA,NA,NA,NA,NA,NA,"Irpicaceae","Fungi","Basidiomycota","Agaricomycetes","Polyporales","Irpicaceae",NA,NA,1,"Unique 100% match","ASV1307",NA,NA,"Match","Match","Match","Match"
"674","ASV674","Fungi","Ascomycota",NA,NA,NA,NA,NA,"Ascomycota",NA,"0.7915661",NA,NA,NA,NA,NA,NA,NA,NA,NA,NA,NA,"Ascomycota","Fungi",NA,NA,NA,NA,NA,NA,1,"Unique 100% match","ASV2693",NA,NA,NA,NA,NA,NA
"681","ASV681","Fungi","Ascomycota","Dothideomycetes","Tubeufiales","Tubeufiaceae",NA,NA,"Tubeufiaceae","sSH0973309.09FU","0.9999993","Tubeufiaceae","1CB1CDF3-36B9-11D5-9548-00D0592D548C","81599","9","Pathotroph-Saprotroph","Animal Pathogen-Undefined Saprotroph","Probable","NULL","NULL","Biotrophic or saprobic, especially on scale insects or other fungi. The anamorphic forms are fequently aero-aquatic (Cannon & Kirk 2007)","Cannon PF, Kirk PM. 2007. Fungal Families of the World. CAB International, Cambridge (ISBN: 978-0851998275)","Tubeufiaceae","Fungi","Ascomycota","Dothideomycetes","Tubeufiales","Tubeufiaceae",NA,NA,1,"Unique 100% match","ASV3299",NA,NA,"Match","Match","Match","Match"
"682","ASV682","Fungi","Basidiomycota","Agaricomycetes",NA,NA,NA,NA,"Agaricomycetes","sSH1201609.09FU","0.9996154",NA,NA,NA,NA,NA,NA,NA,NA,NA,NA,NA,"Agaricomycetes","Fungi","Basidiomycota","Agaricomycetes",NA,NA,NA,NA,1,"Unique 100% match","ASV6559",NA,NA,NA,NA,"Match","Match"
"683","ASV683","Fungi","Basidiomycota","Agaricomycetes",NA,NA,NA,NA,"Agaricomycetes","sSH1122497.09FU","0.9999998",NA,NA,NA,NA,NA,NA,NA,NA,NA,NA,NA,"Agaricomycetes","Fungi","Basidiomycota","Agaricomycetes",NA,NA,NA,NA,2,"Multiple 100% matches","ASV281;ASV7604",NA,NA,NA,NA,"Match","Match"
"684","ASV684","Fungi","Basidiomycota","Agaricomycetes","Geastrales","Geastraceae","Nidulariopsis","Nidulariopsis_iowensis","Nidulariopsis_iowensis","sSH1238887.09FU","0.9993786","Geastraceae","1CB1CD27-36B9-11D5-9548-00D0592D548C","80791","9","Saprotroph","Undefined Saprotroph","Probable","Gasteroid","NULL","Common name - earthstar; Terrestrial, rarely on wood or coprophilous. Most species are presumed saprobes, but at least some may be ectomycorrhizal (Cannon & Kirk 2007)","Cannon PF, Kirk PM. 2007. Fungal Families of the World. CAB International, Cambridge (ISBN: 978-0851998275)","Nidulariopsis_iowensis","Fungi","Basidiomycota","Agaricomycetes","Geastrales","Geastraceae","Nidulariopsis","Nidulariopsis_iowensis",2,"Multiple 100% matches","ASV5085;ASV6179","Match","Match","Match","Match","Match","Match"
"685","ASV685","Fungi","Basidiomycota","Agaricomycetes","Polyporales","Polyporaceae",NA,NA,"Polyporaceae","sSH1249074.09FU","0.9917085","Polyporaceae","1CB19B17-36B9-11D5-9548-00D0592D548C","81203","9","Saprotroph","Wood Saprotroph","Probable","Polyporoid","Brown Rot-White Rot","Lignicolous, causing brown or white rot, mostly of broadleaved trees (Cannon & Kirk 2007)","Cannon PF, Kirk PM. 2007. Fungal Families of the World. CAB International, Cambridge (ISBN: 978-0851998275)","Polyporaceae","Fungi","Basidiomycota","Agaricomycetes","Polyporales","Polyporaceae",NA,NA,5,"Multiple 100% matches","ASV1464;ASV2092;ASV3616;ASV7068;ASV766",NA,NA,"Match","Match","Match","Match"
"686","ASV686","Fungi","Basidiomycota","Agaricomycetes",NA,NA,NA,NA,"Agaricomycetes","sSH0935517.09FU","0.9999985",NA,NA,NA,NA,NA,NA,NA,NA,NA,NA,NA,"Agaricomycetes","Fungi","Basidiomycota","Agaricomycetes",NA,NA,NA,NA,1,"Unique 100% match","ASV7498",NA,NA,NA,NA,"Match","Match"
"687","ASV687","Fungi","Basidiomycota","Agaricomycetes","Hymenochaetales","Hymenochaetaceae","Hymenochaete",NA,"Hymenochaete","sSH1027104.09FU","0.9997009","Hymenochaetaceae","CC29D6F9-5984-496D-97E7-42EB138C1FEE","536196","9","Saprotroph-Symbiotroph","Ectomycorrhizal-Wood Saprotroph","Probable","Corticioid-Polyporoid","NULL","Lignicolous, causing white rots, rarely ectomycorrhizal (Cannon & Kirk 2007)","Cannon PF, Kirk PM. 2007. Fungal Families of the World. CAB International, Cambridge (ISBN: 978-0851998275)","Hymenochaete","Fungi","Basidiomycota","Agaricomycetes","Hymenochaetales","Hymenochaetaceae","Hymenochaete",NA,4,"Multiple 100% matches","ASV2822;ASV3823;ASV5322;ASV924",NA,"Match","Match","Match","Match","Match"
"689","ASV689","Fungi","Basidiomycota","Microbotryomycetes","Sporidiobolales","Sporidiobolaceae",NA,NA,"Sporidiobolaceae","sSH0882309.09FU","0.9023651","Sporidiobolaceae","20AD224D-9EFF-4C1C-8214-59BA76CCCDF3","82101","9","Pathotroph-Saprotroph","Animal Pathogen-Undefined Saprotroph","Probable","Microfungus","NULL","Saprobic, found in a wide range of habitats and especially in aquatic systems. Some of the red yeasts in this family are widely encountered spoilage organisms and opportunistic human pathogens (Cannon & Kirk 2007)","Cannon PF, Kirk PM. 2007. Fungal Families of the World. CAB International, Cambridge (ISBN: 978-0851998275)","Sporidiobolaceae","Fungi","Basidiomycota","Microbotryomycetes","Sporidiobolales","Sporidiobolaceae",NA,NA,2,"Multiple 100% matches","ASV584;ASV7122",NA,NA,"Match","Match","Match","Match"
"690","ASV690","Fungi","Basidiomycota","Agaricomycetes","Auriculariales","Exidiaceae","Basidiodendron","Basidiodendron_pelinum","Basidiodendron_pelinum","sSH1598665.09FU","0.8491567","Basidiodendron","1CB1C4F5-36B9-11D5-9548-00D0592D548C","17148","13","Saprotroph","Undefined Saprotroph-|Wood Saprotroph|","Probable","Corticioid","NULL","Decay wood (Põlme et al. 2020)","Tedersoo L, et al. 2014. Science 346:e1256688 ((https://doi.org/10.1126/science.1256688)); Põlme S, et al. 2020. Fungal Diversity 105:1-16 ((https://doi.org/10.1007/s13225-020-00466-2))","Basidiodendron_pelinum","Fungi","Basidiomycota","Agaricomycetes","Auriculariales","Exidiaceae","Basidiodendron",NA,1,"Unique 100% match","ASV862",NA,"Match","Match","Match","Match","Match"
"692","ASV692","Fungi","Ascomycota","Dothideomycetes","Mycosphaerellales","Mycosphaerellaceae","Phaeophleospora","Phaeophleospora_hymenocallidicola","Phaeophleospora_hymenocallidicola","sSH0963610.09FU","0.9194865","Mycosphaerellaceae","1CB1CD75-36B9-11D5-9548-00D0592D548C","81043","9","Pathotroph-Saprotroph","Plant Pathogen-Undefined Saprotroph","Probable","Microfungus","NULL","Biotrophic, necrotrophic or saprobic on various plant tissues (Cannon & Kirk 2007)","Cannon PF, Kirk PM. 2007. Fungal Families of the World. CAB International, Cambridge (ISBN: 978-0851998275)","Phaeophleospora_hymenocallidicola","Fungi","Ascomycota","Dothideomycetes","Mycosphaerellales","Mycosphaerellaceae","Phaeophleospora","Phaeophleospora_hymenocallidicola",1,"Unique 100% match","ASV5075","Match","Match","Match","Match","Match","Match"
"693","ASV693","Fungi","Basidiomycota","Agaricomycetes","Russulales","Peniophoraceae","Peniophora","Peniophora_bicornis","Peniophora_bicornis","sSH1068927.09FU","0.9611981","Peniophoraceae","1CB1CD8B-36B9-11D5-9548-00D0592D548C","81123","9","Pathotroph-Saprotroph","Plant Pathogen-Wood Saprotroph","Probable","Corticioid","White Rot","Most species are saprobic, causing rots of standing and fallen wood. Many species are adapted to xeric conditions, being able to grow on rapidly drying dead attached branches (Cannon & Kirk 2007)","Cannon PF, Kirk PM. 2007. Fungal Families of the World. CAB International, Cambridge (ISBN: 978-0851998275)","Peniophora_bicornis","Fungi","Basidiomycota","Agaricomycetes","Russulales","Peniophoraceae","Peniophora","Peniophora_bicornis",1,"Unique 100% match","ASV495","Match","Match","Match","Match","Match","Match"
"694","ASV694","Fungi","Ascomycota","Dothideomycetes","Capnodiales","Cladosporiaceae","Toxicocladosporium",NA,"Toxicocladosporium",NA,"0.7676822","Cladosporiaceae","6EDCD6E4-DE4D-443D-AF6B-A572F626BD45","816548","9","Pathotroph-Saprotroph-Symbiotroph","Animal Pathogen-Endophyte-Lichen Parasite-Plant Pathogen-Wood Saprotroph","Possible","Microfungus","NULL","NULL","Seehann G, et al. 1975. List of Fungi in Soft-Rot Tissue Tests. Institute fur Holzbiologie und Holzschutz, Bundesforschungsanstalt fur Forst - und Holzwirtshaft, Hamburg - Lohbrugge, Germany; Lawrey JD, Diederich P. 2016. http://www.lichenicolous.net (accessed 24 May 2017) ((http://www.lichenicolous.net)); The American Phytopathological Society Common Names of Plant Diseases ((http://www.apsnet.org/publications/commonnames/Pages/default.aspx))","Toxicocladosporium","Fungi","Ascomycota","Dothideomycetes","Capnodiales","Cladosporiaceae","Toxicocladosporium",NA,3,"Multiple 100% matches","ASV4333;ASV6480;ASV7076",NA,"Match","Match","Match","Match","Match"
"697","ASV697","Fungi","Ascomycota","Dothideomycetes","Capnodiales",NA,NA,NA,"Capnodiales","sSH1083917.09FU","0.9994683",NA,NA,NA,NA,NA,NA,NA,NA,NA,NA,NA,"Capnodiales","Fungi","Ascomycota","Dothideomycetes","Capnodiales",NA,NA,NA,5,"Multiple 100% matches","ASV251;ASV7240;ASV7956;ASV8179;ASV8180",NA,NA,NA,"Match","Match","Match"
"698","ASV698","Fungi","Ascomycota","Dothideomycetes",NA,NA,NA,NA,"Dothideomycetes",NA,"0.7638908",NA,NA,NA,NA,NA,NA,NA,NA,NA,NA,NA,"Dothideomycetes","Fungi","Ascomycota","Dothideomycetes",NA,NA,NA,NA,1,"Unique 100% match","ASV6947",NA,NA,NA,NA,"Match","Match"
"699","ASV699","Fungi","Ascomycota","Dothideomycetes","Pleosporales","Didymellaceae",NA,NA,"Didymellaceae",NA,"0.9999913","Didymellaceae","F971F4FB-F68A-481E-B5F1-2BF2B753AA5D","508292","9","Pathotroph-Saprotroph","Animal Pathogen-Plant Pathogen-Undefined Saprotroph","Possible","Microfungus","NULL","NULL","Tedersoo L, et al. 2014. Science 346:e1256688 ((https://doi.org/10.1126/science.1256688))","Didymellaceae","Fungi","Ascomycota","Dothideomycetes","Pleosporales","Didymellaceae","Phoma",NA,1,"Unique 100% match","ASV1965",NA,NA,"Match","Match","Match","Match"
"700","ASV700","Fungi",NA,NA,NA,NA,NA,NA,NA,NA,"1.0000000",NA,NA,NA,NA,NA,NA,NA,NA,NA,NA,NA,NA,"Fungi","Basidiomycota","Agaricomycetes","Cantharellales","Hydnaceae","Sistotrema","Sistotrema_oblongisporum",1,"Unique 100% match","ASV6954",NA,NA,NA,NA,NA,NA
"701","ASV701","Fungi","Basidiomycota","Tremellomycetes","Tremellales","Bulleribasidiaceae","Dioszegia","Dioszegia_zsoltii","Dioszegia_zsoltii","sSH1004025.09FU","0.9681873","Tremellales","1CB1CE64-36B9-11D5-9548-00D0592D548C","90451","7","Pathotroph-Saprotroph-Symbiotroph","Fungal Parasite-Undefined Saprotroph","Possible","Tremelloid-Yeast","NULL","The order contains both teleomorphic and anamorphic species, most of the latter being yeasts","Sterkenburg E, et al. 2015. New Phytologist 207:1145-1158 ((https://doi.org/10.1111/nph.13426))","Dioszegia_zsoltii","Fungi","Basidiomycota","Tremellomycetes","Tremellales","Bulleribasidiaceae","Dioszegia","Dioszegia_zsoltii",1,"Unique 100% match","ASV1178","Match","Match","Match","Match","Match","Match"
"703","ASV703","Fungi","Basidiomycota","Agaricomycetes","Auriculariales","Exidiaceae","Exidia","Exidia_glandulosa","Exidia_glandulosa","sSH1090624.09FU","0.9997320","Exidia","1CB18A1B-36B9-11D5-9548-00D0592D548C","17572","13","Saprotroph-Symbiotroph","Endophyte-Plant Saprotroph-Undefined Saprotroph-|Wood Saprotroph|","Probable","Tremelloid","NULL","As foliar_endophyte (Põlme et al. 2020); As litter_saprotroph (Põlme et al. 2020); Decay wood, leaf, fruit, seed (Põlme et al. 2020)","Tedersoo L, et al. 2014. Science 346:e1256688 ((https://doi.org/10.1126/science.1256688)); David AS, et al. 2016. Microbial Ecology 71:912-926 ((https://doi.org/10.1007/s00248-015-0712-6)); Põlme S, et al. 2020. Fungal Diversity 105:1-16 ((https://doi.org/10.1007/s13225-020-00466-2))","Exidia_glandulosa","Fungi","Basidiomycota","Agaricomycetes",NA,NA,NA,NA,2,"Multiple 100% matches","ASV1753;ASV6087",NA,NA,NA,NA,"Match","Match"
"706","ASV706","Fungi","Ascomycota","Eurotiomycetes","Eurotiales","Aspergillaceae","Penicillium","Penicillium_coffeae","Penicillium_coffeae","sSH1227789.09FU","0.9982167","Eurotiales","1CB1CE25-36B9-11D5-9548-00D0592D548C","90472","7","Saprotroph","Undefined Saprotroph","Possible","Microfungus","NULL","NULL","Sterkenburg E, et al. 2015. New Phytologist 207:1145-1158 ((https://doi.org/10.1111/nph.13426))","Penicillium_coffeae","Fungi","Ascomycota","Eurotiomycetes","Eurotiales","Aspergillaceae","Penicillium","Penicillium_coffeae",1,"Unique 100% match","ASV682","Match","Match","Match","Match","Match","Match"
"707","ASV707","Fungi","Basidiomycota","Agaricomycetes","Hymenochaetales","Rickenellaceae","Resinicium","Resinicium_rimulosum","Resinicium_rimulosum","sSH1252025.09FU","0.9998979","Resinicium","1CB1CAE9-36B9-11D5-9548-00D0592D548C","18453","13","Saprotroph","Undefined Saprotroph-|Wood Saprotroph|","Probable","Corticioid","White Rot","As white_rot (Põlme et al. 2020); Decay wood (Põlme et al. 2020)","Tedersoo L, et al. 2014. Science 346:e1256688 ((https://doi.org/10.1126/science.1256688)); Põlme S, et al. 2020. Fungal Diversity 105:1-16 ((https://doi.org/10.1007/s13225-020-00466-2))","Resinicium_rimulosum","Fungi","Basidiomycota","Agaricomycetes","Hymenochaetales","Rickenellaceae","Resinicium","Resinicium_rimulosum",1,"Unique 100% match","ASV6068","Match","Match","Match","Match","Match","Match"
"708","ASV708","Fungi","Basidiomycota","Agaricomycetes","Corticiales","Vuilleminiaceae","Vuilleminia",NA,"Vuilleminia","sSH1265472.09FU","0.9999999","Vuilleminia","1CB1CC74-36B9-11D5-9548-00D0592D548C","18743","13","Pathotroph-Saprotroph","Plant Pathogen-Undefined Saprotroph-|Wood Saprotroph|","Probable","Corticioid","White Rot","As white_rot (Põlme et al. 2020); As wood_pathogen (Põlme et al. 2020); Decay wood (Põlme et al. 2020)","Tedersoo L, et al. 2014. Science 346:e1256688 ((https://doi.org/10.1126/science.1256688)); Põlme S, et al. 2020. Fungal Diversity 105:1-16 ((https://doi.org/10.1007/s13225-020-00466-2))","Vuilleminia","Fungi","Basidiomycota","Agaricomycetes","Corticiales","Vuilleminiaceae","Vuilleminia",NA,1,"Unique 100% match","ASV1832",NA,"Match","Match","Match","Match","Match"
"709","ASV709","Fungi","Ascomycota","Sordariomycetes","Hypocreales","Niessliaceae","Niesslia","Niesslia_tenuis","Niesslia_tenuis","sSH1078503.09FU","0.9977072","Hypocreales","1CB18E60-36B9-11D5-9548-00D0592D548C","90477","7","Saprotroph","Undefined Saprotroph","Possible","Microfungus","NULL","NULL","Sterkenburg E, et al. 2015. New Phytologist 207:1145-1158 ((https://doi.org/10.1111/nph.13426))","Niesslia_tenuis","Fungi","Ascomycota","Sordariomycetes","Hypocreales","Niessliaceae","Niesslia","Niesslia_tenuis",10,"Multiple 100% matches","ASV7919;ASV7925;ASV7926;ASV7936;ASV7996;ASV8062;ASV8181;ASV8217;ASV8226;ASV8242","Match","Match","Match","Match","Match","Match"
"710","ASV710","Fungi","Ascomycota","Dothideomycetes","Pleosporales","Phaeosphaeriaceae","Phaeosphaeria",NA,"Phaeosphaeria",NA,"0.8443595","Phaeosphaeriaceae","1CB1CD8E-36B9-11D5-9548-00D0592D548C","81637","9","Pathotroph-Saprotroph","Fungal Parasite-Plant Pathogen-Plant Saprotroph","Probable","Microfungus","NULL","Necrotrophic or saprobic on a wide range of plants, especially monocotyledons; a few species parasitic on other fungi (Cannon & Kirk 2007)","Cannon PF, Kirk PM. 2007. Fungal Families of the World. CAB International, Cambridge (ISBN: 978-0851998275)","Phaeosphaeria","Fungi","Ascomycota","Dothideomycetes","Pleosporales","Phaeosphaeriaceae",NA,NA,1,"Unique 100% match","ASV4986",NA,NA,"Match","Match","Match","Match"
"711","ASV711","Fungi","Ascomycota","Dothideomycetes","Pleosporales","Didymellaceae","Phoma",NA,"Phoma","sSH0983508.09FU","0.9999691","Didymellaceae","F971F4FB-F68A-481E-B5F1-2BF2B753AA5D","508292","9","Pathotroph-Saprotroph","Animal Pathogen-Plant Pathogen-Undefined Saprotroph","Possible","Microfungus","NULL","NULL","Tedersoo L, et al. 2014. Science 346:e1256688 ((https://doi.org/10.1126/science.1256688))","Phoma","Fungi","Ascomycota","Dothideomycetes","Pleosporales","Didymellaceae","Phoma",NA,1,"Unique 100% match","ASV5617",NA,"Match","Match","Match","Match","Match"
"712","ASV712","Fungi","Basidiomycota","Agaricomycetes","Hymenochaetales","Rickenellaceae","Peniophorella",NA,"Peniophorella","sSH1298981.09FU","0.8930207","Peniophorella","0CB5C5A6-62A5-4579-B5A2-76797F4EBA35","18202","13","Saprotroph","Undefined Saprotroph-|Wood Saprotroph|","Probable","Corticioid","White Rot","As white_rot (Põlme et al. 2020); Decay wood (Põlme et al. 2020)","Tedersoo L, et al. 2014. Science 346:e1256688 ((https://doi.org/10.1126/science.1256688)); Põlme S, et al. 2020. Fungal Diversity 105:1-16 ((https://doi.org/10.1007/s13225-020-00466-2))","Peniophorella","Fungi","Basidiomycota","Agaricomycetes","Hymenochaetales","Rickenellaceae","Peniophorella",NA,2,"Multiple 100% matches","ASV1122;ASV4252",NA,"Match","Match","Match","Match","Match"
"715","ASV715","Fungi","Basidiomycota","Agaricomycetes","Trechisporales","Hydnodontaceae","Trechispora",NA,"Trechispora","sSH1260042.09FU","0.9999976","Trechispora","1CB1CC1A-36B9-11D5-9548-00D0592D548C","18664","13","Saprotroph","|Wood Saprotroph|","Highly Probable","Corticioid","White Rot","As white_rot (Põlme et al. 2020); Decay wood (Põlme et al. 2020)","Gilbertson RL, Ryvarden L. 1987-1987. North American Polypores. Fungiflora, Oslo (ISBN: 978-0945345060); Rinaldi AC, et al. 2008. Fungal Diversity 33:1-45 ((http://www.fungaldiversity.org/fdp/sfdp/33-1.pdf)) (as Uncertain); Tedersoo L, et al. 2010. Mycorrhiza 20:217-263 ((https://doi.org/10.1007/s00572-009-0274-x)) (as not ECM).; Põlme S, et al. 2020. Fungal Diversity 105:1-16 ((https://doi.org/10.1007/s13225-020-00466-2))","Trechispora","Fungi","Basidiomycota","Agaricomycetes","Trechisporales","Hydnodontaceae","Trechispora",NA,1,"Unique 100% match","ASV1200",NA,"Match","Match","Match","Match","Match"
"716","ASV716","Fungi","Ascomycota","Dothideomycetes","Pleosporales","Phaeosphaeriaceae","Phaeosphaeria",NA,"Phaeosphaeria",NA,"0.7000688","Phaeosphaeriaceae","1CB1CD8E-36B9-11D5-9548-00D0592D548C","81637","9","Pathotroph-Saprotroph","Fungal Parasite-Plant Pathogen-Plant Saprotroph","Probable","Microfungus","NULL","Necrotrophic or saprobic on a wide range of plants, especially monocotyledons; a few species parasitic on other fungi (Cannon & Kirk 2007)","Cannon PF, Kirk PM. 2007. Fungal Families of the World. CAB International, Cambridge (ISBN: 978-0851998275)","Phaeosphaeria","Fungi","Ascomycota","Dothideomycetes","Pleosporales","Phaeosphaeriaceae",NA,NA,2,"Multiple 100% matches","ASV7399;ASV7654",NA,NA,"Match","Match","Match","Match"
"718","ASV718","Fungi","Basidiomycota","Agaricomycetes","Trechisporales","Hydnodontaceae",NA,NA,"Hydnodontaceae","sSH1260076.09FU","1.0000000",NA,NA,NA,NA,NA,NA,NA,NA,NA,NA,NA,"Hydnodontaceae","Fungi","Basidiomycota","Agaricomycetes","Trechisporales","Hydnodontaceae",NA,NA,1,"Unique 100% match","ASV1668",NA,NA,"Match","Match","Match","Match"
"720","ASV720","Fungi","Ascomycota","Lecanoromycetes","Ostropales","Stictidaceae","Stictis",NA,"Stictis","sSH0929561.09FU","0.9682772","Stictidaceae","1CB1A605-36B9-11D5-9548-00D0592D548C","81429","9","Symbiotroph","Lichenized-Wood Saprotroph","Probable","Microfungus-Thallus","NULL","Saprobic on wood and stems, a few species lichenized or lignicolous (Cannon & Kirk 2007)","Cannon PF, Kirk PM. 2007. Fungal Families of the World. CAB International, Cambridge (ISBN: 978-0851998275)","Stictis","Fungi","Ascomycota","Lecanoromycetes","Ostropales","Stictidaceae","Stictis",NA,1,"Unique 100% match","ASV3588",NA,"Match","Match","Match","Match","Match"
"721","ASV721","Fungi","Basidiomycota","Agaricomycetes","Hymenochaetales","Hymenochaetaceae","Fuscoporia","Fuscoporia_septiseta","Fuscoporia_septiseta","sSH0918149.09FU","0.9631540","Hymenochaetaceae","CC29D6F9-5984-496D-97E7-42EB138C1FEE","536196","9","Saprotroph-Symbiotroph","Ectomycorrhizal-Wood Saprotroph","Probable","Corticioid-Polyporoid","NULL","Lignicolous, causing white rots, rarely ectomycorrhizal (Cannon & Kirk 2007)","Cannon PF, Kirk PM. 2007. Fungal Families of the World. CAB International, Cambridge (ISBN: 978-0851998275)","Fuscoporia_septiseta","Fungi","Basidiomycota","Agaricomycetes","Hymenochaetales","Hymenochaetaceae","Fuscoporia","Fuscoporia_septiseta",2,"Multiple 100% matches","ASV4536;ASV7668","Match","Match","Match","Match","Match","Match"
"723","ASV723","Fungi","Ascomycota","Saccharomycetes","Saccharomycetales","Metschnikowiaceae","Metschnikowia",NA,"Metschnikowia",NA,"0.7066752","Saccharomycetales","B73A15F4-AB90-4E11-B6D7-E0BE710B986C","816369","7","Saprotroph","Undefined Saprotroph","Possible","Yeast","NULL","NULL","Sterkenburg E, et al. 2015. New Phytologist 207:1145-1158 ((https://doi.org/10.1111/nph.13426))","Metschnikowia","Fungi",NA,NA,NA,NA,NA,NA,1,"Unique 100% match","ASV6571",NA,NA,NA,NA,NA,NA
"724","ASV724","Fungi","Ascomycota","Sordariomycetes","Hypocreales",NA,NA,NA,"Hypocreales",NA,"0.9714700","Hypocreales","1CB18E60-36B9-11D5-9548-00D0592D548C","90477","7","Saprotroph","Undefined Saprotroph","Possible","Microfungus","NULL","NULL","Sterkenburg E, et al. 2015. New Phytologist 207:1145-1158 ((https://doi.org/10.1111/nph.13426))","Hypocreales","Fungi","Ascomycota","Sordariomycetes","Hypocreales",NA,NA,NA,1,"Unique 100% match","ASV990",NA,NA,NA,"Match","Match","Match"
"731","ASV731","Fungi","Basidiomycota","Agaricomycetes","Trechisporales","Hydnodontaceae","Trechispora",NA,"Trechispora","sSH1164647.09FU","0.8163789","Trechispora","1CB1CC1A-36B9-11D5-9548-00D0592D548C","18664","13","Saprotroph","|Wood Saprotroph|","Highly Probable","Corticioid","White Rot","As white_rot (Põlme et al. 2020); Decay wood (Põlme et al. 2020)","Gilbertson RL, Ryvarden L. 1987-1987. North American Polypores. Fungiflora, Oslo (ISBN: 978-0945345060); Rinaldi AC, et al. 2008. Fungal Diversity 33:1-45 ((http://www.fungaldiversity.org/fdp/sfdp/33-1.pdf)) (as Uncertain); Tedersoo L, et al. 2010. Mycorrhiza 20:217-263 ((https://doi.org/10.1007/s00572-009-0274-x)) (as not ECM).; Põlme S, et al. 2020. Fungal Diversity 105:1-16 ((https://doi.org/10.1007/s13225-020-00466-2))","Trechispora","Fungi","Basidiomycota","Agaricomycetes","Trechisporales","Hydnodontaceae","Trechispora",NA,1,"Unique 100% match","ASV1004",NA,"Match","Match","Match","Match","Match"
"734","ASV734","Fungi","Ascomycota","Dothideomycetes","Coniosporiales","Coniosporiaceae","Coniosporium",NA,"Coniosporium","sSH0931315.09FU","0.9940107","Coniosporium","1CB1C57D-36B9-11D5-9548-00D0592D548C","512506","13","Pathotroph-Saprotroph","Animal Parasite-Animal Pathogen-|Plant Pathogen|-Undefined Saprotroph","Possible","Microfungus","NULL","Species are repeatedly isolated from human skin and nails and eventually causing mild cutaneous infections (Li et al. 2008); The genus comprises environmental fungi forming black spots or patches on plant leaves, bamboo surface, rotten wood, and recently particularly on rock surfaces","Li DM, et al. 2008. Studies in Mycology 61:131-136 ((https://doi.org/10.3114/sim.2008.61.13)); Põlme S, et al. 2020. Fungal Diversity 105:1-16 ((https://doi.org/10.1007/s13225-020-00466-2))","Coniosporium","Fungi","Ascomycota","Dothideomycetes","Coniosporiales","Coniosporiaceae","Coniosporium",NA,1,"Unique 100% match","ASV806",NA,"Match","Match","Match","Match","Match"
"735","ASV735","Fungi","Basidiomycota","Agaricomycetes","Auriculariales","Exidiaceae","Exidia",NA,"Exidia",NA,"0.7634804","Exidia","1CB18A1B-36B9-11D5-9548-00D0592D548C","17572","13","Saprotroph-Symbiotroph","Endophyte-Plant Saprotroph-Undefined Saprotroph-|Wood Saprotroph|","Probable","Tremelloid","NULL","As foliar_endophyte (Põlme et al. 2020); As litter_saprotroph (Põlme et al. 2020); Decay wood, leaf, fruit, seed (Põlme et al. 2020)","Tedersoo L, et al. 2014. Science 346:e1256688 ((https://doi.org/10.1126/science.1256688)); David AS, et al. 2016. Microbial Ecology 71:912-926 ((https://doi.org/10.1007/s00248-015-0712-6)); Põlme S, et al. 2020. Fungal Diversity 105:1-16 ((https://doi.org/10.1007/s13225-020-00466-2))","Exidia","Fungi","Basidiomycota","Agaricomycetes","Auriculariales","Exidiaceae","Exidia","Exidia_uvapassa",1,"Unique 100% match","ASV4195",NA,"Match","Match","Match","Match","Match"
"736","ASV736","Fungi","Ascomycota","Dothideomycetes","Dothideales","Saccotheciaceae","Aureobasidium",NA,"Aureobasidium","sSH1240439.09FU","0.8371213","Aureobasidium","1CB17EF4-36B9-11D5-9548-00D0592D548C","7297","13","Pathotroph-Saprotroph-Symbiotroph","Animal Pathogen-Endophyte-Epiphyte-|Plant Pathogen|-Plant Saprotroph-Undefined Saprotroph","Possible","Dimorphic-Facultative Yeast","NULL","As foliar_endophyte (Põlme et al. 2020); As litter_saprotroph (Põlme et al. 2020); Causes sooty mold (Põlme et al. 2020); Decay leaf, fruit, seed, roots, animal material, sugar-rich substrates (Põlme et al. 2020)","Costa IPMW, et al. 2012. Mycotaxon 119:e26 ((http://mycotaxon.com/resources/checklists/costa_v119_checklist.pdf)); Tedersoo L, et al. 2014. Science 346:e1256688 ((https://doi.org/10.1126/science.1256688)); Irinyia L, et al. 2016. Fungal Biology 120:125-136 ((https://doi.org/10.1016/j.funbio.2015.04.007)); Põlme S, et al. 2020. Fungal Diversity 105:1-16 ((https://doi.org/10.1007/s13225-020-00466-2))","Aureobasidium","Fungi","Ascomycota","Dothideomycetes","Dothideales","Saccotheciaceae","Aureobasidium",NA,1,"Unique 100% match","ASV2661",NA,"Match","Match","Match","Match","Match"
"737","ASV737","Fungi","Ascomycota","Dothideomycetes","Pleosporales","Didymellaceae","Neoascochyta","Neoascochyta_triticicola","Neoascochyta_triticicola","sSH2738016.09FU","0.9726437","Didymellaceae","F971F4FB-F68A-481E-B5F1-2BF2B753AA5D","508292","9","Pathotroph-Saprotroph","Animal Pathogen-Plant Pathogen-Undefined Saprotroph","Possible","Microfungus","NULL","NULL","Tedersoo L, et al. 2014. Science 346:e1256688 ((https://doi.org/10.1126/science.1256688))","Neoascochyta_triticicola","Fungi","Ascomycota","Dothideomycetes","Pleosporales","Didymellaceae","Neoascochyta","Neoascochyta_triticicola",1,"Unique 100% match","ASV1477","Match","Match","Match","Match","Match","Match"
"738","ASV738","Fungi","Basidiomycota","Agaricomycetes","Auriculariales","Hyaloriaceae","Myxarium",NA,"Myxarium","sSH1199174.09FU","0.9985990","Myxarium","1CB19502-36B9-11D5-9548-00D0592D548C","18106","13","Saprotroph","Undefined Saprotroph-|Wood Saprotroph|","Probable","Tremelloid","NULL","Decay wood (Põlme et al. 2020)","Tedersoo L, et al. 2014. Science 346:e1256688 ((https://doi.org/10.1126/science.1256688)); Põlme S, et al. 2020. Fungal Diversity 105:1-16 ((https://doi.org/10.1007/s13225-020-00466-2))","Myxarium","Fungi","Basidiomycota","Agaricomycetes","Auriculariales","Hyaloriaceae","Myxarium",NA,1,"Unique 100% match","ASV837",NA,"Match","Match","Match","Match","Match"
"739","ASV739","Fungi","Ascomycota","Sordariomycetes","Hypocreales","Nectriaceae","Fusarium","Fusarium_lateritium","Fusarium_lateritium","sSH1095290.09FU","0.9984633","Nectriaceae","1CB1CD7A-36B9-11D5-9548-00D0592D548C","81059","9","Pathotroph-Saprotroph-Symbiotroph","Animal Pathogen-Endophyte-Fungal Parasite-Lichen Parasite-Plant Pathogen-Wood Saprotroph","Possible","Microfungus","NULL","Fusarium species are amongst the economically significant plant pathogens (Cannon & Kirk 2007)","Cannon PF, Kirk PM. 2007. Fungal Families of the World. CAB International, Cambridge (ISBN: 978-0851998275); Hirooka Y, et al. 2012. Studies in Mycology 711-210 ((https://doi.org/10.3114/sim0001)); Tedersoo L, et al. 2014. Science 346:e1256688 ((https://doi.org/10.1126/science.1256688)); The American Phytopathological Society Common Names of Plant Diseases ((http://www.apsnet.org/publications/commonnames/Pages/default.aspx)); https://www.cdc.gov ((https://www.cdc.gov))","Fusarium_lateritium","Fungi","Ascomycota","Sordariomycetes","Hypocreales","Nectriaceae","Fusarium","Fusarium_tricinctum",1,"Unique 100% match","ASV1231","Mismatch","Match","Match","Match","Match","Match"
"741","ASV741","Fungi","Basidiomycota","Tremellomycetes","Tremellales","Rhynchogastremataceae","Papiliotrema","Papiliotrema_fusca","Papiliotrema_fusca","sSH0960201.09FU","0.9993263","Tremellales","1CB1CE64-36B9-11D5-9548-00D0592D548C","90451","7","Pathotroph-Saprotroph-Symbiotroph","Fungal Parasite-Undefined Saprotroph","Possible","Tremelloid-Yeast","NULL","The order contains both teleomorphic and anamorphic species, most of the latter being yeasts","Sterkenburg E, et al. 2015. New Phytologist 207:1145-1158 ((https://doi.org/10.1111/nph.13426))","Papiliotrema_fusca","Fungi","Basidiomycota","Tremellomycetes","Tremellales","Rhynchogastremataceae","Papiliotrema","Papiliotrema_fusca",1,"Unique 100% match","ASV3718","Match","Match","Match","Match","Match","Match"
"743","ASV743","Fungi","Basidiomycota","Agaricomycetes","Auriculariales",NA,"Sclerotrema","Sclerotrema_griseobrunneum","Sclerotrema_griseobrunneum","sSH1090375.09FU","0.9483766","Sclerotrema","0D0F8E13-C4D9-4EE0-958A-5799C0DF8153","818036","13","Saprotroph","|Wood Saprotroph|","Probable","Corticioid","NULL","Decay wood (Põlme et al. 2020)","Põlme S, et al. 2020. Fungal Diversity 105:1-16 ((https://doi.org/10.1007/s13225-020-00466-2))","Sclerotrema_griseobrunneum","Fungi","Basidiomycota","Agaricomycetes","Auriculariales","Exidiaceae","Exidiopsis",NA,1,"Unique 100% match","ASV4847",NA,"Mismatch",NA,"Match","Match","Match"
"748","ASV748","Fungi","Ascomycota","Eurotiomycetes","Eurotiales","Aspergillaceae","Penicillium",NA,"Penicillium",NA,"0.8643379","Eurotiales","1CB1CE25-36B9-11D5-9548-00D0592D548C","90472","7","Saprotroph","Undefined Saprotroph","Possible","Microfungus","NULL","NULL","Sterkenburg E, et al. 2015. New Phytologist 207:1145-1158 ((https://doi.org/10.1111/nph.13426))","Penicillium","Fungi","Ascomycota","Eurotiomycetes","Eurotiales","Aspergillaceae","Penicillium",NA,2,"Multiple 100% matches","ASV3589;ASV6292",NA,"Match","Match","Match","Match","Match"
"749","ASV749","Fungi","Basidiomycota","Agaricomycetes","Auriculariales","Exidiaceae","Basidiodendron","Basidiodendron_pelinum","Basidiodendron_pelinum","sSH1598665.09FU","0.9925788","Basidiodendron","1CB1C4F5-36B9-11D5-9548-00D0592D548C","17148","13","Saprotroph","Undefined Saprotroph-|Wood Saprotroph|","Probable","Corticioid","NULL","Decay wood (Põlme et al. 2020)","Tedersoo L, et al. 2014. Science 346:e1256688 ((https://doi.org/10.1126/science.1256688)); Põlme S, et al. 2020. Fungal Diversity 105:1-16 ((https://doi.org/10.1007/s13225-020-00466-2))","Basidiodendron_pelinum","Fungi","Basidiomycota","Agaricomycetes","Auriculariales","Exidiaceae","Basidiodendron","Basidiodendron_pelinum",1,"Unique 100% match","ASV3685","Match","Match","Match","Match","Match","Match"
"750","ASV750","Fungi","Ascomycota","Sordariomycetes","Hypocreales","Stachybotryaceae",NA,NA,"Stachybotryaceae","sSH1074043.09FU","0.9999355","Hypocreales","1CB18E60-36B9-11D5-9548-00D0592D548C","90477","7","Saprotroph","Undefined Saprotroph","Possible","Microfungus","NULL","NULL","Sterkenburg E, et al. 2015. New Phytologist 207:1145-1158 ((https://doi.org/10.1111/nph.13426))","Stachybotryaceae","Fungi","Ascomycota","Sordariomycetes","Hypocreales","Stachybotryaceae",NA,NA,1,"Unique 100% match","ASV4567",NA,NA,"Match","Match","Match","Match"
"751","ASV751","Fungi","Basidiomycota","Agaricomycetes","Hymenochaetales","Schizoporaceae","Xylodon","Xylodon_subflaviporus","Xylodon_subflaviporus","sSH1236554.09FU","0.9651416","Schizoporaceae","1CB1CDC9-36B9-11D5-9548-00D0592D548C","80038","9","Saprotroph","Wood Saprotroph","Probable","Corticioid","White Rot","Saprobic, causing white rot of standing and fallen wood of coniferous and broadleaved trees, rarely on herbaceous stems (Cannon & Kirk 2007)","Cannon PF, Kirk PM. 2007. Fungal Families of the World. CAB International, Cambridge (ISBN: 978-0851998275)","Xylodon_subflaviporus","Fungi","Basidiomycota","Agaricomycetes","Hymenochaetales","Schizoporaceae","Xylodon","Xylodon_subflaviporus",1,"Unique 100% match","ASV1491","Match","Match","Match","Match","Match","Match"
"752","ASV752","Fungi","Ascomycota","Sordariomycetes","Hypocreales","Cordycipitaceae",NA,NA,"Cordycipitaceae","sSH1258986.09FU","0.9999812","Hypocreales","1CB18E60-36B9-11D5-9548-00D0592D548C","90477","7","Saprotroph","Undefined Saprotroph","Possible","Microfungus","NULL","NULL","Sterkenburg E, et al. 2015. New Phytologist 207:1145-1158 ((https://doi.org/10.1111/nph.13426))","Cordycipitaceae","Fungi","Ascomycota","Sordariomycetes","Hypocreales","Cordycipitaceae",NA,NA,1,"Unique 100% match","ASV2424",NA,NA,"Match","Match","Match","Match"
"755","ASV755","Fungi","Ascomycota","Dothideomycetes","Tubeufiales","Tubeufiaceae",NA,NA,"Tubeufiaceae","sSH0973313.09FU","0.9999946","Tubeufiaceae","1CB1CDF3-36B9-11D5-9548-00D0592D548C","81599","9","Pathotroph-Saprotroph","Animal Pathogen-Undefined Saprotroph","Probable","NULL","NULL","Biotrophic or saprobic, especially on scale insects or other fungi. The anamorphic forms are fequently aero-aquatic (Cannon & Kirk 2007)","Cannon PF, Kirk PM. 2007. Fungal Families of the World. CAB International, Cambridge (ISBN: 978-0851998275)","Tubeufiaceae","Fungi","Ascomycota","Dothideomycetes","Tubeufiales","Tubeufiaceae",NA,NA,1,"Unique 100% match","ASV3133",NA,NA,"Match","Match","Match","Match"
"756","ASV756","Fungi","Basidiomycota","Agaricomycetes","Agaricales","Pleurotaceae","Pleurotus",NA,"Pleurotus",NA,"0.9646484","Pleurotaceae","1CB1CDA3-36B9-11D5-9548-00D0592D548C","81191","9","Pathotroph-Saprotroph","Endophyte-Plant Pathogen-Wood Saprotroph","Probable","Agaricoid","White Rot","Sapwood rot on Pistacia; Saprobic on woody substrata, more rarely associated with roots of herbaceous plants. Many species are known to derive nutrition from nematodes, the hyphae with adhesive knobs or toxigenic secretory appendages (Cannon & Kirk 2007)","Cannon PF, Kirk PM. 2007. Fungal Families of the World. CAB International, Cambridge (ISBN: 978-0851998275); Costa IPMW, et al. 2012. Mycotaxon 119:e26 ((http://mycotaxon.com/resources/checklists/costa_v119_checklist.pdf)); The American Phytopathological Society Common Names of Plant Diseases ((http://www.apsnet.org/publications/commonnames/Pages/default.aspx))","Pleurotus","Fungi","Basidiomycota","Agaricomycetes","Agaricales","Pleurotaceae","Pleurotus",NA,2,"Multiple 100% matches","ASV294;ASV444",NA,"Match","Match","Match","Match","Match"
"757","ASV757","Fungi","Basidiomycota","Agaricomycetes","Polyporales","Meruliaceae",NA,NA,"Meruliaceae","sSH1125497.09FU","0.9999964","Meruliaceae","9E12B0B5-1D82-4978-AF3D-6EC22C257619","89005","9","Pathotroph-Saprotroph","Plant Pathogen-Undefined Saprotroph","Probable","Corticioid-Polyporoid","NULL","Saprobic or parasitic on woody plants, causing a white rot (Cannon & Kirk 2007)","Cannon PF, Kirk PM. 2007. Fungal Families of the World. CAB International, Cambridge (ISBN: 978-0851998275)","Meruliaceae","Fungi","Basidiomycota","Agaricomycetes","Polyporales","Meruliaceae",NA,NA,1,"Unique 100% match","ASV6603",NA,NA,"Match","Match","Match","Match"
"758","ASV758","Fungi","Ascomycota","Dothideomycetes","Pleosporales","Phaeosphaeriaceae","Phaeosphaeria",NA,"Phaeosphaeria",NA,"0.9945749","Phaeosphaeriaceae","1CB1CD8E-36B9-11D5-9548-00D0592D548C","81637","9","Pathotroph-Saprotroph","Fungal Parasite-Plant Pathogen-Plant Saprotroph","Probable","Microfungus","NULL","Necrotrophic or saprobic on a wide range of plants, especially monocotyledons; a few species parasitic on other fungi (Cannon & Kirk 2007)","Cannon PF, Kirk PM. 2007. Fungal Families of the World. CAB International, Cambridge (ISBN: 978-0851998275)","Phaeosphaeria","Fungi","Ascomycota","Dothideomycetes","Pleosporales","Phaeosphaeriaceae","Phaeosphaeria",NA,1,"Unique 100% match","ASV7300",NA,"Match","Match","Match","Match","Match"
"759","ASV759","Fungi","Basidiomycota","Agaricomycetes","Polyporales","Meruliaceae","Phlebia","Phlebia_serialis","Phlebia_serialis","sSH0880599.09FU","0.8925780","Meruliaceae","9E12B0B5-1D82-4978-AF3D-6EC22C257619","89005","9","Pathotroph-Saprotroph","Plant Pathogen-Undefined Saprotroph","Probable","Corticioid-Polyporoid","NULL","Saprobic or parasitic on woody plants, causing a white rot (Cannon & Kirk 2007)","Cannon PF, Kirk PM. 2007. Fungal Families of the World. CAB International, Cambridge (ISBN: 978-0851998275)","Phlebia_serialis","Fungi","Basidiomycota","Agaricomycetes","Polyporales","Meruliaceae","Phlebia","Phlebia_serialis",2,"Multiple 100% matches","ASV4272;ASV5115","Match","Match","Match","Match","Match","Match"
"760","ASV760","Fungi","Basidiomycota","Agaricomycetes","Polyporales",NA,NA,NA,"Polyporales","sSH1197610.09FU","0.9999932",NA,NA,NA,NA,NA,NA,NA,NA,NA,NA,NA,"Polyporales","Fungi","Basidiomycota","Agaricomycetes","Polyporales",NA,NA,NA,1,"Unique 100% match","ASV2374",NA,NA,NA,"Match","Match","Match"
"761","ASV761","Fungi","Basidiomycota","Agaricomycetes","Hymenochaetales","Tubulicrinaceae","Tubulicrinis","Tubulicrinis_angustus","Tubulicrinis_angustus","sSH1104479.09FU","1.0000000","Tubulicrinis","1CB1A87B-36B9-11D5-9548-00D0592D548C","18693","13","Saprotroph","Undefined Saprotroph-|Wood Saprotroph|","Probable","Corticioid","White Rot","As white_rot (Põlme et al. 2020); Decay wood (Põlme et al. 2020)","Tedersoo L, et al. 2014. Science 346:e1256688 ((https://doi.org/10.1126/science.1256688)); Põlme S, et al. 2020. Fungal Diversity 105:1-16 ((https://doi.org/10.1007/s13225-020-00466-2))","Tubulicrinis_angustus","Fungi","Basidiomycota","Agaricomycetes","Hymenochaetales","Tubulicrinaceae","Tubulicrinis","Tubulicrinis_angustus",1,"Unique 100% match","ASV1092","Match","Match","Match","Match","Match","Match"
"762","ASV762","Fungi","Basidiomycota","Agaricomycetes","Agaricales",NA,NA,NA,"Agaricales","sSH1286543.09FU","1.0000000","Agaricales","715D162F-5F0E-40C8-A7DC-79D488D3F937","90508","7","Pathotroph-Saprotroph-Symbiotroph","Bryophyte Parasite-Dung Saprotroph-Ectomycorrhizal-Fungal Parasite-Leaf Saprotroph-Plant Parasite-Undefined Saprotroph-Wood Saprotroph","Possible","Agaricoid-Gasteroid-Microfungus-Secotioid-Yeast","NULL","Mushrooms and toadstools, Gill fungi, Agarics... lignicolous, sometimes muscicolous or fungicolous, saprobic, mycorrhizal, rarely parasitic on plants or fungi (Kirk et al. 2008)","Kirk PM et al. 2008. Dictionary of the Fungi. Tenth Edition. CAB International, Wallingford (ISBN: 978-0851998268)","Agaricales","Fungi","Basidiomycota","Agaricomycetes","Agaricales",NA,NA,NA,1,"Unique 100% match","ASV5874",NA,NA,NA,"Match","Match","Match"
"764","ASV764","Fungi","Basidiomycota",NA,NA,NA,NA,NA,"Basidiomycota","sSH1144590.09FU","0.7140035",NA,NA,NA,NA,NA,NA,NA,NA,NA,NA,NA,"Basidiomycota","Fungi","Basidiomycota",NA,NA,NA,NA,NA,1,"Unique 100% match","ASV4684",NA,NA,NA,NA,NA,"Match"
"767","ASV767","Fungi","Basidiomycota","Agaricomycetes","Hymenochaetales","Hymenochaetaceae","Fuscoporia",NA,"Fuscoporia","sSH0944650.09FU","0.8457640","Hymenochaetaceae","CC29D6F9-5984-496D-97E7-42EB138C1FEE","536196","9","Saprotroph-Symbiotroph","Ectomycorrhizal-Wood Saprotroph","Probable","Corticioid-Polyporoid","NULL","Lignicolous, causing white rots, rarely ectomycorrhizal (Cannon & Kirk 2007)","Cannon PF, Kirk PM. 2007. Fungal Families of the World. CAB International, Cambridge (ISBN: 978-0851998275)","Fuscoporia","Fungi","Basidiomycota","Agaricomycetes","Hymenochaetales","Hymenochaetaceae","Fuscoporia",NA,1,"Unique 100% match","ASV5551",NA,"Match","Match","Match","Match","Match"
"769","ASV769","Fungi","Basidiomycota","Agaricomycetes","Sistotremastrales","Sistotremastraceae","Sistotremastrum","Sistotremastrum_suecicum","Sistotremastrum_suecicum","sSH0896637.09FU","0.9997276","Sistotremastrum","091F1714-D38C-4FB2-A0F9-84225773BCBE","18553","13","Saprotroph","Undefined Saprotroph-|Wood Saprotroph|","Probable","Corticioid","White Rot","As white_rot (Põlme et al. 2020); Decay wood (Põlme et al. 2020)","Tedersoo L, et al. 2014. Science 346:e1256688 ((https://doi.org/10.1126/science.1256688)); Põlme S, et al. 2020. Fungal Diversity 105:1-16 ((https://doi.org/10.1007/s13225-020-00466-2))","Sistotremastrum_suecicum","Fungi","Basidiomycota","Agaricomycetes","Sistotremastrales","Sistotremastraceae","Sistotremastrum","Sistotremastrum_suecicum",1,"Unique 100% match","ASV1435","Match","Match","Match","Match","Match","Match"
"774","ASV774","Fungi","Basidiomycota","Agaricomycetes","Polyporales","Fomitopsidaceae","Fomitopsis",NA,"Fomitopsis",NA,"0.7552287","Fomitopsidaceae","1CB1CD22-36B9-11D5-9548-00D0592D548C","81772","9","Pathotroph-Saprotroph","Plant Pathogen-Wood Saprotroph","Probable","Polyporoid","Brown Rot","Most species are parasitic on woody plants, causing brown rots (Cannon & Kirk 2007)","Cannon PF, Kirk PM. 2007. Fungal Families of the World. CAB International, Cambridge (ISBN: 978-0851998275)","Fomitopsis","Fungi","Basidiomycota","Agaricomycetes","Polyporales","Fomitopsidaceae","Fomitopsis","Fomitopsis_subfeei",1,"Unique 100% match","ASV3469",NA,"Match","Match","Match","Match","Match"
"775","ASV775","Fungi","Ascomycota","Dothideomycetes","Pleosporales","Pleosporaceae","Curvularia","Curvularia_micropus","Curvularia_micropus","sSH1068510.09FU","0.8278232","Pleosporaceae","1CB1CDA2-36B9-11D5-9548-00D0592D548C","81188","9","Pathotroph-Saprotroph","Endophyte-Lichen Parasite-Plant Pathogen-Undefined Saprotroph","Probable","Microfungus","NULL","Necrotrophic pathogens and saprobes, especially associated with grasses. Many species are seed-borne (Cannon & Kirk 2007)","Cannon PF, Kirk PM. 2007. Fungal Families of the World. CAB International, Cambridge (ISBN: 978-0851998275); David AS, et al. 2016. Microbial Ecology 71:912-926 ((https://doi.org/10.1007/s00248-015-0712-6)); Lawrey JD, Diederich P. 2016. http://www.lichenicolous.net (accessed 24 May 2017) ((http://www.lichenicolous.net))","Curvularia_micropus","Fungi","Ascomycota","Dothideomycetes","Pleosporales","Pleosporaceae","Bipolaris",NA,2,"Multiple 100% matches","ASV202;ASV8170",NA,"Mismatch","Match","Match","Match","Match"
"776","ASV776","Fungi","Ascomycota","Sordariomycetes","Diaporthales","Gnomoniaceae","Ophiognomonia","Ophiognomonia_rosae","Ophiognomonia_rosae","sSH1271727.09FU","0.9777150","Gnomoniaceae","F36F48E8-C228-4922-8DB6-AE905CA55412","80810","9","Pathotroph-Saprotroph-Symbiotroph","Endophyte-Plant Pathogen-Undefined Saprotroph","Probable","Microfungus","NULL","Most species are saprobes or endophytes in leaves and bark, but a few are neurotrophic pathogens (Cannon & Kirk 2007)","Cannon PF, Kirk PM. 2007. Fungal Families of the World. CAB International, Cambridge (ISBN: 978-0851998275)","Ophiognomonia_rosae","Fungi","Ascomycota","Sordariomycetes","Diaporthales","Gnomoniaceae","Ophiognomonia","Ophiognomonia_rosae",1,"Unique 100% match","ASV2637","Match","Match","Match","Match","Match","Match"
"777","ASV777","Fungi","Ascomycota","Leotiomycetes","Erysiphales","Erysiphaceae","Erysiphe",NA,"Erysiphe","sSH3616884.09FU","0.9837981","Erysiphaceae","1CB1CD1B-36B9-11D5-9548-00D0592D548C","80754","9","Pathotroph","Plant Pathogen","Probable","Microfungus","NULL","Biotrophic, with affected plant tissues damaged but usually not killing outright (Cannon & Kirk 2007); Common name - powdery mildew","Cannon PF, Kirk PM. 2007. Fungal Families of the World. CAB International, Cambridge (ISBN: 978-0851998275)","Erysiphe","Fungi","Ascomycota","Leotiomycetes","Erysiphales","Erysiphaceae","Erysiphe",NA,1,"Unique 100% match","ASV1393",NA,"Match","Match","Match","Match","Match"
"778","ASV778","Fungi","Basidiomycota","Agaricomycetes",NA,"Xenasmataceae","Xenasmatella",NA,"Xenasmatella","sSH1201617.09FU","0.9635680","Xenasmatella","1CB1CC85-36B9-11D5-9548-00D0592D548C","18756","13","Saprotroph","Undefined Saprotroph-|Wood Saprotroph|","Probable","Corticioid","White Rot","As white_rot (Põlme et al. 2020); Decay wood (Põlme et al. 2020)","Tedersoo L, et al. 2014. Science 346:e1256688 ((https://doi.org/10.1126/science.1256688)); Põlme S, et al. 2020. Fungal Diversity 105:1-16 ((https://doi.org/10.1007/s13225-020-00466-2))","Xenasmatella","Fungi","Basidiomycota","Agaricomycetes",NA,NA,NA,NA,4,"Multiple 100% matches","ASV1144;ASV1208;ASV1221;ASV692",NA,NA,NA,NA,"Match","Match"
"779","ASV779","Fungi","Basidiomycota","Agaricomycetes","Polyporales","Meruliaceae","Phlebia","Phlebia_formosana","Phlebia_formosana","sSH1255403.09FU","1.0000000","Meruliaceae","9E12B0B5-1D82-4978-AF3D-6EC22C257619","89005","9","Pathotroph-Saprotroph","Plant Pathogen-Undefined Saprotroph","Probable","Corticioid-Polyporoid","NULL","Saprobic or parasitic on woody plants, causing a white rot (Cannon & Kirk 2007)","Cannon PF, Kirk PM. 2007. Fungal Families of the World. CAB International, Cambridge (ISBN: 978-0851998275)","Phlebia_formosana","Fungi","Basidiomycota","Agaricomycetes","Polyporales","Meruliaceae","Phlebia","Phlebia_formosana",1,"Unique 100% match","ASV1580","Match","Match","Match","Match","Match","Match"
"780","ASV780","Fungi","Ascomycota","Eurotiomycetes","Chaetothyriales","Herpotrichiellaceae","Melanchlenus",NA,"Melanchlenus","sSH1279111.09FU","0.9271778","Herpotrichiellaceae","1CB1CD37-36B9-11D5-9548-00D0592D548C","80856","9","Pathotroph-Saprotroph","Animal Pathogen-Fungal Parasite-Undefined Saprotroph","Probable","Facultative Yeast-Microfungus","NULL","Mostly saprobic on plants or other fungi, isolated from soil etc., and from medical sources (Cannon & Kirk 2007)","Cannon PF, Kirk PM. 2007. Fungal Families of the World. CAB International, Cambridge (ISBN: 978-0851998275)","Melanchlenus","Fungi","Ascomycota","Eurotiomycetes","Chaetothyriales","Herpotrichiellaceae",NA,NA,1,"Unique 100% match","ASV1443",NA,NA,"Match","Match","Match","Match"
"785","ASV785","Fungi","Basidiomycota","Agaricomycetes",NA,NA,NA,NA,"Agaricomycetes",NA,"1.0000000",NA,NA,NA,NA,NA,NA,NA,NA,NA,NA,NA,"Agaricomycetes","Fungi","Basidiomycota","Agaricomycetes","Russulales","Stereaceae","Stereum",NA,2,"Multiple 100% matches","ASV2832;ASV3561",NA,NA,NA,NA,"Match","Match"
"787","ASV787","Fungi","Basidiomycota","Agaricomycetes","Cantharellales","Ceratobasidiaceae","Ceratobasidium",NA,"Ceratobasidium","sSH1263221.09FU","0.8426009","Ceratobasidiaceae","1CB1CCDC-36B9-11D5-9548-00D0592D548C","80572","9","Pathotroph-Saprotroph-Symbiotroph","Endomycorrhizal-Plant Pathogen-Undefined Saprotroph","Possible","Microfungus","NULL","Best known as plant pathogens, but also saprobic. Species are endomycorrhizal with a wide range of plant roots - especially of Orchidaceae but also even bryophytes (Cannon & Kirk 2007)","Cannon PF, Kirk PM. 2007. Fungal Families of the World. CAB International, Cambridge (ISBN: 978-0851998275)","Ceratobasidium","Fungi","Basidiomycota","Agaricomycetes","Cantharellales","Ceratobasidiaceae","Ceratobasidium",NA,4,"Multiple 100% matches","ASV4177;ASV4492;ASV5946;ASV6186",NA,"Match","Match","Match","Match","Match"
"789","ASV789","Fungi","Ascomycota","Eurotiomycetes","Eurotiales","Aspergillaceae","Aspergillus",NA,"Aspergillus","sSH1083085.09FU","0.9998728","Eurotiales","1CB1CE25-36B9-11D5-9548-00D0592D548C","90472","7","Saprotroph","Undefined Saprotroph","Possible","Microfungus","NULL","NULL","Sterkenburg E, et al. 2015. New Phytologist 207:1145-1158 ((https://doi.org/10.1111/nph.13426))","Aspergillus","Fungi","Ascomycota","Eurotiomycetes","Eurotiales","Aspergillaceae","Aspergillus",NA,1,"Unique 100% match","ASV541",NA,"Match","Match","Match","Match","Match"
"790","ASV790","Fungi","Basidiomycota","Agaricomycetes","Agaricales","Tricholomataceae","Xeromphalina","Xeromphalina_campanelloides","Xeromphalina_campanelloides","sSH1209590.09FU","0.9593829","Tricholomataceae","008764C7-3F16-4577-B343-C50EF7B78211","81487","9","Pathotroph-Symbiotroph","Ectomycorrhizal-Fungal Parasite","Probable","Agaricoid","NULL","Tricholoma species are ectomycorrhizal, occurring in coniferous and broadleaved forests (Cannon & Kirk 2007); T. sclerotoideum is parasitic on Helvella spp.","Cannon PF, Kirk PM. 2007. Fungal Families of the World. CAB International, Cambridge (ISBN: 978-0851998275)","Xeromphalina_campanelloides","Fungi","Basidiomycota","Agaricomycetes","Agaricales","Tricholomataceae","Xeromphalina","Xeromphalina_campanelloides",2,"Multiple 100% matches","ASV2202;ASV4918","Match","Match","Match","Match","Match","Match"
"792","ASV792","Fungi","Ascomycota","Dothideomycetes","Pleosporales","Pleosporaceae","Stemphylium",NA,"Stemphylium","sSH0885124.09FU","0.9423564","Pleosporaceae","1CB1CDA2-36B9-11D5-9548-00D0592D548C","81188","9","Pathotroph-Saprotroph","Endophyte-Lichen Parasite-Plant Pathogen-Undefined Saprotroph","Probable","Microfungus","NULL","Necrotrophic pathogens and saprobes, especially associated with grasses. Many species are seed-borne (Cannon & Kirk 2007)","Cannon PF, Kirk PM. 2007. Fungal Families of the World. CAB International, Cambridge (ISBN: 978-0851998275); David AS, et al. 2016. Microbial Ecology 71:912-926 ((https://doi.org/10.1007/s00248-015-0712-6)); Lawrey JD, Diederich P. 2016. http://www.lichenicolous.net (accessed 24 May 2017) ((http://www.lichenicolous.net))","Stemphylium","Fungi","Ascomycota","Dothideomycetes","Pleosporales","Pleosporaceae","Stemphylium",NA,2,"Multiple 100% matches","ASV2431;ASV731",NA,"Match","Match","Match","Match","Match"
"794","ASV794","Fungi","Ascomycota","Sordariomycetes","Hypocreales",NA,NA,NA,"Hypocreales","sSH1254878.09FU","1.0000000","Hypocreales","1CB18E60-36B9-11D5-9548-00D0592D548C","90477","7","Saprotroph","Undefined Saprotroph","Possible","Microfungus","NULL","NULL","Sterkenburg E, et al. 2015. New Phytologist 207:1145-1158 ((https://doi.org/10.1111/nph.13426))","Hypocreales","Fungi","Ascomycota","Sordariomycetes","Hypocreales",NA,NA,NA,1,"Unique 100% match","ASV7773",NA,NA,NA,"Match","Match","Match"
"803","ASV803","Fungi","Ascomycota","Dothideomycetes",NA,NA,NA,NA,"Dothideomycetes","sSH1084280.09FU","0.9996924",NA,NA,NA,NA,NA,NA,NA,NA,NA,NA,NA,"Dothideomycetes","Fungi","Ascomycota","Dothideomycetes",NA,NA,NA,NA,1,"Unique 100% match","ASV858",NA,NA,NA,NA,"Match","Match"
"804","ASV804","Fungi","Ascomycota",NA,NA,NA,NA,NA,"Ascomycota",NA,"0.8563252",NA,NA,NA,NA,NA,NA,NA,NA,NA,NA,NA,"Ascomycota","Fungi","Ascomycota",NA,NA,NA,NA,NA,1,"Unique 100% match","ASV621",NA,NA,NA,NA,NA,"Match"
"811","ASV811","Fungi","Basidiomycota","Exobasidiomycetes","Entylomatales","Entylomataceae","Tilletiopsis","Tilletiopsis_lilacina","Tilletiopsis_lilacina","sSH1048835.09FU","0.9988577","Tilletiopsis","1CB1A754-36B9-11D5-9548-00D0592D548C","10237","13","Pathotroph-Saprotroph","Endophyte-Fungal Parasite-|Plant Pathogen|-Plant Saprotroph-Undefined Saprotroph","Probable","Microfungus-Yeast","NULL","As litter_saprotroph (Põlme et al. 2020); As mycoparasite (Põlme et al. 2020); Decay leaf, fruit, seed (Põlme et al. 2020); Isolated from leaves...dead leaves (Nyland 1950)","Nyland G. 1950. Mycologia 42:487-496 ((ttps://doi.org/10.1080/00275514.1950.12017853)); Põlme S, et al. 2020. Fungal Diversity 105:1-16 ((https://doi.org/10.1007/s13225-020-00466-2))","Tilletiopsis_lilacina","Fungi","Basidiomycota","Exobasidiomycetes","Entylomatales","Entylomataceae","Tilletiopsis","Tilletiopsis_lilacina",1,"Unique 100% match","ASV4611","Match","Match","Match","Match","Match","Match"
"812","ASV812","Fungi","Basidiomycota","Agaricomycetes","Trechisporales","Hydnodontaceae","Subulicystidium",NA,"Subulicystidium",NA,"1.0000000","Subulicystidium","1CB1CBCE-36B9-11D5-9548-00D0592D548C","18619","13","Saprotroph","Undefined Saprotroph-|Wood Saprotroph|","Probable","Corticioid","White Rot","As white_rot (Põlme et al. 2020); Decay wood (Põlme et al. 2020)","Tedersoo L, et al. 2014. Science 346:e1256688 ((https://doi.org/10.1126/science.1256688)); Põlme S, et al. 2020. Fungal Diversity 105:1-16 ((https://doi.org/10.1007/s13225-020-00466-2))","Subulicystidium","Fungi","Basidiomycota","Agaricomycetes","Trechisporales","Hydnodontaceae","Subulicystidium","Subulicystidium_meridense",1,"Unique 100% match","ASV7177",NA,"Match","Match","Match","Match","Match"
"813","ASV813","Fungi","Ascomycota","Sordariomycetes","Glomerellales","Plectosphaerellaceae","Plectosphaerella",NA,"Plectosphaerella",NA,"0.9991878","Plectosphaerella","1CB1CA3C-36B9-11D5-9548-00D0592D548C","4197","13","Pathotroph-Saprotroph-Symbiotroph","Endophyte-|Plant Pathogen|-Plant Saprotroph","Probable","Microfungus","NULL","As litter_saprotroph (Põlme et al. 2020); Decay leaf, fruit, seed, animal material (Põlme et al. 2020); Plectosporium was introduced by Palm et al. (1995) for Fusarium tabacinum, the anamorph of Plectosphaerella cucumerina (Carlucci et al. 2012)","Palm et al. 1995. Mycologia 87:397-406 ((https://doi.org/10.1080/00275514.1995.12026545)); Carlucci et al. 2012. Persoonia 28:34-48 ((https://doi.org/10.3767/003158512X638251)); David AS, et al. 2016. Microbial Ecology 71:912-926 ((https://doi.org/10.1007/s00248-015-0712-6)); Li et al. 2017. Mycobiology 45:110-113 ((https://doi.org/10.5941/MYCO.2017.45.2.110)); Põlme S, et al. 2020. Fungal Diversity 105:1-16 ((https://doi.org/10.1007/s13225-020-00466-2))","Plectosphaerella","Fungi","Ascomycota","Sordariomycetes","Glomerellales","Plectosphaerellaceae","Plectosphaerella","Plectosphaerella_slobbergiarum",1,"Unique 100% match","ASV6285",NA,"Match","Match","Match","Match","Match"
"814","ASV814","Fungi","Ascomycota","Dothideomycetes","Pleosporales","Phaeosphaeriaceae","Phaeosphaeria",NA,"Phaeosphaeria",NA,"0.9313661","Phaeosphaeriaceae","1CB1CD8E-36B9-11D5-9548-00D0592D548C","81637","9","Pathotroph-Saprotroph","Fungal Parasite-Plant Pathogen-Plant Saprotroph","Probable","Microfungus","NULL","Necrotrophic or saprobic on a wide range of plants, especially monocotyledons; a few species parasitic on other fungi (Cannon & Kirk 2007)","Cannon PF, Kirk PM. 2007. Fungal Families of the World. CAB International, Cambridge (ISBN: 978-0851998275)","Phaeosphaeria","Fungi","Ascomycota","Dothideomycetes","Pleosporales","Phaeosphaeriaceae","Phaeosphaeria",NA,2,"Multiple 100% matches","ASV4937;ASV6303",NA,"Match","Match","Match","Match","Match"
"816","ASV816","Fungi","Basidiomycota","Agaricomycetes","Russulales",NA,NA,NA,"Russulales","sSH0935484.09FU","0.9680108",NA,NA,NA,NA,NA,NA,NA,NA,NA,NA,NA,"Russulales","Fungi","Basidiomycota","Agaricomycetes","Russulales",NA,NA,NA,3,"Multiple 100% matches","ASV643;ASV802;ASV959",NA,NA,NA,"Match","Match","Match"
"817","ASV817","Fungi","Basidiomycota","Agaricomycetes","Russulales","Peniophoraceae","Peniophora","Peniophora_parvocystidiata","Peniophora_parvocystidiata","sSH1068901.09FU","0.9999600","Peniophoraceae","1CB1CD8B-36B9-11D5-9548-00D0592D548C","81123","9","Pathotroph-Saprotroph","Plant Pathogen-Wood Saprotroph","Probable","Corticioid","White Rot","Most species are saprobic, causing rots of standing and fallen wood. Many species are adapted to xeric conditions, being able to grow on rapidly drying dead attached branches (Cannon & Kirk 2007)","Cannon PF, Kirk PM. 2007. Fungal Families of the World. CAB International, Cambridge (ISBN: 978-0851998275)","Peniophora_parvocystidiata","Fungi","Basidiomycota","Agaricomycetes","Russulales","Peniophoraceae","Peniophora","Peniophora_parvocystidiata",2,"Multiple 100% matches","ASV1456;ASV473","Match","Match","Match","Match","Match","Match"
"818","ASV818","Fungi","Ascomycota","Sordariomycetes","Hypocreales","Cylindriaceae","Cylindrium",NA,"Cylindrium",NA,"0.7315512","Hypocreales","1CB18E60-36B9-11D5-9548-00D0592D548C","90477","7","Saprotroph","Undefined Saprotroph","Possible","Microfungus","NULL","NULL","Sterkenburg E, et al. 2015. New Phytologist 207:1145-1158 ((https://doi.org/10.1111/nph.13426))","Cylindrium","Fungi","Ascomycota","Sordariomycetes","Hypocreales","Cylindriaceae","Cylindrium",NA,1,"Unique 100% match","ASV989",NA,"Match","Match","Match","Match","Match"
"820","ASV820","Fungi","Basidiomycota","Microbotryomycetes","Sporidiobolales","Sporidiobolaceae","Sporobolomyces","Sporobolomyces_primogenomicus","Sporobolomyces_primogenomicus","sSH0882313.09FU","0.9088837","Sporidiobolaceae","20AD224D-9EFF-4C1C-8214-59BA76CCCDF3","82101","9","Pathotroph-Saprotroph","Animal Pathogen-Undefined Saprotroph","Probable","Microfungus","NULL","Saprobic, found in a wide range of habitats and especially in aquatic systems. Some of the red yeasts in this family are widely encountered spoilage organisms and opportunistic human pathogens (Cannon & Kirk 2007)","Cannon PF, Kirk PM. 2007. Fungal Families of the World. CAB International, Cambridge (ISBN: 978-0851998275)","Sporobolomyces_primogenomicus","Fungi","Basidiomycota","Microbotryomycetes","Sporidiobolales","Sporidiobolaceae","Sporobolomyces",NA,2,"Multiple 100% matches","ASV4291;ASV5493",NA,"Match","Match","Match","Match","Match"
"821","ASV821","Fungi","Basidiomycota","Cystobasidiomycetes","Cystobasidiales","Cystobasidiaceae","Cystobasidium","Cystobasidium_benthicum","Cystobasidium_benthicum",NA,"0.9042738","Cystobasidium","089EE3BE-975C-47BF-8DD0-494C299F8F10","17446","13","Pathotroph","|Fungal Parasite|","Highly Probable","Dimorphic-Facultative Yeast","NULL","As mycoparasite (Põlme et al. 2020); Decay fungal material (Põlme et al. 2020); Host - Thelebolales (Põlme et al. 2020)","Kurtzman CP, et al. (eds.) 2011. The Yeasts, a Taxonomic Study. Fifth Edition. Vols 1-3. Elsevier, San Diego (ISBN: 9780444521491); Põlme S, et al. 2020. Fungal Diversity 105:1-16 ((https://doi.org/10.1007/s13225-020-00466-2))","Cystobasidium_benthicum","Fungi","Basidiomycota","Cystobasidiomycetes","Cystobasidiales","Cystobasidiaceae","Cystobasidium","Cystobasidium_benthicum",1,"Unique 100% match","ASV2351","Match","Match","Match","Match","Match","Match"
"822","ASV822","Fungi","Ascomycota","Eurotiomycetes","Eurotiales","Aspergillaceae","Aspergillus",NA,"Aspergillus",NA,"0.9996697","Eurotiales","1CB1CE25-36B9-11D5-9548-00D0592D548C","90472","7","Saprotroph","Undefined Saprotroph","Possible","Microfungus","NULL","NULL","Sterkenburg E, et al. 2015. New Phytologist 207:1145-1158 ((https://doi.org/10.1111/nph.13426))","Aspergillus","Fungi","Ascomycota","Eurotiomycetes","Eurotiales","Aspergillaceae","Aspergillus","Aspergillus_unguis",2,"Multiple 100% matches","ASV696;ASV8142",NA,"Match","Match","Match","Match","Match"
"830","ASV830","Fungi","Ascomycota","Dothideomycetes","Pleosporales","Cucurbitariaceae","Parafenestella",NA,"Parafenestella","sSH0894090.09FU","0.7579660","Cucurbitariaceae","E7FBF69C-E136-452E-91BC-894D30ABD816","816502","9","Pathotroph-Saprotroph","Plant Pathogen-Wood Saprotroph","Probable","Microfungus","NULL","Necrotrophic or saprobic on woody plants (Cannon & Kirk 2007)","Cannon PF, Kirk PM. 2007. Fungal Families of the World. CAB International, Cambridge (ISBN: 978-0851998275); Tedersoo L, et al. 2014. Science 346:e1256688 ((https://doi.org/10.1126/science.1256688))","Parafenestella","Fungi","Ascomycota","Dothideomycetes","Pleosporales","Cucurbitariaceae","Parafenestella",NA,1,"Unique 100% match","ASV4086",NA,"Match","Match","Match","Match","Match"
"832","ASV832","Fungi","Ascomycota","Lecanoromycetes","Lecanorales","Ramalinaceae","Bacidina",NA,"Bacidina",NA,"0.7304995","Ramalinaceae","A63C70A9-735A-4DF4-B71D-3A45FEBF7316","81242","9","Symbiotroph","Lichenized","Probable","Thallus","NULL","Lichenized with green algae, on rocks , branches etc., often forming extensive carpets of thalli; often prominent in maritime communities (Cannon & Kirk 2007)","Cannon PF, Kirk PM. 2007. Fungal Families of the World. CAB International, Cambridge (ISBN: 978-0851998275)","Bacidina","Fungi","Ascomycota","Lecanoromycetes","Lecanorales","Ramalinaceae","Bacidina",NA,1,"Unique 100% match","ASV2137",NA,"Match","Match","Match","Match","Match"
"833","ASV833","Fungi","Basidiomycota","Agaricomycetes","Auriculariales","Exidiaceae","Basidiodendron",NA,"Basidiodendron","sSH1003529.09FU","0.7697427","Basidiodendron","1CB1C4F5-36B9-11D5-9548-00D0592D548C","17148","13","Saprotroph","Undefined Saprotroph-|Wood Saprotroph|","Probable","Corticioid","NULL","Decay wood (Põlme et al. 2020)","Tedersoo L, et al. 2014. Science 346:e1256688 ((https://doi.org/10.1126/science.1256688)); Põlme S, et al. 2020. Fungal Diversity 105:1-16 ((https://doi.org/10.1007/s13225-020-00466-2))","Basidiodendron","Fungi","Basidiomycota","Agaricomycetes","Auriculariales","Exidiaceae","Basidiodendron",NA,1,"Unique 100% match","ASV6403",NA,"Match","Match","Match","Match","Match"
"834","ASV834","Fungi","Ascomycota","Dothideomycetes","Pleosporales",NA,NA,NA,"Pleosporales","sSH0966397.09FU","0.9900426",NA,NA,NA,NA,NA,NA,NA,NA,NA,NA,NA,"Pleosporales","Fungi","Ascomycota","Dothideomycetes","Pleosporales",NA,NA,NA,1,"Unique 100% match","ASV1903",NA,NA,NA,"Match","Match","Match"
"835","ASV835","Fungi","Ascomycota","Dothideomycetes","Tubeufiales",NA,NA,NA,"Tubeufiales","sSH0973324.09FU","1.0000000",NA,NA,NA,NA,NA,NA,NA,NA,NA,NA,NA,"Tubeufiales","Fungi","Ascomycota","Dothideomycetes","Tubeufiales",NA,NA,NA,1,"Unique 100% match","ASV7792",NA,NA,NA,"Match","Match","Match"
"836","ASV836","Fungi","Basidiomycota","Tremellomycetes","Tremellales","Bulleribasidiaceae","Vishniacozyma","Vishniacozyma_tephrensis","Vishniacozyma_tephrensis","sSH0994194.09FU","0.9999987","Tremellales","1CB1CE64-36B9-11D5-9548-00D0592D548C","90451","7","Pathotroph-Saprotroph-Symbiotroph","Fungal Parasite-Undefined Saprotroph","Possible","Tremelloid-Yeast","NULL","The order contains both teleomorphic and anamorphic species, most of the latter being yeasts","Sterkenburg E, et al. 2015. New Phytologist 207:1145-1158 ((https://doi.org/10.1111/nph.13426))","Vishniacozyma_tephrensis","Fungi","Basidiomycota","Tremellomycetes","Tremellales","Bulleribasidiaceae","Vishniacozyma","Vishniacozyma_tephrensis",1,"Unique 100% match","ASV2570","Match","Match","Match","Match","Match","Match"
"838","ASV838","Fungi","Basidiomycota","Agaricomycetes","Cantharellales","Hydnaceae","Sistotrema","Sistotrema_brinkmannii","Sistotrema_brinkmannii","sSH1208562.09FU","0.9837538","Sistotrema","1CB1CB70-36B9-11D5-9548-00D0592D548C","18551","13","Saprotroph-Symbiotroph","Ectomycorrhizal-|Plant Saprotroph|-Wood Saprotroph","Possible","Corticioid","White Rot","As litter_saprotroph (Põlme et al. 2020); Decay leaf, fruit, seed (Põlme et al. 2020)","Gilbertson RL, Ryvarden L. 1987-1987. North American Polypores. Fungiflora, Oslo (ISBN: 978-0945345060); Rinaldi AC, et al. 2008. Fungal Diversity 33:1-45 ((http://www.fungaldiversity.org/fdp/sfdp/33-1.pdf)) (as ECM/not ECM); Tedersoo L, et al. 2010. Mycorrhiza 20:217-263 ((https://doi.org/10.1007/s00572-009-0274-x)) (pro parte); Põlme S, et al. 2020. Fungal Diversity 105:1-16 ((https://doi.org/10.1007/s13225-020-00466-2)); http://mycorrhizas.info/ecmf.html ((http://mycorrhizas.info/ecmf.html)) (as ECM/not ECM).","Sistotrema_brinkmannii","Fungi","Basidiomycota","Agaricomycetes","Cantharellales","Hydnaceae","Sistotrema","Sistotrema_brinkmannii",1,"Unique 100% match","ASV1496","Match","Match","Match","Match","Match","Match"
"840","ASV840","Fungi","Basidiomycota","Agaricomycetes","Atheliales","Tylosporaceae","Amphinema",NA,"Amphinema","sSH0954400.09FU","1.0000000","Amphinema","1CB1C46F-36B9-11D5-9548-00D0592D548C","17060","13","Symbiotroph","|Ectomycorrhizal|","Highly Probable","Corticioid","NULL","NULL","Rinaldi AC, et al. 2008. Fungal Diversity 33:1-45 ((http://www.fungaldiversity.org/fdp/sfdp/33-1.pdf)); Tedersoo L, et al. 2010. Mycorrhiza 20:217-263 ((https://doi.org/10.1007/s00572-009-0274-x)); Põlme S, et al. 2020. Fungal Diversity 105:1-16 ((https://doi.org/10.1007/s13225-020-00466-2)); http://mycorrhizas.info/ecmf.html ((http://mycorrhizas.info/ecmf.html))","Amphinema","Fungi","Basidiomycota","Agaricomycetes","Atheliales","Tylosporaceae","Amphinema",NA,1,"Unique 100% match","ASV7827",NA,"Match","Match","Match","Match","Match"
"841","ASV841","Fungi","Basidiomycota","Agaricomycetes","Cantharellales","Hydnaceae","Sistotrema",NA,"Sistotrema","sSH1060722.09FU","0.7356377","Sistotrema","1CB1CB70-36B9-11D5-9548-00D0592D548C","18551","13","Saprotroph-Symbiotroph","Ectomycorrhizal-|Plant Saprotroph|-Wood Saprotroph","Possible","Corticioid","White Rot","As litter_saprotroph (Põlme et al. 2020); Decay leaf, fruit, seed (Põlme et al. 2020)","Gilbertson RL, Ryvarden L. 1987-1987. North American Polypores. Fungiflora, Oslo (ISBN: 978-0945345060); Rinaldi AC, et al. 2008. Fungal Diversity 33:1-45 ((http://www.fungaldiversity.org/fdp/sfdp/33-1.pdf)) (as ECM/not ECM); Tedersoo L, et al. 2010. Mycorrhiza 20:217-263 ((https://doi.org/10.1007/s00572-009-0274-x)) (pro parte); Põlme S, et al. 2020. Fungal Diversity 105:1-16 ((https://doi.org/10.1007/s13225-020-00466-2)); http://mycorrhizas.info/ecmf.html ((http://mycorrhizas.info/ecmf.html)) (as ECM/not ECM).","Sistotrema","Fungi","Basidiomycota","Agaricomycetes","Cantharellales",NA,NA,NA,1,"Unique 100% match","ASV6128",NA,NA,NA,"Match","Match","Match"
"844","ASV844","Fungi","Basidiomycota","Agaricomycetes","Polyporales","Dacryobolaceae","Dacryobolus","Dacryobolus_sudans","Dacryobolus_sudans","sSH1308333.09FU","1.0000000","Dacryobolus","45A06CC3-C802-4507-B54A-DCBFCDCE37A2","17458","13","Saprotroph","|Wood Saprotroph|","Probable","Corticioid","Brown Rot","As brown-rot (Põlme et al. 2020); Decay wood (Põlme et al. 2020)","Tedersoo L, et al. 2014. Science 346:e1256688 ((https://doi.org/10.1126/science.1256688)); Põlme S, et al. 2020. Fungal Diversity 105:1-16 ((https://doi.org/10.1007/s13225-020-00466-2))","Dacryobolus_sudans","Fungi","Basidiomycota","Agaricomycetes","Polyporales","Dacryobolaceae","Dacryobolus","Dacryobolus_sudans",1,"Unique 100% match","ASV298","Match","Match","Match","Match","Match","Match"
"848","ASV848","Fungi","Basidiomycota","Agaricomycetes","Hymenochaetales",NA,NA,NA,"Hymenochaetales",NA,"1.0000000",NA,NA,NA,NA,NA,NA,NA,NA,NA,NA,NA,"Hymenochaetales","Fungi","Basidiomycota","Agaricomycetes","Hymenochaetales","Schizoporaceae","Alutaceodontia","Alutaceodontia_alutacea",2,"Multiple 100% matches","ASV366;ASV822",NA,NA,NA,"Match","Match","Match"
"849","ASV849","Fungi","Basidiomycota","Agaricomycetes","Agaricales","Pleurotaceae","Hohenbuehelia","Hohenbuehelia_thornii","Hohenbuehelia_thornii","sSH1873810.09FU","0.9977044","Pleurotaceae","1CB1CDA3-36B9-11D5-9548-00D0592D548C","81191","9","Pathotroph-Saprotroph","Endophyte-Plant Pathogen-Wood Saprotroph","Probable","Agaricoid","White Rot","Sapwood rot on Pistacia; Saprobic on woody substrata, more rarely associated with roots of herbaceous plants. Many species are known to derive nutrition from nematodes, the hyphae with adhesive knobs or toxigenic secretory appendages (Cannon & Kirk 2007)","Cannon PF, Kirk PM. 2007. Fungal Families of the World. CAB International, Cambridge (ISBN: 978-0851998275); Costa IPMW, et al. 2012. Mycotaxon 119:e26 ((http://mycotaxon.com/resources/checklists/costa_v119_checklist.pdf)); The American Phytopathological Society Common Names of Plant Diseases ((http://www.apsnet.org/publications/commonnames/Pages/default.aspx))","Hohenbuehelia_thornii","Fungi","Basidiomycota","Agaricomycetes","Agaricales","Pleurotaceae","Hohenbuehelia","Hohenbuehelia_thornii",1,"Unique 100% match","ASV2652","Match","Match","Match","Match","Match","Match"
"850","ASV850","Fungi","Basidiomycota","Agaricomycetes","Cantharellales","Hydnaceae","Sistotrema",NA,"Sistotrema",NA,"0.9404006","Sistotrema","1CB1CB70-36B9-11D5-9548-00D0592D548C","18551","13","Saprotroph-Symbiotroph","Ectomycorrhizal-|Plant Saprotroph|-Wood Saprotroph","Possible","Corticioid","White Rot","As litter_saprotroph (Põlme et al. 2020); Decay leaf, fruit, seed (Põlme et al. 2020)","Gilbertson RL, Ryvarden L. 1987-1987. North American Polypores. Fungiflora, Oslo (ISBN: 978-0945345060); Rinaldi AC, et al. 2008. Fungal Diversity 33:1-45 ((http://www.fungaldiversity.org/fdp/sfdp/33-1.pdf)) (as ECM/not ECM); Tedersoo L, et al. 2010. Mycorrhiza 20:217-263 ((https://doi.org/10.1007/s00572-009-0274-x)) (pro parte); Põlme S, et al. 2020. Fungal Diversity 105:1-16 ((https://doi.org/10.1007/s13225-020-00466-2)); http://mycorrhizas.info/ecmf.html ((http://mycorrhizas.info/ecmf.html)) (as ECM/not ECM).","Sistotrema","Fungi","Basidiomycota","Agaricomycetes","Cantharellales","Hydnaceae","Sistotrema",NA,1,"Unique 100% match","ASV2971",NA,"Match","Match","Match","Match","Match"
"852","ASV852","Fungi","Basidiomycota","Agaricomycetes","Auriculariales","Aporpiaceae","Elmerina","Elmerina_caryae","Elmerina_caryae","sSH1300748.09FU","1.0000000","Elmerina","1CB186F5-36B9-11D5-9548-00D0592D548C","17548","13","Saprotroph","Undefined Saprotroph-|Wood Saprotroph|","Probable","Corticioid","White Rot","As white_rot (Põlme et al. 2020); Decay wood (Põlme et al. 2020)","Tedersoo L, et al. 2014. Science 346:e1256688 ((https://doi.org/10.1126/science.1256688)); Põlme S, et al. 2020. Fungal Diversity 105:1-16 ((https://doi.org/10.1007/s13225-020-00466-2))","Elmerina_caryae","Fungi","Basidiomycota","Agaricomycetes","Auriculariales","Aporpiaceae","Elmerina","Elmerina_caryae",2,"Multiple 100% matches","ASV1232;ASV2372","Match","Match","Match","Match","Match","Match"
"853","ASV853","Fungi","Basidiomycota","Agaricomycetes","Sistotremastrales","Sistotremastraceae","Sistotremastrum","Sistotremastrum_guttuliferum","Sistotremastrum_guttuliferum","sSH0893878.09FU","0.9997642","Sistotremastrum","091F1714-D38C-4FB2-A0F9-84225773BCBE","18553","13","Saprotroph","Undefined Saprotroph-|Wood Saprotroph|","Probable","Corticioid","White Rot","As white_rot (Põlme et al. 2020); Decay wood (Põlme et al. 2020)","Tedersoo L, et al. 2014. Science 346:e1256688 ((https://doi.org/10.1126/science.1256688)); Põlme S, et al. 2020. Fungal Diversity 105:1-16 ((https://doi.org/10.1007/s13225-020-00466-2))","Sistotremastrum_guttuliferum","Fungi","Basidiomycota","Agaricomycetes","Sistotremastrales","Sistotremastraceae","Sistotremastrum","Sistotremastrum_guttuliferum",4,"Multiple 100% matches","ASV1432;ASV4068;ASV553;ASV6794","Match","Match","Match","Match","Match","Match"
"854","ASV854","Fungi","Ascomycota","Dothideomycetes","Capnodiales","Neodevriesiaceae","Neodevriesia",NA,"Neodevriesia","sSH0960604.09FU","0.7453567","Neodevriesiaceae","F8168581-D82E-4A75-9190-C7925084B4CA","807766","9","Pathotroph-Saprotroph","Plant Pathogen-Undefined Saprotroph","Probable","NULL","NULL","Members are foliicolous, saprobic or plant pathogenic (Quaedvlieg et al. 2014)","Quaedvlieg W., et al. 2014. Persoonia 3:31-40 ((http://doi.org/10.3767/003158514X681981))","Neodevriesia","Fungi","Ascomycota","Dothideomycetes","Capnodiales","Neodevriesiaceae","Neodevriesia",NA,1,"Unique 100% match","ASV1324",NA,"Match","Match","Match","Match","Match"
"856","ASV856","Fungi","Basidiomycota","Agaricomycetes","Polyporales","Phanerochaetaceae","Phlebiopsis","Phlebiopsis_gigantea","Phlebiopsis_gigantea",NA,"0.9999051","Phlebiopsis","1CB1C9FB-36B9-11D5-9548-00D0592D548C","25478","13","Saprotroph","Undefined Saprotroph-|Wood Saprotroph|","Probable","Corticioid","White Rot","As white_rot (Põlme et al. 2020); Decay wood (Põlme et al. 2020)","Tedersoo L, et al. 2014. Science 346:e1256688 ((https://doi.org/10.1126/science.1256688)); Põlme S, et al. 2020. Fungal Diversity 105:1-16 ((https://doi.org/10.1007/s13225-020-00466-2))","Phlebiopsis_gigantea","Fungi","Basidiomycota","Agaricomycetes","Polyporales","Phanerochaetaceae","Phlebiopsis","Phlebiopsis_gigantea",1,"Unique 100% match","ASV996","Match","Match","Match","Match","Match","Match"
"858","ASV858","Fungi","Basidiomycota","Agaricomycetes","Trechisporales","Hydnodontaceae","Trechispora",NA,"Trechispora","sSH1260126.09FU","0.9884432","Trechispora","1CB1CC1A-36B9-11D5-9548-00D0592D548C","18664","13","Saprotroph","|Wood Saprotroph|","Highly Probable","Corticioid","White Rot","As white_rot (Põlme et al. 2020); Decay wood (Põlme et al. 2020)","Gilbertson RL, Ryvarden L. 1987-1987. North American Polypores. Fungiflora, Oslo (ISBN: 978-0945345060); Rinaldi AC, et al. 2008. Fungal Diversity 33:1-45 ((http://www.fungaldiversity.org/fdp/sfdp/33-1.pdf)) (as Uncertain); Tedersoo L, et al. 2010. Mycorrhiza 20:217-263 ((https://doi.org/10.1007/s00572-009-0274-x)) (as not ECM).; Põlme S, et al. 2020. Fungal Diversity 105:1-16 ((https://doi.org/10.1007/s13225-020-00466-2))","Trechispora","Fungi","Basidiomycota","Agaricomycetes","Trechisporales","Hydnodontaceae","Trechispora",NA,3,"Multiple 100% matches","ASV3967;ASV597;ASV675",NA,"Match","Match","Match","Match","Match"
"860","ASV860","Fungi","Ascomycota","Dothideomycetes","Pleosporales","Pleosporaceae","Curvularia","Curvularia_xishuangbannaensis","Curvularia_xishuangbannaensis","sSH3803098.09FU","0.8685277","Pleosporaceae","1CB1CDA2-36B9-11D5-9548-00D0592D548C","81188","9","Pathotroph-Saprotroph","Endophyte-Lichen Parasite-Plant Pathogen-Undefined Saprotroph","Probable","Microfungus","NULL","Necrotrophic pathogens and saprobes, especially associated with grasses. Many species are seed-borne (Cannon & Kirk 2007)","Cannon PF, Kirk PM. 2007. Fungal Families of the World. CAB International, Cambridge (ISBN: 978-0851998275); David AS, et al. 2016. Microbial Ecology 71:912-926 ((https://doi.org/10.1007/s00248-015-0712-6)); Lawrey JD, Diederich P. 2016. http://www.lichenicolous.net (accessed 24 May 2017) ((http://www.lichenicolous.net))","Curvularia_xishuangbannaensis","Fungi","Ascomycota","Dothideomycetes","Pleosporales","Pleosporaceae","Curvularia","Curvularia_xishuangbannaensis",1,"Unique 100% match","ASV3955","Match","Match","Match","Match","Match","Match"
"861","ASV861","Fungi","Basidiomycota","Agaricomycetes","Polyporales","Meruliaceae","Phlebia","Phlebia_acanthocystis","Phlebia_acanthocystis",NA,"0.9998346","Meruliaceae","9E12B0B5-1D82-4978-AF3D-6EC22C257619","89005","9","Pathotroph-Saprotroph","Plant Pathogen-Undefined Saprotroph","Probable","Corticioid-Polyporoid","NULL","Saprobic or parasitic on woody plants, causing a white rot (Cannon & Kirk 2007)","Cannon PF, Kirk PM. 2007. Fungal Families of the World. CAB International, Cambridge (ISBN: 978-0851998275)","Phlebia_acanthocystis","Fungi","Basidiomycota","Agaricomycetes","Polyporales","Meruliaceae","Phlebia","Phlebia_acanthocystis",3,"Multiple 100% matches","ASV455;ASV6259;ASV8111","Match","Match","Match","Match","Match","Match"
"864","ASV864","Fungi","Basidiomycota","Agaricomycetes","Hymenochaetales","Hymenochaetaceae","Hymenochaete","Hymenochaete_curtisii","Hymenochaete_curtisii","sSH1027062.09FU","0.9974509","Hymenochaetaceae","CC29D6F9-5984-496D-97E7-42EB138C1FEE","536196","9","Saprotroph-Symbiotroph","Ectomycorrhizal-Wood Saprotroph","Probable","Corticioid-Polyporoid","NULL","Lignicolous, causing white rots, rarely ectomycorrhizal (Cannon & Kirk 2007)","Cannon PF, Kirk PM. 2007. Fungal Families of the World. CAB International, Cambridge (ISBN: 978-0851998275)","Hymenochaete_curtisii","Fungi","Basidiomycota","Agaricomycetes","Hymenochaetales","Hymenochaetaceae","Hymenochaete","Hymenochaete_curtisii",2,"Multiple 100% matches","ASV5134;ASV5508","Match","Match","Match","Match","Match","Match"
"866","ASV866","Fungi","Basidiomycota","Agaricomycetes","Polyporales","Meripilaceae","Physisporinus","Physisporinus_vitreus","Physisporinus_vitreus","sSH1257021.09FU","0.9999520","Meripilaceae","1CB1CD64-36B9-11D5-9548-00D0592D548C","80007","9","Pathotroph-Saprotroph","Plant Pathogen-Undefined Saprotroph","Probable","Polyporoid","NULL","Saprobic or parasitic on hardwood trees, often growing from buried roots and causing white rot (Cannon & Kirk 2007)","Cannon PF, Kirk PM. 2007. Fungal Families of the World. CAB International, Cambridge (ISBN: 978-0851998275)","Physisporinus_vitreus","Fungi","Basidiomycota","Agaricomycetes","Polyporales","Meripilaceae","Physisporinus","Physisporinus_vitreus",2,"Multiple 100% matches","ASV4915;ASV8282","Match","Match","Match","Match","Match","Match"
"868","ASV868","Fungi","Ascomycota","Saccharomycetes","Saccharomycetales","Trichomonascaceae","Blastobotrys",NA,"Blastobotrys","sSH0998061.09FU","0.9999998","Saccharomycetales","B73A15F4-AB90-4E11-B6D7-E0BE710B986C","816369","7","Saprotroph","Undefined Saprotroph","Possible","Yeast","NULL","NULL","Sterkenburg E, et al. 2015. New Phytologist 207:1145-1158 ((https://doi.org/10.1111/nph.13426))","Blastobotrys","Fungi","Ascomycota","Saccharomycetes","Saccharomycetales","Trichomonascaceae","Blastobotrys",NA,1,"Unique 100% match","ASV690",NA,"Match","Match","Match","Match","Match"
"869","ASV869","Fungi","Basidiomycota","Exobasidiomycetes","Exobasidiales","Brachybasidiaceae","Meira",NA,"Meira","sSH0916710.09FU","1.0000000","Brachybasidiaceae","1CB1CE8F-36B9-11D5-9548-00D0592D548C","80532","9","Pathotroph","Plant Pathogen","Probable","Microfungus","NULL","Biotrophic or necrotrophic on leaves of monocots, including palms, grasses, sedges, and Commelinaceae (Cannon & Kirk 2007)","Cannon PF, Kirk PM. 2007. Fungal Families of the World. CAB International, Cambridge (ISBN: 978-0851998275)","Meira","Fungi","Basidiomycota","Exobasidiomycetes","Exobasidiales","Brachybasidiaceae","Meira",NA,1,"Unique 100% match","ASV5974",NA,"Match","Match","Match","Match","Match"
"870","ASV870","Fungi","Ascomycota","Saccharomycetes","Saccharomycetales","Metschnikowiaceae","Metschnikowia",NA,"Metschnikowia",NA,"0.7933915","Saccharomycetales","B73A15F4-AB90-4E11-B6D7-E0BE710B986C","816369","7","Saprotroph","Undefined Saprotroph","Possible","Yeast","NULL","NULL","Sterkenburg E, et al. 2015. New Phytologist 207:1145-1158 ((https://doi.org/10.1111/nph.13426))","Metschnikowia","Fungi",NA,NA,NA,NA,NA,NA,1,"Unique 100% match","ASV4498",NA,NA,NA,NA,NA,NA
"876","ASV876","Fungi","Ascomycota","Eurotiomycetes","Eurotiales","Aspergillaceae","Penicillium",NA,"Penicillium",NA,"0.9498435","Eurotiales","1CB1CE25-36B9-11D5-9548-00D0592D548C","90472","7","Saprotroph","Undefined Saprotroph","Possible","Microfungus","NULL","NULL","Sterkenburg E, et al. 2015. New Phytologist 207:1145-1158 ((https://doi.org/10.1111/nph.13426))","Penicillium","Fungi","Ascomycota","Eurotiomycetes","Eurotiales","Aspergillaceae","Penicillium","Penicillium_aethiopicum",1,"Unique 100% match","ASV135",NA,"Match","Match","Match","Match","Match"
"878","ASV878","Fungi","Ascomycota","Dothideomycetes","Pleosporales",NA,"Pseudorobillarda",NA,"Pseudorobillarda","sSH0945263.09FU","0.9904134","Pseudorobillarda","9656EB28-92AD-4DDF-8E40-1961377B8D6F","9607","13","Pathotroph-Saprotroph","Lichen Parasite-|Wood Saprotroph|","Probable","Microfungus","NULL","Decay wood (Põlme et al. 2020)","Põlme S, et al. 2020. Fungal Diversity 105:1-16 ((https://doi.org/10.1007/s13225-020-00466-2))","Pseudorobillarda","Fungi","Ascomycota","Dothideomycetes","Pleosporales",NA,"Pseudorobillarda",NA,1,"Unique 100% match","ASV2854",NA,"Match",NA,"Match","Match","Match"
"880","ASV880","Fungi","Basidiomycota","Microbotryomycetes",NA,NA,"Curvibasidium","Curvibasidium_nothofagi","Curvibasidium_nothofagi","sSH4353328.09FU","0.9890765","Curvibasidium","8D75B8D4-E5F1-489F-8195-04882306F62D","28863","13","Saprotroph-Symbiotroph","Epiphyte-Plant Saprotroph-Undefined Saprotroph-|Wood Saprotroph|","Possible","Dimorphic-Microfungus","NULL","As litter_saprotroph (Põlme et al. 2020); Decay wood, leaf, fruit, seed, soil (Põlme et al. 2020)","Sampaio JP, et al. 2004. International Journal of Systematic and Evolutionary Microbiology 54:1401-1407 ((https://doi.org/10.1099/ijs.0.03037-0)); Põlme S, et al. 2020. Fungal Diversity 105:1-16 ((https://doi.org/10.1007/s13225-020-00466-2))","Curvibasidium_nothofagi","Fungi","Basidiomycota","Microbotryomycetes",NA,NA,NA,NA,1,"Unique 100% match","ASV6795",NA,NA,NA,NA,"Match","Match"
"883","ASV883","Fungi","Basidiomycota","Agaricomycetes","Polyporales","Fomitopsidaceae",NA,NA,"Fomitopsidaceae","sSH1209279.09FU","0.9999999","Fomitopsidaceae","1CB1CD22-36B9-11D5-9548-00D0592D548C","81772","9","Pathotroph-Saprotroph","Plant Pathogen-Wood Saprotroph","Probable","Polyporoid","Brown Rot","Most species are parasitic on woody plants, causing brown rots (Cannon & Kirk 2007)","Cannon PF, Kirk PM. 2007. Fungal Families of the World. CAB International, Cambridge (ISBN: 978-0851998275)","Fomitopsidaceae","Fungi","Basidiomycota","Agaricomycetes","Polyporales","Fomitopsidaceae",NA,NA,1,"Unique 100% match","ASV1271",NA,NA,"Match","Match","Match","Match"
"889","ASV889","Fungi","Ascomycota","Sordariomycetes","Hypocreales","Nectriaceae","Nectria","Nectria_pseudotrichia","Nectria_pseudotrichia","sSH1268680.09FU","0.9999997","Nectriaceae","1CB1CD7A-36B9-11D5-9548-00D0592D548C","81059","9","Pathotroph-Saprotroph-Symbiotroph","Animal Pathogen-Endophyte-Fungal Parasite-Lichen Parasite-Plant Pathogen-Wood Saprotroph","Possible","Microfungus","NULL","Fusarium species are amongst the economically significant plant pathogens (Cannon & Kirk 2007)","Cannon PF, Kirk PM. 2007. Fungal Families of the World. CAB International, Cambridge (ISBN: 978-0851998275); Hirooka Y, et al. 2012. Studies in Mycology 711-210 ((https://doi.org/10.3114/sim0001)); Tedersoo L, et al. 2014. Science 346:e1256688 ((https://doi.org/10.1126/science.1256688)); The American Phytopathological Society Common Names of Plant Diseases ((http://www.apsnet.org/publications/commonnames/Pages/default.aspx)); https://www.cdc.gov ((https://www.cdc.gov))","Nectria_pseudotrichia","Fungi","Ascomycota","Sordariomycetes","Hypocreales","Nectriaceae","Nectria","Nectria_pseudotrichia",1,"Unique 100% match","ASV1540","Match","Match","Match","Match","Match","Match"
"895","ASV895","Fungi","Basidiomycota","Tremellomycetes","Tremellales","Bulleribasidiaceae","Hannaella","Hannaella_sinensis","Hannaella_sinensis","sSH1003194.09FU","0.9997928","Tremellales","1CB1CE64-36B9-11D5-9548-00D0592D548C","90451","7","Pathotroph-Saprotroph-Symbiotroph","Fungal Parasite-Undefined Saprotroph","Possible","Tremelloid-Yeast","NULL","The order contains both teleomorphic and anamorphic species, most of the latter being yeasts","Sterkenburg E, et al. 2015. New Phytologist 207:1145-1158 ((https://doi.org/10.1111/nph.13426))","Hannaella_sinensis","Fungi","Basidiomycota","Tremellomycetes","Tremellales","Bulleribasidiaceae","Hannaella","Hannaella_sinensis",1,"Unique 100% match","ASV6601","Match","Match","Match","Match","Match","Match"
"896","ASV896","Fungi","Basidiomycota","Agaricomycetes","Polyporales","Fomitopsidaceae","Fibroporia","Fibroporia_radiculosa","Fibroporia_radiculosa","sSH1053032.09FU","0.9999996","Fomitopsidaceae","1CB1CD22-36B9-11D5-9548-00D0592D548C","81772","9","Pathotroph-Saprotroph","Plant Pathogen-Wood Saprotroph","Probable","Polyporoid","Brown Rot","Most species are parasitic on woody plants, causing brown rots (Cannon & Kirk 2007)","Cannon PF, Kirk PM. 2007. Fungal Families of the World. CAB International, Cambridge (ISBN: 978-0851998275)","Fibroporia_radiculosa","Fungi","Basidiomycota","Agaricomycetes","Polyporales","Fomitopsidaceae","Fibroporia","Fibroporia_radiculosa",1,"Unique 100% match","ASV7002","Match","Match","Match","Match","Match","Match"
"898","ASV898","Fungi","Ascomycota","Dothideomycetes",NA,NA,NA,NA,"Dothideomycetes",NA,"1.0000000",NA,NA,NA,NA,NA,NA,NA,NA,NA,NA,NA,"Dothideomycetes","Fungi","Ascomycota","Dothideomycetes","Pleosporales","Didymosphaeriaceae","Spegazzinia",NA,1,"Unique 100% match","ASV2329",NA,NA,NA,NA,"Match","Match"
"900","ASV900","Fungi","Basidiomycota","Agaricostilbomycetes","Agaricostilbales","Agaricostilbaceae","Sterigmatomyces","Sterigmatomyces_halophilus","Sterigmatomyces_halophilus",NA,"0.9616720","Agaricostilbaceae","1CB1CCAC-36B9-11D5-9548-00D0592D548C","82058","9","Saprotroph","Undefined Saprotroph","Possible","NULL","NULL","Probably saprobic, usually associated with dead palm tissues (Cannon & Kirk 2007)","Cannon PF, Kirk PM. 2007. Fungal Families of the World. CAB International, Cambridge (ISBN: 978-0851998275)","Sterigmatomyces_halophilus","Fungi","Basidiomycota","Agaricostilbomycetes","Agaricostilbales","Agaricostilbaceae","Sterigmatomyces",NA,1,"Unique 100% match","ASV5101",NA,"Match","Match","Match","Match","Match"
"902","ASV902","Fungi","Basidiomycota","Agaricomycetes","Polyporales","Incrustoporiaceae","Skeletocutis","Skeletocutis_lilacina","Skeletocutis_lilacina","sSH1175127.09FU","1.0000000","Skeletocutis","1CB1A2C9-36B9-11D5-9548-00D0592D548C","18554","13","Saprotroph","|Wood Saprotroph|","Highly Probable","Polyporoid","White Rot","As white_rot (Põlme et al. 2020); Decay wood (Põlme et al. 2020)","Gilbertson RL, Ryvarden L. 1987-1987. North American Polypores. Fungiflora, Oslo (ISBN: 978-0945345060); Põlme S, et al. 2020. Fungal Diversity 105:1-16 ((https://doi.org/10.1007/s13225-020-00466-2))","Skeletocutis_lilacina","Fungi","Basidiomycota","Agaricomycetes","Polyporales","Incrustoporiaceae","Skeletocutis","Skeletocutis_lilacina",1,"Unique 100% match","ASV2521","Match","Match","Match","Match","Match","Match"
"903","ASV903","Fungi","Basidiomycota","Agaricomycetes","Polyporales",NA,NA,NA,"Polyporales",NA,"0.8648509",NA,NA,NA,NA,NA,NA,NA,NA,NA,NA,NA,"Polyporales","Fungi","Basidiomycota","Agaricomycetes","Polyporales","Meripilaceae",NA,NA,1,"Unique 100% match","ASV6686",NA,NA,NA,"Match","Match","Match"
"904","ASV904","Fungi","Basidiomycota","Agaricomycetes",NA,NA,NA,NA,"Agaricomycetes","sSH1210330.09FU","0.9989395",NA,NA,NA,NA,NA,NA,NA,NA,NA,NA,NA,"Agaricomycetes","Fungi","Basidiomycota","Agaricomycetes",NA,NA,NA,NA,1,"Unique 100% match","ASV5944",NA,NA,NA,NA,"Match","Match"
"909","ASV909","Fungi","Basidiomycota","Agaricomycetes","Corticiales","Corticiaceae","Limonomyces","Limonomyces_roseipellis","Limonomyces_roseipellis","sSH1219907.09FU","0.9049871","Corticiaceae","1CB1CCF9-36B9-11D5-9548-00D0592D548C","80648","9","Pathotroph-Saprotroph","Lichen Parasite-Plant Pathogen-Wood Saprotroph","Possible","Corticioid-Microfungus","NULL","Saprobes or pathogens on a wide range of mainly woody substrata; a few species are lichenicolous and some are grass pathogens (Cannon & Kirk 2007)","Cannon PF, Kirk PM. 2007. Fungal Families of the World. CAB International, Cambridge (ISBN: 978-0851998275)","Limonomyces_roseipellis","Fungi","Basidiomycota","Agaricomycetes","Corticiales","Corticiaceae","Limonomyces","Limonomyces_roseipellis",1,"Unique 100% match","ASV3360","Match","Match","Match","Match","Match","Match"
"916","ASV916","Fungi","Basidiomycota","Agaricomycetes","Polyporales","Meruliaceae",NA,NA,"Meruliaceae",NA,"0.7385190","Meruliaceae","9E12B0B5-1D82-4978-AF3D-6EC22C257619","89005","9","Pathotroph-Saprotroph","Plant Pathogen-Undefined Saprotroph","Probable","Corticioid-Polyporoid","NULL","Saprobic or parasitic on woody plants, causing a white rot (Cannon & Kirk 2007)","Cannon PF, Kirk PM. 2007. Fungal Families of the World. CAB International, Cambridge (ISBN: 978-0851998275)","Meruliaceae","Fungi","Basidiomycota","Agaricomycetes","Polyporales","Meruliaceae",NA,NA,1,"Unique 100% match","ASV4153",NA,NA,"Match","Match","Match","Match"
"918","ASV918","Fungi","Basidiomycota","Agaricomycetes","Hymenochaetales","Rickenellaceae","Peniophorella","Peniophorella_odontiiformis","Peniophorella_odontiiformis","sSH1124815.09FU","0.9993416","Peniophorella","0CB5C5A6-62A5-4579-B5A2-76797F4EBA35","18202","13","Saprotroph","Undefined Saprotroph-|Wood Saprotroph|","Probable","Corticioid","White Rot","As white_rot (Põlme et al. 2020); Decay wood (Põlme et al. 2020)","Tedersoo L, et al. 2014. Science 346:e1256688 ((https://doi.org/10.1126/science.1256688)); Põlme S, et al. 2020. Fungal Diversity 105:1-16 ((https://doi.org/10.1007/s13225-020-00466-2))","Peniophorella_odontiiformis","Fungi","Basidiomycota","Agaricomycetes","Hymenochaetales","Rickenellaceae","Peniophorella",NA,1,"Unique 100% match","ASV2108",NA,"Match","Match","Match","Match","Match"
"919","ASV919","Fungi","Ascomycota","Sordariomycetes","Amphisphaeriales","Pestalotiopsidaceae","Neopestalotiopsis",NA,"Neopestalotiopsis",NA,"0.9134082","Neopestalotiopsis","58011663-82AF-4B2A-93DC-EDA0011F6089","809759","13","Pathotroph","|Plant Pathogen|","Probable","Microfungus","NULL","NULL","Põlme S, et al. 2020. Fungal Diversity 105:1-16 ((https://doi.org/10.1007/s13225-020-00466-2))","Neopestalotiopsis","Fungi","Ascomycota","Sordariomycetes","Amphisphaeriales","Pestalotiopsidaceae","Neopestalotiopsis",NA,1,"Unique 100% match","ASV7736",NA,"Match","Match","Match","Match","Match"
"920","ASV920","Fungi","Basidiomycota","Agaricomycetes","Polyporales","Phanerochaetaceae","Bjerkandera","Bjerkandera_adusta","Bjerkandera_adusta","sSH1177901.09FU","0.9865532","Bjerkandera","1CB1C50E-36B9-11D5-9548-00D0592D548C","17160","13","Pathotroph-Saprotroph-Symbiotroph","Endophyte-Plant Pathogen-|Wood Saprotroph|","Highly Probable","Polyporoid","White Rot","As root_endophyte_dark_septate (Põlme et al. 2020); As white_rot (Põlme et al. 2020); As wood_pathogen (Põlme et al. 2020); Decay wood (Põlme et al. 2020)","Gilbertson RL, Ryvarden L. 1987-1987. North American Polypores. Fungiflora, Oslo (ISBN: 978-0945345060); Põlme S, et al. 2020. Fungal Diversity 105:1-16 ((https://doi.org/10.1007/s13225-020-00466-2))","Bjerkandera_adusta","Fungi","Basidiomycota","Agaricomycetes","Polyporales","Phanerochaetaceae","Bjerkandera","Bjerkandera_adusta",1,"Unique 100% match","ASV7005","Match","Match","Match","Match","Match","Match"
"921","ASV921","Fungi","Basidiomycota","Agaricomycetes","Polyporales","Phanerochaetaceae","Crepatura",NA,"Crepatura","sSH1217099.09FU","0.7072289","Crepatura","889559A6-2401-4708-965C-8828C992089C","830230","13","Saprotroph","|Wood Saprotroph|","Probable","Microfungus","White Rot","As white-rot (Pomle et al. 2020); Decay wood (Põlme et al. 2020)","Põlme S, et al. 2020. Fungal Diversity 105:1-16 ((https://doi.org/10.1007/s13225-020-00466-2))","Crepatura","Fungi","Basidiomycota","Agaricomycetes",NA,NA,NA,NA,1,"Unique 100% match","ASV3698",NA,NA,NA,NA,"Match","Match"
"922","ASV922","Fungi","Basidiomycota","Agaricomycetes",NA,"Xenasmataceae","Xenasmatella",NA,"Xenasmatella",NA,"0.9999375","Xenasmatella","1CB1CC85-36B9-11D5-9548-00D0592D548C","18756","13","Saprotroph","Undefined Saprotroph-|Wood Saprotroph|","Probable","Corticioid","White Rot","As white_rot (Põlme et al. 2020); Decay wood (Põlme et al. 2020)","Tedersoo L, et al. 2014. Science 346:e1256688 ((https://doi.org/10.1126/science.1256688)); Põlme S, et al. 2020. Fungal Diversity 105:1-16 ((https://doi.org/10.1007/s13225-020-00466-2))","Xenasmatella","Fungi","Basidiomycota","Agaricomycetes",NA,NA,NA,NA,1,"Unique 100% match","ASV6519",NA,NA,NA,NA,"Match","Match"
"923","ASV923","Fungi","Ascomycota","Sordariomycetes","Xylariales","Diatrypaceae",NA,NA,"Diatrypaceae",NA,"0.9483717","Diatrypaceae","1CB1CD09-36B9-11D5-9548-00D0592D548C","80692","9","Pathotroph-Saprotroph","Plant Pathogen-Plant Saprotroph","Probable","Microfungus","NULL","Saprobes and (usually) weak parasites in wood and bark (Cannon & Kirk 2007)","Cannon PF, Kirk PM. 2007. Fungal Families of the World. CAB International, Cambridge (ISBN: 978-0851998275)","Diatrypaceae","Fungi","Ascomycota","Sordariomycetes","Xylariales","Diatrypaceae",NA,NA,1,"Unique 100% match","ASV3222",NA,NA,"Match","Match","Match","Match"
"924","ASV924","Fungi","Basidiomycota","Agaricomycetes","Polyporales","Polyporaceae","Funalia","Funalia_floccosa","Funalia_floccosa","sSH1248998.09FU","0.9999807","Polyporaceae","1CB19B17-36B9-11D5-9548-00D0592D548C","81203","9","Saprotroph","Wood Saprotroph","Probable","Polyporoid","Brown Rot-White Rot","Lignicolous, causing brown or white rot, mostly of broadleaved trees (Cannon & Kirk 2007)","Cannon PF, Kirk PM. 2007. Fungal Families of the World. CAB International, Cambridge (ISBN: 978-0851998275)","Funalia_floccosa","Fungi","Basidiomycota","Agaricomycetes","Polyporales","Polyporaceae","Funalia","Funalia_floccosa",1,"Unique 100% match","ASV1747","Match","Match","Match","Match","Match","Match"
"926","ASV926","Fungi","Ascomycota","Sordariomycetes","Sordariales","Cephalothecaceae","Phialemonium","Phialemonium_inflatum","Phialemonium_inflatum","sSH0971256.09FU","0.9999446","Cephalothecaceae","1CB1CE98-36B9-11D5-9548-00D0592D548C","80571","9","Saprotroph","Fungal Parasite-Wood Saprotroph","Probable","Microfungus","NULL","Typically saprobic, fruiting on very rotten wood or other fungi (Cannon & Kirk 2007)","Cannon PF, Kirk PM. 2007. Fungal Families of the World. CAB International, Cambridge (ISBN: 978-0851998275)","Phialemonium_inflatum","Fungi","Ascomycota","Sordariomycetes","Sordariales","Cephalothecaceae","Phialemonium","Phialemonium_inflatum",1,"Unique 100% match","ASV807","Match","Match","Match","Match","Match","Match"
"927","ASV927","Fungi",NA,NA,NA,NA,NA,NA,NA,NA,"0.8670155",NA,NA,NA,NA,NA,NA,NA,NA,NA,NA,NA,NA,"Fungi","Ascomycota",NA,NA,NA,NA,NA,1,"Unique 100% match","ASV3192",NA,NA,NA,NA,NA,NA
"929","ASV929","Fungi","Ascomycota","Saccharomycetes","Saccharomycetales",NA,NA,NA,"Saccharomycetales",NA,"0.7058816","Saccharomycetales","B73A15F4-AB90-4E11-B6D7-E0BE710B986C","816369","7","Saprotroph","Undefined Saprotroph","Possible","Yeast","NULL","NULL","Sterkenburg E, et al. 2015. New Phytologist 207:1145-1158 ((https://doi.org/10.1111/nph.13426))","Saccharomycetales","Fungi",NA,NA,NA,NA,NA,NA,1,"Unique 100% match","ASV7397",NA,NA,NA,NA,NA,NA
"930","ASV930","Fungi","Ascomycota","Eurotiomycetes","Chaetothyriales","Trichomeriaceae","Knufia",NA,"Knufia","sSH1070852.09FU","0.9780263","Trichomeriaceae","B366E4F5-4360-49B3-BA47-86698B5D3511","800935","9","Symbiotroph","Epiphyte","Probable","Microfungus","NULL","Foliar epiphytes with the appearance of sooty moulds, mostly occurring on the surface of living leaves and apparently gaining their nutrients from insect exudates (Chomnunti et al. 2012)","Chomnunti P, et al. 2012. Fungal Diversity 56:63-76 ((https://doi.org/10.1007/s13225-012-0197-2))","Knufia","Fungi","Ascomycota","Eurotiomycetes","Chaetothyriales","Trichomeriaceae","Knufia",NA,1,"Unique 100% match","ASV3060",NA,"Match","Match","Match","Match","Match"
"932","ASV932","Fungi","Basidiomycota","Agaricomycetes","Agaricales",NA,NA,NA,"Agaricales","sSH1168862.09FU","1.0000000","Agaricales","715D162F-5F0E-40C8-A7DC-79D488D3F937","90508","7","Pathotroph-Saprotroph-Symbiotroph","Bryophyte Parasite-Dung Saprotroph-Ectomycorrhizal-Fungal Parasite-Leaf Saprotroph-Plant Parasite-Undefined Saprotroph-Wood Saprotroph","Possible","Agaricoid-Gasteroid-Microfungus-Secotioid-Yeast","NULL","Mushrooms and toadstools, Gill fungi, Agarics... lignicolous, sometimes muscicolous or fungicolous, saprobic, mycorrhizal, rarely parasitic on plants or fungi (Kirk et al. 2008)","Kirk PM et al. 2008. Dictionary of the Fungi. Tenth Edition. CAB International, Wallingford (ISBN: 978-0851998268)","Agaricales","Fungi","Basidiomycota","Agaricomycetes","Agaricales",NA,NA,NA,1,"Unique 100% match","ASV1203",NA,NA,NA,"Match","Match","Match"
"935","ASV935","Fungi","Ascomycota","Sordariomycetes","Hypocreales","Stachybotryaceae",NA,NA,"Stachybotryaceae","sSH1074217.09FU","0.7420836","Hypocreales","1CB18E60-36B9-11D5-9548-00D0592D548C","90477","7","Saprotroph","Undefined Saprotroph","Possible","Microfungus","NULL","NULL","Sterkenburg E, et al. 2015. New Phytologist 207:1145-1158 ((https://doi.org/10.1111/nph.13426))","Stachybotryaceae","Fungi","Ascomycota","Sordariomycetes","Hypocreales","Stachybotryaceae",NA,NA,1,"Unique 100% match","ASV1538",NA,NA,"Match","Match","Match","Match"
"947","ASV947","Fungi",NA,NA,NA,NA,NA,NA,NA,NA,"0.9486579",NA,NA,NA,NA,NA,NA,NA,NA,NA,NA,NA,NA,"Fungi","Basidiomycota","Agaricomycetes","Cantharellales",NA,NA,NA,2,"Multiple 100% matches","ASV4071;ASV4697",NA,NA,NA,NA,NA,NA
"949","ASV949","Fungi","Ascomycota","Dothideomycetes","Venturiales","Sympoventuriaceae",NA,NA,"Sympoventuriaceae","sSH0949406.09FU","0.7312364","Sympoventuriaceae","1A5CF12B-5C15-43F8-BB6A-8479B1581BBB","563117","9","Saprotroph","Undefined Saprotroph","Probable","Microfungus","NULL","Sympoventuriaceae is represented by Sympoventuria, and can be distinguished from species of Venturiales by its saprobic life style (Zhang et al. 2011)","Zhang Y, et al. 2011 Fungal Diversity 51:249-277 ((https://doi.org/10.1007/s13225-011-0141-x))","Sympoventuriaceae","Fungi","Ascomycota","Dothideomycetes","Venturiales","Sympoventuriaceae","Ochroconis","Ochroconis_musae",1,"Unique 100% match","ASV1807",NA,NA,"Match","Match","Match","Match"
"952","ASV952","Fungi","Ascomycota","Dothideomycetes","Pleosporales","Acrocalymmaceae","Acrocalymma","Acrocalymma_pterocarpi","Acrocalymma_pterocarpi","sSH0989073.09FU","0.7168055","Acrocalymma","1CB1C441-36B9-11D5-9548-00D0592D548C","11008","13","Saprotroph","Undefined Saprotroph-|Wood Saprotroph|","Probable","Microfungus","NULL","Decay wood (Põlme et al. 2020)","Tedersoo L, et al. 2014. Science 346:e1256688 ((https://doi.org/10.1126/science.1256688)); Põlme S, et al. 2020. Fungal Diversity 105:1-16 ((https://doi.org/10.1007/s13225-020-00466-2))","Acrocalymma_pterocarpi","Fungi","Ascomycota","Dothideomycetes","Pleosporales","Acrocalymmaceae","Acrocalymma","Acrocalymma_pterocarpi",1,"Unique 100% match","ASV4880","Match","Match","Match","Match","Match","Match"
"953","ASV953","Fungi","Basidiomycota","Agaricomycetes","Polyporales","Irpicaceae","Gloeoporus","Gloeoporus_taxicola","Gloeoporus_taxicola","sSH1049352.09FU","0.9999605","Gloeoporus","1CB18B7F-36B9-11D5-9548-00D0592D548C","17670","13","Saprotroph","|Wood Saprotroph|","Highly Probable","Corticioid-Polyporoid","White Rot","As white_rot (Põlme et al. 2020); Decay wood (Põlme et al. 2020)","Gilbertson RL, Ryvarden L. 1987-1987. North American Polypores. Fungiflora, Oslo (ISBN: 978-0945345060); Põlme S, et al. 2020. Fungal Diversity 105:1-16 ((https://doi.org/10.1007/s13225-020-00466-2))","Gloeoporus_taxicola","Fungi","Basidiomycota","Agaricomycetes","Polyporales","Irpicaceae","Gloeoporus","Gloeoporus_taxicola",2,"Multiple 100% matches","ASV3079;ASV6224","Match","Match","Match","Match","Match","Match"
"954","ASV954","Fungi",NA,NA,NA,NA,NA,NA,NA,NA,"0.8349965",NA,NA,NA,NA,NA,NA,NA,NA,NA,NA,NA,NA,"Fungi","Basidiomycota","Agaricomycetes",NA,NA,NA,NA,1,"Unique 100% match","ASV7184",NA,NA,NA,NA,NA,NA
"961","ASV961","Fungi","Basidiomycota","Agaricomycetes","Polyporales","Irpicaceae","Ceriporia","Ceriporia_arbuscula","Ceriporia_arbuscula","sSH1158392.09FU","0.8659296","Ceriporia","1CB1C611-36B9-11D5-9548-00D0592D548C","17267","13","Saprotroph","|Wood Saprotroph|","Highly Probable","Corticioid","White Rot","As white_rot (Põlme et al. 2020); Decay wood (Põlme et al. 2020)","Tedersoo L, et al. 2014. Science 346:e1256688 ((https://doi.org/10.1126/science.1256688)); Põlme S, et al. 2020. Fungal Diversity 105:1-16 ((https://doi.org/10.1007/s13225-020-00466-2))","Ceriporia_arbuscula","Fungi","Basidiomycota","Agaricomycetes","Polyporales","Irpicaceae","Ceriporia","Ceriporia_arbuscula",1,"Unique 100% match","ASV5873","Match","Match","Match","Match","Match","Match"
"964","ASV964","Fungi","Ascomycota","Sordariomycetes","Hypocreales","Niessliaceae","Niesslia",NA,"Niesslia","sSH1290942.09FU","0.9983679","Hypocreales","1CB18E60-36B9-11D5-9548-00D0592D548C","90477","7","Saprotroph","Undefined Saprotroph","Possible","Microfungus","NULL","NULL","Sterkenburg E, et al. 2015. New Phytologist 207:1145-1158 ((https://doi.org/10.1111/nph.13426))","Niesslia","Fungi","Ascomycota","Sordariomycetes","Hypocreales","Niessliaceae","Niesslia",NA,1,"Unique 100% match","ASV5715",NA,"Match","Match","Match","Match","Match"
"965","ASV965","Fungi","Ascomycota","Sordariomycetes","Hypocreales","Hypocreaceae","Hypomyces",NA,"Hypomyces","sSH1076417.09FU","0.8106125","Hypocreales","1CB18E60-36B9-11D5-9548-00D0592D548C","90477","7","Saprotroph","Undefined Saprotroph","Possible","Microfungus","NULL","NULL","Sterkenburg E, et al. 2015. New Phytologist 207:1145-1158 ((https://doi.org/10.1111/nph.13426))","Hypomyces","Fungi","Ascomycota","Sordariomycetes","Hypocreales","Hypocreaceae","Hypomyces",NA,2,"Multiple 100% matches","ASV2678;ASV3312",NA,"Match","Match","Match","Match","Match"
"969","ASV969","Fungi","Basidiomycota","Agaricomycetes","Polyporales","Steccherinaceae",NA,NA,"Steccherinaceae","sSH0882736.09FU","0.9999997","Steccherinaceae","1CB1CDD9-36B9-11D5-9548-00D0592D548C","81420","9","Saprotroph","Wood Saprotroph","Probable","Corticioid-Polyporoid","White Rot","Growing on dead wood causing white rot, sometimes replacing early colonizers (Cannon & Kirk 2007)","Cannon PF, Kirk PM. 2007. Fungal Families of the World. CAB International, Cambridge (ISBN: 978-0851998275)","Steccherinaceae","Fungi","Basidiomycota","Agaricomycetes","Polyporales","Steccherinaceae",NA,NA,1,"Unique 100% match","ASV1354",NA,NA,"Match","Match","Match","Match"
"971","ASV971","Fungi","Ascomycota","Dothideomycetes",NA,NA,NA,NA,"Dothideomycetes","sSH1084280.09FU","0.9999812",NA,NA,NA,NA,NA,NA,NA,NA,NA,NA,NA,"Dothideomycetes","Fungi","Ascomycota","Dothideomycetes",NA,NA,NA,NA,1,"Unique 100% match","ASV2200",NA,NA,NA,NA,"Match","Match"
"975","ASV975","Fungi","Ascomycota","Dothideomycetes","Botryosphaeriales","Phyllostictaceae","Phyllosticta","Phyllosticta_capitalensis","Phyllosticta_capitalensis",NA,"0.9988500","Phyllostictaceae","6FD93B78-3F56-46D4-A170-836895DE49B1","81162","9","Pathotroph-Saprotroph-Symbiotroph","Endophyte-Plant Pathogen-Wood Saprotroph","Probable","Microfungus","Soft Rot","NULL","Seehann G, et al. 1975. List of Fungi in Soft-Rot Tissue Tests. Institute fur Holzbiologie und Holzschutz, Bundesforschungsanstalt fur Forst - und Holzwirtshaft, Hamburg - Lohbrugge, Germany; Tedersoo L, et al. 2014. Science 346:e1256688 ((https://doi.org/10.1126/science.1256688)); Christian N, et al. 2016. Microbial Ecology 72:621-632 ((https://doi.org/10.1007/s00248-016-0804-y))","Phyllosticta_capitalensis","Fungi","Ascomycota","Dothideomycetes","Botryosphaeriales","Phyllostictaceae","Phyllosticta","Phyllosticta_capitalensis",2,"Multiple 100% matches","ASV2174;ASV7906","Match","Match","Match","Match","Match","Match"
"976","ASV976","Fungi","Ascomycota","Eurotiomycetes","Eurotiales","Aspergillaceae","Aspergillus",NA,"Aspergillus",NA,"0.9991711","Eurotiales","1CB1CE25-36B9-11D5-9548-00D0592D548C","90472","7","Saprotroph","Undefined Saprotroph","Possible","Microfungus","NULL","NULL","Sterkenburg E, et al. 2015. New Phytologist 207:1145-1158 ((https://doi.org/10.1111/nph.13426))","Aspergillus","Fungi","Ascomycota","Eurotiomycetes","Eurotiales","Aspergillaceae","Aspergillus",NA,1,"Unique 100% match","ASV1653",NA,"Match","Match","Match","Match","Match"
"978","ASV978","Fungi","Basidiomycota","Agaricomycetes","Auriculariales","Exidiaceae",NA,NA,"Exidiaceae",NA,"0.8873403",NA,NA,NA,NA,NA,NA,NA,NA,NA,NA,NA,"Exidiaceae","Fungi","Basidiomycota","Agaricomycetes","Auriculariales","Exidiaceae","Exidia","Exidia_uvapassa",1,"Unique 100% match","ASV897",NA,NA,"Match","Match","Match","Match"
"979","ASV979","Fungi","Ascomycota","Eurotiomycetes","Eurotiales","Aspergillaceae","Penicillium","Penicillium_sublateritium","Penicillium_sublateritium","sSH0884165.09FU","0.9999351","Eurotiales","1CB1CE25-36B9-11D5-9548-00D0592D548C","90472","7","Saprotroph","Undefined Saprotroph","Possible","Microfungus","NULL","NULL","Sterkenburg E, et al. 2015. New Phytologist 207:1145-1158 ((https://doi.org/10.1111/nph.13426))","Penicillium_sublateritium","Fungi","Ascomycota","Eurotiomycetes","Eurotiales","Aspergillaceae","Penicillium","Penicillium_sublateritium",1,"Unique 100% match","ASV1249","Match","Match","Match","Match","Match","Match"
"981","ASV981","Fungi","Basidiomycota","Agaricomycetes","Auriculariales",NA,NA,NA,"Auriculariales","sSH0933490.09FU","0.7753673",NA,NA,NA,NA,NA,NA,NA,NA,NA,NA,NA,"Auriculariales","Fungi","Basidiomycota","Agaricomycetes","Auriculariales",NA,NA,NA,1,"Unique 100% match","ASV3999",NA,NA,NA,"Match","Match","Match"
"983","ASV983","Fungi","Ascomycota","Eurotiomycetes","Chaetothyriales","Trichomeriaceae","Knufia",NA,"Knufia",NA,"0.8500286","Trichomeriaceae","B366E4F5-4360-49B3-BA47-86698B5D3511","800935","9","Symbiotroph","Epiphyte","Probable","Microfungus","NULL","Foliar epiphytes with the appearance of sooty moulds, mostly occurring on the surface of living leaves and apparently gaining their nutrients from insect exudates (Chomnunti et al. 2012)","Chomnunti P, et al. 2012. Fungal Diversity 56:63-76 ((https://doi.org/10.1007/s13225-012-0197-2))","Knufia","Fungi","Ascomycota","Eurotiomycetes","Chaetothyriales","Trichomeriaceae","Knufia","Knufia_tsunedae",1,"Unique 100% match","ASV4070",NA,"Match","Match","Match","Match","Match"
"985","ASV985","Fungi","Ascomycota","Eurotiomycetes","Eurotiales","Aspergillaceae","Penicillium",NA,"Penicillium",NA,"0.9829602","Eurotiales","1CB1CE25-36B9-11D5-9548-00D0592D548C","90472","7","Saprotroph","Undefined Saprotroph","Possible","Microfungus","NULL","NULL","Sterkenburg E, et al. 2015. New Phytologist 207:1145-1158 ((https://doi.org/10.1111/nph.13426))","Penicillium","Fungi","Ascomycota","Eurotiomycetes","Eurotiales","Aspergillaceae","Penicillium","Penicillium_infrapurpureum",1,"Unique 100% match","ASV315",NA,"Match","Match","Match","Match","Match"
"986","ASV986","Fungi","Ascomycota","Sordariomycetes","Trichosphaeriales","Trichosphaeriaceae","Nigrospora","Nigrospora_philosophiae-doctoris","Nigrospora_philosophiae-doctoris","sSH2728742.09FU","0.9677187","Nigrospora","1CB19645-36B9-11D5-9548-00D0592D548C","9124","13","Saprotroph","|Plant Saprotroph|-Undefined Saprotroph","Probable","Microfungus","NULL","As litter_saprotroph (Põlme et al. 2020); Decay leaf, fruit, seed (Põlme et al. 2020)","Tedersoo L, et al. 2014. Science 346:e1256688 ((https://doi.org/10.1126/science.1256688)); Põlme S, et al. 2020. Fungal Diversity 105:1-16 ((https://doi.org/10.1007/s13225-020-00466-2))","Nigrospora_philosophiae-doctoris","Fungi","Ascomycota","Sordariomycetes","Trichosphaeriales","Trichosphaeriaceae","Nigrospora","Nigrospora_philosophiae-doctoris",1,"Unique 100% match","ASV1695","Match","Match","Match","Match","Match","Match"
"987","ASV987","Fungi",NA,NA,NA,NA,NA,NA,NA,NA,"0.7555423",NA,NA,NA,NA,NA,NA,NA,NA,NA,NA,NA,NA,"Fungi",NA,NA,NA,NA,NA,NA,1,"Unique 100% match","ASV5059",NA,NA,NA,NA,NA,NA
"988","ASV988","Fungi","Ascomycota","Dothideomycetes","Mycosphaerellales","Teratosphaeriaceae",NA,NA,"Teratosphaeriaceae","sSH1084321.09FU","0.9559538","Teratosphaeriaceae","87A3FDCC-E75C-4F2E-B987-C7579847CE32","504465","9","Pathotroph-Saprotroph","Animal Pathogen-Plant Pathogen-Undefined Saprotroph","Probable","NULL","NULL","Includes numerous saprobic, extremophilic, human opportunistic, and plant pathogenic fungi (Quaedvlieg et al. 2014)","Quaedvlieg W, et al. 2014. Persoonia 3:31-40 ((https://doi.org/10.3767/003158514X681981))","Teratosphaeriaceae","Fungi","Ascomycota","Dothideomycetes","Capnodiales",NA,NA,NA,2,"Multiple 100% matches","ASV678;ASV7698",NA,NA,NA,"Mismatch","Match","Match"
"989","ASV989","Fungi","Basidiomycota","Agaricomycetes","Hymenochaetales","Hyphodontiaceae","Kneiffiella",NA,"Kneiffiella","sSH1101015.09FU","0.9999998","Kneiffiella","521B67D7-C6CE-4635-BDE1-314C8DF4C6B6","17877","13","Saprotroph","|Wood Saprotroph|","Probable","Corticioid","White Rot","As white_rot (Põlme et al. 2020); Decay wood (Põlme et al. 2020)","Põlme S, et al. 2020. Fungal Diversity 105:1-16 ((https://doi.org/10.1007/s13225-020-00466-2))","Kneiffiella","Fungi","Basidiomycota","Agaricomycetes","Hymenochaetales","Hyphodontiaceae","Kneiffiella",NA,1,"Unique 100% match","ASV4025",NA,"Match","Match","Match","Match","Match"
"990","ASV990","Fungi","Basidiomycota","Tremellomycetes","Tremellales","Cuniculitremaceae","Kockovaella",NA,"Kockovaella","sSH0997034.09FU","0.7860332","Tremellales","1CB1CE64-36B9-11D5-9548-00D0592D548C","90451","7","Pathotroph-Saprotroph-Symbiotroph","Fungal Parasite-Undefined Saprotroph","Possible","Tremelloid-Yeast","NULL","The order contains both teleomorphic and anamorphic species, most of the latter being yeasts","Sterkenburg E, et al. 2015. New Phytologist 207:1145-1158 ((https://doi.org/10.1111/nph.13426))","Kockovaella","Fungi","Basidiomycota","Tremellomycetes","Tremellales","Cuniculitremaceae","Kockovaella",NA,1,"Unique 100% match","ASV1960",NA,"Match","Match","Match","Match","Match"
"991","ASV991","Fungi","Basidiomycota","Cystobasidiomycetes","Cystobasidiales","Cystobasidiaceae","Cystobasidium","Cystobasidium_minuta","Cystobasidium_minuta","sSH1223467.09FU","0.9938856","Cystobasidium","089EE3BE-975C-47BF-8DD0-494C299F8F10","17446","13","Pathotroph","|Fungal Parasite|","Highly Probable","Dimorphic-Facultative Yeast","NULL","As mycoparasite (Põlme et al. 2020); Decay fungal material (Põlme et al. 2020); Host - Thelebolales (Põlme et al. 2020)","Kurtzman CP, et al. (eds.) 2011. The Yeasts, a Taxonomic Study. Fifth Edition. Vols 1-3. Elsevier, San Diego (ISBN: 9780444521491); Põlme S, et al. 2020. Fungal Diversity 105:1-16 ((https://doi.org/10.1007/s13225-020-00466-2))","Cystobasidium_minuta","Fungi","Basidiomycota","Cystobasidiomycetes","Cystobasidiales","Cystobasidiaceae","Cystobasidium","Cystobasidium_minuta",1,"Unique 100% match","ASV2171","Match","Match","Match","Match","Match","Match"
"992","ASV992","Fungi","Ascomycota","Saccharomycetes","Saccharomycetales","Metschnikowiaceae","Metschnikowia",NA,"Metschnikowia",NA,"0.8801677","Saccharomycetales","B73A15F4-AB90-4E11-B6D7-E0BE710B986C","816369","7","Saprotroph","Undefined Saprotroph","Possible","Yeast","NULL","NULL","Sterkenburg E, et al. 2015. New Phytologist 207:1145-1158 ((https://doi.org/10.1111/nph.13426))","Metschnikowia","Fungi","Ascomycota","Saccharomycetes","Saccharomycetales","Metschnikowiaceae","Metschnikowia",NA,3,"Multiple 100% matches","ASV5406;ASV6905;ASV7574",NA,"Match","Match","Match","Match","Match"
"993","ASV993","Fungi","Ascomycota","Dothideomycetes","Capnodiales","Neodevriesiaceae","Neodevriesia",NA,"Neodevriesia","sSH0960646.09FU","0.9412309","Neodevriesiaceae","F8168581-D82E-4A75-9190-C7925084B4CA","807766","9","Pathotroph-Saprotroph","Plant Pathogen-Undefined Saprotroph","Probable","NULL","NULL","Members are foliicolous, saprobic or plant pathogenic (Quaedvlieg et al. 2014)","Quaedvlieg W., et al. 2014. Persoonia 3:31-40 ((http://doi.org/10.3767/003158514X681981))","Neodevriesia","Fungi","Ascomycota","Dothideomycetes","Capnodiales","Neodevriesiaceae","Neodevriesia",NA,2,"Multiple 100% matches","ASV2193;ASV803",NA,"Match","Match","Match","Match","Match"
"994","ASV994","Fungi","Ascomycota","Eurotiomycetes","Eurotiales","Aspergillaceae","Penicillium","Penicillium_decumbens","Penicillium_decumbens","sSH1226460.09FU","0.8993508","Eurotiales","1CB1CE25-36B9-11D5-9548-00D0592D548C","90472","7","Saprotroph","Undefined Saprotroph","Possible","Microfungus","NULL","NULL","Sterkenburg E, et al. 2015. New Phytologist 207:1145-1158 ((https://doi.org/10.1111/nph.13426))","Penicillium_decumbens","Fungi","Ascomycota","Eurotiomycetes","Eurotiales","Aspergillaceae","Penicillium","Penicillium_decumbens",3,"Multiple 100% matches","ASV2838;ASV3110;ASV5407","Match","Match","Match","Match","Match","Match"
"1000","ASV1000","Fungi","Basidiomycota","Tremellomycetes","Tremellales","Bulleraceae","Fonsecazyma","Fonsecazyma_mujuensis","Fonsecazyma_mujuensis","sSH1020764.09FU","1.0000000","Tremellales","1CB1CE64-36B9-11D5-9548-00D0592D548C","90451","7","Pathotroph-Saprotroph-Symbiotroph","Fungal Parasite-Undefined Saprotroph","Possible","Tremelloid-Yeast","NULL","The order contains both teleomorphic and anamorphic species, most of the latter being yeasts","Sterkenburg E, et al. 2015. New Phytologist 207:1145-1158 ((https://doi.org/10.1111/nph.13426))","Fonsecazyma_mujuensis","Fungi","Basidiomycota","Tremellomycetes","Tremellales","Bulleraceae","Fonsecazyma","Fonsecazyma_mujuensis",1,"Unique 100% match","ASV2083","Match","Match","Match","Match","Match","Match"
"1008","ASV1008","Fungi","Ascomycota","Leotiomycetes","Helotiales","Vibrisseaceae","Vibrissea","Vibrissea_flavovirens","Vibrissea_flavovirens","sSH0936132.09FU","0.9615986","Vibrisseaceae","1CB1CDFF-36B9-11D5-9548-00D0592D548C","82072","9","Saprotroph-Symbiotroph","Endophyte-Undefined Saprotroph-Wood Saprotroph","Possible","Microfungus","NULL","Saprobic, usually on wood and bark immersed in fresh water. Some species may be root endophytes (Cannon & Kirk 2007)","Cannon PF, Kirk PM. 2007. Fungal Families of the World. CAB International, Cambridge (ISBN: 978-0851998275)","Vibrissea_flavovirens","Fungi","Ascomycota","Leotiomycetes","Helotiales","Vibrisseaceae","Vibrissea",NA,2,"Multiple 100% matches","ASV2617;ASV3140",NA,"Match","Match","Match","Match","Match"
"1009","ASV1009","Fungi","Basidiomycota","Agaricomycetes","Polyporales","Meripilaceae","Physisporinus","Physisporinus_vitreus","Physisporinus_vitreus","sSH1257021.09FU","0.9999915","Meripilaceae","1CB1CD64-36B9-11D5-9548-00D0592D548C","80007","9","Pathotroph-Saprotroph","Plant Pathogen-Undefined Saprotroph","Probable","Polyporoid","NULL","Saprobic or parasitic on hardwood trees, often growing from buried roots and causing white rot (Cannon & Kirk 2007)","Cannon PF, Kirk PM. 2007. Fungal Families of the World. CAB International, Cambridge (ISBN: 978-0851998275)","Physisporinus_vitreus","Fungi","Basidiomycota","Agaricomycetes","Polyporales","Meripilaceae","Physisporinus","Physisporinus_vitreus",1,"Unique 100% match","ASV3884","Match","Match","Match","Match","Match","Match"
"1013","ASV1013","Fungi","Basidiomycota","Microbotryomycetes","Sporidiobolales","Sporidiobolaceae","Rhodotorula","Rhodotorula_paludigena","Rhodotorula_paludigena",NA,"0.9999941","Sporidiobolaceae","20AD224D-9EFF-4C1C-8214-59BA76CCCDF3","82101","9","Pathotroph-Saprotroph","Animal Pathogen-Undefined Saprotroph","Probable","Microfungus","NULL","Saprobic, found in a wide range of habitats and especially in aquatic systems. Some of the red yeasts in this family are widely encountered spoilage organisms and opportunistic human pathogens (Cannon & Kirk 2007)","Cannon PF, Kirk PM. 2007. Fungal Families of the World. CAB International, Cambridge (ISBN: 978-0851998275)","Rhodotorula_paludigena","Fungi","Basidiomycota","Microbotryomycetes","Sporidiobolales","Sporidiobolaceae","Rhodotorula","Rhodotorula_paludigena",1,"Unique 100% match","ASV5378","Match","Match","Match","Match","Match","Match"
"1014","ASV1014","Fungi","Ascomycota",NA,NA,NA,NA,NA,"Ascomycota",NA,"0.9998751",NA,NA,NA,NA,NA,NA,NA,NA,NA,NA,NA,"Ascomycota","Fungi","Ascomycota",NA,NA,NA,NA,NA,1,"Unique 100% match","ASV5710",NA,NA,NA,NA,NA,"Match"
"1015","ASV1015","Fungi","Basidiomycota","Agaricomycetes","Hymenochaetales","Tubulicrinaceae","Tubulicrinis","Tubulicrinis_calothrix","Tubulicrinis_calothrix","sSH0891985.09FU","1.0000000","Tubulicrinis","1CB1A87B-36B9-11D5-9548-00D0592D548C","18693","13","Saprotroph","Undefined Saprotroph-|Wood Saprotroph|","Probable","Corticioid","White Rot","As white_rot (Põlme et al. 2020); Decay wood (Põlme et al. 2020)","Tedersoo L, et al. 2014. Science 346:e1256688 ((https://doi.org/10.1126/science.1256688)); Põlme S, et al. 2020. Fungal Diversity 105:1-16 ((https://doi.org/10.1007/s13225-020-00466-2))","Tubulicrinis_calothrix","Fungi","Basidiomycota","Agaricomycetes","Hymenochaetales","Tubulicrinaceae","Tubulicrinis","Tubulicrinis_calothrix",1,"Unique 100% match","ASV1917","Match","Match","Match","Match","Match","Match"
"1018","ASV1018","Fungi","Ascomycota","Leotiomycetes","Helotiales",NA,NA,NA,"Helotiales",NA,"1.0000000",NA,NA,NA,NA,NA,NA,NA,NA,NA,NA,NA,"Helotiales","Fungi","Ascomycota","Leotiomycetes","Helotiales","Sclerotiniaceae","Clarireedia","Clarireedia_bennettii",1,"Unique 100% match","ASV2708",NA,NA,NA,"Match","Match","Match"
"1021","ASV1021","Fungi","Ascomycota",NA,NA,NA,NA,NA,"Ascomycota",NA,"0.7621099",NA,NA,NA,NA,NA,NA,NA,NA,NA,NA,NA,"Ascomycota","Fungi","Ascomycota",NA,NA,NA,NA,NA,1,"Unique 100% match","ASV7473",NA,NA,NA,NA,NA,"Match"
"1022","ASV1022","Fungi","Ascomycota","Dothideomycetes","Pleosporales","Phaeosphaeriaceae","Wojnowiciella",NA,"Wojnowiciella","sSH1092070.09FU","0.8893523","Phaeosphaeriaceae","1CB1CD8E-36B9-11D5-9548-00D0592D548C","81637","9","Pathotroph-Saprotroph","Fungal Parasite-Plant Pathogen-Plant Saprotroph","Probable","Microfungus","NULL","Necrotrophic or saprobic on a wide range of plants, especially monocotyledons; a few species parasitic on other fungi (Cannon & Kirk 2007)","Cannon PF, Kirk PM. 2007. Fungal Families of the World. CAB International, Cambridge (ISBN: 978-0851998275)","Wojnowiciella","Fungi","Ascomycota","Dothideomycetes","Pleosporales","Phaeosphaeriaceae","Wojnowiciella",NA,2,"Multiple 100% matches","ASV1809;ASV3990",NA,"Match","Match","Match","Match","Match"
"1023","ASV1023","Fungi","Ascomycota","Leotiomycetes","Helotiales",NA,NA,NA,"Helotiales","sSH0963023.09FU","0.8687872",NA,NA,NA,NA,NA,NA,NA,NA,NA,NA,NA,"Helotiales","Fungi","Ascomycota","Leotiomycetes","Helotiales",NA,NA,NA,1,"Unique 100% match","ASV4781",NA,NA,NA,"Match","Match","Match"
"1024","ASV1024","Fungi","Ascomycota","Eurotiomycetes","Chaetothyriales","Cyphellophoraceae","Cyphellophora","Cyphellophora_livistonae","Cyphellophora_livistonae","sSH1205942.09FU","0.7712737","Cyphellophoraceae","E47C91B2-59D9-4C3C-AC54-9038AE2E4FE1","803682","9","Pathotroph-Saprotroph","Animal Pathogen-Undefined Saprotroph","Probable","Facultative Yeast-Microfungus","NULL","Consult the current literature for updated names on this group that included the Black Yeasts; Some species are likely opportunistic human pathogen (Irinyi et al. 2015)","Tedersoo L, et al. 2014. Science 346:e1256688 ((https://doi.org/10.1126/science.1256688)); Irinyi L, et al. 2015. Medical Mycology 53:313-337 ((https://doi.org/10.1093/mmy/myv008))","Cyphellophora_livistonae","Fungi","Ascomycota","Eurotiomycetes","Chaetothyriales","Cyphellophoraceae","Cyphellophora","Cyphellophora_livistonae",1,"Unique 100% match","ASV528","Match","Match","Match","Match","Match","Match"
"1026","ASV1026","Fungi","Basidiomycota","Agaricomycetes","Polyporales","Meruliaceae","Mycoacia",NA,"Mycoacia","sSH1182795.09FU","0.9999978","Meruliaceae","9E12B0B5-1D82-4978-AF3D-6EC22C257619","89005","9","Pathotroph-Saprotroph","Plant Pathogen-Undefined Saprotroph","Probable","Corticioid-Polyporoid","NULL","Saprobic or parasitic on woody plants, causing a white rot (Cannon & Kirk 2007)","Cannon PF, Kirk PM. 2007. Fungal Families of the World. CAB International, Cambridge (ISBN: 978-0851998275)","Mycoacia","Fungi","Basidiomycota","Agaricomycetes","Polyporales","Meruliaceae","Mycoacia",NA,2,"Multiple 100% matches","ASV2214;ASV7128",NA,"Match","Match","Match","Match","Match"
"1027","ASV1027","Fungi","Basidiomycota","Agaricomycetes","Polyporales","Polyporaceae","Fomes","Fomes_fasciatus","Fomes_fasciatus","sSH1312611.09FU","0.9998077","Polyporaceae","1CB19B17-36B9-11D5-9548-00D0592D548C","81203","9","Saprotroph","Wood Saprotroph","Probable","Polyporoid","Brown Rot-White Rot","Lignicolous, causing brown or white rot, mostly of broadleaved trees (Cannon & Kirk 2007)","Cannon PF, Kirk PM. 2007. Fungal Families of the World. CAB International, Cambridge (ISBN: 978-0851998275)","Fomes_fasciatus","Fungi","Basidiomycota","Agaricomycetes","Polyporales","Polyporaceae","Fomes","Fomes_fasciatus",1,"Unique 100% match","ASV2139","Match","Match","Match","Match","Match","Match"
"1037","ASV1037","Fungi","Ascomycota","Pezizomycetes","Pezizales","Sarcoscyphaceae",NA,NA,"Sarcoscyphaceae","sSH0983121.09FU","1.0000000",NA,NA,NA,NA,NA,NA,NA,NA,NA,NA,NA,"Sarcoscyphaceae","Fungi","Ascomycota","Pezizomycetes","Pezizales","Sarcoscyphaceae",NA,NA,1,"Unique 100% match","ASV373",NA,NA,"Match","Match","Match","Match"
"1038","ASV1038","Fungi","Basidiomycota","Agaricomycetes","Hymenochaetales","Rickenellaceae","Peniophorella","Peniophorella_pubera","Peniophorella_pubera","sSH1124822.09FU","0.9999999","Peniophorella","0CB5C5A6-62A5-4579-B5A2-76797F4EBA35","18202","13","Saprotroph","Undefined Saprotroph-|Wood Saprotroph|","Probable","Corticioid","White Rot","As white_rot (Põlme et al. 2020); Decay wood (Põlme et al. 2020)","Tedersoo L, et al. 2014. Science 346:e1256688 ((https://doi.org/10.1126/science.1256688)); Põlme S, et al. 2020. Fungal Diversity 105:1-16 ((https://doi.org/10.1007/s13225-020-00466-2))","Peniophorella_pubera","Fungi","Basidiomycota","Agaricomycetes","Hymenochaetales","Rickenellaceae","Peniophorella","Peniophorella_pubera",2,"Multiple 100% matches","ASV1455;ASV3711","Match","Match","Match","Match","Match","Match"
"1039","ASV1039","Fungi","Ascomycota","Sordariomycetes","Xylariales","Bartaliniaceae","Bartalinia",NA,"Bartalinia",NA,"0.8634824","Bartaliniaceae","FFAD63AC-F775-4DD6-9713-F1E7A3B980F7","551183","9","Saprotroph-Symbiotroph","Endophyte-Soil Saprotroph","Probable","Microfungus","NULL","NULL","Roux C, van Warmelo KT. 1990. Mycological Research 94:109-116 ((https://doi.org/10.1016/S0953-7562(09)81270-7)); Tedersoo L, et al. 2014. Science 346:e1256688 ((https://doi.org/10.1126/science.1256688)); Massimo NC, et al. 2015. Microbial Ecology 70:61-76 ((https://doi.org/10.1007/s00248-014-0563-6))","Bartalinia","Fungi","Ascomycota","Sordariomycetes","Xylariales","Bartaliniaceae","Bartalinia","Bartalinia_pondoensis",1,"Unique 100% match","ASV1270",NA,"Match","Match","Match","Match","Match"
"1041","ASV1041","Fungi","Basidiomycota","Agaricomycetes","Auriculariales",NA,NA,NA,"Auriculariales",NA,"1.0000000",NA,NA,NA,NA,NA,NA,NA,NA,NA,NA,NA,"Auriculariales","Fungi","Basidiomycota","Agaricomycetes","Auriculariales",NA,NA,NA,1,"Unique 100% match","ASV6299",NA,NA,NA,"Match","Match","Match"
"1043","ASV1043","Fungi","Ascomycota","Sordariomycetes","Diaporthales","Valsaceae","Cytospora","Cytospora_myrtagena","Cytospora_myrtagena","sSH1198567.09FU","0.9877236","Valsaceae","1CB1CDFB-36B9-11D5-9548-00D0592D548C","81514","9","Pathotroph-Saprotroph-Symbiotroph","Endophyte-Plant Pathogen-Undefined Saprotroph","Probable","Microfungus","NULL","Saprobes, endophytes and weak to virulent parasites of woody plants (Cannon & Kirk 2007)","Cannon PF, Kirk PM. 2007. Fungal Families of the World. CAB International, Cambridge (ISBN: 978-0851998275)","Cytospora_myrtagena","Fungi","Ascomycota","Sordariomycetes","Diaporthales","Valsaceae","Cytospora","Cytospora_tibouchinae",1,"Unique 100% match","ASV3641","Mismatch","Match","Match","Match","Match","Match"
"1044","ASV1044","Fungi","Ascomycota","Sordariomycetes","Hypocreales","Nectriaceae","Fusarium","Fusarium_oxysporum","Fusarium_oxysporum","sSH1087535.09FU","0.9622139","Nectriaceae","1CB1CD7A-36B9-11D5-9548-00D0592D548C","81059","9","Pathotroph-Saprotroph-Symbiotroph","Animal Pathogen-Endophyte-Fungal Parasite-Lichen Parasite-Plant Pathogen-Wood Saprotroph","Possible","Microfungus","NULL","Fusarium species are amongst the economically significant plant pathogens (Cannon & Kirk 2007)","Cannon PF, Kirk PM. 2007. Fungal Families of the World. CAB International, Cambridge (ISBN: 978-0851998275); Hirooka Y, et al. 2012. Studies in Mycology 711-210 ((https://doi.org/10.3114/sim0001)); Tedersoo L, et al. 2014. Science 346:e1256688 ((https://doi.org/10.1126/science.1256688)); The American Phytopathological Society Common Names of Plant Diseases ((http://www.apsnet.org/publications/commonnames/Pages/default.aspx)); https://www.cdc.gov ((https://www.cdc.gov))","Fusarium_oxysporum","Fungi","Ascomycota","Sordariomycetes","Hypocreales","Nectriaceae","Fusarium","Fusarium_nygamai",1,"Unique 100% match","ASV5155","Mismatch","Match","Match","Match","Match","Match"
"1051","ASV1051","Fungi","Ascomycota","Sordariomycetes","Hypocreales","Cylindriaceae","Cylindrium",NA,"Cylindrium",NA,"0.9150322","Hypocreales","1CB18E60-36B9-11D5-9548-00D0592D548C","90477","7","Saprotroph","Undefined Saprotroph","Possible","Microfungus","NULL","NULL","Sterkenburg E, et al. 2015. New Phytologist 207:1145-1158 ((https://doi.org/10.1111/nph.13426))","Cylindrium","Fungi","Ascomycota","Sordariomycetes","Hypocreales","Cylindriaceae","Cylindrium","Cylindrium_purgamentum",2,"Multiple 100% matches","ASV1165;ASV3223",NA,"Match","Match","Match","Match","Match"
"1054","ASV1054","Fungi","Ascomycota","Leotiomycetes","Helotiales",NA,NA,NA,"Helotiales",NA,"1.0000000",NA,NA,NA,NA,NA,NA,NA,NA,NA,NA,NA,"Helotiales","Fungi","Ascomycota","Leotiomycetes","Helotiales",NA,NA,NA,1,"Unique 100% match","ASV8218",NA,NA,NA,"Match","Match","Match"
"1055","ASV1055","Fungi","Ascomycota","Sordariomycetes","Amphisphaeriales","Pestalotiopsidaceae","Pestalotiopsis",NA,"Pestalotiopsis",NA,"0.9871065","Pestalotiopsis","1CB196D2-36B9-11D5-9548-00D0592D548C","9272","13","Pathotroph","|Plant Pathogen|","Probable","Microfungus","NULL","NULL","Tedersoo L, et al. 2014. Science 346:e1256688 ((https://doi.org/10.1126/science.1256688)); Põlme S, et al. 2020. Fungal Diversity 105:1-16 ((https://doi.org/10.1007/s13225-020-00466-2))","Pestalotiopsis","Fungi","Ascomycota","Sordariomycetes","Amphisphaeriales","Pestalotiopsidaceae","Pestalotiopsis",NA,1,"Unique 100% match","ASV775",NA,"Match","Match","Match","Match","Match"
"1056","ASV1056","Fungi",NA,NA,NA,NA,NA,NA,NA,"sSH1164887.09FU","0.9997088",NA,NA,NA,NA,NA,NA,NA,NA,NA,NA,NA,NA,"Fungi",NA,NA,NA,NA,NA,NA,1,"Unique 100% match","ASV6192",NA,NA,NA,NA,NA,NA
"1057","ASV1057","Fungi",NA,NA,NA,NA,NA,NA,NA,NA,"0.8769547",NA,NA,NA,NA,NA,NA,NA,NA,NA,NA,NA,NA,"Fungi","Basidiomycota",NA,NA,NA,NA,NA,1,"Unique 100% match","ASV4266",NA,NA,NA,NA,NA,NA
"1062","ASV1062","Fungi","Ascomycota","Dothideomycetes","Pleosporales","Cucurbitariaceae","Neocucurbitaria","Neocucurbitaria_irregularis","Neocucurbitaria_irregularis","sSH0894151.09FU","0.8759047","Cucurbitariaceae","E7FBF69C-E136-452E-91BC-894D30ABD816","816502","9","Pathotroph-Saprotroph","Plant Pathogen-Wood Saprotroph","Probable","Microfungus","NULL","Necrotrophic or saprobic on woody plants (Cannon & Kirk 2007)","Cannon PF, Kirk PM. 2007. Fungal Families of the World. CAB International, Cambridge (ISBN: 978-0851998275); Tedersoo L, et al. 2014. Science 346:e1256688 ((https://doi.org/10.1126/science.1256688))","Neocucurbitaria_irregularis","Fungi","Ascomycota","Dothideomycetes","Pleosporales","Cucurbitariaceae","Neocucurbitaria","Neocucurbitaria_irregularis",1,"Unique 100% match","ASV4805","Match","Match","Match","Match","Match","Match"
"1071","ASV1071","Fungi","Basidiomycota","Agaricomycetes","Agaricales","Entolomataceae","Entoloma",NA,"Entoloma","sSH1048528.09FU","1.0000000","Entolomataceae","1CB1895F-36B9-11D5-9548-00D0592D548C","81675","9","Pathotroph-Saprotroph-Symbiotroph","Ectomycorrhizal-Fungal Parasite-Soil Saprotroph-Undefined Saprotroph","Possible","Agaricoid","NULL","Saprobic or ectomycorrhizal, in both broadleaved and coniferous forests; a few species associated with other substrata such as dung and mosses (Cannon & Kirk 2007)","Cannon PF, Kirk PM. 2007. Fungal Families of the World. CAB International, Cambridge (ISBN: 978-0851998275); List compiled by John Plischke III ((https://goodmushroom.weebly.com/uploads/5/7/1/7/57176535/fungi_on_fungi_pdf_lq.pdf))","Entoloma","Fungi","Basidiomycota","Agaricomycetes","Agaricales","Entolomataceae","Entoloma",NA,1,"Unique 100% match","ASV2392",NA,"Match","Match","Match","Match","Match"
"1079","ASV1079","Fungi","Ascomycota","Sordariomycetes","Xylariales","Diatrypaceae","Monosporascus",NA,"Monosporascus","sSH0921519.09FU","0.7698039","Diatrypaceae","1CB1CD09-36B9-11D5-9548-00D0592D548C","80692","9","Pathotroph-Saprotroph","Plant Pathogen-Plant Saprotroph","Probable","Microfungus","NULL","Saprobes and (usually) weak parasites in wood and bark (Cannon & Kirk 2007)","Cannon PF, Kirk PM. 2007. Fungal Families of the World. CAB International, Cambridge (ISBN: 978-0851998275)","Monosporascus","Fungi","Ascomycota","Sordariomycetes","Xylariales","Xylariaceae","Anthostomella","Anthostomella_lamiacearum",1,"Unique 100% match","ASV2660",NA,"Mismatch","Mismatch","Match","Match","Match"
"1088","ASV1088","Fungi","Basidiomycota","Agaricomycetes","Polyporales","Steccherinaceae","Steccherinum",NA,"Steccherinum","sSH0882737.09FU","0.9207764","Steccherinaceae","1CB1CDD9-36B9-11D5-9548-00D0592D548C","81420","9","Saprotroph","Wood Saprotroph","Probable","Corticioid-Polyporoid","White Rot","Growing on dead wood causing white rot, sometimes replacing early colonizers (Cannon & Kirk 2007)","Cannon PF, Kirk PM. 2007. Fungal Families of the World. CAB International, Cambridge (ISBN: 978-0851998275)","Steccherinum","Fungi","Basidiomycota","Agaricomycetes","Polyporales","Steccherinaceae","Steccherinum",NA,1,"Unique 100% match","ASV5032",NA,"Match","Match","Match","Match","Match"
"1091","ASV1091","Fungi","Basidiomycota","Agaricomycetes","Agaricales","Psathyrellaceae","Coprinellus","Coprinellus_radians","Coprinellus_radians","sSH1130939.09FU","0.9037576","Psathyrellaceae","F36155B5-ADC2-4C2C-83F3-2D3778EA9B7F","82127","9","Saprotroph","Dung Saprotroph-Plant Saprotroph-Wood Saprotroph","Probable","Agaricoid","NULL","Saprobic, in grass, on dung, rotten wood and similar substrata (Cannon & Kirk 2007)","Cannon PF, Kirk PM. 2007. Fungal Families of the World. CAB International, Cambridge (ISBN: 978-0851998275)","Coprinellus_radians","Fungi","Basidiomycota","Agaricomycetes","Agaricales",NA,NA,NA,1,"Unique 100% match","ASV1659",NA,NA,NA,"Match","Match","Match"
"1096","ASV1096","Fungi","Basidiomycota","Agaricomycetes","Russulales","Peniophoraceae",NA,NA,"Peniophoraceae","sSH1304514.09FU","0.7476589","Peniophoraceae","1CB1CD8B-36B9-11D5-9548-00D0592D548C","81123","9","Pathotroph-Saprotroph","Plant Pathogen-Wood Saprotroph","Probable","Corticioid","White Rot","Most species are saprobic, causing rots of standing and fallen wood. Many species are adapted to xeric conditions, being able to grow on rapidly drying dead attached branches (Cannon & Kirk 2007)","Cannon PF, Kirk PM. 2007. Fungal Families of the World. CAB International, Cambridge (ISBN: 978-0851998275)","Peniophoraceae","Fungi","Basidiomycota","Agaricomycetes","Russulales","Peniophoraceae",NA,NA,1,"Unique 100% match","ASV2681",NA,NA,"Match","Match","Match","Match"
"1097","ASV1097","Fungi","Ascomycota","Sordariomycetes",NA,"Junewangiaceae",NA,NA,"Junewangiaceae",NA,"0.9999929",NA,NA,NA,NA,NA,NA,NA,NA,NA,NA,NA,"Junewangiaceae","Fungi","Ascomycota","Sordariomycetes",NA,NA,NA,NA,1,"Unique 100% match","ASV5268",NA,NA,NA,NA,"Match","Match"
"1099","ASV1099","Fungi","Ascomycota","Sordariomycetes","Conioscyphales","Conioscyphaceae","Conioscypha",NA,"Conioscypha",NA,"0.9999905","Conioscypha","19FE0F55-FE27-4567-BEEF-2479768DD78A","7754","13","Saprotroph","|Wood Saprotroph|","Possible","Microfungus","NULL","Decay wood (Põlme et al. 2020)","Charuwan C, et al. 2017. Mycoscience 58:424-431 ((https://doi.org/10.1016/j.myc.2017.06.003)); Põlme S, et al. 2020. Fungal Diversity 105:1-16 ((https://doi.org/10.1007/s13225-020-00466-2))","Conioscypha","Fungi","Ascomycota","Sordariomycetes","Conioscyphales","Conioscyphaceae","Conioscypha",NA,1,"Unique 100% match","ASV2981",NA,"Match","Match","Match","Match","Match"
"1100","ASV1100","Fungi","Basidiomycota","Agaricomycetes","Polyporales","Phanerochaetaceae","Terana","Terana_coerulea","Terana_coerulea",NA,"0.9132650","Terana","F4B40FCE-274E-4A3C-93B6-F89ECFF7B9DC","18635","13","Saprotroph","Undefined Saprotroph-|Wood Saprotroph|","Probable","Corticioid","White Rot","As white_rot (Põlme et al. 2020); Decay wood (Põlme et al. 2020)","Tedersoo L, et al. 2014. Science 346:e1256688 ((https://doi.org/10.1126/science.1256688)); Põlme S, et al. 2020. Fungal Diversity 105:1-16 ((https://doi.org/10.1007/s13225-020-00466-2))","Terana_coerulea","Fungi","Basidiomycota","Agaricomycetes","Polyporales","Phanerochaetaceae","Terana","Terana_coerulea",5,"Multiple 100% matches","ASV1636;ASV2916;ASV3764;ASV4682;ASV6852","Match","Match","Match","Match","Match","Match"
"1101","ASV1101","Fungi","Ascomycota","Dothideomycetes","Pleosporales","Phaeosphaeriaceae","Leptospora","Leptospora_macarangae","Leptospora_macarangae","sSH0895935.09FU","0.9453321","Phaeosphaeriaceae","1CB1CD8E-36B9-11D5-9548-00D0592D548C","81637","9","Pathotroph-Saprotroph","Fungal Parasite-Plant Pathogen-Plant Saprotroph","Probable","Microfungus","NULL","Necrotrophic or saprobic on a wide range of plants, especially monocotyledons; a few species parasitic on other fungi (Cannon & Kirk 2007)","Cannon PF, Kirk PM. 2007. Fungal Families of the World. CAB International, Cambridge (ISBN: 978-0851998275)","Leptospora_macarangae","Fungi","Ascomycota","Dothideomycetes","Pleosporales","Phaeosphaeriaceae","Leptospora","Leptospora_macarangae",1,"Unique 100% match","ASV2014","Match","Match","Match","Match","Match","Match"
"1106","ASV1106","Fungi",NA,NA,NA,NA,NA,NA,NA,NA,"0.8696620",NA,NA,NA,NA,NA,NA,NA,NA,NA,NA,NA,NA,"Fungi","Ascomycota","Dothideomycetes","Capnodiales","Cladosporiaceae","Verrucocladosporium",NA,4,"Multiple 100% matches","ASV1872;ASV3302;ASV5466;ASV8253",NA,NA,NA,NA,NA,NA
"1111","ASV1111","Fungi","Basidiomycota","Agaricomycetes","Polyporales",NA,NA,NA,"Polyporales",NA,"0.9999198",NA,NA,NA,NA,NA,NA,NA,NA,NA,NA,NA,"Polyporales","Fungi","Basidiomycota","Agaricomycetes","Polyporales","Phanerochaetaceae","Odontoefibula","Odontoefibula_orientalis",1,"Unique 100% match","ASV6371",NA,NA,NA,"Match","Match","Match"
"1114","ASV1114","Fungi","Basidiomycota","Agaricomycetes","Hymenochaetales","Rickenellaceae","Peniophorella",NA,"Peniophorella",NA,"0.9999977","Peniophorella","0CB5C5A6-62A5-4579-B5A2-76797F4EBA35","18202","13","Saprotroph","Undefined Saprotroph-|Wood Saprotroph|","Probable","Corticioid","White Rot","As white_rot (Põlme et al. 2020); Decay wood (Põlme et al. 2020)","Tedersoo L, et al. 2014. Science 346:e1256688 ((https://doi.org/10.1126/science.1256688)); Põlme S, et al. 2020. Fungal Diversity 105:1-16 ((https://doi.org/10.1007/s13225-020-00466-2))","Peniophorella","Fungi","Basidiomycota","Agaricomycetes","Hymenochaetales","Rickenellaceae","Peniophorella",NA,1,"Unique 100% match","ASV4403",NA,"Match","Match","Match","Match","Match"
"1115","ASV1115","Fungi","Basidiomycota","Agaricomycetes","Russulales","Peniophoraceae",NA,NA,"Peniophoraceae","sSH1068849.09FU","0.9999934","Peniophoraceae","1CB1CD8B-36B9-11D5-9548-00D0592D548C","81123","9","Pathotroph-Saprotroph","Plant Pathogen-Wood Saprotroph","Probable","Corticioid","White Rot","Most species are saprobic, causing rots of standing and fallen wood. Many species are adapted to xeric conditions, being able to grow on rapidly drying dead attached branches (Cannon & Kirk 2007)","Cannon PF, Kirk PM. 2007. Fungal Families of the World. CAB International, Cambridge (ISBN: 978-0851998275)","Peniophoraceae","Fungi","Basidiomycota","Agaricomycetes","Russulales","Peniophoraceae",NA,NA,1,"Unique 100% match","ASV7178",NA,NA,"Match","Match","Match","Match"
"1120","ASV1120","Fungi","Ascomycota","Sordariomycetes","Glomerellales","Glomerellaceae","Colletotrichum","Colletotrichum_gloeosporioides","Colletotrichum_gloeosporioides",NA,"0.7812690","Glomerellaceae","AB0867BB-F14D-4E04-9D64-56A135F63096","504454","9","Pathotroph-Symbiotroph","Endophyte-Plant Pathogen","Probable","Microfungus","NULL","Species are hemibiotic, with an initial endophytic (symptomless) phase that leads to a necrotic phase were significant damage may be caused to the host (Cannon & Kirk 2007)","Cannon PF, Kirk PM. 2007. Fungal Families of the World. CAB International, Cambridge (ISBN: 978-0851998275)","Colletotrichum_gloeosporioides","Fungi","Ascomycota","Sordariomycetes","Glomerellales","Glomerellaceae","Colletotrichum",NA,1,"Unique 100% match","ASV4193",NA,"Match","Match","Match","Match","Match"
"1127","ASV1127","Fungi","Ascomycota","Dothideomycetes","Pleosporales",NA,NA,NA,"Pleosporales","sSH1291799.09FU","0.9955288",NA,NA,NA,NA,NA,NA,NA,NA,NA,NA,NA,"Pleosporales","Fungi","Ascomycota","Dothideomycetes","Pleosporales",NA,NA,NA,1,"Unique 100% match","ASV8213",NA,NA,NA,"Match","Match","Match"
"1128","ASV1128","Fungi","Basidiomycota","Agaricomycetes","Trechisporales",NA,"Sertulicium","Sertulicium_vernale","Sertulicium_vernale","sSH0893872.09FU","0.8071457",NA,NA,NA,NA,NA,NA,NA,NA,NA,NA,NA,"Sertulicium_vernale","Fungi","Basidiomycota","Agaricomycetes",NA,NA,NA,NA,1,"Unique 100% match","ASV1751",NA,NA,NA,NA,"Match","Match"
"1135","ASV1135","Fungi","Basidiomycota","Agaricostilbomycetes","Agaricostilbales","Chionosphaeraceae","Kurtzmanomyces",NA,"Kurtzmanomyces","sSH1164905.09FU","0.9665156","Chionosphaeraceae","1CB1CCE4-36B9-11D5-9548-00D0592D548C","82032","9","Pathotroph-Saprotroph","Fungal Parasite-Undefined Saprotroph","Possible","Microfungus","NULL","Species appear to be mycoparasitic, associated with fungi of bark beetle galleries, wood-inhabiting Xylariaceae or lichens. Others are found erumpent from bark or decaying wood and may be sabrobic (Cannon & Kirk 2007)","Cannon PF, Kirk PM. 2007. Fungal Families of the World. CAB International, Cambridge (ISBN: 978-0851998275)","Kurtzmanomyces","Fungi","Basidiomycota","Agaricostilbomycetes","Agaricostilbales","Chionosphaeraceae","Kurtzmanomyces","Kurtzmanomyces_nectairei",1,"Unique 100% match","ASV5746",NA,"Match","Match","Match","Match","Match"
"1136","ASV1136","Fungi","Ascomycota","Eurotiomycetes","Chaetothyriales","Herpotrichiellaceae","Exophiala","Exophiala_oligosperma","Exophiala_oligosperma","sSH1098747.09FU","0.8366108","Herpotrichiellaceae","1CB1CD37-36B9-11D5-9548-00D0592D548C","80856","9","Pathotroph-Saprotroph","Animal Pathogen-Fungal Parasite-Undefined Saprotroph","Probable","Facultative Yeast-Microfungus","NULL","Mostly saprobic on plants or other fungi, isolated from soil etc., and from medical sources (Cannon & Kirk 2007)","Cannon PF, Kirk PM. 2007. Fungal Families of the World. CAB International, Cambridge (ISBN: 978-0851998275)","Exophiala_oligosperma","Fungi","Ascomycota","Eurotiomycetes","Chaetothyriales","Herpotrichiellaceae","Exophiala","Exophiala_oligosperma",1,"Unique 100% match","ASV2988","Match","Match","Match","Match","Match","Match"
"1137","ASV1137","Fungi","Basidiomycota","Microbotryomycetes",NA,"Colacogloeaceae","Colacogloea","Colacogloea_cycloclastica","Colacogloea_cycloclastica","sSH1318576.09FU","1.0000000","Colacogloea","F5CFE2B8-00C6-4B32-BCA8-33AC9F0179BD","25562","13","Pathotroph","|Fungal Parasite|","Probable","Dimorphic-Facultative Yeast","NULL","As mycoparasite (Põlme et al. 2020); Decay fungal material (Põlme et al. 2020)","Tedersoo L, et al. 2014. Science 346:e1256688 ((https://doi.org/10.1126/science.1256688)); Põlme S, et al. 2020. Fungal Diversity 105:1-16 ((https://doi.org/10.1007/s13225-020-00466-2))","Colacogloea_cycloclastica","Fungi","Basidiomycota","Microbotryomycetes",NA,NA,NA,NA,1,"Unique 100% match","ASV2378",NA,NA,NA,NA,"Match","Match"
"1138","ASV1138","Fungi","Ascomycota","Sordariomycetes",NA,NA,NA,NA,"Sordariomycetes","sSH0996097.09FU","0.9034512",NA,NA,NA,NA,NA,NA,NA,NA,NA,NA,NA,"Sordariomycetes","Fungi","Ascomycota","Sordariomycetes",NA,NA,NA,NA,1,"Unique 100% match","ASV3726",NA,NA,NA,NA,"Match","Match"
"1140","ASV1140","Fungi","Ascomycota","Eurotiomycetes","Eurotiales","Aspergillaceae","Penicillium",NA,"Penicillium",NA,"0.7363360","Eurotiales","1CB1CE25-36B9-11D5-9548-00D0592D548C","90472","7","Saprotroph","Undefined Saprotroph","Possible","Microfungus","NULL","NULL","Sterkenburg E, et al. 2015. New Phytologist 207:1145-1158 ((https://doi.org/10.1111/nph.13426))","Penicillium","Fungi","Ascomycota","Eurotiomycetes","Eurotiales","Aspergillaceae","Penicillium","Penicillium_jiangxiense",1,"Unique 100% match","ASV2314",NA,"Match","Match","Match","Match","Match"
"1144","ASV1144","Fungi","Basidiomycota","Agaricomycetes","Agaricales",NA,NA,NA,"Agaricales","sSH1095229.09FU","0.9978373","Agaricales","715D162F-5F0E-40C8-A7DC-79D488D3F937","90508","7","Pathotroph-Saprotroph-Symbiotroph","Bryophyte Parasite-Dung Saprotroph-Ectomycorrhizal-Fungal Parasite-Leaf Saprotroph-Plant Parasite-Undefined Saprotroph-Wood Saprotroph","Possible","Agaricoid-Gasteroid-Microfungus-Secotioid-Yeast","NULL","Mushrooms and toadstools, Gill fungi, Agarics... lignicolous, sometimes muscicolous or fungicolous, saprobic, mycorrhizal, rarely parasitic on plants or fungi (Kirk et al. 2008)","Kirk PM et al. 2008. Dictionary of the Fungi. Tenth Edition. CAB International, Wallingford (ISBN: 978-0851998268)","Agaricales","Fungi","Basidiomycota","Agaricomycetes","Agaricales","Marasmiaceae",NA,NA,1,"Unique 100% match","ASV8205",NA,NA,NA,"Match","Match","Match"
"1146","ASV1146","Fungi","Ascomycota","Eurotiomycetes","Eurotiales","Aspergillaceae","Aspergillus","Aspergillus_penicillioides","Aspergillus_penicillioides","sSH1228777.09FU","0.7524085","Eurotiales","1CB1CE25-36B9-11D5-9548-00D0592D548C","90472","7","Saprotroph","Undefined Saprotroph","Possible","Microfungus","NULL","NULL","Sterkenburg E, et al. 2015. New Phytologist 207:1145-1158 ((https://doi.org/10.1111/nph.13426))","Aspergillus_penicillioides","Fungi","Ascomycota","Eurotiomycetes","Eurotiales","Aspergillaceae","Aspergillus","Aspergillus_penicillioides",2,"Multiple 100% matches","ASV4209;ASV739","Match","Match","Match","Match","Match","Match"
"1149","ASV1149","Fungi","Basidiomycota","Agaricomycetes","Auriculariales","Hyaloriaceae","Myxarium","Myxarium_hyalinum","Myxarium_hyalinum","sSH0975361.09FU","0.9999713","Myxarium","1CB19502-36B9-11D5-9548-00D0592D548C","18106","13","Saprotroph","Undefined Saprotroph-|Wood Saprotroph|","Probable","Tremelloid","NULL","Decay wood (Põlme et al. 2020)","Tedersoo L, et al. 2014. Science 346:e1256688 ((https://doi.org/10.1126/science.1256688)); Põlme S, et al. 2020. Fungal Diversity 105:1-16 ((https://doi.org/10.1007/s13225-020-00466-2))","Myxarium_hyalinum","Fungi","Basidiomycota","Agaricomycetes","Auriculariales","Hyaloriaceae","Myxarium","Myxarium_hyalinum",1,"Unique 100% match","ASV5945","Match","Match","Match","Match","Match","Match"
"1156","ASV1156","Fungi","Basidiomycota","Agaricomycetes","Agaricales","Tricholomataceae","Calyptella","Calyptella_capula","Calyptella_capula","sSH1054949.09FU","0.9999031","Tricholomataceae","008764C7-3F16-4577-B343-C50EF7B78211","81487","9","Pathotroph-Symbiotroph","Ectomycorrhizal-Fungal Parasite","Probable","Agaricoid","NULL","Tricholoma species are ectomycorrhizal, occurring in coniferous and broadleaved forests (Cannon & Kirk 2007); T. sclerotoideum is parasitic on Helvella spp.","Cannon PF, Kirk PM. 2007. Fungal Families of the World. CAB International, Cambridge (ISBN: 978-0851998275)","Calyptella_capula","Fungi","Basidiomycota","Agaricomycetes","Agaricales","Tricholomataceae","Calyptella","Calyptella_capula",1,"Unique 100% match","ASV2031","Match","Match","Match","Match","Match","Match"
"1163","ASV1163","Fungi","Ascomycota","Dothideomycetes","Pleosporales","Phaeosphaeriaceae","Neosetophoma","Neosetophoma_guiyangensis","Neosetophoma_guiyangensis","sSH1092021.09FU","0.9997026","Phaeosphaeriaceae","1CB1CD8E-36B9-11D5-9548-00D0592D548C","81637","9","Pathotroph-Saprotroph","Fungal Parasite-Plant Pathogen-Plant Saprotroph","Probable","Microfungus","NULL","Necrotrophic or saprobic on a wide range of plants, especially monocotyledons; a few species parasitic on other fungi (Cannon & Kirk 2007)","Cannon PF, Kirk PM. 2007. Fungal Families of the World. CAB International, Cambridge (ISBN: 978-0851998275)","Neosetophoma_guiyangensis","Fungi","Ascomycota","Dothideomycetes","Pleosporales","Phaeosphaeriaceae","Neosetophoma","Neosetophoma_guiyangensis",1,"Unique 100% match","ASV4743","Match","Match","Match","Match","Match","Match"
"1165","ASV1165","Fungi","Ascomycota",NA,NA,NA,NA,NA,"Ascomycota","sSH1034699.09FU","0.9999998",NA,NA,NA,NA,NA,NA,NA,NA,NA,NA,NA,"Ascomycota","Fungi","Ascomycota",NA,NA,NA,NA,NA,1,"Unique 100% match","ASV4612",NA,NA,NA,NA,NA,"Match"
"1170","ASV1170","Fungi","Ascomycota","Sordariomycetes","Xylariales","Xylariaceae",NA,NA,"Xylariaceae","sSH1076152.09FU","0.9892448","Xylariaceae","1CB1ABFB-36B9-11D5-9548-00D0592D548C","81528","9","Pathotroph-Saprotroph-Symbiotroph","Dung Saprotroph-Endophyte-Plant Pathogen-Undefined Saprotroph","Probable","Xylarioid","NULL","Saprobes or weak pathogens, many endophytes, mainly in wood and bark, occasionally in soil and dung (Cannon & Kirk 2007)","Cannon PF, Kirk PM. 2007. Fungal Families of the World. CAB International, Cambridge (ISBN: 978-0851998275)","Xylariaceae","Fungi","Ascomycota","Sordariomycetes","Xylariales","Xylariaceae",NA,NA,1,"Unique 100% match","ASV3980",NA,NA,"Match","Match","Match","Match"
"1177","ASV1177","Fungi","Ascomycota","Orbiliomycetes","Orbiliales","Orbiliaceae",NA,NA,"Orbiliaceae",NA,"0.9999989","Orbiliaceae","1CB19716-36B9-11D5-9548-00D0592D548C","81091","9","Saprotroph","Wood Saprotroph","Probable","Microfungus","NULL","Saprobic, found especially on wood in both wet and dry habitats. Many species are nematophagous, forming adhesive knobs, nets or ring-like traps in the presence of a food source; perhaps a strategy for life in low-nitrogen environments. There have been reports of associations with algae for a few species, but an established lichen association appears not to exist (Cannon & Kirk 2007)","Cannon PF, Kirk PM. 2007. Fungal Families of the World. CAB International, Cambridge (ISBN: 978-0851998275)","Orbiliaceae","Fungi","Ascomycota","Orbiliomycetes","Orbiliales","Orbiliaceae",NA,NA,1,"Unique 100% match","ASV6602",NA,NA,"Match","Match","Match","Match"
"1181","ASV1181","Fungi","Basidiomycota","Agaricomycetes","Hymenochaetales","Tubulicrinaceae","Tubulicrinis","Tubulicrinis_martinicensis","Tubulicrinis_martinicensis","sSH1894209.09FU","1.0000000","Tubulicrinis","1CB1A87B-36B9-11D5-9548-00D0592D548C","18693","13","Saprotroph","Undefined Saprotroph-|Wood Saprotroph|","Probable","Corticioid","White Rot","As white_rot (Põlme et al. 2020); Decay wood (Põlme et al. 2020)","Tedersoo L, et al. 2014. Science 346:e1256688 ((https://doi.org/10.1126/science.1256688)); Põlme S, et al. 2020. Fungal Diversity 105:1-16 ((https://doi.org/10.1007/s13225-020-00466-2))","Tubulicrinis_martinicensis","Fungi","Basidiomycota","Agaricomycetes","Hymenochaetales","Tubulicrinaceae","Tubulicrinis","Tubulicrinis_martinicensis",1,"Unique 100% match","ASV3045","Match","Match","Match","Match","Match","Match"
"1185","ASV1185","Fungi","Basidiomycota","Agaricomycetes","Russulales",NA,NA,NA,"Russulales",NA,"1.0000000",NA,NA,NA,NA,NA,NA,NA,NA,NA,NA,NA,"Russulales","Fungi","Basidiomycota","Agaricomycetes","Russulales",NA,NA,NA,1,"Unique 100% match","ASV882",NA,NA,NA,"Match","Match","Match"
"1188","ASV1188","Fungi","Ascomycota","Eurotiomycetes","Chaetothyriales","Trichomeriaceae",NA,NA,"Trichomeriaceae",NA,"0.9166018","Trichomeriaceae","B366E4F5-4360-49B3-BA47-86698B5D3511","800935","9","Symbiotroph","Epiphyte","Probable","Microfungus","NULL","Foliar epiphytes with the appearance of sooty moulds, mostly occurring on the surface of living leaves and apparently gaining their nutrients from insect exudates (Chomnunti et al. 2012)","Chomnunti P, et al. 2012. Fungal Diversity 56:63-76 ((https://doi.org/10.1007/s13225-012-0197-2))","Trichomeriaceae","Fungi",NA,NA,NA,NA,NA,NA,2,"Multiple 100% matches","ASV6458;ASV785",NA,NA,NA,NA,NA,NA
"1193","ASV1193","Fungi","Basidiomycota","Agaricomycetes","Agaricales","Clavariaceae","Mucronella",NA,"Mucronella","sSH0943500.09FU","1.0000000","Clavariaceae","1CB18368-36B9-11D5-9548-00D0592D548C","80606","9","Saprotroph-Symbiotroph","Lichenized-Undefined Saprotroph","Probable","Clavarioid","NULL","Most species are presumed saprobic on the ground or rotten wood, but many Multiclavula species are lichenized with green algae (Cannon & Kirk 2007)","Cannon PF, Kirk PM. 2007. Fungal Families of the World. CAB International, Cambridge (ISBN: 978-0851998275)","Mucronella","Fungi","Basidiomycota","Agaricomycetes","Agaricales","Clavariaceae","Mucronella",NA,1,"Unique 100% match","ASV5850",NA,"Match","Match","Match","Match","Match"
"1194","ASV1194","Fungi","Basidiomycota","Agaricomycetes","Hymenochaetales",NA,NA,NA,"Hymenochaetales","sSH1143744.09FU","1.0000000",NA,NA,NA,NA,NA,NA,NA,NA,NA,NA,NA,"Hymenochaetales","Fungi","Basidiomycota","Agaricomycetes","Hymenochaetales",NA,NA,NA,1,"Unique 100% match","ASV3377",NA,NA,NA,"Match","Match","Match"
"1195","ASV1195","Fungi","Basidiomycota","Agaricomycetes","Polyporales","Steccherinaceae","Cabalodontia","Cabalodontia_subcretacea","Cabalodontia_subcretacea","sSH1002191.09FU","0.9728840","Steccherinaceae","1CB1CDD9-36B9-11D5-9548-00D0592D548C","81420","9","Saprotroph","Wood Saprotroph","Probable","Corticioid-Polyporoid","White Rot","Growing on dead wood causing white rot, sometimes replacing early colonizers (Cannon & Kirk 2007)","Cannon PF, Kirk PM. 2007. Fungal Families of the World. CAB International, Cambridge (ISBN: 978-0851998275)","Cabalodontia_subcretacea","Fungi","Basidiomycota","Agaricomycetes","Polyporales","Steccherinaceae","Cabalodontia","Cabalodontia_subcretacea",1,"Unique 100% match","ASV5440","Match","Match","Match","Match","Match","Match"
"1196","ASV1196","Fungi","Basidiomycota","Agaricomycetes","Polyporales","Polyporaceae",NA,NA,"Polyporaceae","sSH1131113.09FU","1.0000000","Polyporaceae","1CB19B17-36B9-11D5-9548-00D0592D548C","81203","9","Saprotroph","Wood Saprotroph","Probable","Polyporoid","Brown Rot-White Rot","Lignicolous, causing brown or white rot, mostly of broadleaved trees (Cannon & Kirk 2007)","Cannon PF, Kirk PM. 2007. Fungal Families of the World. CAB International, Cambridge (ISBN: 978-0851998275)","Polyporaceae","Fungi","Basidiomycota","Agaricomycetes","Polyporales","Polyporaceae",NA,NA,1,"Unique 100% match","ASV4046",NA,NA,"Match","Match","Match","Match"
"1200","ASV1200","Fungi","Basidiomycota","Tremellomycetes","Tremellales","Trimorphomycetaceae","Saitozyma","Saitozyma_flava","Saitozyma_flava","sSH0998089.09FU","0.9940362","Tremellales","1CB1CE64-36B9-11D5-9548-00D0592D548C","90451","7","Pathotroph-Saprotroph-Symbiotroph","Fungal Parasite-Undefined Saprotroph","Possible","Tremelloid-Yeast","NULL","The order contains both teleomorphic and anamorphic species, most of the latter being yeasts","Sterkenburg E, et al. 2015. New Phytologist 207:1145-1158 ((https://doi.org/10.1111/nph.13426))","Saitozyma_flava","Fungi","Basidiomycota","Tremellomycetes","Tremellales","Trimorphomycetaceae","Saitozyma","Saitozyma_flava",1,"Unique 100% match","ASV2958","Match","Match","Match","Match","Match","Match"
"1210","ASV1210","Fungi","Basidiomycota","Agaricomycetes","Polyporales","Phanerochaetaceae","Phanerochaete","Phanerochaete_burtii","Phanerochaete_burtii","sSH1216932.09FU","0.9775680","Phanerochaete","1CB1C9F2-36B9-11D5-9548-00D0592D548C","18245","13","Saprotroph","|Wood Saprotroph|","Highly Probable","Corticioid","White Rot","As white_rot (Põlme et al. 2020); Decay wood (Põlme et al. 2020)","Glenn JK, et al. 1983. Biochemical and Biophysical Research Communications 114:1077-1083 ((https://doi.org/10.1016/0006-291x((83))90672-1)); Põlme S, et al. 2020. Fungal Diversity 105:1-16 ((https://doi.org/10.1007/s13225-020-00466-2))","Phanerochaete_burtii","Fungi","Basidiomycota","Agaricomycetes","Polyporales","Phanerochaetaceae","Phanerochaete","Phanerochaete_burtii",1,"Unique 100% match","ASV2179","Match","Match","Match","Match","Match","Match"
"1213","ASV1213","Fungi","Basidiomycota","Agaricomycetes","Polyporales","Irpicaceae","Ceriporia","Ceriporia_mellita","Ceriporia_mellita","sSH0949586.09FU","0.9996719","Ceriporia","1CB1C611-36B9-11D5-9548-00D0592D548C","17267","13","Saprotroph","|Wood Saprotroph|","Highly Probable","Corticioid","White Rot","As white_rot (Põlme et al. 2020); Decay wood (Põlme et al. 2020)","Tedersoo L, et al. 2014. Science 346:e1256688 ((https://doi.org/10.1126/science.1256688)); Põlme S, et al. 2020. Fungal Diversity 105:1-16 ((https://doi.org/10.1007/s13225-020-00466-2))","Ceriporia_mellita","Fungi","Basidiomycota","Agaricomycetes","Polyporales","Irpicaceae","Ceriporia","Ceriporia_mellita",2,"Multiple 100% matches","ASV417;ASV843","Match","Match","Match","Match","Match","Match"
"1214","ASV1214","Fungi","Basidiomycota","Agaricomycetes","Atheliales","Byssocorticiaceae","Leptosporomyces",NA,"Leptosporomyces","sSH0937510.09FU","0.9999979","Leptosporomyces","1CB1C863-36B9-11D5-9548-00D0592D548C","17952","13","Saprotroph","Undefined Saprotroph-|Wood Saprotroph|","Probable","Corticioid","White Rot","As white_rot (Põlme et al. 2020); Decay wood (Põlme et al. 2020)","Tedersoo L, et al. 2014. Science 346:e1256688 ((https://doi.org/10.1126/science.1256688)); Põlme S, et al. 2020. Fungal Diversity 105:1-16 ((https://doi.org/10.1007/s13225-020-00466-2))","Leptosporomyces","Fungi","Basidiomycota","Agaricomycetes","Atheliales","Byssocorticiaceae","Leptosporomyces",NA,1,"Unique 100% match","ASV7109",NA,"Match","Match","Match","Match","Match"
"1217","ASV1217","Fungi","Basidiomycota","Agaricomycetes","Agaricales","Tricholomataceae","Trogia",NA,"Trogia","sSH1099458.09FU","0.9279737","Tricholomataceae","008764C7-3F16-4577-B343-C50EF7B78211","81487","9","Pathotroph-Symbiotroph","Ectomycorrhizal-Fungal Parasite","Probable","Agaricoid","NULL","Tricholoma species are ectomycorrhizal, occurring in coniferous and broadleaved forests (Cannon & Kirk 2007); T. sclerotoideum is parasitic on Helvella spp.","Cannon PF, Kirk PM. 2007. Fungal Families of the World. CAB International, Cambridge (ISBN: 978-0851998275)","Trogia","Fungi","Basidiomycota","Agaricomycetes","Agaricales","Tricholomataceae","Trogia",NA,1,"Unique 100% match","ASV5303",NA,"Match","Match","Match","Match","Match"
"1218","ASV1218","Fungi","Ascomycota","Saccharomycetes","Saccharomycetales",NA,NA,NA,"Saccharomycetales",NA,"0.8823458","Saccharomycetales","B73A15F4-AB90-4E11-B6D7-E0BE710B986C","816369","7","Saprotroph","Undefined Saprotroph","Possible","Yeast","NULL","NULL","Sterkenburg E, et al. 2015. New Phytologist 207:1145-1158 ((https://doi.org/10.1111/nph.13426))","Saccharomycetales","Fungi","Ascomycota","Saccharomycetes","Saccharomycetales",NA,NA,NA,1,"Unique 100% match","ASV6197",NA,NA,NA,"Match","Match","Match"
"1229","ASV1229","Fungi","Basidiomycota","Agaricomycetes","Agaricales","Pleurotaceae","Hohenbuehelia","Hohenbuehelia_portegna","Hohenbuehelia_portegna","sSH1190501.09FU","0.9999981","Pleurotaceae","1CB1CDA3-36B9-11D5-9548-00D0592D548C","81191","9","Pathotroph-Saprotroph","Endophyte-Plant Pathogen-Wood Saprotroph","Probable","Agaricoid","White Rot","Sapwood rot on Pistacia; Saprobic on woody substrata, more rarely associated with roots of herbaceous plants. Many species are known to derive nutrition from nematodes, the hyphae with adhesive knobs or toxigenic secretory appendages (Cannon & Kirk 2007)","Cannon PF, Kirk PM. 2007. Fungal Families of the World. CAB International, Cambridge (ISBN: 978-0851998275); Costa IPMW, et al. 2012. Mycotaxon 119:e26 ((http://mycotaxon.com/resources/checklists/costa_v119_checklist.pdf)); The American Phytopathological Society Common Names of Plant Diseases ((http://www.apsnet.org/publications/commonnames/Pages/default.aspx))","Hohenbuehelia_portegna","Fungi","Basidiomycota","Agaricomycetes","Agaricales","Pleurotaceae","Hohenbuehelia","Hohenbuehelia_portegna",1,"Unique 100% match","ASV3067","Match","Match","Match","Match","Match","Match"
"1234","ASV1234","Fungi","Basidiomycota","Agaricomycetes","Polyporales","Meruliaceae","Mycoacia","Mycoacia_nothofagi","Mycoacia_nothofagi","sSH1264936.09FU","0.9835685","Meruliaceae","9E12B0B5-1D82-4978-AF3D-6EC22C257619","89005","9","Pathotroph-Saprotroph","Plant Pathogen-Undefined Saprotroph","Probable","Corticioid-Polyporoid","NULL","Saprobic or parasitic on woody plants, causing a white rot (Cannon & Kirk 2007)","Cannon PF, Kirk PM. 2007. Fungal Families of the World. CAB International, Cambridge (ISBN: 978-0851998275)","Mycoacia_nothofagi","Fungi","Basidiomycota","Agaricomycetes","Polyporales","Meruliaceae","Mycoacia","Mycoacia_nothofagi",1,"Unique 100% match","ASV2728","Match","Match","Match","Match","Match","Match"
"1239","ASV1239","Fungi","Ascomycota","Dothideomycetes","Pleosporales","Coniothyriaceae","Coniothyrium",NA,"Coniothyrium","sSH0896671.09FU","0.9999540","Coniothyrium","1CB18491-36B9-11D5-9548-00D0592D548C","7765","13","Pathotroph-Saprotroph","Fungal Parasite-|Plant Pathogen|-Plant Saprotroph-Wood Saprotroph","Highly Probable","Microfungus","Soft Rot","As litter_saprotroph (Põlme et al. 2020); As mycoparasite (Põlme et al. 2020); Decay leaf, fruit, seed, wood (Põlme et al. 2020)","Duncan CG, Eslyn WE. 1966. Mycologia 58:642-664 ((https://doi.org/10.2307/3757045)); Nilsson T. 1973. Studia Forestalia Suecica 104:1-40 ((https://res.slu.se/id/publ/125502)); Seehann G, et al. 1975. List of Fungi in Soft-Rot Tissue Tests. Institute fur Holzbiologie und Holzschutz, Bundesforschungsanstalt fur Forst - und Holzwirtshaft, Hamburg - Lohbrugge, Germany ((https://www.irg-wp.com/irgdocs/details.php?d6493033-c9ea-40f3-8e3e-5697f32d640d)); Põlme S, et al. 2020. Fungal Diversity 105:1-16 ((https://doi.org/10.1007/s13225-020-00466-2)); The American Phytopathological Society Common Names of Plant Diseases ((https://www.apsnet.org/edcenter/resources/commonnames/Pages/default.aspx))","Coniothyrium","Fungi","Ascomycota","Dothideomycetes","Pleosporales","Coniothyriaceae","Coniothyrium",NA,1,"Unique 100% match","ASV8203",NA,"Match","Match","Match","Match","Match"
"1241","ASV1241","Fungi","Basidiomycota","Agaricomycetes","Cantharellales",NA,NA,NA,"Cantharellales","sSH1193668.09FU","0.9988380",NA,NA,NA,NA,NA,NA,NA,NA,NA,NA,NA,"Cantharellales","Fungi","Basidiomycota","Agaricomycetes","Cantharellales",NA,NA,NA,1,"Unique 100% match","ASV6586",NA,NA,NA,"Match","Match","Match"
"1242","ASV1242","Fungi","Ascomycota","Dothideomycetes","Pleosporales","Phaeosphaeriaceae","Parastagonospora",NA,"Parastagonospora","sSH0942262.09FU","0.9852927","Phaeosphaeriaceae","1CB1CD8E-36B9-11D5-9548-00D0592D548C","81637","9","Pathotroph-Saprotroph","Fungal Parasite-Plant Pathogen-Plant Saprotroph","Probable","Microfungus","NULL","Necrotrophic or saprobic on a wide range of plants, especially monocotyledons; a few species parasitic on other fungi (Cannon & Kirk 2007)","Cannon PF, Kirk PM. 2007. Fungal Families of the World. CAB International, Cambridge (ISBN: 978-0851998275)","Parastagonospora","Fungi","Ascomycota","Dothideomycetes","Pleosporales","Phaeosphaeriaceae",NA,NA,1,"Unique 100% match","ASV5221",NA,NA,"Match","Match","Match","Match"
"1252","ASV1252","Fungi","Basidiomycota","Tremellomycetes","Tremellales","Cuniculitremaceae","Fellomyces","Fellomyces_penicillatus","Fellomyces_penicillatus","sSH1134336.09FU","0.9999556","Tremellales","1CB1CE64-36B9-11D5-9548-00D0592D548C","90451","7","Pathotroph-Saprotroph-Symbiotroph","Fungal Parasite-Undefined Saprotroph","Possible","Tremelloid-Yeast","NULL","The order contains both teleomorphic and anamorphic species, most of the latter being yeasts","Sterkenburg E, et al. 2015. New Phytologist 207:1145-1158 ((https://doi.org/10.1111/nph.13426))","Fellomyces_penicillatus","Fungi","Basidiomycota","Tremellomycetes","Tremellales","Cuniculitremaceae","Fellomyces","Fellomyces_penicillatus",1,"Unique 100% match","ASV6530","Match","Match","Match","Match","Match","Match"
"1253","ASV1253","Fungi","Basidiomycota","Cystobasidiomycetes",NA,"Microsporomycetaceae","Microsporomyces","Microsporomyces_pini","Microsporomyces_pini","sSH1101066.09FU","0.9973336","Microsporomyces","4E91FE64-1FAF-4102-BD14-8794D59FBA2A","813135","13","Saprotroph-Symbiotroph","|Epiphyte|-Plant Saprotroph","Probable","Yeast","NULL","As litter_saprotroph (Põlme et al. 2020); Decay leaf, fruit, seed (Põlme et al. 2020)","Põlme S, et al. 2020. Fungal Diversity 105:1-16 ((https://doi.org/10.1007/s13225-020-00466-2))","Microsporomyces_pini","Fungi","Basidiomycota","Cystobasidiomycetes",NA,NA,NA,NA,1,"Unique 100% match","ASV2236",NA,NA,NA,NA,"Match","Match"
"1254","ASV1254","Fungi","Basidiomycota","Tremellomycetes","Tremellales",NA,NA,NA,"Tremellales",NA,"0.9929768","Tremellales","1CB1CE64-36B9-11D5-9548-00D0592D548C","90451","7","Pathotroph-Saprotroph-Symbiotroph","Fungal Parasite-Undefined Saprotroph","Possible","Tremelloid-Yeast","NULL","The order contains both teleomorphic and anamorphic species, most of the latter being yeasts","Sterkenburg E, et al. 2015. New Phytologist 207:1145-1158 ((https://doi.org/10.1111/nph.13426))","Tremellales","Fungi","Basidiomycota","Tremellomycetes","Tremellales",NA,NA,NA,1,"Unique 100% match","ASV5665",NA,NA,NA,"Match","Match","Match"
"1255","ASV1255","Fungi","Ascomycota","Eurotiomycetes","Chaetothyriales","Cyphellophoraceae","Cyphellophora",NA,"Cyphellophora","sSH1205928.09FU","0.8043404","Cyphellophoraceae","E47C91B2-59D9-4C3C-AC54-9038AE2E4FE1","803682","9","Pathotroph-Saprotroph","Animal Pathogen-Undefined Saprotroph","Probable","Facultative Yeast-Microfungus","NULL","Consult the current literature for updated names on this group that included the Black Yeasts; Some species are likely opportunistic human pathogen (Irinyi et al. 2015)","Tedersoo L, et al. 2014. Science 346:e1256688 ((https://doi.org/10.1126/science.1256688)); Irinyi L, et al. 2015. Medical Mycology 53:313-337 ((https://doi.org/10.1093/mmy/myv008))","Cyphellophora","Fungi","Ascomycota","Eurotiomycetes","Chaetothyriales","Cyphellophoraceae","Cyphellophora","Cyphellophora_livistonae",1,"Unique 100% match","ASV5768",NA,"Match","Match","Match","Match","Match"
"1257","ASV1257","Fungi","Basidiomycota",NA,NA,NA,NA,NA,"Basidiomycota",NA,"0.7397144",NA,NA,NA,NA,NA,NA,NA,NA,NA,NA,NA,"Basidiomycota","Fungi",NA,NA,NA,NA,NA,NA,1,"Unique 100% match","ASV2460",NA,NA,NA,NA,NA,NA
"1259","ASV1259","Fungi","Basidiomycota","Cystobasidiomycetes","Erythrobasidiales","Erythrobasidiaceae","Erythrobasidium",NA,"Erythrobasidium",NA,"1.0000000","Erythrobasidium","10CFACC8-EC30-446D-8655-EE8E62F117D9","11244","13","Pathotroph-Saprotroph","|Fungal Parasite|-Undefined Saprotroph","Possible","Yeast","NULL","As mycoparasite (Põlme et al. 2020); Decay fungal material (Põlme et al. 2020)","Sugiyama J, Hamamoto M. 1998. The Yeasts 4:654-655 ((https://doi.org/10.1016/B978-044481312-1/50086-1)); Põlme S, et al. 2020. Fungal Diversity 105:1-16 ((https://doi.org/10.1007/s13225-020-00466-2))","Erythrobasidium","Fungi","Basidiomycota","Cystobasidiomycetes","Erythrobasidiales","Erythrobasidiaceae","Erythrobasidium","Erythrobasidium_proteacearum",2,"Multiple 100% matches","ASV1625;ASV2621",NA,"Match","Match","Match","Match","Match"
"1260","ASV1260","Fungi","Ascomycota","Dothideomycetes","Pleosporales","Didymosphaeriaceae","Paraconiothyrium","Paraconiothyrium_estuarinum","Paraconiothyrium_estuarinum","sSH1068224.09FU","0.9103046","Didymosphaeriaceae","1CB1CD0B-36B9-11D5-9548-00D0592D548C","80702","9","Pathotroph-Saprotroph-Symbiotroph","Endophyte-Lichen Parasite-Plant Pathogen-Undefined Saprotroph","Probable","Microfungus","NULL","Saprobes in both woody and herbaceous material, also parasitic on other fungi (Cannon & Kirk 2007)","Cannon PF, Kirk PM. 2007. Fungal Families of the World. CAB International, Cambridge (ISBN: 978-0851998275); Massimo NC, et al. 2015. Microbial Ecology 70:61-76 ((https://doi.org/10.1007/s00248-014-0563-6))","Paraconiothyrium_estuarinum","Fungi","Ascomycota","Dothideomycetes","Pleosporales","Didymosphaeriaceae","Paraconiothyrium","Paraconiothyrium_estuarinum",1,"Unique 100% match","ASV3531","Match","Match","Match","Match","Match","Match"
"1261","ASV1261","Fungi","Ascomycota","Eurotiomycetes","Eurotiales","Aspergillaceae","Paecilomyces",NA,"Paecilomyces",NA,"0.9999859","Eurotiales","1CB1CE25-36B9-11D5-9548-00D0592D548C","90472","7","Saprotroph","Undefined Saprotroph","Possible","Microfungus","NULL","NULL","Sterkenburg E, et al. 2015. New Phytologist 207:1145-1158 ((https://doi.org/10.1111/nph.13426))","Paecilomyces","Fungi","Ascomycota","Eurotiomycetes","Eurotiales","Aspergillaceae","Paecilomyces",NA,1,"Unique 100% match","ASV2492",NA,"Match","Match","Match","Match","Match"
"1271","ASV1271","Fungi","Ascomycota","Dothideomycetes","Mycosphaerellales","Mycosphaerellaceae","Acrodontium","Acrodontium_crateriforme","Acrodontium_crateriforme","sSH1084030.09FU","0.9981693","Mycosphaerellaceae","1CB1CD75-36B9-11D5-9548-00D0592D548C","81043","9","Pathotroph-Saprotroph","Plant Pathogen-Undefined Saprotroph","Probable","Microfungus","NULL","Biotrophic, necrotrophic or saprobic on various plant tissues (Cannon & Kirk 2007)","Cannon PF, Kirk PM. 2007. Fungal Families of the World. CAB International, Cambridge (ISBN: 978-0851998275)","Acrodontium_crateriforme","Fungi","Ascomycota","Dothideomycetes","Mycosphaerellales","Mycosphaerellaceae","Acrodontium","Acrodontium_neolitseae",3,"Multiple 100% matches","ASV4730;ASV5136;ASV8252","Mismatch","Match","Match","Match","Match","Match"
"1273","ASV1273","Fungi","Ascomycota","Sordariomycetes","Hypocreales",NA,"Acremonium","Acremonium_sclerotigenum","Acremonium_sclerotigenum","sSH1291669.09FU","0.9854029","Hypocreales","1CB18E60-36B9-11D5-9548-00D0592D548C","90477","7","Saprotroph","Undefined Saprotroph","Possible","Microfungus","NULL","NULL","Sterkenburg E, et al. 2015. New Phytologist 207:1145-1158 ((https://doi.org/10.1111/nph.13426))","Acremonium_sclerotigenum","Fungi","Ascomycota","Sordariomycetes","Hypocreales",NA,"Acremonium","Acremonium_sclerotigenum",1,"Unique 100% match","ASV1353","Match","Match",NA,"Match","Match","Match"
"1278","ASV1278","Fungi",NA,NA,NA,NA,NA,NA,NA,NA,"0.9287282",NA,NA,NA,NA,NA,NA,NA,NA,NA,NA,NA,NA,"Fungi","Basidiomycota","Agaricomycetes",NA,NA,NA,NA,1,"Unique 100% match","ASV7909",NA,NA,NA,NA,NA,NA
"1289","ASV1289","Fungi","Basidiomycota","Pucciniomycetes","Septobasidiales","Septobasidiaceae","Septobasidium","Septobasidium_mariani","Septobasidium_mariani","sSH0964535.09FU","0.7342274","Septobasidium","1CB1A3A5-36B9-11D5-9548-00D0592D548C","16312","13","Pathotroph","|Animal Parasite|-Animal Pathogen-Arthropod Parasite","Probable","Dimorphic-Facultative Yeast","NULL","Decay animal material (Põlme et al. 2020); Host - scale_insects (Põlme et al. 2020)","Tedersoo L, et al. 2014. Science 346:e1256688 ((https://doi.org/10.1126/science.1256688)); Põlme S, et al. 2020. Fungal Diversity 105:1-16 ((https://doi.org/10.1007/s13225-020-00466-2))","Septobasidium_mariani","Fungi","Basidiomycota","Pucciniomycetes","Septobasidiales","Septobasidiaceae","Septobasidium",NA,1,"Unique 100% match","ASV6750",NA,"Match","Match","Match","Match","Match"
"1291","ASV1291","Fungi","Basidiomycota","Agaricomycetes","Agaricales","Physalacriaceae","Strobilurus","Strobilurus_conigenoides","Strobilurus_conigenoides","sSH1782559.09FU","0.9814452","Physalacriaceae","1CB1CD97-36B9-11D5-9548-00D0592D548C","81165","9","Pathotroph-Saprotroph","Algal Parasite--Leaf Saprotroph-Wood Saprotroph","Probable","Agaricoid-Microfungus","NULL","Presumably saprobic, found on decaying leaves and wood. One genus is a parasite of marine algae (Cannon & Kirk 2007)","Cannon PF, Kirk PM. 2007. Fungal Families of the World. CAB International, Cambridge (ISBN: 978-0851998275)","Strobilurus_conigenoides","Fungi","Basidiomycota","Agaricomycetes","Agaricales","Physalacriaceae","Strobilurus","Strobilurus_conigenoides",1,"Unique 100% match","ASV588","Match","Match","Match","Match","Match","Match"
"1306","ASV1306","Fungi","Basidiomycota","Agaricomycetes","Agaricales",NA,NA,NA,"Agaricales",NA,"0.9989223","Agaricales","715D162F-5F0E-40C8-A7DC-79D488D3F937","90508","7","Pathotroph-Saprotroph-Symbiotroph","Bryophyte Parasite-Dung Saprotroph-Ectomycorrhizal-Fungal Parasite-Leaf Saprotroph-Plant Parasite-Undefined Saprotroph-Wood Saprotroph","Possible","Agaricoid-Gasteroid-Microfungus-Secotioid-Yeast","NULL","Mushrooms and toadstools, Gill fungi, Agarics... lignicolous, sometimes muscicolous or fungicolous, saprobic, mycorrhizal, rarely parasitic on plants or fungi (Kirk et al. 2008)","Kirk PM et al. 2008. Dictionary of the Fungi. Tenth Edition. CAB International, Wallingford (ISBN: 978-0851998268)","Agaricales","Fungi","Basidiomycota","Agaricomycetes","Agaricales",NA,NA,NA,1,"Unique 100% match","ASV1930",NA,NA,NA,"Match","Match","Match"
"1310","ASV1310","Fungi","Basidiomycota","Agaricomycetes","Polyporales","Irpicaceae",NA,NA,"Irpicaceae",NA,"0.9121904",NA,NA,NA,NA,NA,NA,NA,NA,NA,NA,NA,"Irpicaceae","Fungi","Basidiomycota","Agaricomycetes","Polyporales",NA,NA,NA,1,"Unique 100% match","ASV2396",NA,NA,NA,"Match","Match","Match"
"1325","ASV1325","Fungi","Ascomycota","Lecanoromycetes","Lecanorales",NA,NA,NA,"Lecanorales",NA,"0.7997901","Lecanorales","1CB1CE34-36B9-11D5-9548-00D0592D548C","90480","7","Pathotroph-Symbiotroph","Lichen Parasite-Lichenized","Probable","Microfungus-Thallus","NULL","Lichenized with green algae, occasionally lichenicolous, on rocks, mosses and wood (Cannon & Kirk 2007); ...an order of mostly lichen-forming fungi (Kirk et al. 2008)","Cannon PF, Kirk PM. 2007. Fungal Families of the World. CAB International, Cambridge (ISBN: 978-0851998275); Kirk PM et al. 2008. Dictionary of the Fungi. Tenth Edition. CAB International, Wallingford (ISBN: 978-0851998268); Esslinger TL. 2014. North Dakota State University ((http://www.ndsu.edu/pubweb/~esslinge/chcklst/chcklst7.htm))","Lecanorales","Fungi","Ascomycota","Lecanoromycetes","Lecanorales",NA,NA,NA,1,"Unique 100% match","ASV5118",NA,NA,NA,"Match","Match","Match"
"1339","ASV1339","Fungi","Ascomycota","Dothideomycetes","Pleosporales",NA,NA,NA,"Pleosporales","sSH0958234.09FU","0.9852966",NA,NA,NA,NA,NA,NA,NA,NA,NA,NA,NA,"Pleosporales","Fungi","Ascomycota","Dothideomycetes","Pleosporales",NA,NA,NA,1,"Unique 100% match","ASV5638",NA,NA,NA,"Match","Match","Match"
"1342","ASV1342","Fungi","Ascomycota","Dothideomycetes",NA,NA,NA,NA,"Dothideomycetes",NA,"0.8392183",NA,NA,NA,NA,NA,NA,NA,NA,NA,NA,NA,"Dothideomycetes","Fungi",NA,NA,NA,NA,NA,NA,1,"Unique 100% match","ASV6177",NA,NA,NA,NA,NA,NA
"1346","ASV1346","Fungi","Basidiomycota","Agaricomycetes","Auriculariales",NA,NA,NA,"Auriculariales","sSH1090755.09FU","0.8065385",NA,NA,NA,NA,NA,NA,NA,NA,NA,NA,NA,"Auriculariales","Fungi","Basidiomycota","Agaricomycetes","Auriculariales",NA,NA,NA,1,"Unique 100% match","ASV1774",NA,NA,NA,"Match","Match","Match"
"1347","ASV1347","Fungi","Ascomycota","Dothideomycetes","Pleosporales",NA,"Pseudorobillarda",NA,"Pseudorobillarda","sSH0945276.09FU","0.9998218","Pseudorobillarda","9656EB28-92AD-4DDF-8E40-1961377B8D6F","9607","13","Pathotroph-Saprotroph","Lichen Parasite-|Wood Saprotroph|","Probable","Microfungus","NULL","Decay wood (Põlme et al. 2020)","Põlme S, et al. 2020. Fungal Diversity 105:1-16 ((https://doi.org/10.1007/s13225-020-00466-2))","Pseudorobillarda","Fungi","Ascomycota","Dothideomycetes","Pleosporales",NA,"Pseudorobillarda",NA,1,"Unique 100% match","ASV6563",NA,"Match",NA,"Match","Match","Match"
"1354","ASV1354","Fungi","Ascomycota","Sordariomycetes","Hypocreales",NA,NA,NA,"Hypocreales",NA,"0.9993170","Hypocreales","1CB18E60-36B9-11D5-9548-00D0592D548C","90477","7","Saprotroph","Undefined Saprotroph","Possible","Microfungus","NULL","NULL","Sterkenburg E, et al. 2015. New Phytologist 207:1145-1158 ((https://doi.org/10.1111/nph.13426))","Hypocreales","Fungi","Ascomycota","Sordariomycetes","Hypocreales","Sarocladiaceae","Parasarocladium",NA,1,"Unique 100% match","ASV5635",NA,NA,NA,"Match","Match","Match"
"1358","ASV1358","Fungi","Ascomycota","Dothideomycetes","Pleosporales","Phaeosphaeriaceae","Phaeosphaeria","Phaeosphaeria_halima","Phaeosphaeria_halima","sSH0970706.09FU","0.7593502","Phaeosphaeriaceae","1CB1CD8E-36B9-11D5-9548-00D0592D548C","81637","9","Pathotroph-Saprotroph","Fungal Parasite-Plant Pathogen-Plant Saprotroph","Probable","Microfungus","NULL","Necrotrophic or saprobic on a wide range of plants, especially monocotyledons; a few species parasitic on other fungi (Cannon & Kirk 2007)","Cannon PF, Kirk PM. 2007. Fungal Families of the World. CAB International, Cambridge (ISBN: 978-0851998275)","Phaeosphaeria_halima","Fungi","Ascomycota","Dothideomycetes","Pleosporales","Phaeosphaeriaceae","Phaeosphaeria","Phaeosphaeria_spartinicola",1,"Unique 100% match","ASV4967","Mismatch","Match","Match","Match","Match","Match"
"1359","ASV1359","Fungi",NA,NA,NA,NA,NA,NA,NA,NA,"0.7424459",NA,NA,NA,NA,NA,NA,NA,NA,NA,NA,NA,NA,"Fungi",NA,NA,NA,NA,NA,NA,1,"Unique 100% match","ASV8077",NA,NA,NA,NA,NA,NA
"1360","ASV1360","Fungi","Basidiomycota","Agaricomycetes","Cantharellales","Tulasnellaceae","Tulasnella","Tulasnella_pinicola","Tulasnella_pinicola","sSH0897754.09FU","0.9999996","Tulasnellaceae","1CB1CDF5-36B9-11D5-9548-00D0592D548C","81504","9","Saprotroph-Symbiotroph","Ectomycorrhizal-Undefined Saprotroph","Probable","Corticioid","NULL","Typically found on decaying wood and other rotting vegetation, presumably saprobic in nutrition. Many anamorphic taxa have mycorrhizal associations with orchids. The linkages between teleomorph and anamorph need further study; some Epulorhiza species have associations with the Sebacinaceae rather than Tulasnellaceae (Cannon & Kirk 2007)","Cannon PF, Kirk PM. 2007. Fungal Families of the World. CAB International, Cambridge (ISBN: 978-0851998275)","Tulasnella_pinicola","Fungi","Basidiomycota","Agaricomycetes","Cantharellales","Tulasnellaceae","Tulasnella","Tulasnella_pinicola",1,"Unique 100% match","ASV1946","Match","Match","Match","Match","Match","Match"
"1361","ASV1361","Fungi",NA,NA,NA,NA,NA,NA,NA,NA,"0.8291481",NA,NA,NA,NA,NA,NA,NA,NA,NA,NA,NA,NA,"Fungi","Ascomycota","Taphrinomycetes","Taphrinales","Taphrinaceae","Taphrina",NA,1,"Unique 100% match","ASV7575",NA,NA,NA,NA,NA,NA
"1362","ASV1362","Fungi","Ascomycota","Xylonomycetes","Symbiotaphrinales","Symbiotaphrinaceae","Symbiotaphrina","Symbiotaphrina_lignicola","Symbiotaphrina_lignicola","sSH1432267.09FU","0.9869715","Symbiotaphrina","0FCCFBF5-BEAB-4B7C-97BC-4785417B1738","10148","13"," Symbiotroph-Saprotroph-Symbiotroph","|Animal Symbiotroph|-Plant Saprotroph","Probable","Yeast","NULL","As animal_endosymbiont (Põlme et al. 2020); As litter_saprotroph (Põlme et al. 2020); Decay leaf, fruit, seed (Põlme et al. 2020)","Tedersoo L, et al. 2014. Science 346:e1256688 ((https://doi.org/10.1126/science.1256688)); Põlme S, et al. 2020. Fungal Diversity 105:1-16 ((https://doi.org/10.1007/s13225-020-00466-2))","Symbiotaphrina_lignicola","Fungi","Ascomycota","Xylonomycetes","Symbiotaphrinales","Symbiotaphrinaceae","Symbiotaphrina","Symbiotaphrina_lignicola",1,"Unique 100% match","ASV2944","Match","Match","Match","Match","Match","Match"
"1363","ASV1363","Fungi","Ascomycota","Leotiomycetes","Helotiales","Hyaloscyphaceae","Hyaloscypha","Hyaloscypha_aureliella","Hyaloscypha_aureliella","sSH0990396.09FU","0.9999841","Hyaloscyphaceae","1CB18D86-36B9-11D5-9548-00D0592D548C","80871","9","Saprotroph","Plant Saprotroph-Wood Saprotroph","Probable","Microfungus","NULL","Saprobic on woody and herbaceous material (Cannon & Kirk 2007)","Cannon PF, Kirk PM. 2007. Fungal Families of the World. CAB International, Cambridge (ISBN: 978-0851998275)","Hyaloscypha_aureliella","Fungi","Ascomycota","Leotiomycetes","Helotiales","Hyaloscyphaceae","Hyaloscypha","Hyaloscypha_aureliella",1,"Unique 100% match","ASV687","Match","Match","Match","Match","Match","Match"
"1364","ASV1364","Fungi","Ascomycota","Dothideomycetes","Phaeothecales","Phaeothecaceae",NA,NA,"Phaeothecaceae","sSH1083515.09FU","0.8931010",NA,NA,NA,NA,NA,NA,NA,NA,NA,NA,NA,"Phaeothecaceae","Fungi","Ascomycota","Dothideomycetes","Phaeothecales","Phaeothecaceae",NA,NA,1,"Unique 100% match","ASV7672",NA,NA,"Match","Match","Match","Match"
"1366","ASV1366","Fungi","Ascomycota","Dothideomycetes","Muyocopronales","Muyocopronaceae","Mycoleptodiscus",NA,"Mycoleptodiscus",NA,"0.9904763","Mycoleptodiscus","1CB1D3A8-36B9-11D5-9548-00D0592D548C","9029","13","Pathotroph","|Plant Pathogen|","Probable","Microfungus","NULL","NULL","Tedersoo L, et al. 2014. Science 346:e1256688 ((https://doi.org/10.1126/science.1256688)); Põlme S, et al. 2020. Fungal Diversity 105:1-16 ((https://doi.org/10.1007/s13225-020-00466-2))","Mycoleptodiscus","Fungi","Ascomycota","Dothideomycetes","Muyocopronales","Muyocopronaceae","Mycoleptodiscus",NA,1,"Unique 100% match","ASV7554",NA,"Match","Match","Match","Match","Match"
"1370","ASV1370","Fungi","Ascomycota","Dothideomycetes","Mycosphaerellales","Teratosphaeriaceae","Xenopenidiella","Xenopenidiella_tarda","Xenopenidiella_tarda","sSH1084480.09FU","0.9931390","Teratosphaeriaceae","87A3FDCC-E75C-4F2E-B987-C7579847CE32","504465","9","Pathotroph-Saprotroph","Animal Pathogen-Plant Pathogen-Undefined Saprotroph","Probable","NULL","NULL","Includes numerous saprobic, extremophilic, human opportunistic, and plant pathogenic fungi (Quaedvlieg et al. 2014)","Quaedvlieg W, et al. 2014. Persoonia 3:31-40 ((https://doi.org/10.3767/003158514X681981))","Xenopenidiella_tarda","Fungi","Ascomycota","Dothideomycetes","Mycosphaerellales","Teratosphaeriaceae","Xenopenidiella","Xenopenidiella_tarda",2,"Multiple 100% matches","ASV1641;ASV7014","Match","Match","Match","Match","Match","Match"
"1375","ASV1375","Fungi","Ascomycota","Dothideomycetes","Capnodiales",NA,NA,NA,"Capnodiales",NA,"1.0000000",NA,NA,NA,NA,NA,NA,NA,NA,NA,NA,NA,"Capnodiales","Fungi",NA,NA,NA,NA,NA,NA,10,"Multiple 100% matches","ASV8093;ASV8104;ASV8118;ASV8120;ASV8207;ASV8227;ASV8273;ASV8275;ASV8283;ASV8291",NA,NA,NA,NA,NA,NA
"1376","ASV1376","Fungi","Ascomycota","Saccharomycetes","Saccharomycetales","Phaffomycetaceae","Komagataella","Komagataella_phaffii","Komagataella_phaffii","sSH1005220.09FU","0.9996390","Saccharomycetales","B73A15F4-AB90-4E11-B6D7-E0BE710B986C","816369","7","Saprotroph","Undefined Saprotroph","Possible","Yeast","NULL","NULL","Sterkenburg E, et al. 2015. New Phytologist 207:1145-1158 ((https://doi.org/10.1111/nph.13426))","Komagataella_phaffii","Fungi","Ascomycota","Saccharomycetes","Saccharomycetales","Phaffomycetaceae","Komagataella",NA,5,"Multiple 100% matches","ASV1492;ASV5691;ASV6162;ASV672;ASV891",NA,"Match","Match","Match","Match","Match"
"1377","ASV1377","Fungi","Ascomycota","Dothideomycetes","Capnodiales","Cladosporiaceae","Cladosporium",NA,"Cladosporium",NA,"0.7242210","Cladosporiaceae","6EDCD6E4-DE4D-443D-AF6B-A572F626BD45","816548","9","Pathotroph-Saprotroph-Symbiotroph","Animal Pathogen-Endophyte-Lichen Parasite-Plant Pathogen-Wood Saprotroph","Possible","Microfungus","NULL","NULL","Seehann G, et al. 1975. List of Fungi in Soft-Rot Tissue Tests. Institute fur Holzbiologie und Holzschutz, Bundesforschungsanstalt fur Forst - und Holzwirtshaft, Hamburg - Lohbrugge, Germany; Lawrey JD, Diederich P. 2016. http://www.lichenicolous.net (accessed 24 May 2017) ((http://www.lichenicolous.net)); The American Phytopathological Society Common Names of Plant Diseases ((http://www.apsnet.org/publications/commonnames/Pages/default.aspx))","Cladosporium","Fungi","Ascomycota",NA,NA,NA,NA,NA,10,"Multiple 100% matches","ASV7929;ASV7978;ASV7980;ASV8085;ASV8086;ASV8089;ASV8102;ASV8161;ASV8189;ASV8235",NA,NA,NA,NA,NA,"Match"
"1378","ASV1378","Fungi","Ascomycota","Eurotiomycetes","Eurotiales","Aspergillaceae","Aspergillus",NA,"Aspergillus",NA,"0.9877180","Eurotiales","1CB1CE25-36B9-11D5-9548-00D0592D548C","90472","7","Saprotroph","Undefined Saprotroph","Possible","Microfungus","NULL","NULL","Sterkenburg E, et al. 2015. New Phytologist 207:1145-1158 ((https://doi.org/10.1111/nph.13426))","Aspergillus","Fungi","Ascomycota","Eurotiomycetes","Eurotiales","Aspergillaceae",NA,NA,8,"Multiple 100% matches","ASV7932;ASV7941;ASV7942;ASV8037;ASV8042;ASV8044;ASV8045;ASV8165",NA,NA,"Match","Match","Match","Match"
"1379","ASV1379","Fungi","Ascomycota","Sordariomycetes","Hypocreales",NA,NA,NA,"Hypocreales","sSH1032742.09FU","0.9997461","Hypocreales","1CB18E60-36B9-11D5-9548-00D0592D548C","90477","7","Saprotroph","Undefined Saprotroph","Possible","Microfungus","NULL","NULL","Sterkenburg E, et al. 2015. New Phytologist 207:1145-1158 ((https://doi.org/10.1111/nph.13426))","Hypocreales","Fungi","Ascomycota",NA,NA,NA,NA,NA,9,"Multiple 100% matches","ASV5673;ASV5750;ASV5953;ASV6612;ASV6655;ASV7318;ASV8038;ASV8043;ASV8046",NA,NA,NA,NA,NA,"Match"
"1380","ASV1380","Fungi","Ascomycota","Dothideomycetes","Capnodiales","Cladosporiaceae","Toxicocladosporium",NA,"Toxicocladosporium",NA,"0.9999716","Cladosporiaceae","6EDCD6E4-DE4D-443D-AF6B-A572F626BD45","816548","9","Pathotroph-Saprotroph-Symbiotroph","Animal Pathogen-Endophyte-Lichen Parasite-Plant Pathogen-Wood Saprotroph","Possible","Microfungus","NULL","NULL","Seehann G, et al. 1975. List of Fungi in Soft-Rot Tissue Tests. Institute fur Holzbiologie und Holzschutz, Bundesforschungsanstalt fur Forst - und Holzwirtshaft, Hamburg - Lohbrugge, Germany; Lawrey JD, Diederich P. 2016. http://www.lichenicolous.net (accessed 24 May 2017) ((http://www.lichenicolous.net)); The American Phytopathological Society Common Names of Plant Diseases ((http://www.apsnet.org/publications/commonnames/Pages/default.aspx))","Toxicocladosporium","Fungi","Ascomycota",NA,NA,NA,NA,NA,9,"Multiple 100% matches","ASV6625;ASV6626;ASV7262;ASV7298;ASV7329;ASV7340;ASV7414;ASV7576;ASV8072",NA,NA,NA,NA,NA,"Match"
"1381","ASV1381","Fungi","Ascomycota","Eurotiomycetes","Eurotiales","Aspergillaceae","Penicillium",NA,"Penicillium",NA,"0.8236587","Eurotiales","1CB1CE25-36B9-11D5-9548-00D0592D548C","90472","7","Saprotroph","Undefined Saprotroph","Possible","Microfungus","NULL","NULL","Sterkenburg E, et al. 2015. New Phytologist 207:1145-1158 ((https://doi.org/10.1111/nph.13426))","Penicillium","Fungi","Ascomycota",NA,NA,NA,NA,NA,10,"Multiple 100% matches","ASV7548;ASV7647;ASV7762;ASV7806;ASV7900;ASV8024;ASV8069;ASV8094;ASV8194;ASV8239",NA,NA,NA,NA,NA,"Match"
"1382","ASV1382","Fungi","Ascomycota","Saccharomycetes","Saccharomycetales","Phaffomycetaceae","Komagataella","Komagataella_kurtzmanii","Komagataella_kurtzmanii","sSH1569009.09FU","0.9115732","Saccharomycetales","B73A15F4-AB90-4E11-B6D7-E0BE710B986C","816369","7","Saprotroph","Undefined Saprotroph","Possible","Yeast","NULL","NULL","Sterkenburg E, et al. 2015. New Phytologist 207:1145-1158 ((https://doi.org/10.1111/nph.13426))","Komagataella_kurtzmanii","Fungi","Ascomycota","Saccharomycetes","Saccharomycetales","Phaffomycetaceae","Komagataella","Komagataella_ulmi",2,"Multiple 100% matches","ASV1411;ASV6353","Mismatch","Match","Match","Match","Match","Match"
"1383","ASV1383","Fungi","Basidiomycota","Exobasidiomycetes","Exobasidiales","Exobasidiaceae","Arcticomyces","Arcticomyces_warmingii","Arcticomyces_warmingii","sSH1067794.09FU","1.0000000","Arcticomyces","1CB1C4A3-36B9-11D5-9548-00D0592D548C","17095","13","Pathotroph","|Plant Pathogen|","Probable","Microfungus","NULL","NULL","Tedersoo L, et al. 2014. Science 346:e1256688 ((https://doi.org/10.1126/science.1256688)); Põlme S, et al. 2020. Fungal Diversity 105:1-16 ((https://doi.org/10.1007/s13225-020-00466-2))","Arcticomyces_warmingii","Fungi","Basidiomycota","Exobasidiomycetes","Exobasidiales","Exobasidiaceae","Arcticomyces","Arcticomyces_warmingii",1,"Unique 100% match","ASV285","Match","Match","Match","Match","Match","Match"
"1384","ASV1384","Fungi",NA,NA,NA,NA,NA,NA,NA,"sSH1020015.09FU","0.9545857",NA,NA,NA,NA,NA,NA,NA,NA,NA,NA,NA,NA,"Fungi","Ascomycota","Dothideomycetes","Dothideales","Saccotheciaceae","Aureobasidium","Aureobasidium_pullulans",1,"Unique 100% match","ASV1090",NA,NA,NA,NA,NA,NA
"1385","ASV1385","Fungi","Ascomycota","Eurotiomycetes","Eurotiales","Aspergillaceae",NA,NA,"Aspergillaceae",NA,"0.9996649","Eurotiales","1CB1CE25-36B9-11D5-9548-00D0592D548C","90472","7","Saprotroph","Undefined Saprotroph","Possible","Microfungus","NULL","NULL","Sterkenburg E, et al. 2015. New Phytologist 207:1145-1158 ((https://doi.org/10.1111/nph.13426))","Aspergillaceae","Fungi","Ascomycota",NA,NA,NA,NA,NA,5,"Multiple 100% matches","ASV119;ASV6159;ASV6816;ASV7212;ASV7888",NA,NA,NA,NA,NA,"Match"
"1389","ASV1389","Fungi","Mortierellomycota","Mortierellomycetes","Mortierellales","Mortierellaceae","Mortierella","Mortierella_capitata","Mortierella_capitata","sSH1213077.09FU","0.9999998","Mortierellaceae","3BD31551-4295-4664-858B-8E44073A293E","816415","9","Saprotroph-Symbiotroph","Endophyte-Litter Saprotroph-Soil Saprotroph-Undefined Saprotroph","Possible","Microfungus","NULL","Saprobic in soil and thus frequenctly isolated from soil and material contaminated with soil such as hay or rotten silage and spoil tips (Cannon & Kirk 2007)","Cannon PF, Kirk PM. 2007. Fungal Families of the World. CAB International, Cambridge (ISBN: 978-0851998275); Purahong W, et al. 2016. Molecular Ecology 25:4059-4074 ((https://doi.org/10.1111/mec.13739))","Mortierella_capitata","Fungi","Mortierellomycota","Mortierellomycetes","Mortierellales","Mortierellaceae","Mortierella","Mortierella_capitata",1,"Unique 100% match","ASV346","Match","Match","Match","Match","Match","Match"
"1390","ASV1390","Fungi","Basidiomycota","Agaricomycetes","Polyporales","Irpicaceae","Trametopsis","Trametopsis_aborigena","Trametopsis_aborigena","sSH1215062.09FU","0.8664537","Trametopsis","2343CAB0-499A-4905-B0A2-6D09E1368E34","511347","13","Saprotroph","Undefined Saprotroph-|Wood Saprotroph|","Probable","Polyporoid","White Rot","As white_rot (Põlme et al. 2020); Decay wood (Põlme et al. 2020)","Tedersoo L, et al. 2014. Science 346:e1256688 ((https://doi.org/10.1126/science.1256688)); Põlme S, et al. 2020. Fungal Diversity 105:1-16 ((https://doi.org/10.1007/s13225-020-00466-2))","Trametopsis_aborigena","Fungi","Basidiomycota","Agaricomycetes","Polyporales","Irpicaceae","Trametopsis","Trametopsis_aborigena",3,"Multiple 100% matches","ASV222;ASV757;ASV7779","Match","Match","Match","Match","Match","Match"
"1391","ASV1391","Fungi","Ascomycota","Eurotiomycetes","Eurotiales","Aspergillaceae",NA,NA,"Aspergillaceae",NA,"0.9996971","Eurotiales","1CB1CE25-36B9-11D5-9548-00D0592D548C","90472","7","Saprotroph","Undefined Saprotroph","Possible","Microfungus","NULL","NULL","Sterkenburg E, et al. 2015. New Phytologist 207:1145-1158 ((https://doi.org/10.1111/nph.13426))","Aspergillaceae","Fungi","Ascomycota","Eurotiomycetes","Eurotiales","Aspergillaceae","Penicillium",NA,4,"Multiple 100% matches","ASV127;ASV3040;ASV5949;ASV6273",NA,NA,"Match","Match","Match","Match"
"1392","ASV1392","Fungi","Basidiomycota","Agaricomycetes","Polyporales","Meruliaceae","Phlebia","Phlebia_tremellosa","Phlebia_tremellosa","sSH0880595.09FU","1.0000000","Meruliaceae","9E12B0B5-1D82-4978-AF3D-6EC22C257619","89005","9","Pathotroph-Saprotroph","Plant Pathogen-Undefined Saprotroph","Probable","Corticioid-Polyporoid","NULL","Saprobic or parasitic on woody plants, causing a white rot (Cannon & Kirk 2007)","Cannon PF, Kirk PM. 2007. Fungal Families of the World. CAB International, Cambridge (ISBN: 978-0851998275)","Phlebia_tremellosa","Fungi","Basidiomycota","Agaricomycetes","Polyporales","Meruliaceae","Phlebia","Phlebia_tremellosa",4,"Multiple 100% matches","ASV1118;ASV2109;ASV3418;ASV3498","Match","Match","Match","Match","Match","Match"
"1393","ASV1393","Fungi","Ascomycota","Sordariomycetes","Hypocreales","Cordycipitaceae","Samsoniella",NA,"Samsoniella",NA,"0.9980241","Hypocreales","1CB18E60-36B9-11D5-9548-00D0592D548C","90477","7","Saprotroph","Undefined Saprotroph","Possible","Microfungus","NULL","NULL","Sterkenburg E, et al. 2015. New Phytologist 207:1145-1158 ((https://doi.org/10.1111/nph.13426))","Samsoniella","Fungi","Ascomycota","Sordariomycetes","Hypocreales","Cordycipitaceae","Samsoniella","Samsoniella_hepiali",1,"Unique 100% match","ASV3401",NA,"Match","Match","Match","Match","Match"
"1394","ASV1394","Fungi","Basidiomycota","Agaricomycetes","Cantharellales",NA,NA,NA,"Cantharellales","sSH1060721.09FU","0.9999970",NA,NA,NA,NA,NA,NA,NA,NA,NA,NA,NA,"Cantharellales","Fungi","Basidiomycota","Agaricomycetes","Cantharellales",NA,NA,NA,3,"Multiple 100% matches","ASV2855;ASV322;ASV6392",NA,NA,NA,"Match","Match","Match"
"1395","ASV1395","Fungi","Ascomycota","Dothideomycetes",NA,NA,NA,NA,"Dothideomycetes","sSH1084323.09FU","0.9997515",NA,NA,NA,NA,NA,NA,NA,NA,NA,NA,NA,"Dothideomycetes","Fungi","Ascomycota","Dothideomycetes",NA,NA,NA,NA,2,"Multiple 100% matches","ASV1698;ASV6315",NA,NA,NA,NA,"Match","Match"
"1396","ASV1396","Fungi","Ascomycota","Sordariomycetes","Hypocreales","Niessliaceae","Niesslia","Niesslia_tenuis","Niesslia_tenuis","sSH1078503.09FU","0.9949025","Hypocreales","1CB18E60-36B9-11D5-9548-00D0592D548C","90477","7","Saprotroph","Undefined Saprotroph","Possible","Microfungus","NULL","NULL","Sterkenburg E, et al. 2015. New Phytologist 207:1145-1158 ((https://doi.org/10.1111/nph.13426))","Niesslia_tenuis","Fungi","Ascomycota","Sordariomycetes","Hypocreales","Niessliaceae","Niesslia","Niesslia_tenuis",2,"Multiple 100% matches","ASV1357;ASV436","Match","Match","Match","Match","Match","Match"
"1397","ASV1397","Fungi","Basidiomycota","Agaricomycetes","Russulales","Bondarzewiaceae","Heterobasidion","Heterobasidion_irregulare","Heterobasidion_irregulare","sSH1236129.09FU","0.9477139","Bondarzewiaceae","1CB1CCCF-36B9-11D5-9548-00D0592D548C","80527","9","Pathotroph-Saprotroph","Plant Pathogen-Wood Saprotroph","Probable","Polyporoid","White Rot","Parasitic or saprobic on wood of gymnosperms and angiosperms, causing white rot (Cannon & Kirk 2007)","Cannon PF, Kirk PM. 2007. Fungal Families of the World. CAB International, Cambridge (ISBN: 978-0851998275)","Heterobasidion_irregulare","Fungi","Basidiomycota","Agaricomycetes",NA,NA,NA,NA,2,"Multiple 100% matches","ASV126;ASV3800",NA,NA,NA,NA,"Match","Match"
"1398","ASV1398","Fungi","Ascomycota","Eurotiomycetes","Eurotiales","Aspergillaceae",NA,NA,"Aspergillaceae",NA,"0.9998429","Eurotiales","1CB1CE25-36B9-11D5-9548-00D0592D548C","90472","7","Saprotroph","Undefined Saprotroph","Possible","Microfungus","NULL","NULL","Sterkenburg E, et al. 2015. New Phytologist 207:1145-1158 ((https://doi.org/10.1111/nph.13426))","Aspergillaceae","Fungi","Ascomycota","Eurotiomycetes","Eurotiales","Aspergillaceae",NA,NA,6,"Multiple 100% matches","ASV104;ASV3396;ASV5126;ASV63;ASV6513;ASV6784",NA,NA,"Match","Match","Match","Match"
"1399","ASV1399","Fungi","Basidiomycota","Agaricomycetes","Agaricales","Tricholomataceae",NA,NA,"Tricholomataceae","sSH1201847.09FU","0.9996421","Tricholomataceae","008764C7-3F16-4577-B343-C50EF7B78211","81487","9","Pathotroph-Symbiotroph","Ectomycorrhizal-Fungal Parasite","Probable","Agaricoid","NULL","Tricholoma species are ectomycorrhizal, occurring in coniferous and broadleaved forests (Cannon & Kirk 2007); T. sclerotoideum is parasitic on Helvella spp.","Cannon PF, Kirk PM. 2007. Fungal Families of the World. CAB International, Cambridge (ISBN: 978-0851998275)","Tricholomataceae","Fungi","Basidiomycota","Agaricomycetes","Agaricales","Tricholomataceae",NA,NA,1,"Unique 100% match","ASV430",NA,NA,"Match","Match","Match","Match"
"1400","ASV1400","Fungi","Ascomycota","Sordariomycetes","Hypocreales","Hypocreaceae","Trichoderma",NA,"Trichoderma",NA,"0.8716929","Hypocreales","1CB18E60-36B9-11D5-9548-00D0592D548C","90477","7","Saprotroph","Undefined Saprotroph","Possible","Microfungus","NULL","NULL","Sterkenburg E, et al. 2015. New Phytologist 207:1145-1158 ((https://doi.org/10.1111/nph.13426))","Trichoderma","Fungi","Ascomycota","Sordariomycetes","Hypocreales","Hypocreaceae","Trichoderma",NA,1,"Unique 100% match","ASV280",NA,"Match","Match","Match","Match","Match"
"1401","ASV1401","Fungi","Basidiomycota","Agaricomycetes","Russulales","Lachnocladiaceae","Dichostereum","Dichostereum_effuscatum","Dichostereum_effuscatum","sSH0898876.09FU","1.0000000","Lachnocladiaceae","1CB1CD49-36B9-11D5-9548-00D0592D548C","80924","9","Saprotroph","Wood Saprotroph","Probable","Coraloid-Corticioid","NULL","On decaying coniferous or broadleaved wood, sometimes on herbaceous stems, presumably saprobic (Cannon & Kirk 2007)","Cannon PF, Kirk PM. 2007. Fungal Families of the World. CAB International, Cambridge (ISBN: 978-0851998275)","Dichostereum_effuscatum","Fungi","Basidiomycota","Agaricomycetes","Russulales","Lachnocladiaceae","Dichostereum","Dichostereum_effuscatum",1,"Unique 100% match","ASV2487","Match","Match","Match","Match","Match","Match"
"1402","ASV1402","Fungi","Ascomycota","Dothideomycetes","Mycosphaerellales","Mycosphaerellaceae","Ramularia",NA,"Ramularia",NA,"0.9102180","Mycosphaerellaceae","1CB1CD75-36B9-11D5-9548-00D0592D548C","81043","9","Pathotroph-Saprotroph","Plant Pathogen-Undefined Saprotroph","Probable","Microfungus","NULL","Biotrophic, necrotrophic or saprobic on various plant tissues (Cannon & Kirk 2007)","Cannon PF, Kirk PM. 2007. Fungal Families of the World. CAB International, Cambridge (ISBN: 978-0851998275)","Ramularia","Fungi","Ascomycota","Dothideomycetes","Mycosphaerellales","Mycosphaerellaceae","Ramularia",NA,3,"Multiple 100% matches","ASV2310;ASV7376;ASV75",NA,"Match","Match","Match","Match","Match"
"1403","ASV1403","Fungi","Ascomycota","Eurotiomycetes","Eurotiales","Aspergillaceae","Aspergillus","Aspergillus_canadensis","Aspergillus_canadensis","sSH1225144.09FU","0.9994004","Eurotiales","1CB1CE25-36B9-11D5-9548-00D0592D548C","90472","7","Saprotroph","Undefined Saprotroph","Possible","Microfungus","NULL","NULL","Sterkenburg E, et al. 2015. New Phytologist 207:1145-1158 ((https://doi.org/10.1111/nph.13426))","Aspergillus_canadensis","Fungi","Ascomycota","Eurotiomycetes","Eurotiales","Aspergillaceae","Aspergillus","Aspergillus_canadensis",3,"Multiple 100% matches","ASV114;ASV6819;ASV7624","Match","Match","Match","Match","Match","Match"
"1404","ASV1404","Fungi","Ascomycota","Dothideomycetes","Capnodiales","Cladosporiaceae","Cladosporium","Cladosporium_dominicanum","Cladosporium_dominicanum","sSH4359931.09FU","0.9700697","Cladosporiaceae","6EDCD6E4-DE4D-443D-AF6B-A572F626BD45","816548","9","Pathotroph-Saprotroph-Symbiotroph","Animal Pathogen-Endophyte-Lichen Parasite-Plant Pathogen-Wood Saprotroph","Possible","Microfungus","NULL","NULL","Seehann G, et al. 1975. List of Fungi in Soft-Rot Tissue Tests. Institute fur Holzbiologie und Holzschutz, Bundesforschungsanstalt fur Forst - und Holzwirtshaft, Hamburg - Lohbrugge, Germany; Lawrey JD, Diederich P. 2016. http://www.lichenicolous.net (accessed 24 May 2017) ((http://www.lichenicolous.net)); The American Phytopathological Society Common Names of Plant Diseases ((http://www.apsnet.org/publications/commonnames/Pages/default.aspx))","Cladosporium_dominicanum","Fungi","Ascomycota","Dothideomycetes","Capnodiales","Cladosporiaceae","Cladosporium",NA,5,"Multiple 100% matches","ASV1119;ASV174;ASV2111;ASV6884;ASV92",NA,"Match","Match","Match","Match","Match"
"1407","ASV1407","Fungi","Basidiomycota","Agaricomycetes","Polyporales","Meruliaceae","Phlebia","Phlebia_tremellosa","Phlebia_tremellosa","sSH0880595.09FU","1.0000000","Meruliaceae","9E12B0B5-1D82-4978-AF3D-6EC22C257619","89005","9","Pathotroph-Saprotroph","Plant Pathogen-Undefined Saprotroph","Probable","Corticioid-Polyporoid","NULL","Saprobic or parasitic on woody plants, causing a white rot (Cannon & Kirk 2007)","Cannon PF, Kirk PM. 2007. Fungal Families of the World. CAB International, Cambridge (ISBN: 978-0851998275)","Phlebia_tremellosa","Fungi","Basidiomycota","Agaricomycetes","Polyporales","Meruliaceae","Phlebia","Phlebia_tremellosa",6,"Multiple 100% matches","ASV1000;ASV2675;ASV5859;ASV5860;ASV828;ASV929","Match","Match","Match","Match","Match","Match"
"1408","ASV1408","Fungi","Ascomycota","Dothideomycetes","Capnodiales","Neodevriesiaceae","Neodevriesia",NA,"Neodevriesia",NA,"0.9011297","Neodevriesiaceae","F8168581-D82E-4A75-9190-C7925084B4CA","807766","9","Pathotroph-Saprotroph","Plant Pathogen-Undefined Saprotroph","Probable","NULL","NULL","Members are foliicolous, saprobic or plant pathogenic (Quaedvlieg et al. 2014)","Quaedvlieg W., et al. 2014. Persoonia 3:31-40 ((http://doi.org/10.3767/003158514X681981))","Neodevriesia","Fungi","Ascomycota","Dothideomycetes","Capnodiales",NA,NA,NA,4,"Multiple 100% matches","ASV4398;ASV5162;ASV5474;ASV6348",NA,NA,NA,"Match","Match","Match"
"1410","ASV1410","Fungi","Basidiomycota","Agaricomycetes","Hymenochaetales","Rickenellaceae","Sidera","Sidera_vulgaris","Sidera_vulgaris","sSH1164191.09FU","1.0000000","Sidera","97B47272-365F-4F6A-8BF6-A4ACD4016A3C","516944","13","Saprotroph","Undefined Saprotroph-|Wood Saprotroph|","Probable","Corticioid","White Rot","As white_rot (Põlme et al. 2020); Decay wood (Põlme et al. 2020)","Tedersoo L, et al. 2014. Science 346:e1256688 ((https://doi.org/10.1126/science.1256688)); Põlme S, et al. 2020. Fungal Diversity 105:1-16 ((https://doi.org/10.1007/s13225-020-00466-2))","Sidera_vulgaris","Fungi","Basidiomycota","Agaricomycetes","Hymenochaetales","Rickenellaceae","Sidera","Sidera_vulgaris",4,"Multiple 100% matches","ASV4246;ASV437;ASV4943;ASV5094","Match","Match","Match","Match","Match","Match"
"1411","ASV1411","Fungi","Basidiomycota","Wallemiomycetes","Wallemiales","Wallemiaceae","Wallemia","Wallemia_tropicalis","Wallemia_tropicalis","sSH0958499.09FU","0.9924455","Wallemia","1AFF3730-16EA-11D6-BEBB-00508BCA8DE8","10428","13","Saprotroph","|Undefined Saprotroph|","Probable","Microfungus","NULL","Decay sugar-rich substrates (Põlme et al. 2020)","Tedersoo L, et al. 2014. Science 346:e1256688 ((https://doi.org/10.1126/science.1256688)); Põlme S, et al. 2020. Fungal Diversity 105:1-16 ((https://doi.org/10.1007/s13225-020-00466-2))","Wallemia_tropicalis","Fungi","Basidiomycota","Wallemiomycetes","Wallemiales","Wallemiaceae","Wallemia","Wallemia_tropicalis",1,"Unique 100% match","ASV2603","Match","Match","Match","Match","Match","Match"
"1412","ASV1412","Fungi","Basidiomycota","Agaricomycetes","Polyporales","Phanerochaetaceae","Bjerkandera","Bjerkandera_adusta","Bjerkandera_adusta","sSH1177901.09FU","0.9350212","Bjerkandera","1CB1C50E-36B9-11D5-9548-00D0592D548C","17160","13","Pathotroph-Saprotroph-Symbiotroph","Endophyte-Plant Pathogen-|Wood Saprotroph|","Highly Probable","Polyporoid","White Rot","As root_endophyte_dark_septate (Põlme et al. 2020); As white_rot (Põlme et al. 2020); As wood_pathogen (Põlme et al. 2020); Decay wood (Põlme et al. 2020)","Gilbertson RL, Ryvarden L. 1987-1987. North American Polypores. Fungiflora, Oslo (ISBN: 978-0945345060); Põlme S, et al. 2020. Fungal Diversity 105:1-16 ((https://doi.org/10.1007/s13225-020-00466-2))","Bjerkandera_adusta","Fungi","Basidiomycota","Agaricomycetes","Polyporales","Phanerochaetaceae","Bjerkandera","Bjerkandera_minispora",1,"Unique 100% match","ASV3467","Mismatch","Match","Match","Match","Match","Match"
"1414","ASV1414","Fungi","Basidiomycota","Agaricomycetes","Polyporales","Phanerochaetaceae","Bjerkandera","Bjerkandera_adusta","Bjerkandera_adusta","sSH1177901.09FU","0.9975670","Bjerkandera","1CB1C50E-36B9-11D5-9548-00D0592D548C","17160","13","Pathotroph-Saprotroph-Symbiotroph","Endophyte-Plant Pathogen-|Wood Saprotroph|","Highly Probable","Polyporoid","White Rot","As root_endophyte_dark_septate (Põlme et al. 2020); As white_rot (Põlme et al. 2020); As wood_pathogen (Põlme et al. 2020); Decay wood (Põlme et al. 2020)","Gilbertson RL, Ryvarden L. 1987-1987. North American Polypores. Fungiflora, Oslo (ISBN: 978-0945345060); Põlme S, et al. 2020. Fungal Diversity 105:1-16 ((https://doi.org/10.1007/s13225-020-00466-2))","Bjerkandera_adusta","Fungi","Basidiomycota","Agaricomycetes","Polyporales","Phanerochaetaceae","Bjerkandera","Bjerkandera_adusta",2,"Multiple 100% matches","ASV474;ASV6067","Match","Match","Match","Match","Match","Match"
"1415","ASV1415","Fungi","Ascomycota","Sordariomycetes","Hypocreales","Nectriaceae","Nectria","Nectria_pseudotrichia","Nectria_pseudotrichia","sSH1268680.09FU","0.9999998","Nectriaceae","1CB1CD7A-36B9-11D5-9548-00D0592D548C","81059","9","Pathotroph-Saprotroph-Symbiotroph","Animal Pathogen-Endophyte-Fungal Parasite-Lichen Parasite-Plant Pathogen-Wood Saprotroph","Possible","Microfungus","NULL","Fusarium species are amongst the economically significant plant pathogens (Cannon & Kirk 2007)","Cannon PF, Kirk PM. 2007. Fungal Families of the World. CAB International, Cambridge (ISBN: 978-0851998275); Hirooka Y, et al. 2012. Studies in Mycology 711-210 ((https://doi.org/10.3114/sim0001)); Tedersoo L, et al. 2014. Science 346:e1256688 ((https://doi.org/10.1126/science.1256688)); The American Phytopathological Society Common Names of Plant Diseases ((http://www.apsnet.org/publications/commonnames/Pages/default.aspx)); https://www.cdc.gov ((https://www.cdc.gov))","Nectria_pseudotrichia","Fungi","Ascomycota","Sordariomycetes","Hypocreales","Nectriaceae","Nectria","Nectria_pseudotrichia",2,"Multiple 100% matches","ASV1369;ASV3889","Match","Match","Match","Match","Match","Match"
"1417","ASV1417","Fungi","Ascomycota","Eurotiomycetes","Eurotiales","Aspergillaceae","Aspergillus",NA,"Aspergillus",NA,"0.8062745","Eurotiales","1CB1CE25-36B9-11D5-9548-00D0592D548C","90472","7","Saprotroph","Undefined Saprotroph","Possible","Microfungus","NULL","NULL","Sterkenburg E, et al. 2015. New Phytologist 207:1145-1158 ((https://doi.org/10.1111/nph.13426))","Aspergillus","Fungi","Ascomycota","Eurotiomycetes","Eurotiales","Aspergillaceae","Aspergillus",NA,1,"Unique 100% match","ASV266",NA,"Match","Match","Match","Match","Match"
"1418","ASV1418","Fungi","Ascomycota","Eurotiomycetes","Eurotiales","Aspergillaceae","Aspergillus",NA,"Aspergillus",NA,"0.9997231","Eurotiales","1CB1CE25-36B9-11D5-9548-00D0592D548C","90472","7","Saprotroph","Undefined Saprotroph","Possible","Microfungus","NULL","NULL","Sterkenburg E, et al. 2015. New Phytologist 207:1145-1158 ((https://doi.org/10.1111/nph.13426))","Aspergillus","Fungi","Ascomycota","Eurotiomycetes","Eurotiales","Aspergillaceae","Aspergillus",NA,1,"Unique 100% match","ASV269",NA,"Match","Match","Match","Match","Match"
"1419","ASV1419","Fungi","Basidiomycota","Agaricomycetes","Agaricales","Tricholomataceae","Panellus","Panellus_stipticus","Panellus_stipticus","sSH1125911.09FU","0.9925304","Tricholomataceae","008764C7-3F16-4577-B343-C50EF7B78211","81487","9","Pathotroph-Symbiotroph","Ectomycorrhizal-Fungal Parasite","Probable","Agaricoid","NULL","Tricholoma species are ectomycorrhizal, occurring in coniferous and broadleaved forests (Cannon & Kirk 2007); T. sclerotoideum is parasitic on Helvella spp.","Cannon PF, Kirk PM. 2007. Fungal Families of the World. CAB International, Cambridge (ISBN: 978-0851998275)","Panellus_stipticus","Fungi","Basidiomycota","Agaricomycetes","Agaricales","Tricholomataceae","Panellus","Panellus_stipticus",2,"Multiple 100% matches","ASV1308;ASV4368","Match","Match","Match","Match","Match","Match"
"1420","ASV1420","Fungi","Basidiomycota","Agaricomycetes","Agaricales","Tricholomataceae","Panellus","Panellus_stipticus","Panellus_stipticus","sSH1125911.09FU","0.9989962","Tricholomataceae","008764C7-3F16-4577-B343-C50EF7B78211","81487","9","Pathotroph-Symbiotroph","Ectomycorrhizal-Fungal Parasite","Probable","Agaricoid","NULL","Tricholoma species are ectomycorrhizal, occurring in coniferous and broadleaved forests (Cannon & Kirk 2007); T. sclerotoideum is parasitic on Helvella spp.","Cannon PF, Kirk PM. 2007. Fungal Families of the World. CAB International, Cambridge (ISBN: 978-0851998275)","Panellus_stipticus","Fungi","Basidiomycota","Agaricomycetes","Agaricales","Tricholomataceae","Panellus","Panellus_stipticus",4,"Multiple 100% matches","ASV2522;ASV5601;ASV755;ASV7693","Match","Match","Match","Match","Match","Match"
"1424","ASV1424","Fungi","Ascomycota","Eurotiomycetes","Eurotiales","Aspergillaceae","Aspergillus",NA,"Aspergillus",NA,"0.9998302","Eurotiales","1CB1CE25-36B9-11D5-9548-00D0592D548C","90472","7","Saprotroph","Undefined Saprotroph","Possible","Microfungus","NULL","NULL","Sterkenburg E, et al. 2015. New Phytologist 207:1145-1158 ((https://doi.org/10.1111/nph.13426))","Aspergillus","Fungi","Ascomycota","Eurotiomycetes","Eurotiales","Aspergillaceae","Aspergillus",NA,2,"Multiple 100% matches","ASV189;ASV7427",NA,"Match","Match","Match","Match","Match"
"1425","ASV1425","Fungi","Ascomycota","Dothideomycetes","Mycosphaerellales","Mycosphaerellaceae","Zasmidium",NA,"Zasmidium",NA,"0.9996056","Mycosphaerellaceae","1CB1CD75-36B9-11D5-9548-00D0592D548C","81043","9","Pathotroph-Saprotroph","Plant Pathogen-Undefined Saprotroph","Probable","Microfungus","NULL","Biotrophic, necrotrophic or saprobic on various plant tissues (Cannon & Kirk 2007)","Cannon PF, Kirk PM. 2007. Fungal Families of the World. CAB International, Cambridge (ISBN: 978-0851998275)","Zasmidium","Fungi","Ascomycota","Dothideomycetes",NA,NA,NA,NA,2,"Multiple 100% matches","ASV1204;ASV397",NA,NA,NA,NA,"Match","Match"
"1426","ASV1426","Fungi","Ascomycota","Dothideomycetes","Capnodiales","Neodevriesiaceae","Neodevriesia","Neodevriesia_imbrexigena","Neodevriesia_imbrexigena","sSH0960661.09FU","0.9993818","Neodevriesiaceae","F8168581-D82E-4A75-9190-C7925084B4CA","807766","9","Pathotroph-Saprotroph","Plant Pathogen-Undefined Saprotroph","Probable","NULL","NULL","Members are foliicolous, saprobic or plant pathogenic (Quaedvlieg et al. 2014)","Quaedvlieg W., et al. 2014. Persoonia 3:31-40 ((http://doi.org/10.3767/003158514X681981))","Neodevriesia_imbrexigena","Fungi","Ascomycota","Dothideomycetes","Capnodiales","Neodevriesiaceae","Neodevriesia","Neodevriesia_imbrexigena",4,"Multiple 100% matches","ASV232;ASV4245;ASV602;ASV8028","Match","Match","Match","Match","Match","Match"
"1428","ASV1428","Fungi","Basidiomycota","Agaricomycetes","Polyporales","Polyporaceae","Cyanosporus","Cyanosporus_populi","Cyanosporus_populi","sSH3284493.09FU","0.8298412","Polyporaceae","1CB19B17-36B9-11D5-9548-00D0592D548C","81203","9","Saprotroph","Wood Saprotroph","Probable","Polyporoid","Brown Rot-White Rot","Lignicolous, causing brown or white rot, mostly of broadleaved trees (Cannon & Kirk 2007)","Cannon PF, Kirk PM. 2007. Fungal Families of the World. CAB International, Cambridge (ISBN: 978-0851998275)","Cyanosporus_populi","Fungi","Basidiomycota","Agaricomycetes","Polyporales","Polyporaceae","Cyanosporus","Cyanosporus_populi",1,"Unique 100% match","ASV6763","Match","Match","Match","Match","Match","Match"
"1433","ASV1433","Fungi","Ascomycota","Sordariomycetes","Xylariales",NA,NA,NA,"Xylariales","sSH1289001.09FU","0.9999530",NA,NA,NA,NA,NA,NA,NA,NA,NA,NA,NA,"Xylariales","Fungi","Ascomycota","Sordariomycetes","Xylariales",NA,NA,NA,2,"Multiple 100% matches","ASV2917;ASV7938",NA,NA,NA,"Match","Match","Match"
"1434","ASV1434","Fungi","Basidiomycota","Agaricomycetes","Polyporales","Irpicaceae","Trametopsis","Trametopsis_aborigena","Trametopsis_aborigena","sSH1215062.09FU","0.8274404","Trametopsis","2343CAB0-499A-4905-B0A2-6D09E1368E34","511347","13","Saprotroph","Undefined Saprotroph-|Wood Saprotroph|","Probable","Polyporoid","White Rot","As white_rot (Põlme et al. 2020); Decay wood (Põlme et al. 2020)","Tedersoo L, et al. 2014. Science 346:e1256688 ((https://doi.org/10.1126/science.1256688)); Põlme S, et al. 2020. Fungal Diversity 105:1-16 ((https://doi.org/10.1007/s13225-020-00466-2))","Trametopsis_aborigena","Fungi","Basidiomycota","Agaricomycetes","Polyporales","Irpicaceae","Trametopsis","Trametopsis_aborigena",1,"Unique 100% match","ASV301","Match","Match","Match","Match","Match","Match"
"1435","ASV1435","Fungi","Basidiomycota","Agaricomycetes",NA,NA,NA,NA,"Agaricomycetes",NA,"1.0000000",NA,NA,NA,NA,NA,NA,NA,NA,NA,NA,NA,"Agaricomycetes","Fungi","Basidiomycota","Agaricomycetes",NA,NA,NA,NA,1,"Unique 100% match","ASV1248",NA,NA,NA,NA,"Match","Match"
"1438","ASV1438","Fungi","Ascomycota","Eurotiomycetes","Eurotiales","Aspergillaceae","Aspergillus",NA,"Aspergillus",NA,"0.7597105","Eurotiales","1CB1CE25-36B9-11D5-9548-00D0592D548C","90472","7","Saprotroph","Undefined Saprotroph","Possible","Microfungus","NULL","NULL","Sterkenburg E, et al. 2015. New Phytologist 207:1145-1158 ((https://doi.org/10.1111/nph.13426))","Aspergillus","Fungi","Ascomycota","Eurotiomycetes","Eurotiales","Aspergillaceae","Aspergillus",NA,1,"Unique 100% match","ASV501",NA,"Match","Match","Match","Match","Match"
"1440","ASV1440","Fungi","Basidiomycota","Agaricomycetes","Agaricales","Mycenaceae","Mycena",NA,"Mycena",NA,"0.7669850","Mycenaceae","8AE7A7D8-5A42-428C-A1CF-0125BA948485","505549","9","Saprotroph","Leaf Saprotroph-Wood Saprotroph","Probable","Agaricoid","NULL","Saprobes, most species as early colonizers of dead wood and leaves. A few species of Favolaschia and Mycena have been described as mycorrhizal with terrestrial orchids, but the associations need confirmation (Cannon & Kirk 2007)","Cannon PF, Kirk PM. 2007. Fungal Families of the World. CAB International, Cambridge (ISBN: 978-0851998275)","Mycena","Fungi","Basidiomycota","Agaricomycetes","Agaricales","Mycenaceae","Mycena",NA,1,"Unique 100% match","ASV1958",NA,"Match","Match","Match","Match","Match"
"1442","ASV1442","Fungi","Ascomycota","Sordariomycetes","Coniochaetales","Coniochaetaceae","Coniochaeta",NA,"Coniochaeta",NA,"0.7760420","Coniochaetaceae","1CB1CCF3-36B9-11D5-9548-00D0592D548C","80629","9","Pathotroph-Saprotroph-Symbiotroph","Animal Pathogen-Dung Saprotroph-Endophyte-Lichen Parasite-Plant Pathogen-Undefined Saprotroph","Possible","Microfungus","NULL","Saprobic on wood and bark (especially in dry habitats), coprophilous or isolated from soil and similar substrata (Cannon & Kirk 2007)","Cannon PF, Kirk PM. 2007. Fungal Families of the World. CAB International, Cambridge (ISBN: 978-0851998275); Damm U, et al. 2010. Persoonia 24:60-80 ((http://doi.org/10.3767/003158510X500705)); Irinyi L, et al. 2015. Medical Mycology 53:313-337 ((https://doi.org/10.1093/mmy/myv008)); Lawrey JD, Diederich P. 2016. http://www.lichenicolous.net (accessed 24 May 2017) ((http://www.lichenicolous.net))","Coniochaeta","Fungi","Ascomycota","Sordariomycetes","Coniochaetales","Coniochaetaceae","Coniochaeta","Coniochaeta_deborreae",1,"Unique 100% match","ASV249",NA,"Match","Match","Match","Match","Match"
"1446","ASV1446","Fungi","Ascomycota","Leotiomycetes","Thelebolales","Pseudeurotiaceae",NA,NA,"Pseudeurotiaceae","sSH1046495.09FU","0.9954491","Pseudeurotiaceae","1CB1CDAD-36B9-11D5-9548-00D0592D548C","81222","9","Saprotroph","Plant Saprotroph-Wood Saprotroph","Probable","Microfungus","NULL","Saprobic on woody tissue and rotting vegetation, often isolated from soil (Cannon & Kirk 2007)","Cannon PF, Kirk PM. 2007. Fungal Families of the World. CAB International, Cambridge (ISBN: 978-0851998275)","Pseudeurotiaceae","Fungi","Ascomycota","Leotiomycetes","Thelebolales","Pseudeurotiaceae",NA,NA,3,"Multiple 100% matches","ASV1613;ASV1672;ASV2226",NA,NA,"Match","Match","Match","Match"
"1447","ASV1447","Fungi","Basidiomycota","Agaricomycetes","Russulales","Wrightoporiaceae","Wrightoporia","Wrightoporia_austrosinensis","Wrightoporia_austrosinensis","sSH1323069.09FU","1.0000000","Wrightoporia","1CB1CC82-36B9-11D5-9548-00D0592D548C","18750","13","Saprotroph","|Wood Saprotroph|","Highly Probable","Corticioid","White Rot","As white_rot (Põlme et al. 2020); Decay wood (Põlme et al. 2020)","Gilbertson RL, Ryvarden L. 1987-1987. North American Polypores. Fungiflora, Oslo (ISBN: 978-0945345060); Põlme S, et al. 2020. Fungal Diversity 105:1-16 ((https://doi.org/10.1007/s13225-020-00466-2))","Wrightoporia_austrosinensis","Fungi","Basidiomycota","Agaricomycetes","Russulales","Wrightoporiaceae","Wrightoporia","Wrightoporia_austrosinensis",1,"Unique 100% match","ASV577","Match","Match","Match","Match","Match","Match"
"1448","ASV1448","Fungi","Basidiomycota","Agaricomycetes","Cantharellales","Hydnaceae","Sistotrema",NA,"Sistotrema","sSH0906250.09FU","0.9995620","Sistotrema","1CB1CB70-36B9-11D5-9548-00D0592D548C","18551","13","Saprotroph-Symbiotroph","Ectomycorrhizal-|Plant Saprotroph|-Wood Saprotroph","Possible","Corticioid","White Rot","As litter_saprotroph (Põlme et al. 2020); Decay leaf, fruit, seed (Põlme et al. 2020)","Gilbertson RL, Ryvarden L. 1987-1987. North American Polypores. Fungiflora, Oslo (ISBN: 978-0945345060); Rinaldi AC, et al. 2008. Fungal Diversity 33:1-45 ((http://www.fungaldiversity.org/fdp/sfdp/33-1.pdf)) (as ECM/not ECM); Tedersoo L, et al. 2010. Mycorrhiza 20:217-263 ((https://doi.org/10.1007/s00572-009-0274-x)) (pro parte); Põlme S, et al. 2020. Fungal Diversity 105:1-16 ((https://doi.org/10.1007/s13225-020-00466-2)); http://mycorrhizas.info/ecmf.html ((http://mycorrhizas.info/ecmf.html)) (as ECM/not ECM).","Sistotrema","Fungi","Basidiomycota","Agaricomycetes","Cantharellales","Hydnaceae","Sistotrema",NA,1,"Unique 100% match","ASV1280",NA,"Match","Match","Match","Match","Match"
"1449","ASV1449","Fungi","Basidiomycota","Agaricomycetes","Polyporales",NA,NA,NA,"Polyporales","sSH1088341.09FU","0.9987800",NA,NA,NA,NA,NA,NA,NA,NA,NA,NA,NA,"Polyporales","Fungi","Basidiomycota","Agaricomycetes","Polyporales",NA,NA,NA,1,"Unique 100% match","ASV777",NA,NA,NA,"Match","Match","Match"
"1451","ASV1451","Fungi","Basidiomycota","Agaricomycetes","Cantharellales","Hydnaceae","Sistotrema","Sistotrema_porulosum","Sistotrema_porulosum","sSH1208568.09FU","0.9999131","Sistotrema","1CB1CB70-36B9-11D5-9548-00D0592D548C","18551","13","Saprotroph-Symbiotroph","Ectomycorrhizal-|Plant Saprotroph|-Wood Saprotroph","Possible","Corticioid","White Rot","As litter_saprotroph (Põlme et al. 2020); Decay leaf, fruit, seed (Põlme et al. 2020)","Gilbertson RL, Ryvarden L. 1987-1987. North American Polypores. Fungiflora, Oslo (ISBN: 978-0945345060); Rinaldi AC, et al. 2008. Fungal Diversity 33:1-45 ((http://www.fungaldiversity.org/fdp/sfdp/33-1.pdf)) (as ECM/not ECM); Tedersoo L, et al. 2010. Mycorrhiza 20:217-263 ((https://doi.org/10.1007/s00572-009-0274-x)) (pro parte); Põlme S, et al. 2020. Fungal Diversity 105:1-16 ((https://doi.org/10.1007/s13225-020-00466-2)); http://mycorrhizas.info/ecmf.html ((http://mycorrhizas.info/ecmf.html)) (as ECM/not ECM).","Sistotrema_porulosum","Fungi","Basidiomycota","Agaricomycetes","Cantharellales","Hydnaceae","Sistotrema","Sistotrema_porulosum",1,"Unique 100% match","ASV3981","Match","Match","Match","Match","Match","Match"
"1452","ASV1452","Fungi","Basidiomycota","Agaricomycetes","Polyporales","Meruliaceae","Phlebia","Phlebia_tremellosa","Phlebia_tremellosa","sSH0880595.09FU","1.0000000","Meruliaceae","9E12B0B5-1D82-4978-AF3D-6EC22C257619","89005","9","Pathotroph-Saprotroph","Plant Pathogen-Undefined Saprotroph","Probable","Corticioid-Polyporoid","NULL","Saprobic or parasitic on woody plants, causing a white rot (Cannon & Kirk 2007)","Cannon PF, Kirk PM. 2007. Fungal Families of the World. CAB International, Cambridge (ISBN: 978-0851998275)","Phlebia_tremellosa","Fungi","Basidiomycota","Agaricomycetes","Polyporales","Meruliaceae","Phlebia","Phlebia_tremellosa",2,"Multiple 100% matches","ASV5182;ASV6352","Match","Match","Match","Match","Match","Match"
"1454","ASV1454","Fungi","Ascomycota","Sordariomycetes","Hypocreales","Nectriaceae","Fusarium",NA,"Fusarium",NA,"0.8994400","Nectriaceae","1CB1CD7A-36B9-11D5-9548-00D0592D548C","81059","9","Pathotroph-Saprotroph-Symbiotroph","Animal Pathogen-Endophyte-Fungal Parasite-Lichen Parasite-Plant Pathogen-Wood Saprotroph","Possible","Microfungus","NULL","Fusarium species are amongst the economically significant plant pathogens (Cannon & Kirk 2007)","Cannon PF, Kirk PM. 2007. Fungal Families of the World. CAB International, Cambridge (ISBN: 978-0851998275); Hirooka Y, et al. 2012. Studies in Mycology 711-210 ((https://doi.org/10.3114/sim0001)); Tedersoo L, et al. 2014. Science 346:e1256688 ((https://doi.org/10.1126/science.1256688)); The American Phytopathological Society Common Names of Plant Diseases ((http://www.apsnet.org/publications/commonnames/Pages/default.aspx)); https://www.cdc.gov ((https://www.cdc.gov))","Fusarium","Fungi","Ascomycota","Sordariomycetes","Hypocreales","Nectriaceae","Fusarium","Fusarium_verticillioides",1,"Unique 100% match","ASV2843",NA,"Match","Match","Match","Match","Match"
"1455","ASV1455","Fungi","Ascomycota","Eurotiomycetes","Verrucariales","Verrucariaceae","Verrucaria",NA,"Verrucaria","sSH1304732.09FU","0.8820166","Verrucariaceae","1CB1CDFE-36B9-11D5-9548-00D0592D548C","81910","9","Symbiotroph","Lichenized","Highly Probable","Thallus","NULL","Lichenized with green algae, on rocks, soil, etc., more rarely on wood and bark (Cannon & Kirk 2007)","Cannon PF, Kirk PM. 2007. Fungal Families of the World. CAB International, Cambridge (ISBN: 978-0851998275)","Verrucaria","Fungi","Ascomycota","Eurotiomycetes","Verrucariales","Verrucariaceae","Verrucaria",NA,1,"Unique 100% match","ASV603",NA,"Match","Match","Match","Match","Match"
"1456","ASV1456","Fungi","Basidiomycota","Agaricomycetes","Polyporales","Meruliaceae","Phlebia","Phlebia_tremellosa","Phlebia_tremellosa","sSH0880595.09FU","0.9999729","Meruliaceae","9E12B0B5-1D82-4978-AF3D-6EC22C257619","89005","9","Pathotroph-Saprotroph","Plant Pathogen-Undefined Saprotroph","Probable","Corticioid-Polyporoid","NULL","Saprobic or parasitic on woody plants, causing a white rot (Cannon & Kirk 2007)","Cannon PF, Kirk PM. 2007. Fungal Families of the World. CAB International, Cambridge (ISBN: 978-0851998275)","Phlebia_tremellosa","Fungi","Basidiomycota","Agaricomycetes","Polyporales","Meruliaceae","Phlebia","Phlebia_tremellosa",1,"Unique 100% match","ASV387","Match","Match","Match","Match","Match","Match"
"1458","ASV1458","Fungi","Basidiomycota","Agaricomycetes","Agaricales","Tricholomataceae","Resupinatus","Resupinatus_rouxii","Resupinatus_rouxii","sSH1171966.09FU","0.9999943","Tricholomataceae","008764C7-3F16-4577-B343-C50EF7B78211","81487","9","Pathotroph-Symbiotroph","Ectomycorrhizal-Fungal Parasite","Probable","Agaricoid","NULL","Tricholoma species are ectomycorrhizal, occurring in coniferous and broadleaved forests (Cannon & Kirk 2007); T. sclerotoideum is parasitic on Helvella spp.","Cannon PF, Kirk PM. 2007. Fungal Families of the World. CAB International, Cambridge (ISBN: 978-0851998275)","Resupinatus_rouxii","Fungi","Basidiomycota","Agaricomycetes","Agaricales","Tricholomataceae","Resupinatus","Resupinatus_rouxii",1,"Unique 100% match","ASV3386","Match","Match","Match","Match","Match","Match"
"1460","ASV1460","Fungi","Basidiomycota","Agaricomycetes","Hymenochaetales",NA,"Trichaptum","Trichaptum_biforme","Trichaptum_biforme","sSH1186721.09FU","0.9999341","Trichaptum","1CB1CC20-36B9-11D5-9548-00D0592D548C","18675","13","Saprotroph","|Wood Saprotroph|","Highly Probable","Polyporoid","White Rot","As white_rot (Põlme et al. 2020); Decay wood (Põlme et al. 2020)","Gilbertson RL, Ryvarden L. 1987-1987. North American Polypores. Fungiflora, Oslo (ISBN: 978-0945345060); Põlme S, et al. 2020. Fungal Diversity 105:1-16 ((https://doi.org/10.1007/s13225-020-00466-2))","Trichaptum_biforme","Fungi","Basidiomycota","Agaricomycetes","Hymenochaetales",NA,"Trichaptum","Trichaptum_biforme",3,"Multiple 100% matches","ASV166;ASV7952;ASV8256","Match","Match",NA,"Match","Match","Match"
"1461","ASV1461","Fungi","Ascomycota","Dothideomycetes","Pleosporales","Pleosporaceae","Curvularia","Curvularia_canadensis","Curvularia_canadensis","sSH1224288.09FU","0.9883865","Pleosporaceae","1CB1CDA2-36B9-11D5-9548-00D0592D548C","81188","9","Pathotroph-Saprotroph","Endophyte-Lichen Parasite-Plant Pathogen-Undefined Saprotroph","Probable","Microfungus","NULL","Necrotrophic pathogens and saprobes, especially associated with grasses. Many species are seed-borne (Cannon & Kirk 2007)","Cannon PF, Kirk PM. 2007. Fungal Families of the World. CAB International, Cambridge (ISBN: 978-0851998275); David AS, et al. 2016. Microbial Ecology 71:912-926 ((https://doi.org/10.1007/s00248-015-0712-6)); Lawrey JD, Diederich P. 2016. http://www.lichenicolous.net (accessed 24 May 2017) ((http://www.lichenicolous.net))","Curvularia_canadensis","Fungi","Ascomycota","Dothideomycetes","Pleosporales","Pleosporaceae","Curvularia","Curvularia_canadensis",1,"Unique 100% match","ASV5455","Match","Match","Match","Match","Match","Match"
"1462","ASV1462","Fungi","Basidiomycota","Agaricomycetes","Cantharellales","Botryobasidiaceae","Botryobasidium","Botryobasidium_candicans","Botryobasidium_candicans","sSH0891569.09FU","0.9997874","Botryobasidiaceae","1CB1CCD1-36B9-11D5-9548-00D0592D548C","81744","9","Saprotroph","Undefined Saprotroph-Wood Saprotroph","Probable","Corticioid","NULL","Saprobic, typically on rotten wood (Cannon & Kirk 2007)","Cannon PF, Kirk PM. 2007. Fungal Families of the World. CAB International, Cambridge (ISBN: 978-0851998275)","Botryobasidium_candicans","Fungi","Basidiomycota","Agaricomycetes","Cantharellales","Botryobasidiaceae","Botryobasidium","Botryobasidium_candicans",2,"Multiple 100% matches","ASV4374;ASV4407","Match","Match","Match","Match","Match","Match"
"1463","ASV1463","Fungi","Ascomycota","Dothideomycetes",NA,NA,NA,NA,"Dothideomycetes","sSH0943484.09FU","0.8419603",NA,NA,NA,NA,NA,NA,NA,NA,NA,NA,NA,"Dothideomycetes","Fungi","Ascomycota","Dothideomycetes",NA,NA,NA,NA,1,"Unique 100% match","ASV748",NA,NA,NA,NA,"Match","Match"
"1466","ASV1466","Fungi","Ascomycota","Dothideomycetes","Capnodiales","Cladosporiaceae","Verrucocladosporium",NA,"Verrucocladosporium",NA,"0.9988805","Cladosporiaceae","6EDCD6E4-DE4D-443D-AF6B-A572F626BD45","816548","9","Pathotroph-Saprotroph-Symbiotroph","Animal Pathogen-Endophyte-Lichen Parasite-Plant Pathogen-Wood Saprotroph","Possible","Microfungus","NULL","NULL","Seehann G, et al. 1975. List of Fungi in Soft-Rot Tissue Tests. Institute fur Holzbiologie und Holzschutz, Bundesforschungsanstalt fur Forst - und Holzwirtshaft, Hamburg - Lohbrugge, Germany; Lawrey JD, Diederich P. 2016. http://www.lichenicolous.net (accessed 24 May 2017) ((http://www.lichenicolous.net)); The American Phytopathological Society Common Names of Plant Diseases ((http://www.apsnet.org/publications/commonnames/Pages/default.aspx))","Verrucocladosporium","Fungi","Ascomycota","Dothideomycetes","Capnodiales","Cladosporiaceae","Verrucocladosporium",NA,7,"Multiple 100% matches","ASV1085;ASV2511;ASV270;ASV3174;ASV4711;ASV5620;ASV6312",NA,"Match","Match","Match","Match","Match"
"1467","ASV1467","Fungi","Ascomycota","Eurotiomycetes","Eurotiales","Aspergillaceae","Aspergillus",NA,"Aspergillus",NA,"0.9971497","Eurotiales","1CB1CE25-36B9-11D5-9548-00D0592D548C","90472","7","Saprotroph","Undefined Saprotroph","Possible","Microfungus","NULL","NULL","Sterkenburg E, et al. 2015. New Phytologist 207:1145-1158 ((https://doi.org/10.1111/nph.13426))","Aspergillus","Fungi","Ascomycota","Eurotiomycetes","Eurotiales","Aspergillaceae","Aspergillus",NA,1,"Unique 100% match","ASV1481",NA,"Match","Match","Match","Match","Match"
"1468","ASV1468","Fungi","Basidiomycota","Agaricomycetes",NA,NA,NA,NA,"Agaricomycetes","sSH1263629.09FU","0.9985814",NA,NA,NA,NA,NA,NA,NA,NA,NA,NA,NA,"Agaricomycetes","Fungi","Basidiomycota","Agaricomycetes",NA,NA,NA,NA,2,"Multiple 100% matches","ASV3063;ASV362",NA,NA,NA,NA,"Match","Match"
"1471","ASV1471","Fungi","Basidiomycota","Agaricomycetes","Polyporales","Meripilaceae","Rigidoporus","Rigidoporus_pouzarii","Rigidoporus_pouzarii","sSH1197608.09FU","0.9999915","Meripilaceae","1CB1CD64-36B9-11D5-9548-00D0592D548C","80007","9","Pathotroph-Saprotroph","Plant Pathogen-Undefined Saprotroph","Probable","Polyporoid","NULL","Saprobic or parasitic on hardwood trees, often growing from buried roots and causing white rot (Cannon & Kirk 2007)","Cannon PF, Kirk PM. 2007. Fungal Families of the World. CAB International, Cambridge (ISBN: 978-0851998275)","Rigidoporus_pouzarii","Fungi","Basidiomycota","Agaricomycetes","Polyporales","Meripilaceae","Rigidoporus","Rigidoporus_pouzarii",3,"Multiple 100% matches","ASV1864;ASV1882;ASV5142","Match","Match","Match","Match","Match","Match"
"1479","ASV1479","Fungi","Ascomycota","Eurotiomycetes","Eurotiales","Aspergillaceae","Aspergillus",NA,"Aspergillus",NA,"0.9403818","Eurotiales","1CB1CE25-36B9-11D5-9548-00D0592D548C","90472","7","Saprotroph","Undefined Saprotroph","Possible","Microfungus","NULL","NULL","Sterkenburg E, et al. 2015. New Phytologist 207:1145-1158 ((https://doi.org/10.1111/nph.13426))","Aspergillus","Fungi","Ascomycota","Eurotiomycetes","Eurotiales","Aspergillaceae","Aspergillus",NA,2,"Multiple 100% matches","ASV1318;ASV8136",NA,"Match","Match","Match","Match","Match"
"1480","ASV1480","Fungi","Basidiomycota","Exobasidiomycetes","Microstromatales",NA,NA,NA,"Microstromatales",NA,"1.0000000",NA,NA,NA,NA,NA,NA,NA,NA,NA,NA,NA,"Microstromatales","Fungi","Basidiomycota","Exobasidiomycetes","Microstromatales",NA,NA,NA,1,"Unique 100% match","ASV7510",NA,NA,NA,"Match","Match","Match"
"1483","ASV1483","Fungi","Basidiomycota","Agaricomycetes","Agaricales",NA,NA,NA,"Agaricales","sSH1217731.09FU","0.9999997","Agaricales","715D162F-5F0E-40C8-A7DC-79D488D3F937","90508","7","Pathotroph-Saprotroph-Symbiotroph","Bryophyte Parasite-Dung Saprotroph-Ectomycorrhizal-Fungal Parasite-Leaf Saprotroph-Plant Parasite-Undefined Saprotroph-Wood Saprotroph","Possible","Agaricoid-Gasteroid-Microfungus-Secotioid-Yeast","NULL","Mushrooms and toadstools, Gill fungi, Agarics... lignicolous, sometimes muscicolous or fungicolous, saprobic, mycorrhizal, rarely parasitic on plants or fungi (Kirk et al. 2008)","Kirk PM et al. 2008. Dictionary of the Fungi. Tenth Edition. CAB International, Wallingford (ISBN: 978-0851998268)","Agaricales","Fungi","Basidiomycota","Agaricomycetes","Agaricales",NA,NA,NA,2,"Multiple 100% matches","ASV2143;ASV313",NA,NA,NA,"Match","Match","Match"
"1484","ASV1484","Fungi","Basidiomycota","Agaricomycetes","Agaricales","Psathyrellaceae","Psathyrella",NA,"Psathyrella",NA,"0.9999977","Psathyrellaceae","F36155B5-ADC2-4C2C-83F3-2D3778EA9B7F","82127","9","Saprotroph","Dung Saprotroph-Plant Saprotroph-Wood Saprotroph","Probable","Agaricoid","NULL","Saprobic, in grass, on dung, rotten wood and similar substrata (Cannon & Kirk 2007)","Cannon PF, Kirk PM. 2007. Fungal Families of the World. CAB International, Cambridge (ISBN: 978-0851998275)","Psathyrella","Fungi","Basidiomycota","Agaricomycetes","Agaricales","Psathyrellaceae","Psathyrella","Psathyrella_carinthiaca",2,"Multiple 100% matches","ASV2824;ASV3865",NA,"Match","Match","Match","Match","Match"
"1485","ASV1485","Fungi","Ascomycota","Eurotiomycetes","Eurotiales","Aspergillaceae","Penicillium",NA,"Penicillium",NA,"0.9999087","Eurotiales","1CB1CE25-36B9-11D5-9548-00D0592D548C","90472","7","Saprotroph","Undefined Saprotroph","Possible","Microfungus","NULL","NULL","Sterkenburg E, et al. 2015. New Phytologist 207:1145-1158 ((https://doi.org/10.1111/nph.13426))","Penicillium","Fungi","Ascomycota","Eurotiomycetes","Eurotiales","Aspergillaceae","Penicillium","Penicillium_roseopurpureum",1,"Unique 100% match","ASV2864",NA,"Match","Match","Match","Match","Match"
"1486","ASV1486","Fungi","Basidiomycota","Agaricomycetes","Agaricales","Tricholomataceae","Baeospora","Baeospora_myosura","Baeospora_myosura","sSH1044662.09FU","0.9406693","Tricholomataceae","008764C7-3F16-4577-B343-C50EF7B78211","81487","9","Pathotroph-Symbiotroph","Ectomycorrhizal-Fungal Parasite","Probable","Agaricoid","NULL","Tricholoma species are ectomycorrhizal, occurring in coniferous and broadleaved forests (Cannon & Kirk 2007); T. sclerotoideum is parasitic on Helvella spp.","Cannon PF, Kirk PM. 2007. Fungal Families of the World. CAB International, Cambridge (ISBN: 978-0851998275)","Baeospora_myosura","Fungi","Basidiomycota","Agaricomycetes","Agaricales","Tricholomataceae","Baeospora","Baeospora_myosura",1,"Unique 100% match","ASV2304","Match","Match","Match","Match","Match","Match"
"1489","ASV1489","Fungi","Basidiomycota","Agaricomycetes","Polyporales","Polyporaceae","Lenzites","Lenzites_betulina","Lenzites_betulina","sSH1122474.09FU","0.9999698","Polyporaceae","1CB19B17-36B9-11D5-9548-00D0592D548C","81203","9","Saprotroph","Wood Saprotroph","Probable","Polyporoid","Brown Rot-White Rot","Lignicolous, causing brown or white rot, mostly of broadleaved trees (Cannon & Kirk 2007)","Cannon PF, Kirk PM. 2007. Fungal Families of the World. CAB International, Cambridge (ISBN: 978-0851998275)","Lenzites_betulina","Fungi","Basidiomycota","Agaricomycetes","Polyporales","Polyporaceae","Lenzites","Lenzites_betulina",1,"Unique 100% match","ASV1073","Match","Match","Match","Match","Match","Match"
"1490","ASV1490","Fungi","Basidiomycota","Agaricomycetes","Cantharellales","Hydnaceae","Sistotrema","Sistotrema_porulosum","Sistotrema_porulosum","sSH1208568.09FU","0.9999888","Sistotrema","1CB1CB70-36B9-11D5-9548-00D0592D548C","18551","13","Saprotroph-Symbiotroph","Ectomycorrhizal-|Plant Saprotroph|-Wood Saprotroph","Possible","Corticioid","White Rot","As litter_saprotroph (Põlme et al. 2020); Decay leaf, fruit, seed (Põlme et al. 2020)","Gilbertson RL, Ryvarden L. 1987-1987. North American Polypores. Fungiflora, Oslo (ISBN: 978-0945345060); Rinaldi AC, et al. 2008. Fungal Diversity 33:1-45 ((http://www.fungaldiversity.org/fdp/sfdp/33-1.pdf)) (as ECM/not ECM); Tedersoo L, et al. 2010. Mycorrhiza 20:217-263 ((https://doi.org/10.1007/s00572-009-0274-x)) (pro parte); Põlme S, et al. 2020. Fungal Diversity 105:1-16 ((https://doi.org/10.1007/s13225-020-00466-2)); http://mycorrhizas.info/ecmf.html ((http://mycorrhizas.info/ecmf.html)) (as ECM/not ECM).","Sistotrema_porulosum","Fungi","Basidiomycota","Agaricomycetes","Cantharellales","Hydnaceae","Sistotrema","Sistotrema_porulosum",1,"Unique 100% match","ASV4996","Match","Match","Match","Match","Match","Match"
"1491","ASV1491","Fungi","Basidiomycota","Agaricomycetes",NA,"Xenasmataceae","Xenasmatella",NA,"Xenasmatella",NA,"0.9722375","Xenasmatella","1CB1CC85-36B9-11D5-9548-00D0592D548C","18756","13","Saprotroph","Undefined Saprotroph-|Wood Saprotroph|","Probable","Corticioid","White Rot","As white_rot (Põlme et al. 2020); Decay wood (Põlme et al. 2020)","Tedersoo L, et al. 2014. Science 346:e1256688 ((https://doi.org/10.1126/science.1256688)); Põlme S, et al. 2020. Fungal Diversity 105:1-16 ((https://doi.org/10.1007/s13225-020-00466-2))","Xenasmatella","Fungi","Basidiomycota","Agaricomycetes",NA,NA,NA,NA,1,"Unique 100% match","ASV6865",NA,NA,NA,NA,"Match","Match"
"1493","ASV1493","Fungi","Ascomycota","Sordariomycetes","Xylariales","Xylariaceae","Xylaria","Xylaria_rogersii","Xylaria_rogersii","sSH1131463.09FU","0.9992912","Xylariaceae","1CB1ABFB-36B9-11D5-9548-00D0592D548C","81528","9","Pathotroph-Saprotroph-Symbiotroph","Dung Saprotroph-Endophyte-Plant Pathogen-Undefined Saprotroph","Probable","Xylarioid","NULL","Saprobes or weak pathogens, many endophytes, mainly in wood and bark, occasionally in soil and dung (Cannon & Kirk 2007)","Cannon PF, Kirk PM. 2007. Fungal Families of the World. CAB International, Cambridge (ISBN: 978-0851998275)","Xylaria_rogersii","Fungi","Ascomycota","Sordariomycetes","Xylariales","Xylariaceae","Xylaria","Xylaria_rogersii",1,"Unique 100% match","ASV5144","Match","Match","Match","Match","Match","Match"
"1495","ASV1495","Fungi","Basidiomycota","Agaricomycetes","Polyporales","Polyporaceae","Lenzites","Lenzites_betulina","Lenzites_betulina","sSH1122474.09FU","0.9999605","Polyporaceae","1CB19B17-36B9-11D5-9548-00D0592D548C","81203","9","Saprotroph","Wood Saprotroph","Probable","Polyporoid","Brown Rot-White Rot","Lignicolous, causing brown or white rot, mostly of broadleaved trees (Cannon & Kirk 2007)","Cannon PF, Kirk PM. 2007. Fungal Families of the World. CAB International, Cambridge (ISBN: 978-0851998275)","Lenzites_betulina","Fungi","Basidiomycota","Agaricomycetes","Polyporales","Polyporaceae","Lenzites","Lenzites_betulina",1,"Unique 100% match","ASV3393","Match","Match","Match","Match","Match","Match"
"1497","ASV1497","Fungi","Ascomycota","Dothideomycetes","Capnodiales",NA,NA,NA,"Capnodiales",NA,"0.9999998",NA,NA,NA,NA,NA,NA,NA,NA,NA,NA,NA,"Capnodiales","Fungi","Ascomycota","Dothideomycetes","Capnodiales",NA,NA,NA,1,"Unique 100% match","ASV2038",NA,NA,NA,"Match","Match","Match"
"1500","ASV1500","Fungi","Ascomycota","Eurotiomycetes","Eurotiales","Aspergillaceae",NA,NA,"Aspergillaceae","sSH1225010.09FU","0.7670223","Eurotiales","1CB1CE25-36B9-11D5-9548-00D0592D548C","90472","7","Saprotroph","Undefined Saprotroph","Possible","Microfungus","NULL","NULL","Sterkenburg E, et al. 2015. New Phytologist 207:1145-1158 ((https://doi.org/10.1111/nph.13426))","Aspergillaceae","Fungi","Ascomycota","Eurotiomycetes","Eurotiales","Aspergillaceae",NA,NA,1,"Unique 100% match","ASV331",NA,NA,"Match","Match","Match","Match"
"1504","ASV1504","Fungi","Ascomycota","Dothideomycetes","Capnodiales","Neodevriesiaceae","Neodevriesia","Neodevriesia_lagerstroemiae","Neodevriesia_lagerstroemiae","sSH0960637.09FU","0.7408933","Neodevriesiaceae","F8168581-D82E-4A75-9190-C7925084B4CA","807766","9","Pathotroph-Saprotroph","Plant Pathogen-Undefined Saprotroph","Probable","NULL","NULL","Members are foliicolous, saprobic or plant pathogenic (Quaedvlieg et al. 2014)","Quaedvlieg W., et al. 2014. Persoonia 3:31-40 ((http://doi.org/10.3767/003158514X681981))","Neodevriesia_lagerstroemiae","Fungi","Ascomycota","Dothideomycetes","Capnodiales","Neodevriesiaceae","Neodevriesia","Neodevriesia_metrosideri",2,"Multiple 100% matches","ASV1384;ASV425","Mismatch","Match","Match","Match","Match","Match"
"1508","ASV1508","Fungi","Basidiomycota","Agaricomycetes",NA,NA,NA,NA,"Agaricomycetes",NA,"1.0000000",NA,NA,NA,NA,NA,NA,NA,NA,NA,NA,NA,"Agaricomycetes","Fungi","Basidiomycota","Agaricomycetes",NA,NA,NA,NA,1,"Unique 100% match","ASV3502",NA,NA,NA,NA,"Match","Match"
"1511","ASV1511","Fungi","Basidiomycota","Agaricomycetes","Polyporales","Polyporaceae","Dentocorticium","Dentocorticium_portoricense","Dentocorticium_portoricense","sSH1236500.09FU","1.0000000","Polyporaceae","1CB19B17-36B9-11D5-9548-00D0592D548C","81203","9","Saprotroph","Wood Saprotroph","Probable","Polyporoid","Brown Rot-White Rot","Lignicolous, causing brown or white rot, mostly of broadleaved trees (Cannon & Kirk 2007)","Cannon PF, Kirk PM. 2007. Fungal Families of the World. CAB International, Cambridge (ISBN: 978-0851998275)","Dentocorticium_portoricense","Fungi","Basidiomycota","Agaricomycetes","Polyporales","Polyporaceae","Dentocorticium","Dentocorticium_portoricense",1,"Unique 100% match","ASV374","Match","Match","Match","Match","Match","Match"
"1515","ASV1515","Fungi","Basidiomycota","Agaricomycetes","Trechisporales","Hydnodontaceae","Trechispora",NA,"Trechispora",NA,"0.9394765","Trechispora","1CB1CC1A-36B9-11D5-9548-00D0592D548C","18664","13","Saprotroph","|Wood Saprotroph|","Highly Probable","Corticioid","White Rot","As white_rot (Põlme et al. 2020); Decay wood (Põlme et al. 2020)","Gilbertson RL, Ryvarden L. 1987-1987. North American Polypores. Fungiflora, Oslo (ISBN: 978-0945345060); Rinaldi AC, et al. 2008. Fungal Diversity 33:1-45 ((http://www.fungaldiversity.org/fdp/sfdp/33-1.pdf)) (as Uncertain); Tedersoo L, et al. 2010. Mycorrhiza 20:217-263 ((https://doi.org/10.1007/s00572-009-0274-x)) (as not ECM).; Põlme S, et al. 2020. Fungal Diversity 105:1-16 ((https://doi.org/10.1007/s13225-020-00466-2))","Trechispora","Fungi","Basidiomycota","Agaricomycetes","Trechisporales","Hydnodontaceae","Trechispora",NA,1,"Unique 100% match","ASV7582",NA,"Match","Match","Match","Match","Match"
"1516","ASV1516","Fungi","Ascomycota","Dothideomycetes","Pleosporales","Shiraiaceae",NA,NA,"Shiraiaceae","sSH0905119.09FU","0.9992956",NA,NA,NA,NA,NA,NA,NA,NA,NA,NA,NA,"Shiraiaceae","Fungi","Ascomycota","Dothideomycetes","Pleosporales",NA,NA,NA,1,"Unique 100% match","ASV342",NA,NA,NA,"Match","Match","Match"
"1522","ASV1522","Fungi","Ascomycota","Sordariomycetes","Diaporthales","Valsaceae","Cytospora","Cytospora_vinacea","Cytospora_vinacea","sSH1885997.09FU","0.9422958","Valsaceae","1CB1CDFB-36B9-11D5-9548-00D0592D548C","81514","9","Pathotroph-Saprotroph-Symbiotroph","Endophyte-Plant Pathogen-Undefined Saprotroph","Probable","Microfungus","NULL","Saprobes, endophytes and weak to virulent parasites of woody plants (Cannon & Kirk 2007)","Cannon PF, Kirk PM. 2007. Fungal Families of the World. CAB International, Cambridge (ISBN: 978-0851998275)","Cytospora_vinacea","Fungi","Ascomycota","Sordariomycetes","Diaporthales","Valsaceae","Cytospora","Cytospora_predappioensis",1,"Unique 100% match","ASV5588","Mismatch","Match","Match","Match","Match","Match"
"1524","ASV1524","Fungi","Ascomycota","Lecanoromycetes","Leprocaulales","Leprocaulaceae","Leprocaulon","Leprocaulon_adhaerens","Leprocaulon_adhaerens","sSH0966346.09FU","1.0000000","Leprocaulon","DD0532FD-142A-4280-A93E-D8A9A4929738","8735","13","Symbiotroph","|Lichenized|","Highly Probable","Thallus","NULL","NULL","Esslinger TL. 2014. North Dakota State University ((http://www.ndsu.edu/pubweb/~esslinge/chcklst/chcklst7.htm)); Põlme S, et al. 2020. Fungal Diversity 105:1-16 ((https://doi.org/10.1007/s13225-020-00466-2))","Leprocaulon_adhaerens","Fungi","Ascomycota","Lecanoromycetes","Leprocaulales","Leprocaulaceae","Leprocaulon","Leprocaulon_adhaerens",1,"Unique 100% match","ASV224","Match","Match","Match","Match","Match","Match"
"1525","ASV1525","Fungi","Basidiomycota","Agaricomycetes","Russulales",NA,"Scytinostromella","Scytinostromella_nannfeldtii","Scytinostromella_nannfeldtii","sSH0918112.09FU","0.9999745","Scytinostromella","C4E56178-44F9-493A-B9BC-8936B0D39727","18531","13","Saprotroph","Undefined Saprotroph-|Wood Saprotroph|","Probable","Corticioid","White Rot","As white_rot (Põlme et al. 2020); Decay wood (Põlme et al. 2020)","Tedersoo L, et al. 2014. Science 346:e1256688 ((https://doi.org/10.1126/science.1256688)); Põlme S, et al. 2020. Fungal Diversity 105:1-16 ((https://doi.org/10.1007/s13225-020-00466-2))","Scytinostromella_nannfeldtii","Fungi","Basidiomycota","Agaricomycetes","Russulales",NA,"Scytinostromella","Scytinostromella_nannfeldtii",2,"Multiple 100% matches","ASV1595;ASV6538","Match","Match",NA,"Match","Match","Match"
"1527","ASV1527","Fungi","Ascomycota","Eurotiomycetes","Eurotiales","Aspergillaceae",NA,NA,"Aspergillaceae",NA,"0.7174790","Eurotiales","1CB1CE25-36B9-11D5-9548-00D0592D548C","90472","7","Saprotroph","Undefined Saprotroph","Possible","Microfungus","NULL","NULL","Sterkenburg E, et al. 2015. New Phytologist 207:1145-1158 ((https://doi.org/10.1111/nph.13426))","Aspergillaceae","Fungi","Ascomycota","Eurotiomycetes","Eurotiales","Aspergillaceae","Penicillium",NA,1,"Unique 100% match","ASV498",NA,NA,"Match","Match","Match","Match"
"1528","ASV1528","Fungi","Basidiomycota","Agaricomycetes","Atheliales",NA,NA,NA,"Atheliales","sSH1078032.09FU","0.9999999",NA,NA,NA,NA,NA,NA,NA,NA,NA,NA,NA,"Atheliales","Fungi","Basidiomycota","Agaricomycetes","Atheliales",NA,NA,NA,1,"Unique 100% match","ASV911",NA,NA,NA,"Match","Match","Match"
"1529","ASV1529","Fungi","Basidiomycota","Agaricomycetes","Polyporales","Meruliaceae","Phlebia","Phlebia_radiata","Phlebia_radiata","sSH1167289.09FU","0.9696525","Meruliaceae","9E12B0B5-1D82-4978-AF3D-6EC22C257619","89005","9","Pathotroph-Saprotroph","Plant Pathogen-Undefined Saprotroph","Probable","Corticioid-Polyporoid","NULL","Saprobic or parasitic on woody plants, causing a white rot (Cannon & Kirk 2007)","Cannon PF, Kirk PM. 2007. Fungal Families of the World. CAB International, Cambridge (ISBN: 978-0851998275)","Phlebia_radiata","Fungi","Basidiomycota","Agaricomycetes","Polyporales","Meruliaceae","Phlebia","Phlebia_radiata",2,"Multiple 100% matches","ASV1304;ASV7962","Match","Match","Match","Match","Match","Match"
"1530","ASV1530","Fungi","Basidiomycota","Agaricomycetes","Cantharellales","Hydnaceae","Sistotrema","Sistotrema_porulosum","Sistotrema_porulosum","sSH1208568.09FU","0.9999946","Sistotrema","1CB1CB70-36B9-11D5-9548-00D0592D548C","18551","13","Saprotroph-Symbiotroph","Ectomycorrhizal-|Plant Saprotroph|-Wood Saprotroph","Possible","Corticioid","White Rot","As litter_saprotroph (Põlme et al. 2020); Decay leaf, fruit, seed (Põlme et al. 2020)","Gilbertson RL, Ryvarden L. 1987-1987. North American Polypores. Fungiflora, Oslo (ISBN: 978-0945345060); Rinaldi AC, et al. 2008. Fungal Diversity 33:1-45 ((http://www.fungaldiversity.org/fdp/sfdp/33-1.pdf)) (as ECM/not ECM); Tedersoo L, et al. 2010. Mycorrhiza 20:217-263 ((https://doi.org/10.1007/s00572-009-0274-x)) (pro parte); Põlme S, et al. 2020. Fungal Diversity 105:1-16 ((https://doi.org/10.1007/s13225-020-00466-2)); http://mycorrhizas.info/ecmf.html ((http://mycorrhizas.info/ecmf.html)) (as ECM/not ECM).","Sistotrema_porulosum","Fungi","Basidiomycota","Agaricomycetes","Cantharellales","Hydnaceae","Sistotrema","Sistotrema_porulosum",4,"Multiple 100% matches","ASV1196;ASV3150;ASV4457;ASV7798","Match","Match","Match","Match","Match","Match"
"1535","ASV1535","Fungi","Ascomycota","Dothideomycetes","Mycosphaerellales","Mycosphaerellaceae","Zasmidium",NA,"Zasmidium",NA,"0.9992094","Mycosphaerellaceae","1CB1CD75-36B9-11D5-9548-00D0592D548C","81043","9","Pathotroph-Saprotroph","Plant Pathogen-Undefined Saprotroph","Probable","Microfungus","NULL","Biotrophic, necrotrophic or saprobic on various plant tissues (Cannon & Kirk 2007)","Cannon PF, Kirk PM. 2007. Fungal Families of the World. CAB International, Cambridge (ISBN: 978-0851998275)","Zasmidium","Fungi","Ascomycota",NA,NA,NA,NA,NA,4,"Multiple 100% matches","ASV369;ASV5391;ASV6973;ASV8302",NA,NA,NA,NA,NA,"Match"
"1536","ASV1536","Fungi","Basidiomycota","Agaricomycetes","Polyporales","Polyporaceae","Trametes",NA,"Trametes",NA,"0.9765382","Polyporaceae","1CB19B17-36B9-11D5-9548-00D0592D548C","81203","9","Saprotroph","Wood Saprotroph","Probable","Polyporoid","Brown Rot-White Rot","Lignicolous, causing brown or white rot, mostly of broadleaved trees (Cannon & Kirk 2007)","Cannon PF, Kirk PM. 2007. Fungal Families of the World. CAB International, Cambridge (ISBN: 978-0851998275)","Trametes","Fungi","Basidiomycota","Agaricomycetes","Polyporales","Polyporaceae","Trametes","Trametes_versicolor",1,"Unique 100% match","ASV915",NA,"Match","Match","Match","Match","Match"
"1537","ASV1537","Fungi","Ascomycota","Dothideomycetes","Capnodiales","Cladosporiaceae","Verrucocladosporium",NA,"Verrucocladosporium",NA,"0.9996955","Cladosporiaceae","6EDCD6E4-DE4D-443D-AF6B-A572F626BD45","816548","9","Pathotroph-Saprotroph-Symbiotroph","Animal Pathogen-Endophyte-Lichen Parasite-Plant Pathogen-Wood Saprotroph","Possible","Microfungus","NULL","NULL","Seehann G, et al. 1975. List of Fungi in Soft-Rot Tissue Tests. Institute fur Holzbiologie und Holzschutz, Bundesforschungsanstalt fur Forst - und Holzwirtshaft, Hamburg - Lohbrugge, Germany; Lawrey JD, Diederich P. 2016. http://www.lichenicolous.net (accessed 24 May 2017) ((http://www.lichenicolous.net)); The American Phytopathological Society Common Names of Plant Diseases ((http://www.apsnet.org/publications/commonnames/Pages/default.aspx))","Verrucocladosporium","Fungi","Ascomycota","Dothideomycetes","Capnodiales","Cladosporiaceae","Verrucocladosporium",NA,1,"Unique 100% match","ASV5003",NA,"Match","Match","Match","Match","Match"
"1539","ASV1539","Fungi","Basidiomycota","Agaricomycetes","Cantharellales","Hydnaceae","Sistotrema","Sistotrema_brinkmannii","Sistotrema_brinkmannii","sSH1208562.09FU","0.9947807","Sistotrema","1CB1CB70-36B9-11D5-9548-00D0592D548C","18551","13","Saprotroph-Symbiotroph","Ectomycorrhizal-|Plant Saprotroph|-Wood Saprotroph","Possible","Corticioid","White Rot","As litter_saprotroph (Põlme et al. 2020); Decay leaf, fruit, seed (Põlme et al. 2020)","Gilbertson RL, Ryvarden L. 1987-1987. North American Polypores. Fungiflora, Oslo (ISBN: 978-0945345060); Rinaldi AC, et al. 2008. Fungal Diversity 33:1-45 ((http://www.fungaldiversity.org/fdp/sfdp/33-1.pdf)) (as ECM/not ECM); Tedersoo L, et al. 2010. Mycorrhiza 20:217-263 ((https://doi.org/10.1007/s00572-009-0274-x)) (pro parte); Põlme S, et al. 2020. Fungal Diversity 105:1-16 ((https://doi.org/10.1007/s13225-020-00466-2)); http://mycorrhizas.info/ecmf.html ((http://mycorrhizas.info/ecmf.html)) (as ECM/not ECM).","Sistotrema_brinkmannii","Fungi","Basidiomycota","Agaricomycetes","Cantharellales","Hydnaceae","Sistotrema","Sistotrema_brinkmannii",1,"Unique 100% match","ASV5694","Match","Match","Match","Match","Match","Match"
"1540","ASV1540","Fungi","Basidiomycota","Agaricomycetes","Agaricales","Tricholomataceae",NA,NA,"Tricholomataceae","sSH1201847.09FU","0.9999336","Tricholomataceae","008764C7-3F16-4577-B343-C50EF7B78211","81487","9","Pathotroph-Symbiotroph","Ectomycorrhizal-Fungal Parasite","Probable","Agaricoid","NULL","Tricholoma species are ectomycorrhizal, occurring in coniferous and broadleaved forests (Cannon & Kirk 2007); T. sclerotoideum is parasitic on Helvella spp.","Cannon PF, Kirk PM. 2007. Fungal Families of the World. CAB International, Cambridge (ISBN: 978-0851998275)","Tricholomataceae","Fungi","Basidiomycota","Agaricomycetes","Agaricales","Tricholomataceae",NA,NA,3,"Multiple 100% matches","ASV2950;ASV3314;ASV5653",NA,NA,"Match","Match","Match","Match"
"1543","ASV1543","Fungi","Basidiomycota","Agaricomycetes","Polyporales","Polyporaceae","Trametes","Trametes_versicolor","Trametes_versicolor","sSH1122493.09FU","0.7001321","Polyporaceae","1CB19B17-36B9-11D5-9548-00D0592D548C","81203","9","Saprotroph","Wood Saprotroph","Probable","Polyporoid","Brown Rot-White Rot","Lignicolous, causing brown or white rot, mostly of broadleaved trees (Cannon & Kirk 2007)","Cannon PF, Kirk PM. 2007. Fungal Families of the World. CAB International, Cambridge (ISBN: 978-0851998275)","Trametes_versicolor","Fungi","Basidiomycota","Agaricomycetes","Polyporales","Polyporaceae","Trametes","Trametes_versicolor",1,"Unique 100% match","ASV7038","Match","Match","Match","Match","Match","Match"
"1546","ASV1546","Fungi","Basidiomycota","Agaricomycetes","Polyporales",NA,NA,NA,"Polyporales","sSH1088331.09FU","1.0000000",NA,NA,NA,NA,NA,NA,NA,NA,NA,NA,NA,"Polyporales","Fungi","Basidiomycota","Agaricomycetes","Polyporales",NA,NA,NA,1,"Unique 100% match","ASV720",NA,NA,NA,"Match","Match","Match"
"1547","ASV1547","Fungi","Ascomycota","Eurotiomycetes","Eurotiales","Aspergillaceae","Penicillium","Penicillium_coffeae","Penicillium_coffeae","sSH1227789.09FU","0.7500782","Eurotiales","1CB1CE25-36B9-11D5-9548-00D0592D548C","90472","7","Saprotroph","Undefined Saprotroph","Possible","Microfungus","NULL","NULL","Sterkenburg E, et al. 2015. New Phytologist 207:1145-1158 ((https://doi.org/10.1111/nph.13426))","Penicillium_coffeae","Fungi","Ascomycota","Eurotiomycetes","Eurotiales","Aspergillaceae","Penicillium","Penicillium_coffeae",1,"Unique 100% match","ASV2765","Match","Match","Match","Match","Match","Match"
"1548","ASV1548","Fungi","Basidiomycota","Agaricomycetes","Polyporales","Polyporaceae","Trametes",NA,"Trametes",NA,"0.9823749","Polyporaceae","1CB19B17-36B9-11D5-9548-00D0592D548C","81203","9","Saprotroph","Wood Saprotroph","Probable","Polyporoid","Brown Rot-White Rot","Lignicolous, causing brown or white rot, mostly of broadleaved trees (Cannon & Kirk 2007)","Cannon PF, Kirk PM. 2007. Fungal Families of the World. CAB International, Cambridge (ISBN: 978-0851998275)","Trametes","Fungi","Basidiomycota","Agaricomycetes","Polyporales","Polyporaceae","Trametes","Trametes_versicolor",1,"Unique 100% match","ASV3988",NA,"Match","Match","Match","Match","Match"
"1549","ASV1549","Fungi","Basidiomycota","Agaricomycetes","Polyporales","Phanerochaetaceae","Bjerkandera","Bjerkandera_adusta","Bjerkandera_adusta","sSH1177901.09FU","0.9988866","Bjerkandera","1CB1C50E-36B9-11D5-9548-00D0592D548C","17160","13","Pathotroph-Saprotroph-Symbiotroph","Endophyte-Plant Pathogen-|Wood Saprotroph|","Highly Probable","Polyporoid","White Rot","As root_endophyte_dark_septate (Põlme et al. 2020); As white_rot (Põlme et al. 2020); As wood_pathogen (Põlme et al. 2020); Decay wood (Põlme et al. 2020)","Gilbertson RL, Ryvarden L. 1987-1987. North American Polypores. Fungiflora, Oslo (ISBN: 978-0945345060); Põlme S, et al. 2020. Fungal Diversity 105:1-16 ((https://doi.org/10.1007/s13225-020-00466-2))","Bjerkandera_adusta","Fungi","Basidiomycota","Agaricomycetes","Polyporales","Phanerochaetaceae","Bjerkandera","Bjerkandera_adusta",1,"Unique 100% match","ASV4914","Match","Match","Match","Match","Match","Match"
"1552","ASV1552","Fungi","Ascomycota","Dothideomycetes","Mycosphaerellales","Mycosphaerellaceae","Ramularia",NA,"Ramularia",NA,"0.9655851","Mycosphaerellaceae","1CB1CD75-36B9-11D5-9548-00D0592D548C","81043","9","Pathotroph-Saprotroph","Plant Pathogen-Undefined Saprotroph","Probable","Microfungus","NULL","Biotrophic, necrotrophic or saprobic on various plant tissues (Cannon & Kirk 2007)","Cannon PF, Kirk PM. 2007. Fungal Families of the World. CAB International, Cambridge (ISBN: 978-0851998275)","Ramularia","Fungi","Ascomycota","Dothideomycetes","Mycosphaerellales","Mycosphaerellaceae","Ramularia","Ramularia_nyssicola",1,"Unique 100% match","ASV4504",NA,"Match","Match","Match","Match","Match"
"1553","ASV1553","Fungi","Ascomycota","Eurotiomycetes","Eurotiales","Aspergillaceae","Aspergillus",NA,"Aspergillus",NA,"0.9888000","Eurotiales","1CB1CE25-36B9-11D5-9548-00D0592D548C","90472","7","Saprotroph","Undefined Saprotroph","Possible","Microfungus","NULL","NULL","Sterkenburg E, et al. 2015. New Phytologist 207:1145-1158 ((https://doi.org/10.1111/nph.13426))","Aspergillus","Fungi","Ascomycota","Eurotiomycetes","Eurotiales","Aspergillaceae","Aspergillus",NA,2,"Multiple 100% matches","ASV2059;ASV6764",NA,"Match","Match","Match","Match","Match"
"1555","ASV1555","Fungi","Basidiomycota","Agaricomycetes","Agaricales","Tricholomataceae","Clitocybe",NA,"Clitocybe",NA,"0.7548352","Tricholomataceae","008764C7-3F16-4577-B343-C50EF7B78211","81487","9","Pathotroph-Symbiotroph","Ectomycorrhizal-Fungal Parasite","Probable","Agaricoid","NULL","Tricholoma species are ectomycorrhizal, occurring in coniferous and broadleaved forests (Cannon & Kirk 2007); T. sclerotoideum is parasitic on Helvella spp.","Cannon PF, Kirk PM. 2007. Fungal Families of the World. CAB International, Cambridge (ISBN: 978-0851998275)","Clitocybe","Fungi","Basidiomycota","Agaricomycetes","Agaricales","Tricholomataceae","Clitocybe",NA,2,"Multiple 100% matches","ASV4188;ASV4622",NA,"Match","Match","Match","Match","Match"
"1558","ASV1558","Fungi","Ascomycota","Eurotiomycetes","Eurotiales","Aspergillaceae","Aspergillus","Aspergillus_penicillioides","Aspergillus_penicillioides",NA,"0.8910780","Eurotiales","1CB1CE25-36B9-11D5-9548-00D0592D548C","90472","7","Saprotroph","Undefined Saprotroph","Possible","Microfungus","NULL","NULL","Sterkenburg E, et al. 2015. New Phytologist 207:1145-1158 ((https://doi.org/10.1111/nph.13426))","Aspergillus_penicillioides","Fungi","Ascomycota","Eurotiomycetes","Eurotiales","Aspergillaceae","Aspergillus",NA,1,"Unique 100% match","ASV611",NA,"Match","Match","Match","Match","Match"
"1561","ASV1561","Fungi","Mucoromycota","Mucoromycetes","Mucorales","Mucoraceae","Mucor","Mucor_hiemalis","Mucor_hiemalis","sSH1270676.09FU","0.9982754","Mucorales","E9EACC48-A88C-44D4-86AF-465FE43B31FA","816394","7","Saprotroph","Undefined Saprotroph","Possible","Microfungus","NULL","NULL","Sterkenburg E, et al. 2015. New Phytologist 207:1145-1158 ((https://doi.org/10.1111/nph.13426))","Mucor_hiemalis","Fungi","Mucoromycota","Mucoromycetes","Mucorales","Mucoraceae","Mucor","Mucor_hiemalis",1,"Unique 100% match","ASV8301","Match","Match","Match","Match","Match","Match"
"1562","ASV1562","Fungi","Ascomycota","Eurotiomycetes","Eurotiales","Aspergillaceae","Aspergillus",NA,"Aspergillus",NA,"0.7238817","Eurotiales","1CB1CE25-36B9-11D5-9548-00D0592D548C","90472","7","Saprotroph","Undefined Saprotroph","Possible","Microfungus","NULL","NULL","Sterkenburg E, et al. 2015. New Phytologist 207:1145-1158 ((https://doi.org/10.1111/nph.13426))","Aspergillus","Fungi","Ascomycota","Eurotiomycetes","Eurotiales","Aspergillaceae","Aspergillus",NA,1,"Unique 100% match","ASV1162",NA,"Match","Match","Match","Match","Match"
"1565","ASV1565","Fungi","Basidiomycota","Agaricomycetes","Hymenochaetales","Tubulicrinaceae","Tubulicrinis",NA,"Tubulicrinis","sSH1119855.09FU","0.9937041","Tubulicrinis","1CB1A87B-36B9-11D5-9548-00D0592D548C","18693","13","Saprotroph","Undefined Saprotroph-|Wood Saprotroph|","Probable","Corticioid","White Rot","As white_rot (Põlme et al. 2020); Decay wood (Põlme et al. 2020)","Tedersoo L, et al. 2014. Science 346:e1256688 ((https://doi.org/10.1126/science.1256688)); Põlme S, et al. 2020. Fungal Diversity 105:1-16 ((https://doi.org/10.1007/s13225-020-00466-2))","Tubulicrinis","Fungi","Basidiomycota","Agaricomycetes","Hymenochaetales","Tubulicrinaceae","Tubulicrinis",NA,1,"Unique 100% match","ASV5831",NA,"Match","Match","Match","Match","Match"
"1569","ASV1569","Fungi","Ascomycota","Leotiomycetes","Thelebolales","Pseudeurotiaceae",NA,NA,"Pseudeurotiaceae",NA,"0.9994134","Pseudeurotiaceae","1CB1CDAD-36B9-11D5-9548-00D0592D548C","81222","9","Saprotroph","Plant Saprotroph-Wood Saprotroph","Probable","Microfungus","NULL","Saprobic on woody tissue and rotting vegetation, often isolated from soil (Cannon & Kirk 2007)","Cannon PF, Kirk PM. 2007. Fungal Families of the World. CAB International, Cambridge (ISBN: 978-0851998275)","Pseudeurotiaceae","Fungi","Ascomycota","Leotiomycetes","Thelebolales","Pseudeurotiaceae","Pseudogymnoascus","Pseudogymnoascus_roseus",2,"Multiple 100% matches","ASV3400;ASV4748",NA,NA,"Match","Match","Match","Match"
"1570","ASV1570","Fungi","Basidiomycota","Agaricomycetes",NA,"Xenasmataceae","Xenasmatella",NA,"Xenasmatella",NA,"0.9997734","Xenasmatella","1CB1CC85-36B9-11D5-9548-00D0592D548C","18756","13","Saprotroph","Undefined Saprotroph-|Wood Saprotroph|","Probable","Corticioid","White Rot","As white_rot (Põlme et al. 2020); Decay wood (Põlme et al. 2020)","Tedersoo L, et al. 2014. Science 346:e1256688 ((https://doi.org/10.1126/science.1256688)); Põlme S, et al. 2020. Fungal Diversity 105:1-16 ((https://doi.org/10.1007/s13225-020-00466-2))","Xenasmatella","Fungi","Basidiomycota","Agaricomycetes",NA,NA,NA,NA,1,"Unique 100% match","ASV4149",NA,NA,NA,NA,"Match","Match"
"1575","ASV1575","Fungi","Basidiomycota","Tremellomycetes","Tremellales","Bulleribasidiaceae","Hannaella","Hannaella_zeae","Hannaella_zeae","sSH1003232.09FU","0.9049605","Tremellales","1CB1CE64-36B9-11D5-9548-00D0592D548C","90451","7","Pathotroph-Saprotroph-Symbiotroph","Fungal Parasite-Undefined Saprotroph","Possible","Tremelloid-Yeast","NULL","The order contains both teleomorphic and anamorphic species, most of the latter being yeasts","Sterkenburg E, et al. 2015. New Phytologist 207:1145-1158 ((https://doi.org/10.1111/nph.13426))","Hannaella_zeae","Fungi","Basidiomycota","Tremellomycetes","Tremellales","Bulleribasidiaceae","Hannaella","Hannaella_zeae",1,"Unique 100% match","ASV7026","Match","Match","Match","Match","Match","Match"
"1578","ASV1578","Fungi","Basidiomycota","Agaricomycetes","Polyporales","Hyphodermataceae","Hyphoderma","Hyphoderma_microporoides","Hyphoderma_microporoides","sSH1211468.09FU","0.9967803","Hyphoderma","1CB18E22-36B9-11D5-9548-00D0592D548C","17823","13"," Saprotroph","Undefined Saprotroph-|Wood Saprotroph|","Probable","Corticioid","White Rot","As white_rot (Põlme et al. 2020); Decay wood (Põlme et al. 2020)","Tedersoo L, et al. 2014. Science 346:e1256688 ((https://doi.org/10.1126/science.1256688)); Põlme S, et al. 2020. Fungal Diversity 105:1-16 ((https://doi.org/10.1007/s13225-020-00466-2))","Hyphoderma_microporoides","Fungi","Basidiomycota","Agaricomycetes","Polyporales","Hyphodermataceae","Hyphoderma","Hyphoderma_microporoides",1,"Unique 100% match","ASV630","Match","Match","Match","Match","Match","Match"
"1579","ASV1579","Fungi","Basidiomycota","Agaricomycetes","Agaricales","Tricholomataceae","Baeospora","Baeospora_myosura","Baeospora_myosura","sSH1044662.09FU","0.9812456","Tricholomataceae","008764C7-3F16-4577-B343-C50EF7B78211","81487","9","Pathotroph-Symbiotroph","Ectomycorrhizal-Fungal Parasite","Probable","Agaricoid","NULL","Tricholoma species are ectomycorrhizal, occurring in coniferous and broadleaved forests (Cannon & Kirk 2007); T. sclerotoideum is parasitic on Helvella spp.","Cannon PF, Kirk PM. 2007. Fungal Families of the World. CAB International, Cambridge (ISBN: 978-0851998275)","Baeospora_myosura","Fungi","Basidiomycota","Agaricomycetes","Agaricales","Tricholomataceae","Baeospora","Baeospora_myosura",1,"Unique 100% match","ASV3512","Match","Match","Match","Match","Match","Match"
"1580","ASV1580","Fungi","Ascomycota","Eurotiomycetes","Chaetothyriales","Trichomeriaceae",NA,NA,"Trichomeriaceae",NA,"0.9660170","Trichomeriaceae","B366E4F5-4360-49B3-BA47-86698B5D3511","800935","9","Symbiotroph","Epiphyte","Probable","Microfungus","NULL","Foliar epiphytes with the appearance of sooty moulds, mostly occurring on the surface of living leaves and apparently gaining their nutrients from insect exudates (Chomnunti et al. 2012)","Chomnunti P, et al. 2012. Fungal Diversity 56:63-76 ((https://doi.org/10.1007/s13225-012-0197-2))","Trichomeriaceae","Fungi","Ascomycota","Eurotiomycetes","Chaetothyriales","Trichomeriaceae","Trichomerium",NA,1,"Unique 100% match","ASV1427",NA,NA,"Match","Match","Match","Match"
"1583","ASV1583","Fungi","Basidiomycota","Agaricomycetes",NA,NA,NA,NA,"Agaricomycetes","sSH1144327.09FU","1.0000000",NA,NA,NA,NA,NA,NA,NA,NA,NA,NA,NA,"Agaricomycetes","Fungi","Basidiomycota","Agaricomycetes",NA,NA,NA,NA,1,"Unique 100% match","ASV3014",NA,NA,NA,NA,"Match","Match"
"1588","ASV1588","Fungi","Basidiomycota","Agaricomycetes","Polyporales","Hyphodermataceae","Hyphoderma","Hyphoderma_litschaueri","Hyphoderma_litschaueri","sSH1311019.09FU","1.0000000","Hyphoderma","1CB18E22-36B9-11D5-9548-00D0592D548C","17823","13"," Saprotroph","Undefined Saprotroph-|Wood Saprotroph|","Probable","Corticioid","White Rot","As white_rot (Põlme et al. 2020); Decay wood (Põlme et al. 2020)","Tedersoo L, et al. 2014. Science 346:e1256688 ((https://doi.org/10.1126/science.1256688)); Põlme S, et al. 2020. Fungal Diversity 105:1-16 ((https://doi.org/10.1007/s13225-020-00466-2))","Hyphoderma_litschaueri","Fungi","Basidiomycota","Agaricomycetes","Polyporales","Hyphodermataceae","Hyphoderma","Hyphoderma_litschaueri",1,"Unique 100% match","ASV3270","Match","Match","Match","Match","Match","Match"
"1589","ASV1589","Fungi","Ascomycota","Leotiomycetes","Helotiales","Pezizellaceae",NA,NA,"Pezizellaceae","sSH1030577.09FU","0.8724673",NA,NA,NA,NA,NA,NA,NA,NA,NA,NA,NA,"Pezizellaceae","Fungi","Ascomycota","Leotiomycetes","Helotiales","Pezizellaceae",NA,NA,1,"Unique 100% match","ASV6923",NA,NA,"Match","Match","Match","Match"
"1590","ASV1590","Fungi","Basidiomycota","Agaricomycetes","Polyporales",NA,NA,NA,"Polyporales","sSH1224743.09FU","0.9995812",NA,NA,NA,NA,NA,NA,NA,NA,NA,NA,NA,"Polyporales","Fungi","Basidiomycota","Agaricomycetes","Polyporales",NA,NA,NA,1,"Unique 100% match","ASV3285",NA,NA,NA,"Match","Match","Match"
"1591","ASV1591","Fungi","Ascomycota","Dothideomycetes","Mycosphaerellales","Teratosphaeriaceae",NA,NA,"Teratosphaeriaceae","sSH0960680.09FU","0.9972424","Teratosphaeriaceae","87A3FDCC-E75C-4F2E-B987-C7579847CE32","504465","9","Pathotroph-Saprotroph","Animal Pathogen-Plant Pathogen-Undefined Saprotroph","Probable","NULL","NULL","Includes numerous saprobic, extremophilic, human opportunistic, and plant pathogenic fungi (Quaedvlieg et al. 2014)","Quaedvlieg W, et al. 2014. Persoonia 3:31-40 ((https://doi.org/10.3767/003158514X681981))","Teratosphaeriaceae","Fungi","Ascomycota","Dothideomycetes","Mycosphaerellales","Teratosphaeriaceae",NA,NA,1,"Unique 100% match","ASV335",NA,NA,"Match","Match","Match","Match"
"1595","ASV1595","Fungi","Ascomycota","Dothideomycetes","Dothideales","Dothideaceae","Rhizosphaera",NA,"Rhizosphaera","sSH1240383.09FU","0.9798277","Dothideaceae","1CB1884B-36B9-11D5-9548-00D0592D548C","80715","9","Pathotroph-Saprotroph-Symbiotroph","Endophyte-Plant Pathogen-Undefined Saprotroph","Possible","Microfungus","NULL","Biotrophic, necrotrophic or saprobic on plant tissue (Cannon & Kirk 2017)","Cannon PF, Kirk PM. 2007. Fungal Families of the World. CAB International, Cambridge (ISBN: 978-0851998275)","Rhizosphaera","Fungi","Ascomycota","Dothideomycetes","Dothideales","Dothideaceae","Rhizosphaera",NA,2,"Multiple 100% matches","ASV4342;ASV7988",NA,"Match","Match","Match","Match","Match"
"1601","ASV1601","Fungi","Basidiomycota","Agaricomycetes","Polyporales","Irpicaceae","Efibula","Efibula_yunnanensis","Efibula_yunnanensis","sSH1142679.09FU","0.7247538","Efibula","6C1A6E62-4DC4-48A2-9AAB-9F5D195E0BB5","25473","13","Saprotroph","|Wood Saprotroph|","Possible","Corticioid-Microfungus","White Rot","As white_rot (Põlme et al. 2020); Decay wood (Põlme et al. 2020)","Floudas D, Hibbett DS. 2015. British Mycological Society 119:679-719 ((https://doi.org/10.1016/j.funbio.2015.04.003)); Põlme S, et al. 2020. Fungal Diversity 105:1-16 ((https://doi.org/10.1007/s13225-020-00466-2))","Efibula_yunnanensis","Fungi","Basidiomycota","Agaricomycetes","Polyporales","Irpicaceae","Efibula","Efibula_yunnanensis",2,"Multiple 100% matches","ASV1009;ASV7566","Match","Match","Match","Match","Match","Match"
"1606","ASV1606","Fungi","Basidiomycota","Agaricomycetes","Agaricales",NA,NA,NA,"Agaricales","sSH1135313.09FU","0.9914527","Agaricales","715D162F-5F0E-40C8-A7DC-79D488D3F937","90508","7","Pathotroph-Saprotroph-Symbiotroph","Bryophyte Parasite-Dung Saprotroph-Ectomycorrhizal-Fungal Parasite-Leaf Saprotroph-Plant Parasite-Undefined Saprotroph-Wood Saprotroph","Possible","Agaricoid-Gasteroid-Microfungus-Secotioid-Yeast","NULL","Mushrooms and toadstools, Gill fungi, Agarics... lignicolous, sometimes muscicolous or fungicolous, saprobic, mycorrhizal, rarely parasitic on plants or fungi (Kirk et al. 2008)","Kirk PM et al. 2008. Dictionary of the Fungi. Tenth Edition. CAB International, Wallingford (ISBN: 978-0851998268)","Agaricales","Fungi","Basidiomycota","Agaricomycetes","Agaricales",NA,NA,NA,1,"Unique 100% match","ASV2779",NA,NA,NA,"Match","Match","Match"
"1609","ASV1609","Fungi","Basidiomycota","Agaricomycetes","Polyporales","Meripilaceae","Physisporinus","Physisporinus_vitreus","Physisporinus_vitreus","sSH1257021.09FU","0.9999986","Meripilaceae","1CB1CD64-36B9-11D5-9548-00D0592D548C","80007","9","Pathotroph-Saprotroph","Plant Pathogen-Undefined Saprotroph","Probable","Polyporoid","NULL","Saprobic or parasitic on hardwood trees, often growing from buried roots and causing white rot (Cannon & Kirk 2007)","Cannon PF, Kirk PM. 2007. Fungal Families of the World. CAB International, Cambridge (ISBN: 978-0851998275)","Physisporinus_vitreus","Fungi","Basidiomycota","Agaricomycetes","Polyporales","Meripilaceae","Physisporinus","Physisporinus_vitreus",2,"Multiple 100% matches","ASV2026;ASV6232","Match","Match","Match","Match","Match","Match"
"1612","ASV1612","Fungi","Basidiomycota","Agaricomycetes","Agaricales","Lycoperdaceae","Lycoperdon","Lycoperdon_pyriforme","Lycoperdon_pyriforme","sSH0948285.09FU","0.9598509","Lycoperdaceae","1CB1CD5A-36B9-11D5-9548-00D0592D548C","0","9"," Saprotroph","Undefined Saprotroph","Probable","Gasteroid","NULL","Common name - puffball; Primarily saprobes in grassland and woodland, with some species commonly forming typical fairy rings (Cannon & Kirk 2007)","Cannon PF, Kirk PM. 2007. Fungal Families of the World. CAB International, Cambridge ((https://isbnsearch.org/isbn/9780851998275))","Lycoperdon_pyriforme","Fungi","Basidiomycota","Agaricomycetes","Agaricales","Lycoperdaceae","Lycoperdon","Lycoperdon_pyriforme",1,"Unique 100% match","ASV633","Match","Match","Match","Match","Match","Match"
"1617","ASV1617","Fungi","Basidiomycota","Agaricomycetes","Russulales",NA,NA,NA,"Russulales","sSH0935484.09FU","0.8673012",NA,NA,NA,NA,NA,NA,NA,NA,NA,NA,NA,"Russulales","Fungi","Basidiomycota","Agaricomycetes","Russulales",NA,NA,NA,1,"Unique 100% match","ASV3680",NA,NA,NA,"Match","Match","Match"
"1619","ASV1619","Fungi","Ascomycota","Eurotiomycetes","Eurotiales","Aspergillaceae","Aspergillus","Aspergillus_whitfieldii","Aspergillus_whitfieldii","sSH1067499.09FU","0.9984171","Eurotiales","1CB1CE25-36B9-11D5-9548-00D0592D548C","90472","7","Saprotroph","Undefined Saprotroph","Possible","Microfungus","NULL","NULL","Sterkenburg E, et al. 2015. New Phytologist 207:1145-1158 ((https://doi.org/10.1111/nph.13426))","Aspergillus_whitfieldii","Fungi","Ascomycota","Eurotiomycetes","Eurotiales","Aspergillaceae","Aspergillus","Aspergillus_whitfieldii",1,"Unique 100% match","ASV3032","Match","Match","Match","Match","Match","Match"
"1620","ASV1620","Fungi","Basidiomycota","Wallemiomycetes","Wallemiales","Wallemiaceae","Wallemia","Wallemia_tropicalis","Wallemia_tropicalis","sSH0958499.09FU","0.8383608","Wallemia","1AFF3730-16EA-11D6-BEBB-00508BCA8DE8","10428","13","Saprotroph","|Undefined Saprotroph|","Probable","Microfungus","NULL","Decay sugar-rich substrates (Põlme et al. 2020)","Tedersoo L, et al. 2014. Science 346:e1256688 ((https://doi.org/10.1126/science.1256688)); Põlme S, et al. 2020. Fungal Diversity 105:1-16 ((https://doi.org/10.1007/s13225-020-00466-2))","Wallemia_tropicalis","Fungi","Basidiomycota","Wallemiomycetes","Wallemiales","Wallemiaceae","Wallemia","Wallemia_tropicalis",1,"Unique 100% match","ASV3136","Match","Match","Match","Match","Match","Match"
"1621","ASV1621","Fungi","Ascomycota","Eurotiomycetes","Eurotiales","Aspergillaceae",NA,NA,"Aspergillaceae","sSH1067488.09FU","0.9999302","Eurotiales","1CB1CE25-36B9-11D5-9548-00D0592D548C","90472","7","Saprotroph","Undefined Saprotroph","Possible","Microfungus","NULL","NULL","Sterkenburg E, et al. 2015. New Phytologist 207:1145-1158 ((https://doi.org/10.1111/nph.13426))","Aspergillaceae","Fungi","Ascomycota","Eurotiomycetes","Eurotiales","Aspergillaceae",NA,NA,1,"Unique 100% match","ASV7001",NA,NA,"Match","Match","Match","Match"
"1622","ASV1622","Fungi",NA,NA,NA,NA,NA,NA,NA,"sSH1078914.09FU","1.0000000",NA,NA,NA,NA,NA,NA,NA,NA,NA,NA,NA,NA,"Fungi",NA,NA,NA,NA,NA,NA,1,"Unique 100% match","ASV8294",NA,NA,NA,NA,NA,NA
"1632","ASV1632","Fungi","Basidiomycota","Agaricomycetes","Atheliales","Tylosporaceae",NA,NA,"Tylosporaceae","sSH1235671.09FU","0.9944499",NA,NA,NA,NA,NA,NA,NA,NA,NA,NA,NA,"Tylosporaceae","Fungi","Basidiomycota","Agaricomycetes","Atheliales","Tylosporaceae",NA,NA,2,"Multiple 100% matches","ASV3810;ASV5198",NA,NA,"Match","Match","Match","Match"
"1655","ASV1655","Fungi","Ascomycota","Eurotiomycetes","Eurotiales","Aspergillaceae",NA,NA,"Aspergillaceae","sSH1225026.09FU","0.7546657","Eurotiales","1CB1CE25-36B9-11D5-9548-00D0592D548C","90472","7","Saprotroph","Undefined Saprotroph","Possible","Microfungus","NULL","NULL","Sterkenburg E, et al. 2015. New Phytologist 207:1145-1158 ((https://doi.org/10.1111/nph.13426))","Aspergillaceae","Fungi","Ascomycota","Eurotiomycetes","Eurotiales","Aspergillaceae",NA,NA,1,"Unique 100% match","ASV2299",NA,NA,"Match","Match","Match","Match"
"1656","ASV1656","Fungi","Ascomycota","Dothideomycetes",NA,NA,NA,NA,"Dothideomycetes",NA,"0.7746860",NA,NA,NA,NA,NA,NA,NA,NA,NA,NA,NA,"Dothideomycetes","Fungi","Ascomycota","Dothideomycetes","Capnodiales",NA,NA,NA,3,"Multiple 100% matches","ASV2267;ASV3511;ASV8106",NA,NA,NA,NA,"Match","Match"
"1658","ASV1658","Fungi","Basidiomycota","Agaricomycetes","Polyporales","Steccherinaceae","Steccherinum",NA,"Steccherinum",NA,"1.0000000","Steccherinaceae","1CB1CDD9-36B9-11D5-9548-00D0592D548C","81420","9","Saprotroph","Wood Saprotroph","Probable","Corticioid-Polyporoid","White Rot","Growing on dead wood causing white rot, sometimes replacing early colonizers (Cannon & Kirk 2007)","Cannon PF, Kirk PM. 2007. Fungal Families of the World. CAB International, Cambridge (ISBN: 978-0851998275)","Steccherinum","Fungi","Basidiomycota","Agaricomycetes","Polyporales","Steccherinaceae","Steccherinum","Steccherinum_fimbriatum",2,"Multiple 100% matches","ASV2074;ASV3943",NA,"Match","Match","Match","Match","Match"
"1662","ASV1662","Fungi","Basidiomycota","Agaricomycetes","Hymenochaetales","Schizoporaceae","Xylodon","Xylodon_subflaviporus","Xylodon_subflaviporus","sSH1236554.09FU","0.9660926","Schizoporaceae","1CB1CDC9-36B9-11D5-9548-00D0592D548C","80038","9","Saprotroph","Wood Saprotroph","Probable","Corticioid","White Rot","Saprobic, causing white rot of standing and fallen wood of coniferous and broadleaved trees, rarely on herbaceous stems (Cannon & Kirk 2007)","Cannon PF, Kirk PM. 2007. Fungal Families of the World. CAB International, Cambridge (ISBN: 978-0851998275)","Xylodon_subflaviporus","Fungi","Basidiomycota","Agaricomycetes","Hymenochaetales","Schizoporaceae","Xylodon","Xylodon_subflaviporus",1,"Unique 100% match","ASV334","Match","Match","Match","Match","Match","Match"
"1663","ASV1663","Fungi","Basidiomycota","Wallemiomycetes","Wallemiales","Wallemiaceae","Wallemia","Wallemia_tropicalis","Wallemia_tropicalis","sSH0958499.09FU","0.9538815","Wallemia","1AFF3730-16EA-11D6-BEBB-00508BCA8DE8","10428","13","Saprotroph","|Undefined Saprotroph|","Probable","Microfungus","NULL","Decay sugar-rich substrates (Põlme et al. 2020)","Tedersoo L, et al. 2014. Science 346:e1256688 ((https://doi.org/10.1126/science.1256688)); Põlme S, et al. 2020. Fungal Diversity 105:1-16 ((https://doi.org/10.1007/s13225-020-00466-2))","Wallemia_tropicalis","Fungi","Basidiomycota","Wallemiomycetes","Wallemiales","Wallemiaceae","Wallemia","Wallemia_tropicalis",1,"Unique 100% match","ASV4664","Match","Match","Match","Match","Match","Match"
"1665","ASV1665","Fungi","Basidiomycota","Agaricomycetes","Agaricales","Pleurotaceae","Pleurotus","Pleurotus_pulmonarius","Pleurotus_pulmonarius","sSH1290411.09FU","0.9714248","Pleurotaceae","1CB1CDA3-36B9-11D5-9548-00D0592D548C","81191","9","Pathotroph-Saprotroph","Endophyte-Plant Pathogen-Wood Saprotroph","Probable","Agaricoid","White Rot","Sapwood rot on Pistacia; Saprobic on woody substrata, more rarely associated with roots of herbaceous plants. Many species are known to derive nutrition from nematodes, the hyphae with adhesive knobs or toxigenic secretory appendages (Cannon & Kirk 2007)","Cannon PF, Kirk PM. 2007. Fungal Families of the World. CAB International, Cambridge (ISBN: 978-0851998275); Costa IPMW, et al. 2012. Mycotaxon 119:e26 ((http://mycotaxon.com/resources/checklists/costa_v119_checklist.pdf)); The American Phytopathological Society Common Names of Plant Diseases ((http://www.apsnet.org/publications/commonnames/Pages/default.aspx))","Pleurotus_pulmonarius","Fungi","Basidiomycota","Agaricomycetes","Agaricales","Pleurotaceae","Pleurotus","Pleurotus_pulmonarius",1,"Unique 100% match","ASV2501","Match","Match","Match","Match","Match","Match"
"1666","ASV1666","Fungi","Ascomycota","Eurotiomycetes","Eurotiales","Aspergillaceae","Aspergillus",NA,"Aspergillus",NA,"0.9939183","Eurotiales","1CB1CE25-36B9-11D5-9548-00D0592D548C","90472","7","Saprotroph","Undefined Saprotroph","Possible","Microfungus","NULL","NULL","Sterkenburg E, et al. 2015. New Phytologist 207:1145-1158 ((https://doi.org/10.1111/nph.13426))","Aspergillus","Fungi","Ascomycota","Eurotiomycetes","Eurotiales","Aspergillaceae","Aspergillus",NA,1,"Unique 100% match","ASV4287",NA,"Match","Match","Match","Match","Match"
"1669","ASV1669","Fungi","Basidiomycota","Agaricomycetes","Agaricales",NA,NA,NA,"Agaricales","sSH1255551.09FU","0.9983816","Agaricales","715D162F-5F0E-40C8-A7DC-79D488D3F937","90508","7","Pathotroph-Saprotroph-Symbiotroph","Bryophyte Parasite-Dung Saprotroph-Ectomycorrhizal-Fungal Parasite-Leaf Saprotroph-Plant Parasite-Undefined Saprotroph-Wood Saprotroph","Possible","Agaricoid-Gasteroid-Microfungus-Secotioid-Yeast","NULL","Mushrooms and toadstools, Gill fungi, Agarics... lignicolous, sometimes muscicolous or fungicolous, saprobic, mycorrhizal, rarely parasitic on plants or fungi (Kirk et al. 2008)","Kirk PM et al. 2008. Dictionary of the Fungi. Tenth Edition. CAB International, Wallingford (ISBN: 978-0851998268)","Agaricales","Fungi","Basidiomycota","Agaricomycetes","Agaricales",NA,NA,NA,1,"Unique 100% match","ASV1367",NA,NA,NA,"Match","Match","Match"
"1673","ASV1673","Fungi","Basidiomycota","Agaricomycetes","Auriculariales","Exidiaceae","Exidia","Exidia_glandulosa","Exidia_glandulosa","sSH1090624.09FU","0.9998122","Exidia","1CB18A1B-36B9-11D5-9548-00D0592D548C","17572","13","Saprotroph-Symbiotroph","Endophyte-Plant Saprotroph-Undefined Saprotroph-|Wood Saprotroph|","Probable","Tremelloid","NULL","As foliar_endophyte (Põlme et al. 2020); As litter_saprotroph (Põlme et al. 2020); Decay wood, leaf, fruit, seed (Põlme et al. 2020)","Tedersoo L, et al. 2014. Science 346:e1256688 ((https://doi.org/10.1126/science.1256688)); David AS, et al. 2016. Microbial Ecology 71:912-926 ((https://doi.org/10.1007/s00248-015-0712-6)); Põlme S, et al. 2020. Fungal Diversity 105:1-16 ((https://doi.org/10.1007/s13225-020-00466-2))","Exidia_glandulosa","Fungi","Basidiomycota","Agaricomycetes",NA,NA,NA,NA,3,"Multiple 100% matches","ASV1666;ASV3275;ASV677",NA,NA,NA,NA,"Match","Match"
"1674","ASV1674","Fungi","Ascomycota","Sordariomycetes","Xylariales","Diatrypaceae",NA,NA,"Diatrypaceae","sSH0928780.09FU","0.9999823","Diatrypaceae","1CB1CD09-36B9-11D5-9548-00D0592D548C","80692","9","Pathotroph-Saprotroph","Plant Pathogen-Plant Saprotroph","Probable","Microfungus","NULL","Saprobes and (usually) weak parasites in wood and bark (Cannon & Kirk 2007)","Cannon PF, Kirk PM. 2007. Fungal Families of the World. CAB International, Cambridge (ISBN: 978-0851998275)","Diatrypaceae","Fungi","Ascomycota","Sordariomycetes","Xylariales","Diatrypaceae",NA,NA,2,"Multiple 100% matches","ASV2773;ASV4364",NA,NA,"Match","Match","Match","Match"
"1675","ASV1675","Fungi","Ascomycota","Eurotiomycetes","Eurotiales","Aspergillaceae","Aspergillus",NA,"Aspergillus",NA,"0.9964395","Eurotiales","1CB1CE25-36B9-11D5-9548-00D0592D548C","90472","7","Saprotroph","Undefined Saprotroph","Possible","Microfungus","NULL","NULL","Sterkenburg E, et al. 2015. New Phytologist 207:1145-1158 ((https://doi.org/10.1111/nph.13426))","Aspergillus","Fungi","Ascomycota","Eurotiomycetes","Eurotiales","Aspergillaceae","Aspergillus","Aspergillus_versicolor",1,"Unique 100% match","ASV140",NA,"Match","Match","Match","Match","Match"
"1678","ASV1678","Fungi","Basidiomycota","Agaricomycetes",NA,NA,NA,NA,"Agaricomycetes",NA,"1.0000000",NA,NA,NA,NA,NA,NA,NA,NA,NA,NA,NA,"Agaricomycetes","Fungi","Basidiomycota","Agaricomycetes","Russulales","Stereaceae","Stereum",NA,1,"Unique 100% match","ASV6665",NA,NA,NA,NA,"Match","Match"
"1682","ASV1682","Fungi","Ascomycota","Dothideomycetes","Mycosphaerellales","Mycosphaerellaceae","Australosphaerella","Australosphaerella_nootherensis","Australosphaerella_nootherensis","sSH1194660.09FU","1.0000000","Mycosphaerellaceae","1CB1CD75-36B9-11D5-9548-00D0592D548C","81043","9","Pathotroph-Saprotroph","Plant Pathogen-Undefined Saprotroph","Probable","Microfungus","NULL","Biotrophic, necrotrophic or saprobic on various plant tissues (Cannon & Kirk 2007)","Cannon PF, Kirk PM. 2007. Fungal Families of the World. CAB International, Cambridge (ISBN: 978-0851998275)","Australosphaerella_nootherensis","Fungi","Ascomycota","Dothideomycetes","Mycosphaerellales","Mycosphaerellaceae","Australosphaerella","Australosphaerella_nootherensis",1,"Unique 100% match","ASV3235","Match","Match","Match","Match","Match","Match"
"1686","ASV1686","Fungi","Basidiomycota","Agaricomycetes","Hymenochaetales","Schizoporaceae","Oxyporus","Oxyporus_piceicola","Oxyporus_piceicola","sSH1279567.09FU","1.0000000","Schizoporaceae","1CB1CDC9-36B9-11D5-9548-00D0592D548C","80038","9","Saprotroph","Wood Saprotroph","Probable","Corticioid","White Rot","Saprobic, causing white rot of standing and fallen wood of coniferous and broadleaved trees, rarely on herbaceous stems (Cannon & Kirk 2007)","Cannon PF, Kirk PM. 2007. Fungal Families of the World. CAB International, Cambridge (ISBN: 978-0851998275)","Oxyporus_piceicola","Fungi","Basidiomycota","Agaricomycetes","Hymenochaetales","Schizoporaceae","Oxyporus","Oxyporus_piceicola",1,"Unique 100% match","ASV5932","Match","Match","Match","Match","Match","Match"
"1692","ASV1692","Fungi","Ascomycota","Sordariomycetes","Diaporthales","Gnomoniaceae","Ambarignomonia","Ambarignomonia_petiolorum","Ambarignomonia_petiolorum","sSH1271730.09FU","0.9842758","Gnomoniaceae","F36F48E8-C228-4922-8DB6-AE905CA55412","80810","9","Pathotroph-Saprotroph-Symbiotroph","Endophyte-Plant Pathogen-Undefined Saprotroph","Probable","Microfungus","NULL","Most species are saprobes or endophytes in leaves and bark, but a few are neurotrophic pathogens (Cannon & Kirk 2007)","Cannon PF, Kirk PM. 2007. Fungal Families of the World. CAB International, Cambridge (ISBN: 978-0851998275)","Ambarignomonia_petiolorum","Fungi","Ascomycota","Sordariomycetes","Diaporthales","Gnomoniaceae","Ambarignomonia","Ambarignomonia_petiolorum",2,"Multiple 100% matches","ASV5240;ASV598","Match","Match","Match","Match","Match","Match"
"1693","ASV1693","Fungi","Ascomycota","Eurotiomycetes","Eurotiales","Aspergillaceae","Paecilomyces","Paecilomyces_subglobosus","Paecilomyces_subglobosus","sSH1771728.09FU","0.9877653","Eurotiales","1CB1CE25-36B9-11D5-9548-00D0592D548C","90472","7","Saprotroph","Undefined Saprotroph","Possible","Microfungus","NULL","NULL","Sterkenburg E, et al. 2015. New Phytologist 207:1145-1158 ((https://doi.org/10.1111/nph.13426))","Paecilomyces_subglobosus","Fungi","Ascomycota","Eurotiomycetes","Eurotiales","Aspergillaceae","Paecilomyces","Paecilomyces_subglobosus",1,"Unique 100% match","ASV4738","Match","Match","Match","Match","Match","Match"
"1694","ASV1694","Fungi","Basidiomycota","Agaricomycetes","Polyporales","Incrustoporiaceae","Skeletocutis","Skeletocutis_odora","Skeletocutis_odora","sSH1257596.09FU","0.9999987","Skeletocutis","1CB1A2C9-36B9-11D5-9548-00D0592D548C","18554","13","Saprotroph","|Wood Saprotroph|","Highly Probable","Polyporoid","White Rot","As white_rot (Põlme et al. 2020); Decay wood (Põlme et al. 2020)","Gilbertson RL, Ryvarden L. 1987-1987. North American Polypores. Fungiflora, Oslo (ISBN: 978-0945345060); Põlme S, et al. 2020. Fungal Diversity 105:1-16 ((https://doi.org/10.1007/s13225-020-00466-2))","Skeletocutis_odora","Fungi","Basidiomycota","Agaricomycetes","Polyporales","Incrustoporiaceae","Skeletocutis","Skeletocutis_odora",1,"Unique 100% match","ASV3247","Match","Match","Match","Match","Match","Match"
"1695","ASV1695","Fungi","Basidiomycota","Tremellomycetes","Tremellales",NA,NA,NA,"Tremellales",NA,"0.7297540","Tremellales","1CB1CE64-36B9-11D5-9548-00D0592D548C","90451","7","Pathotroph-Saprotroph-Symbiotroph","Fungal Parasite-Undefined Saprotroph","Possible","Tremelloid-Yeast","NULL","The order contains both teleomorphic and anamorphic species, most of the latter being yeasts","Sterkenburg E, et al. 2015. New Phytologist 207:1145-1158 ((https://doi.org/10.1111/nph.13426))","Tremellales","Fungi","Basidiomycota","Tremellomycetes","Tremellales",NA,NA,NA,1,"Unique 100% match","ASV5751",NA,NA,NA,"Match","Match","Match"
"1698","ASV1698","Fungi","Basidiomycota","Agaricomycetes","Agaricales","Typhulaceae","Typhula",NA,"Typhula",NA,"0.9976802","Agaricales","715D162F-5F0E-40C8-A7DC-79D488D3F937","90508","7","Pathotroph-Saprotroph-Symbiotroph","Bryophyte Parasite-Dung Saprotroph-Ectomycorrhizal-Fungal Parasite-Leaf Saprotroph-Plant Parasite-Undefined Saprotroph-Wood Saprotroph","Possible","Agaricoid-Gasteroid-Microfungus-Secotioid-Yeast","NULL","Mushrooms and toadstools, Gill fungi, Agarics... lignicolous, sometimes muscicolous or fungicolous, saprobic, mycorrhizal, rarely parasitic on plants or fungi (Kirk et al. 2008)","Kirk PM et al. 2008. Dictionary of the Fungi. Tenth Edition. CAB International, Wallingford (ISBN: 978-0851998268)","Typhula","Fungi","Basidiomycota","Agaricomycetes","Agaricales","Typhulaceae","Typhula",NA,1,"Unique 100% match","ASV2463",NA,"Match","Match","Match","Match","Match"
"1699","ASV1699","Fungi","Basidiomycota","Agaricomycetes","Polyporales","Polyporaceae","Trametes","Trametes_pubescens","Trametes_pubescens","sSH1122502.09FU","0.7855274","Polyporaceae","1CB19B17-36B9-11D5-9548-00D0592D548C","81203","9","Saprotroph","Wood Saprotroph","Probable","Polyporoid","Brown Rot-White Rot","Lignicolous, causing brown or white rot, mostly of broadleaved trees (Cannon & Kirk 2007)","Cannon PF, Kirk PM. 2007. Fungal Families of the World. CAB International, Cambridge (ISBN: 978-0851998275)","Trametes_pubescens","Fungi","Basidiomycota","Agaricomycetes","Polyporales","Polyporaceae","Trametes","Trametes_versicolor",1,"Unique 100% match","ASV5672","Mismatch","Match","Match","Match","Match","Match"
"1700","ASV1700","Fungi",NA,NA,NA,NA,NA,NA,NA,"sSH0960589.09FU","0.9961271",NA,NA,NA,NA,NA,NA,NA,NA,NA,NA,NA,NA,"Fungi",NA,NA,NA,NA,NA,NA,1,"Unique 100% match","ASV133",NA,NA,NA,NA,NA,NA
"1706","ASV1706","Fungi","Basidiomycota","Agaricomycetes","Cantharellales","Hydnaceae","Sistotrema",NA,"Sistotrema","sSH0906250.09FU","0.9999998","Sistotrema","1CB1CB70-36B9-11D5-9548-00D0592D548C","18551","13","Saprotroph-Symbiotroph","Ectomycorrhizal-|Plant Saprotroph|-Wood Saprotroph","Possible","Corticioid","White Rot","As litter_saprotroph (Põlme et al. 2020); Decay leaf, fruit, seed (Põlme et al. 2020)","Gilbertson RL, Ryvarden L. 1987-1987. North American Polypores. Fungiflora, Oslo (ISBN: 978-0945345060); Rinaldi AC, et al. 2008. Fungal Diversity 33:1-45 ((http://www.fungaldiversity.org/fdp/sfdp/33-1.pdf)) (as ECM/not ECM); Tedersoo L, et al. 2010. Mycorrhiza 20:217-263 ((https://doi.org/10.1007/s00572-009-0274-x)) (pro parte); Põlme S, et al. 2020. Fungal Diversity 105:1-16 ((https://doi.org/10.1007/s13225-020-00466-2)); http://mycorrhizas.info/ecmf.html ((http://mycorrhizas.info/ecmf.html)) (as ECM/not ECM).","Sistotrema","Fungi","Basidiomycota","Agaricomycetes","Cantharellales","Hydnaceae","Sistotrema",NA,1,"Unique 100% match","ASV7983",NA,"Match","Match","Match","Match","Match"
"1709","ASV1709","Fungi",NA,NA,NA,NA,NA,NA,NA,NA,"0.9993629",NA,NA,NA,NA,NA,NA,NA,NA,NA,NA,NA,NA,"Fungi","Ascomycota","Dothideomycetes","Capnodiales",NA,NA,NA,2,"Multiple 100% matches","ASV1387;ASV3532",NA,NA,NA,NA,NA,NA
"1712","ASV1712","Fungi","Ascomycota","Dothideomycetes","Dothideales","Saccotheciaceae","Aureobasidium","Aureobasidium_pullulans","Aureobasidium_pullulans","sSH1240491.09FU","0.9834602","Aureobasidium pullulans","FE27878E-8260-43C1-A33B-204ACC27101A","101771","20","Pathotroph-Symbiotroph","Animal Pathogen-Endophyte-Epiphyte-Plant Pathogen","Possible","NULL","NULL","Pathogen Host - Asteraceae; Epiphyte detection method-culture (Wachowska & Glowacka 2014)","Costa IPMW, et al. 2012. Mycotaxon 119:e26 ((http://mycotaxon.com/resources/checklists/costa_v119_checklist.pdf)); Wachowska U, Głowacka K. 2014. BioControl 59:635-645 ((https://doi.org/10.1007/s10526-014-9596-5)); Irinyia L, et al. 2016. Fungal Biology 120:125-136 ((https://doi.org/10.1016/j.funbio.2015.04.007)); The American Phytopathological Society Common Names of Plant Diseases ((http://www.apsnet.org/publications/commonnames/Pages/default.aspx))","Aureobasidium_pullulans","Fungi","Ascomycota","Dothideomycetes","Dothideales","Saccotheciaceae","Aureobasidium","Aureobasidium_pullulans",1,"Unique 100% match","ASV4865","Match","Match","Match","Match","Match","Match"
"1717","ASV1717","Fungi","Ascomycota","Dothideomycetes","Capnodiales","Neodevriesiaceae",NA,NA,"Neodevriesiaceae",NA,"0.9868487","Neodevriesiaceae","F8168581-D82E-4A75-9190-C7925084B4CA","807766","9","Pathotroph-Saprotroph","Plant Pathogen-Undefined Saprotroph","Probable","NULL","NULL","Members are foliicolous, saprobic or plant pathogenic (Quaedvlieg et al. 2014)","Quaedvlieg W., et al. 2014. Persoonia 3:31-40 ((http://doi.org/10.3767/003158514X681981))","Neodevriesiaceae","Fungi","Ascomycota","Dothideomycetes","Capnodiales",NA,NA,NA,2,"Multiple 100% matches","ASV3713;ASV847",NA,NA,NA,"Match","Match","Match"
"1723","ASV1723","Fungi","Ascomycota","Dothideomycetes","Mycosphaerellales","Teratosphaeriaceae",NA,NA,"Teratosphaeriaceae",NA,"0.7445111","Teratosphaeriaceae","87A3FDCC-E75C-4F2E-B987-C7579847CE32","504465","9","Pathotroph-Saprotroph","Animal Pathogen-Plant Pathogen-Undefined Saprotroph","Probable","NULL","NULL","Includes numerous saprobic, extremophilic, human opportunistic, and plant pathogenic fungi (Quaedvlieg et al. 2014)","Quaedvlieg W, et al. 2014. Persoonia 3:31-40 ((https://doi.org/10.3767/003158514X681981))","Teratosphaeriaceae","Fungi","Ascomycota",NA,NA,NA,NA,NA,5,"Multiple 100% matches","ASV1729;ASV1745;ASV7573;ASV8228;ASV8229",NA,NA,NA,NA,NA,"Match"
"1727","ASV1727","Fungi","Basidiomycota","Agaricomycetes","Agaricales","Lyophyllaceae","Ossicaulis","Ossicaulis_lignatilis","Ossicaulis_lignatilis","sSH1310754.09FU","0.9243363","Lyophyllaceae","D430CD68-3D0F-4B65-A514-B079A244738F","80005","9","Pathotroph-Saprotroph-Symbiotroph","Ectomycorrhizal-Fungal Pathogen-Undefined Saprotroph","Possible","Agaricoid","NULL","NULL","Kirk PM et al. 2008. Dictionary of the Fungi. Tenth Edition. CAB International, Wallingford (ISBN: 978-0851998268)","Ossicaulis_lignatilis","Fungi","Basidiomycota","Agaricomycetes","Agaricales","Lyophyllaceae","Ossicaulis","Ossicaulis_lignatilis",1,"Unique 100% match","ASV6664","Match","Match","Match","Match","Match","Match"
"1728","ASV1728","Fungi","Basidiomycota","Agaricomycetes","Polyporales","Meruliaceae","Phlebia","Phlebia_tremellosa","Phlebia_tremellosa","sSH0880595.09FU","0.9999134","Meruliaceae","9E12B0B5-1D82-4978-AF3D-6EC22C257619","89005","9","Pathotroph-Saprotroph","Plant Pathogen-Undefined Saprotroph","Probable","Corticioid-Polyporoid","NULL","Saprobic or parasitic on woody plants, causing a white rot (Cannon & Kirk 2007)","Cannon PF, Kirk PM. 2007. Fungal Families of the World. CAB International, Cambridge (ISBN: 978-0851998275)","Phlebia_tremellosa","Fungi","Basidiomycota","Agaricomycetes","Polyporales","Meruliaceae","Phlebia","Phlebia_tremellosa",2,"Multiple 100% matches","ASV3615;ASV6032","Match","Match","Match","Match","Match","Match"
"1733","ASV1733","Fungi","Basidiomycota","Agaricomycetes","Polyporales","Polyporaceae","Trametes","Trametes_pubescens","Trametes_pubescens","sSH1122502.09FU","0.7955831","Polyporaceae","1CB19B17-36B9-11D5-9548-00D0592D548C","81203","9","Saprotroph","Wood Saprotroph","Probable","Polyporoid","Brown Rot-White Rot","Lignicolous, causing brown or white rot, mostly of broadleaved trees (Cannon & Kirk 2007)","Cannon PF, Kirk PM. 2007. Fungal Families of the World. CAB International, Cambridge (ISBN: 978-0851998275)","Trametes_pubescens","Fungi","Basidiomycota","Agaricomycetes","Polyporales","Polyporaceae","Trametes","Trametes_versicolor",1,"Unique 100% match","ASV6437","Mismatch","Match","Match","Match","Match","Match"
"1745","ASV1745","Fungi","Basidiomycota","Agaricomycetes","Auriculariales","Exidiaceae","Basidiodendron",NA,"Basidiodendron","sSH1023643.09FU","0.9988776","Basidiodendron","1CB1C4F5-36B9-11D5-9548-00D0592D548C","17148","13","Saprotroph","Undefined Saprotroph-|Wood Saprotroph|","Probable","Corticioid","NULL","Decay wood (Põlme et al. 2020)","Tedersoo L, et al. 2014. Science 346:e1256688 ((https://doi.org/10.1126/science.1256688)); Põlme S, et al. 2020. Fungal Diversity 105:1-16 ((https://doi.org/10.1007/s13225-020-00466-2))","Basidiodendron","Fungi","Basidiomycota","Agaricomycetes","Auriculariales","Exidiaceae","Basidiodendron",NA,2,"Multiple 100% matches","ASV5324;ASV600",NA,"Match","Match","Match","Match","Match"
"1746","ASV1746","Fungi","Basidiomycota","Agaricomycetes","Hymenochaetales","Hymenochaetaceae","Fuscoporia","Fuscoporia_chinensis","Fuscoporia_chinensis","sSH1189814.09FU","0.9999255","Hymenochaetaceae","CC29D6F9-5984-496D-97E7-42EB138C1FEE","536196","9","Saprotroph-Symbiotroph","Ectomycorrhizal-Wood Saprotroph","Probable","Corticioid-Polyporoid","NULL","Lignicolous, causing white rots, rarely ectomycorrhizal (Cannon & Kirk 2007)","Cannon PF, Kirk PM. 2007. Fungal Families of the World. CAB International, Cambridge (ISBN: 978-0851998275)","Fuscoporia_chinensis","Fungi","Basidiomycota","Agaricomycetes","Hymenochaetales","Hymenochaetaceae","Fuscoporia","Fuscoporia_chinensis",1,"Unique 100% match","ASV946","Match","Match","Match","Match","Match","Match"
"1747","ASV1747","Fungi","Basidiomycota","Agaricomycetes","Polyporales","Phanerochaetaceae","Bjerkandera","Bjerkandera_adusta","Bjerkandera_adusta","sSH1177901.09FU","0.9718370","Bjerkandera","1CB1C50E-36B9-11D5-9548-00D0592D548C","17160","13","Pathotroph-Saprotroph-Symbiotroph","Endophyte-Plant Pathogen-|Wood Saprotroph|","Highly Probable","Polyporoid","White Rot","As root_endophyte_dark_septate (Põlme et al. 2020); As white_rot (Põlme et al. 2020); As wood_pathogen (Põlme et al. 2020); Decay wood (Põlme et al. 2020)","Gilbertson RL, Ryvarden L. 1987-1987. North American Polypores. Fungiflora, Oslo (ISBN: 978-0945345060); Põlme S, et al. 2020. Fungal Diversity 105:1-16 ((https://doi.org/10.1007/s13225-020-00466-2))","Bjerkandera_adusta","Fungi","Basidiomycota","Agaricomycetes","Polyporales","Phanerochaetaceae","Bjerkandera","Bjerkandera_adusta",1,"Unique 100% match","ASV5123","Match","Match","Match","Match","Match","Match"
"1749","ASV1749","Fungi","Basidiomycota","Agaricomycetes","Polyporales","Meruliaceae","Phlebia","Phlebia_tremellosa","Phlebia_tremellosa","sSH0880595.09FU","1.0000000","Meruliaceae","9E12B0B5-1D82-4978-AF3D-6EC22C257619","89005","9","Pathotroph-Saprotroph","Plant Pathogen-Undefined Saprotroph","Probable","Corticioid-Polyporoid","NULL","Saprobic or parasitic on woody plants, causing a white rot (Cannon & Kirk 2007)","Cannon PF, Kirk PM. 2007. Fungal Families of the World. CAB International, Cambridge (ISBN: 978-0851998275)","Phlebia_tremellosa","Fungi","Basidiomycota","Agaricomycetes","Polyporales","Meruliaceae","Phlebia","Phlebia_tremellosa",3,"Multiple 100% matches","ASV3987;ASV6387;ASV6434","Match","Match","Match","Match","Match","Match"
"1759","ASV1759","Fungi","Ascomycota","Eurotiomycetes","Eurotiales","Aspergillaceae","Aspergillus","Aspergillus_penicillioides","Aspergillus_penicillioides",NA,"0.9167564","Eurotiales","1CB1CE25-36B9-11D5-9548-00D0592D548C","90472","7","Saprotroph","Undefined Saprotroph","Possible","Microfungus","NULL","NULL","Sterkenburg E, et al. 2015. New Phytologist 207:1145-1158 ((https://doi.org/10.1111/nph.13426))","Aspergillus_penicillioides","Fungi","Ascomycota","Eurotiomycetes","Eurotiales","Aspergillaceae","Aspergillus","Aspergillus_penicillioides",1,"Unique 100% match","ASV867","Match","Match","Match","Match","Match","Match"
"1761","ASV1761","Fungi","Ascomycota","Eurotiomycetes","Eurotiales","Aspergillaceae","Aspergillus",NA,"Aspergillus",NA,"0.8256065","Eurotiales","1CB1CE25-36B9-11D5-9548-00D0592D548C","90472","7","Saprotroph","Undefined Saprotroph","Possible","Microfungus","NULL","NULL","Sterkenburg E, et al. 2015. New Phytologist 207:1145-1158 ((https://doi.org/10.1111/nph.13426))","Aspergillus","Fungi","Ascomycota","Eurotiomycetes","Eurotiales","Aspergillaceae","Aspergillus",NA,2,"Multiple 100% matches","ASV333;ASV7854",NA,"Match","Match","Match","Match","Match"
"1764","ASV1764","Fungi","Basidiomycota","Agaricomycetes","Russulales","Peniophoraceae","Peniophora","Peniophora_bicornis","Peniophora_bicornis","sSH1068927.09FU","0.9958682","Peniophoraceae","1CB1CD8B-36B9-11D5-9548-00D0592D548C","81123","9","Pathotroph-Saprotroph","Plant Pathogen-Wood Saprotroph","Probable","Corticioid","White Rot","Most species are saprobic, causing rots of standing and fallen wood. Many species are adapted to xeric conditions, being able to grow on rapidly drying dead attached branches (Cannon & Kirk 2007)","Cannon PF, Kirk PM. 2007. Fungal Families of the World. CAB International, Cambridge (ISBN: 978-0851998275)","Peniophora_bicornis","Fungi","Basidiomycota","Agaricomycetes","Russulales","Peniophoraceae","Peniophora","Peniophora_bicornis",3,"Multiple 100% matches","ASV1328;ASV1699;ASV2091","Match","Match","Match","Match","Match","Match"
"1765","ASV1765","Fungi","Ascomycota","Taphrinomycetes","Taphrinales","Taphrinaceae","Taphrina","Taphrina_inositophila","Taphrina_inositophila","sSH1286365.09FU","0.9999206","Taphrinaceae","1CB1CDE3-36B9-11D5-9548-00D0592D548C","81450","9","Pathotroph","Plant Pathogen","Probable","Microfungus","NULL","Biotrophic on plants, usually causing hyperplasia (galls, witches broom) or lesions (Cannon & Kirk 2007)","Cannon PF, Kirk PM. 2007. Fungal Families of the World. CAB International, Cambridge (ISBN: 978-0851998275)","Taphrina_inositophila","Fungi","Ascomycota","Taphrinomycetes","Taphrinales","Taphrinaceae","Taphrina","Taphrina_inositophila",1,"Unique 100% match","ASV1096","Match","Match","Match","Match","Match","Match"
"1767","ASV1767","Fungi","Basidiomycota","Agaricomycetes","Sistotremastrales","Sistotremastraceae","Sistotremastrum","Sistotremastrum_guttuliferum","Sistotremastrum_guttuliferum","sSH0893878.09FU","0.9997577","Sistotremastrum","091F1714-D38C-4FB2-A0F9-84225773BCBE","18553","13","Saprotroph","Undefined Saprotroph-|Wood Saprotroph|","Probable","Corticioid","White Rot","As white_rot (Põlme et al. 2020); Decay wood (Põlme et al. 2020)","Tedersoo L, et al. 2014. Science 346:e1256688 ((https://doi.org/10.1126/science.1256688)); Põlme S, et al. 2020. Fungal Diversity 105:1-16 ((https://doi.org/10.1007/s13225-020-00466-2))","Sistotremastrum_guttuliferum","Fungi","Basidiomycota","Agaricomycetes","Sistotremastrales","Sistotremastraceae","Sistotremastrum","Sistotremastrum_guttuliferum",1,"Unique 100% match","ASV2032","Match","Match","Match","Match","Match","Match"
"1771","ASV1771","Fungi","Basidiomycota","Agaricomycetes","Polyporales","Incrustoporiaceae","Skeletocutis",NA,"Skeletocutis",NA,"0.9999999","Skeletocutis","1CB1A2C9-36B9-11D5-9548-00D0592D548C","18554","13","Saprotroph","|Wood Saprotroph|","Highly Probable","Polyporoid","White Rot","As white_rot (Põlme et al. 2020); Decay wood (Põlme et al. 2020)","Gilbertson RL, Ryvarden L. 1987-1987. North American Polypores. Fungiflora, Oslo (ISBN: 978-0945345060); Põlme S, et al. 2020. Fungal Diversity 105:1-16 ((https://doi.org/10.1007/s13225-020-00466-2))","Skeletocutis","Fungi","Basidiomycota","Agaricomycetes","Polyporales","Incrustoporiaceae","Skeletocutis","Skeletocutis_kuehneri",1,"Unique 100% match","ASV7692",NA,"Match","Match","Match","Match","Match"
"1773","ASV1773","Fungi","Basidiomycota","Agaricomycetes","Polyporales",NA,NA,NA,"Polyporales","sSH1224743.09FU","0.9998052",NA,NA,NA,NA,NA,NA,NA,NA,NA,NA,NA,"Polyporales","Fungi","Basidiomycota","Agaricomycetes","Polyporales",NA,NA,NA,1,"Unique 100% match","ASV7659",NA,NA,NA,"Match","Match","Match"
"1774","ASV1774","Fungi",NA,NA,NA,NA,NA,NA,NA,NA,"0.9998857",NA,NA,NA,NA,NA,NA,NA,NA,NA,NA,NA,NA,"Fungi","Ascomycota","Dothideomycetes","Capnodiales",NA,NA,NA,2,"Multiple 100% matches","ASV3167;ASV4690",NA,NA,NA,NA,NA,NA
"1778","ASV1778","Fungi","Ascomycota","Dothideomycetes","Mycosphaerellales","Teratosphaeriaceae","Devriesia",NA,"Devriesia","sSH0993975.09FU","0.9999525","Teratosphaeriaceae","87A3FDCC-E75C-4F2E-B987-C7579847CE32","504465","9","Pathotroph-Saprotroph","Animal Pathogen-Plant Pathogen-Undefined Saprotroph","Probable","NULL","NULL","Includes numerous saprobic, extremophilic, human opportunistic, and plant pathogenic fungi (Quaedvlieg et al. 2014)","Quaedvlieg W, et al. 2014. Persoonia 3:31-40 ((https://doi.org/10.3767/003158514X681981))","Devriesia","Fungi","Ascomycota","Dothideomycetes","Mycosphaerellales","Teratosphaeriaceae","Devriesia",NA,2,"Multiple 100% matches","ASV2338;ASV7200",NA,"Match","Match","Match","Match","Match"
"1779","ASV1779","Fungi","Basidiomycota","Agaricomycetes","Russulales","Peniophoraceae","Peniophora","Peniophora_pini","Peniophora_pini","sSH1068862.09FU","0.9229912","Peniophoraceae","1CB1CD8B-36B9-11D5-9548-00D0592D548C","81123","9","Pathotroph-Saprotroph","Plant Pathogen-Wood Saprotroph","Probable","Corticioid","White Rot","Most species are saprobic, causing rots of standing and fallen wood. Many species are adapted to xeric conditions, being able to grow on rapidly drying dead attached branches (Cannon & Kirk 2007)","Cannon PF, Kirk PM. 2007. Fungal Families of the World. CAB International, Cambridge (ISBN: 978-0851998275)","Peniophora_pini","Fungi","Basidiomycota","Agaricomycetes","Russulales","Peniophoraceae","Peniophora","Peniophora_pini",5,"Multiple 100% matches","ASV1277;ASV3009;ASV3871;ASV5877;ASV6421","Match","Match","Match","Match","Match","Match"
"1780","ASV1780","Fungi","Basidiomycota","Agaricomycetes","Polyporales","Steccherinaceae","Steccherinum","Steccherinum_ochraceum","Steccherinum_ochraceum",NA,"0.9997477","Steccherinaceae","1CB1CDD9-36B9-11D5-9548-00D0592D548C","81420","9","Saprotroph","Wood Saprotroph","Probable","Corticioid-Polyporoid","White Rot","Growing on dead wood causing white rot, sometimes replacing early colonizers (Cannon & Kirk 2007)","Cannon PF, Kirk PM. 2007. Fungal Families of the World. CAB International, Cambridge (ISBN: 978-0851998275)","Steccherinum_ochraceum","Fungi","Basidiomycota","Agaricomycetes","Polyporales","Steccherinaceae","Steccherinum","Steccherinum_ochraceum",1,"Unique 100% match","ASV7959","Match","Match","Match","Match","Match","Match"
"1781","ASV1781","Fungi","Basidiomycota","Agaricomycetes","Trechisporales","Hydnodontaceae","Trechispora","Trechispora_byssinella","Trechispora_byssinella","sSH1236068.09FU","1.0000000","Trechispora","1CB1CC1A-36B9-11D5-9548-00D0592D548C","18664","13","Saprotroph","|Wood Saprotroph|","Highly Probable","Corticioid","White Rot","As white_rot (Põlme et al. 2020); Decay wood (Põlme et al. 2020)","Gilbertson RL, Ryvarden L. 1987-1987. North American Polypores. Fungiflora, Oslo (ISBN: 978-0945345060); Rinaldi AC, et al. 2008. Fungal Diversity 33:1-45 ((http://www.fungaldiversity.org/fdp/sfdp/33-1.pdf)) (as Uncertain); Tedersoo L, et al. 2010. Mycorrhiza 20:217-263 ((https://doi.org/10.1007/s00572-009-0274-x)) (as not ECM).; Põlme S, et al. 2020. Fungal Diversity 105:1-16 ((https://doi.org/10.1007/s13225-020-00466-2))","Trechispora_byssinella","Fungi","Basidiomycota","Agaricomycetes","Trechisporales","Hydnodontaceae","Trechispora","Trechispora_byssinella",1,"Unique 100% match","ASV7418","Match","Match","Match","Match","Match","Match"
"1786","ASV1786","Fungi","Ascomycota","Dothideomycetes","Mycosphaerellales","Teratosphaeriaceae","Hortaea","Hortaea_werneckii","Hortaea_werneckii","sSH1000031.09FU","0.9999999","Teratosphaeriaceae","87A3FDCC-E75C-4F2E-B987-C7579847CE32","504465","9","Pathotroph-Saprotroph","Animal Pathogen-Plant Pathogen-Undefined Saprotroph","Probable","NULL","NULL","Includes numerous saprobic, extremophilic, human opportunistic, and plant pathogenic fungi (Quaedvlieg et al. 2014)","Quaedvlieg W, et al. 2014. Persoonia 3:31-40 ((https://doi.org/10.3767/003158514X681981))","Hortaea_werneckii","Fungi","Ascomycota","Dothideomycetes","Mycosphaerellales","Teratosphaeriaceae","Hortaea","Hortaea_werneckii",1,"Unique 100% match","ASV1768","Match","Match","Match","Match","Match","Match"
"1792","ASV1792","Fungi","Basidiomycota","Agaricomycetes","Hymenochaetales","Hymenochaetaceae","Hymenochaetopsis",NA,"Hymenochaetopsis",NA,"0.9688703","Hymenochaetaceae","CC29D6F9-5984-496D-97E7-42EB138C1FEE","536196","9","Saprotroph-Symbiotroph","Ectomycorrhizal-Wood Saprotroph","Probable","Corticioid-Polyporoid","NULL","Lignicolous, causing white rots, rarely ectomycorrhizal (Cannon & Kirk 2007)","Cannon PF, Kirk PM. 2007. Fungal Families of the World. CAB International, Cambridge (ISBN: 978-0851998275)","Hymenochaetopsis","Fungi","Basidiomycota","Agaricomycetes","Hymenochaetales","Hymenochaetaceae","Hymenochaetopsis",NA,2,"Multiple 100% matches","ASV6695;ASV7334",NA,"Match","Match","Match","Match","Match"
"1794","ASV1794","Fungi","Basidiomycota","Tremellomycetes","Tremellales","Bulleribasidiaceae","Dioszegia",NA,"Dioszegia","sSH1004075.09FU","0.9385327","Tremellales","1CB1CE64-36B9-11D5-9548-00D0592D548C","90451","7","Pathotroph-Saprotroph-Symbiotroph","Fungal Parasite-Undefined Saprotroph","Possible","Tremelloid-Yeast","NULL","The order contains both teleomorphic and anamorphic species, most of the latter being yeasts","Sterkenburg E, et al. 2015. New Phytologist 207:1145-1158 ((https://doi.org/10.1111/nph.13426))","Dioszegia","Fungi","Basidiomycota","Tremellomycetes","Tremellales","Bulleribasidiaceae","Dioszegia",NA,1,"Unique 100% match","ASV6642",NA,"Match","Match","Match","Match","Match"
"1796","ASV1796","Fungi","Basidiomycota","Agaricomycetes","Russulales","Stereaceae","Stereum",NA,"Stereum",NA,"0.8289070","Stereaceae","1CB1CDDC-36B9-11D5-9548-00D0592D548C","81424","9","Saprotroph","Undefined Saprotroph-Wood Saprotroph","Probable","Corticioid-Polyporoid","NULL","Lignicolous or terrestrial (in leaf litter); typically saprobic (Cannon & Kirk 2007)","Cannon PF, Kirk PM. 2007. Fungal Families of the World. CAB International, Cambridge (ISBN: 978-0851998275)","Stereum","Fungi","Basidiomycota","Agaricomycetes","Russulales","Stereaceae","Stereum",NA,1,"Unique 100% match","ASV6857",NA,"Match","Match","Match","Match","Match"
"1800","ASV1800","Fungi","Basidiomycota","Agaricomycetes","Polyporales","Incrustoporiaceae","Skeletocutis","Skeletocutis_kuehneri","Skeletocutis_kuehneri","sSH1010839.09FU","0.9999956","Skeletocutis","1CB1A2C9-36B9-11D5-9548-00D0592D548C","18554","13","Saprotroph","|Wood Saprotroph|","Highly Probable","Polyporoid","White Rot","As white_rot (Põlme et al. 2020); Decay wood (Põlme et al. 2020)","Gilbertson RL, Ryvarden L. 1987-1987. North American Polypores. Fungiflora, Oslo (ISBN: 978-0945345060); Põlme S, et al. 2020. Fungal Diversity 105:1-16 ((https://doi.org/10.1007/s13225-020-00466-2))","Skeletocutis_kuehneri","Fungi","Basidiomycota","Agaricomycetes","Polyporales","Incrustoporiaceae","Skeletocutis","Skeletocutis_kuehneri",1,"Unique 100% match","ASV7113","Match","Match","Match","Match","Match","Match"
"1803","ASV1803","Fungi","Basidiomycota","Agaricomycetes","Polyporales","Meruliaceae","Mycoacia","Mycoacia_fuscoatra","Mycoacia_fuscoatra","sSH1264944.09FU","0.9999957","Meruliaceae","9E12B0B5-1D82-4978-AF3D-6EC22C257619","89005","9","Pathotroph-Saprotroph","Plant Pathogen-Undefined Saprotroph","Probable","Corticioid-Polyporoid","NULL","Saprobic or parasitic on woody plants, causing a white rot (Cannon & Kirk 2007)","Cannon PF, Kirk PM. 2007. Fungal Families of the World. CAB International, Cambridge (ISBN: 978-0851998275)","Mycoacia_fuscoatra","Fungi","Basidiomycota","Agaricomycetes","Polyporales","Meruliaceae","Mycoacia","Mycoacia_fuscoatra",1,"Unique 100% match","ASV1510","Match","Match","Match","Match","Match","Match"
"1812","ASV1812","Fungi","Basidiomycota","Agaricomycetes","Russulales","Wrightoporiaceae","Wrightoporia","Wrightoporia_austrosinensis","Wrightoporia_austrosinensis","sSH1323069.09FU","1.0000000","Wrightoporia","1CB1CC82-36B9-11D5-9548-00D0592D548C","18750","13","Saprotroph","|Wood Saprotroph|","Highly Probable","Corticioid","White Rot","As white_rot (Põlme et al. 2020); Decay wood (Põlme et al. 2020)","Gilbertson RL, Ryvarden L. 1987-1987. North American Polypores. Fungiflora, Oslo (ISBN: 978-0945345060); Põlme S, et al. 2020. Fungal Diversity 105:1-16 ((https://doi.org/10.1007/s13225-020-00466-2))","Wrightoporia_austrosinensis","Fungi","Basidiomycota","Agaricomycetes","Russulales","Wrightoporiaceae","Wrightoporia","Wrightoporia_austrosinensis",1,"Unique 100% match","ASV2772","Match","Match","Match","Match","Match","Match"
