SequenceID	kingdom	phylum	class	order	family	genus	species	assignment	species_hypothesis	Confidence.x	taxon	guid	mbNumber	taxonomicLevel	trophicMode	guild	confidenceRanking	growthForm	trait	notes	citationSource	assignment.1
ASV1	Fungi	Ascomycota	Dothideomycetes	Capnodiales	Cladosporiaceae	Cladosporium	Cladosporium_halotolerans	Cladosporium_halotolerans	sSH2100630.09FU	0.9957844	Cladosporiaceae	6EDCD6E4-DE4D-443D-AF6B-A572F626BD45	816548	9	Pathotroph-Saprotroph-Symbiotroph	Animal Pathogen-Endophyte-Lichen Parasite-Plant Pathogen-Wood Saprotroph	Possible	Microfungus	NULL	NULL	Seehann G, et al. 1975. List of Fungi in Soft-Rot Tissue Tests. Institute fur Holzbiologie und Holzschutz, Bundesforschungsanstalt fur Forst - und Holzwirtshaft, Hamburg - Lohbrugge, Germany; Lawrey JD, Diederich P. 2016. http://www.lichenicolous.net (accessed 24 May 2017) ((http://www.lichenicolous.net)); The American Phytopathological Society Common Names of Plant Diseases ((http://www.apsnet.org/publications/commonnames/Pages/default.aspx))	Cladosporium_halotolerans
ASV2	Fungi	Ascomycota	Dothideomycetes	Pleosporales	Didymellaceae	NA	NA	Didymellaceae	NA	0.9670901	Didymellaceae	F971F4FB-F68A-481E-B5F1-2BF2B753AA5D	508292	9	Pathotroph-Saprotroph	Animal Pathogen-Plant Pathogen-Undefined Saprotroph	Possible	Microfungus	NULL	NULL	Tedersoo L, et al. 2014. Science 346:e1256688 ((https://doi.org/10.1126/science.1256688))	Didymellaceae
ASV3	Fungi	Ascomycota	Dothideomycetes	Capnodiales	Cladosporiaceae	Cladosporium	NA	Cladosporium	NA	0.9630689	Cladosporiaceae	6EDCD6E4-DE4D-443D-AF6B-A572F626BD45	816548	9	Pathotroph-Saprotroph-Symbiotroph	Animal Pathogen-Endophyte-Lichen Parasite-Plant Pathogen-Wood Saprotroph	Possible	Microfungus	NULL	NULL	Seehann G, et al. 1975. List of Fungi in Soft-Rot Tissue Tests. Institute fur Holzbiologie und Holzschutz, Bundesforschungsanstalt fur Forst - und Holzwirtshaft, Hamburg - Lohbrugge, Germany; Lawrey JD, Diederich P. 2016. http://www.lichenicolous.net (accessed 24 May 2017) ((http://www.lichenicolous.net)); The American Phytopathological Society Common Names of Plant Diseases ((http://www.apsnet.org/publications/commonnames/Pages/default.aspx))	Cladosporium
ASV4	Fungi	Ascomycota	Dothideomycetes	Capnodiales	Cladosporiaceae	Cladosporium	NA	Cladosporium	NA	0.8677805	Cladosporiaceae	6EDCD6E4-DE4D-443D-AF6B-A572F626BD45	816548	9	Pathotroph-Saprotroph-Symbiotroph	Animal Pathogen-Endophyte-Lichen Parasite-Plant Pathogen-Wood Saprotroph	Possible	Microfungus	NULL	NULL	Seehann G, et al. 1975. List of Fungi in Soft-Rot Tissue Tests. Institute fur Holzbiologie und Holzschutz, Bundesforschungsanstalt fur Forst - und Holzwirtshaft, Hamburg - Lohbrugge, Germany; Lawrey JD, Diederich P. 2016. http://www.lichenicolous.net (accessed 24 May 2017) ((http://www.lichenicolous.net)); The American Phytopathological Society Common Names of Plant Diseases ((http://www.apsnet.org/publications/commonnames/Pages/default.aspx))	Cladosporium
ASV5	Fungi	Ascomycota	Dothideomycetes	Pleosporales	Didymellaceae	NA	NA	Didymellaceae	NA	0.9948787	Didymellaceae	F971F4FB-F68A-481E-B5F1-2BF2B753AA5D	508292	9	Pathotroph-Saprotroph	Animal Pathogen-Plant Pathogen-Undefined Saprotroph	Possible	Microfungus	NULL	NULL	Tedersoo L, et al. 2014. Science 346:e1256688 ((https://doi.org/10.1126/science.1256688))	Didymellaceae
ASV6	Fungi	Ascomycota	Eurotiomycetes	Eurotiales	Aspergillaceae	Penicillium	NA	Penicillium	sSH1225252.09FU	0.9495887	Eurotiales	1CB1CE25-36B9-11D5-9548-00D0592D548C	90472	7	Saprotroph	Undefined Saprotroph	Possible	Microfungus	NULL	NULL	Sterkenburg E, et al. 2015. New Phytologist 207:1145-1158 ((https://doi.org/10.1111/nph.13426))	Penicillium
ASV7	Fungi	Ascomycota	Dothideomycetes	Capnodiales	Cladosporiaceae	Toxicocladosporium	NA	Toxicocladosporium	NA	0.9998907	Cladosporiaceae	6EDCD6E4-DE4D-443D-AF6B-A572F626BD45	816548	9	Pathotroph-Saprotroph-Symbiotroph	Animal Pathogen-Endophyte-Lichen Parasite-Plant Pathogen-Wood Saprotroph	Possible	Microfungus	NULL	NULL	Seehann G, et al. 1975. List of Fungi in Soft-Rot Tissue Tests. Institute fur Holzbiologie und Holzschutz, Bundesforschungsanstalt fur Forst - und Holzwirtshaft, Hamburg - Lohbrugge, Germany; Lawrey JD, Diederich P. 2016. http://www.lichenicolous.net (accessed 24 May 2017) ((http://www.lichenicolous.net)); The American Phytopathological Society Common Names of Plant Diseases ((http://www.apsnet.org/publications/commonnames/Pages/default.aspx))	Toxicocladosporium
ASV8	Fungi	Ascomycota	Sordariomycetes	Hypocreales	Nectriaceae	NA	NA	Nectriaceae	NA	0.9989626	Nectriaceae	1CB1CD7A-36B9-11D5-9548-00D0592D548C	81059	9	Pathotroph-Saprotroph-Symbiotroph	Animal Pathogen-Endophyte-Fungal Parasite-Lichen Parasite-Plant Pathogen-Wood Saprotroph	Possible	Microfungus	NULL	Fusarium species are amongst the economically significant plant pathogens (Cannon & Kirk 2007)	Cannon PF, Kirk PM. 2007. Fungal Families of the World. CAB International, Cambridge (ISBN: 978-0851998275); Hirooka Y, et al. 2012. Studies in Mycology 711-210 ((https://doi.org/10.3114/sim0001)); Tedersoo L, et al. 2014. Science 346:e1256688 ((https://doi.org/10.1126/science.1256688)); The American Phytopathological Society Common Names of Plant Diseases ((http://www.apsnet.org/publications/commonnames/Pages/default.aspx)); https://www.cdc.gov ((https://www.cdc.gov))	Nectriaceae
ASV9	Fungi	Ascomycota	Eurotiomycetes	Eurotiales	Aspergillaceae	Aspergillus	NA	Aspergillus	NA	0.9531604	Eurotiales	1CB1CE25-36B9-11D5-9548-00D0592D548C	90472	7	Saprotroph	Undefined Saprotroph	Possible	Microfungus	NULL	NULL	Sterkenburg E, et al. 2015. New Phytologist 207:1145-1158 ((https://doi.org/10.1111/nph.13426))	Aspergillus
ASV10	Fungi	Ascomycota	Dothideomycetes	Capnodiales	Cladosporiaceae	Cladosporium	Cladosporium_halotolerans	Cladosporium_halotolerans	sSH2100630.09FU	0.9718553	Cladosporiaceae	6EDCD6E4-DE4D-443D-AF6B-A572F626BD45	816548	9	Pathotroph-Saprotroph-Symbiotroph	Animal Pathogen-Endophyte-Lichen Parasite-Plant Pathogen-Wood Saprotroph	Possible	Microfungus	NULL	NULL	Seehann G, et al. 1975. List of Fungi in Soft-Rot Tissue Tests. Institute fur Holzbiologie und Holzschutz, Bundesforschungsanstalt fur Forst - und Holzwirtshaft, Hamburg - Lohbrugge, Germany; Lawrey JD, Diederich P. 2016. http://www.lichenicolous.net (accessed 24 May 2017) ((http://www.lichenicolous.net)); The American Phytopathological Society Common Names of Plant Diseases ((http://www.apsnet.org/publications/commonnames/Pages/default.aspx))	Cladosporium_halotolerans
ASV11	Fungi	Ascomycota	Sordariomycetes	Hypocreales	NA	Acremonium	Acremonium_tubakii	Acremonium_tubakii	sSH1310858.09FU	0.9822399	Hypocreales	1CB18E60-36B9-11D5-9548-00D0592D548C	90477	7	Saprotroph	Undefined Saprotroph	Possible	Microfungus	NULL	NULL	Sterkenburg E, et al. 2015. New Phytologist 207:1145-1158 ((https://doi.org/10.1111/nph.13426))	Acremonium_tubakii
ASV12	Fungi	Basidiomycota	Malasseziomycetes	Malasseziales	Malasseziaceae	Malassezia	Malassezia_restricta	Malassezia_restricta	sSH1102553.09FU	0.9999938	Malassezia restricta	0ED4066F-EEFE-46DE-95EC-94452E61766B	437921	20	Pathotroph	Animal Pathogen	Probable	NULL	NULL	Opportunistic human pathogen	https://www.cdc.gov ((https://www.cdc.gov))	Malassezia_restricta
ASV13	Fungi	Ascomycota	Dothideomycetes	Capnodiales	Cladosporiaceae	Cladosporium	Cladosporium_endophyticum	Cladosporium_endophyticum	sSH4359617.09FU	0.9832336	Cladosporiaceae	6EDCD6E4-DE4D-443D-AF6B-A572F626BD45	816548	9	Pathotroph-Saprotroph-Symbiotroph	Animal Pathogen-Endophyte-Lichen Parasite-Plant Pathogen-Wood Saprotroph	Possible	Microfungus	NULL	NULL	Seehann G, et al. 1975. List of Fungi in Soft-Rot Tissue Tests. Institute fur Holzbiologie und Holzschutz, Bundesforschungsanstalt fur Forst - und Holzwirtshaft, Hamburg - Lohbrugge, Germany; Lawrey JD, Diederich P. 2016. http://www.lichenicolous.net (accessed 24 May 2017) ((http://www.lichenicolous.net)); The American Phytopathological Society Common Names of Plant Diseases ((http://www.apsnet.org/publications/commonnames/Pages/default.aspx))	Cladosporium_endophyticum
ASV14	Fungi	Ascomycota	Eurotiomycetes	Chaetothyriales	Herpotrichiellaceae	Exophiala	Exophiala_equina	Exophiala_equina	sSH1072530.09FU	0.9763045	Herpotrichiellaceae	1CB1CD37-36B9-11D5-9548-00D0592D548C	80856	9	Pathotroph-Saprotroph	Animal Pathogen-Fungal Parasite-Undefined Saprotroph	Probable	Facultative Yeast-Microfungus	NULL	Mostly saprobic on plants or other fungi, isolated from soil etc., and from medical sources (Cannon & Kirk 2007)	Cannon PF, Kirk PM. 2007. Fungal Families of the World. CAB International, Cambridge (ISBN: 978-0851998275)	Exophiala_equina
ASV15	Fungi	Ascomycota	Dothideomycetes	Capnodiales	Cladosporiaceae	Verrucocladosporium	NA	Verrucocladosporium	NA	0.9997408	Cladosporiaceae	6EDCD6E4-DE4D-443D-AF6B-A572F626BD45	816548	9	Pathotroph-Saprotroph-Symbiotroph	Animal Pathogen-Endophyte-Lichen Parasite-Plant Pathogen-Wood Saprotroph	Possible	Microfungus	NULL	NULL	Seehann G, et al. 1975. List of Fungi in Soft-Rot Tissue Tests. Institute fur Holzbiologie und Holzschutz, Bundesforschungsanstalt fur Forst - und Holzwirtshaft, Hamburg - Lohbrugge, Germany; Lawrey JD, Diederich P. 2016. http://www.lichenicolous.net (accessed 24 May 2017) ((http://www.lichenicolous.net)); The American Phytopathological Society Common Names of Plant Diseases ((http://www.apsnet.org/publications/commonnames/Pages/default.aspx))	Verrucocladosporium
ASV16	Fungi	Ascomycota	Dothideomycetes	Capnodiales	Cladosporiaceae	Toxicocladosporium	NA	Toxicocladosporium	NA	0.8325458	Cladosporiaceae	6EDCD6E4-DE4D-443D-AF6B-A572F626BD45	816548	9	Pathotroph-Saprotroph-Symbiotroph	Animal Pathogen-Endophyte-Lichen Parasite-Plant Pathogen-Wood Saprotroph	Possible	Microfungus	NULL	NULL	Seehann G, et al. 1975. List of Fungi in Soft-Rot Tissue Tests. Institute fur Holzbiologie und Holzschutz, Bundesforschungsanstalt fur Forst - und Holzwirtshaft, Hamburg - Lohbrugge, Germany; Lawrey JD, Diederich P. 2016. http://www.lichenicolous.net (accessed 24 May 2017) ((http://www.lichenicolous.net)); The American Phytopathological Society Common Names of Plant Diseases ((http://www.apsnet.org/publications/commonnames/Pages/default.aspx))	Toxicocladosporium
ASV17	Fungi	Ascomycota	Eurotiomycetes	Chaetothyriales	Herpotrichiellaceae	Exophiala	Exophiala_lecanii-corni	Exophiala_lecanii-corni	sSH1107892.09FU	0.9994610	Herpotrichiellaceae	1CB1CD37-36B9-11D5-9548-00D0592D548C	80856	9	Pathotroph-Saprotroph	Animal Pathogen-Fungal Parasite-Undefined Saprotroph	Probable	Facultative Yeast-Microfungus	NULL	Mostly saprobic on plants or other fungi, isolated from soil etc., and from medical sources (Cannon & Kirk 2007)	Cannon PF, Kirk PM. 2007. Fungal Families of the World. CAB International, Cambridge (ISBN: 978-0851998275)	Exophiala_lecanii-corni
ASV18	Fungi	Ascomycota	Dothideomycetes	Capnodiales	Cladosporiaceae	Toxicocladosporium	NA	Toxicocladosporium	NA	0.9130143	Cladosporiaceae	6EDCD6E4-DE4D-443D-AF6B-A572F626BD45	816548	9	Pathotroph-Saprotroph-Symbiotroph	Animal Pathogen-Endophyte-Lichen Parasite-Plant Pathogen-Wood Saprotroph	Possible	Microfungus	NULL	NULL	Seehann G, et al. 1975. List of Fungi in Soft-Rot Tissue Tests. Institute fur Holzbiologie und Holzschutz, Bundesforschungsanstalt fur Forst - und Holzwirtshaft, Hamburg - Lohbrugge, Germany; Lawrey JD, Diederich P. 2016. http://www.lichenicolous.net (accessed 24 May 2017) ((http://www.lichenicolous.net)); The American Phytopathological Society Common Names of Plant Diseases ((http://www.apsnet.org/publications/commonnames/Pages/default.aspx))	Toxicocladosporium
ASV19	Fungi	Basidiomycota	Agaricomycetes	Polyporales	Polyporaceae	NA	NA	Polyporaceae	NA	0.9999998	Polyporaceae	1CB19B17-36B9-11D5-9548-00D0592D548C	81203	9	Saprotroph	Wood Saprotroph	Probable	Polyporoid	Brown Rot-White Rot	Lignicolous, causing brown or white rot, mostly of broadleaved trees (Cannon & Kirk 2007)	Cannon PF, Kirk PM. 2007. Fungal Families of the World. CAB International, Cambridge (ISBN: 978-0851998275)	Polyporaceae
ASV20	Fungi	Ascomycota	Dothideomycetes	Capnodiales	Cladosporiaceae	Cladosporium	Cladosporium_sphaerospermum	Cladosporium_sphaerospermum	sSH4358594.09FU	0.9973064	Cladosporiaceae	6EDCD6E4-DE4D-443D-AF6B-A572F626BD45	816548	9	Pathotroph-Saprotroph-Symbiotroph	Animal Pathogen-Endophyte-Lichen Parasite-Plant Pathogen-Wood Saprotroph	Possible	Microfungus	NULL	NULL	Seehann G, et al. 1975. List of Fungi in Soft-Rot Tissue Tests. Institute fur Holzbiologie und Holzschutz, Bundesforschungsanstalt fur Forst - und Holzwirtshaft, Hamburg - Lohbrugge, Germany; Lawrey JD, Diederich P. 2016. http://www.lichenicolous.net (accessed 24 May 2017) ((http://www.lichenicolous.net)); The American Phytopathological Society Common Names of Plant Diseases ((http://www.apsnet.org/publications/commonnames/Pages/default.aspx))	Cladosporium_sphaerospermum
ASV21	Fungi	Ascomycota	Dothideomycetes	Pleosporales	Didymellaceae	Didymella	NA	Didymella	NA	0.7070005	Didymellaceae	F971F4FB-F68A-481E-B5F1-2BF2B753AA5D	508292	9	Pathotroph-Saprotroph	Animal Pathogen-Plant Pathogen-Undefined Saprotroph	Possible	Microfungus	NULL	NULL	Tedersoo L, et al. 2014. Science 346:e1256688 ((https://doi.org/10.1126/science.1256688))	Didymella
ASV22	Fungi	Ascomycota	Eurotiomycetes	Chaetothyriales	Herpotrichiellaceae	NA	NA	Herpotrichiellaceae	NA	0.9999999	Herpotrichiellaceae	1CB1CD37-36B9-11D5-9548-00D0592D548C	80856	9	Pathotroph-Saprotroph	Animal Pathogen-Fungal Parasite-Undefined Saprotroph	Probable	Facultative Yeast-Microfungus	NULL	Mostly saprobic on plants or other fungi, isolated from soil etc., and from medical sources (Cannon & Kirk 2007)	Cannon PF, Kirk PM. 2007. Fungal Families of the World. CAB International, Cambridge (ISBN: 978-0851998275)	Herpotrichiellaceae
ASV23	Fungi	Basidiomycota	Agaricomycetes	Russulales	Peniophoraceae	NA	NA	Peniophoraceae	sSH1068829.09FU	0.9916654	Peniophoraceae	1CB1CD8B-36B9-11D5-9548-00D0592D548C	81123	9	Pathotroph-Saprotroph	Plant Pathogen-Wood Saprotroph	Probable	Corticioid	White Rot	Most species are saprobic, causing rots of standing and fallen wood. Many species are adapted to xeric conditions, being able to grow on rapidly drying dead attached branches (Cannon & Kirk 2007)	Cannon PF, Kirk PM. 2007. Fungal Families of the World. CAB International, Cambridge (ISBN: 978-0851998275)	Peniophoraceae
ASV24	Fungi	Ascomycota	Sordariomycetes	Hypocreales	Nectriaceae	Fusarium	Fusarium_tonkinense	Fusarium_tonkinense	sSH3194730.09FU	0.7547132	Nectriaceae	1CB1CD7A-36B9-11D5-9548-00D0592D548C	81059	9	Pathotroph-Saprotroph-Symbiotroph	Animal Pathogen-Endophyte-Fungal Parasite-Lichen Parasite-Plant Pathogen-Wood Saprotroph	Possible	Microfungus	NULL	Fusarium species are amongst the economically significant plant pathogens (Cannon & Kirk 2007)	Cannon PF, Kirk PM. 2007. Fungal Families of the World. CAB International, Cambridge (ISBN: 978-0851998275); Hirooka Y, et al. 2012. Studies in Mycology 711-210 ((https://doi.org/10.3114/sim0001)); Tedersoo L, et al. 2014. Science 346:e1256688 ((https://doi.org/10.1126/science.1256688)); The American Phytopathological Society Common Names of Plant Diseases ((http://www.apsnet.org/publications/commonnames/Pages/default.aspx)); https://www.cdc.gov ((https://www.cdc.gov))	Fusarium_tonkinense
ASV25	Fungi	Ascomycota	Sordariomycetes	Hypocreales	Cordycipitaceae	Simplicillium	Simplicillium_sympodiophorum	Simplicillium_sympodiophorum	sSH1279241.09FU	0.7996374	Hypocreales	1CB18E60-36B9-11D5-9548-00D0592D548C	90477	7	Saprotroph	Undefined Saprotroph	Possible	Microfungus	NULL	NULL	Sterkenburg E, et al. 2015. New Phytologist 207:1145-1158 ((https://doi.org/10.1111/nph.13426))	Simplicillium_sympodiophorum
ASV26	Fungi	Ascomycota	Dothideomycetes	Mycosphaerellales	Mycosphaerellaceae	Ramularia	NA	Ramularia	NA	0.7161318	Mycosphaerellaceae	1CB1CD75-36B9-11D5-9548-00D0592D548C	81043	9	Pathotroph-Saprotroph	Plant Pathogen-Undefined Saprotroph	Probable	Microfungus	NULL	Biotrophic, necrotrophic or saprobic on various plant tissues (Cannon & Kirk 2007)	Cannon PF, Kirk PM. 2007. Fungal Families of the World. CAB International, Cambridge (ISBN: 978-0851998275)	Ramularia
ASV27	Fungi	Ascomycota	NA	NA	NA	NA	NA	Ascomycota	NA	0.9161619	NA	NA	NA	NA	NA	NA	NA	NA	NA	NA	NA	Ascomycota
ASV28	Fungi	Ascomycota	Dothideomycetes	Dothideales	Dothioraceae	Dothiora	Dothiora_infuscans	Dothiora_infuscans	sSH1204667.09FU	0.9999996	Dothiora	F5AB58E1-AB0A-4087-BA0B-F0197750FA9A	1702	13	 Saprotroph	Undefined Saprotroph-|Wood Saprotroph|	Probable	Microfungus	NULL	Decay: wood (Põlme et al. 2020)	Tedersoo L, et al. 2014. Science 346:e1256688 ((https://doi.org/10.1126/science.1256688)); Põlme S, et al. 2020. Fungal Diversity 105:1-16 ((https://doi.org/10.1007/s13225-020-00466-2))	Dothiora_infuscans
ASV29	Fungi	Ascomycota	Eurotiomycetes	Eurotiales	Aspergillaceae	Penicillium	NA	Penicillium	NA	0.9211908	Eurotiales	1CB1CE25-36B9-11D5-9548-00D0592D548C	90472	7	Saprotroph	Undefined Saprotroph	Possible	Microfungus	NULL	NULL	Sterkenburg E, et al. 2015. New Phytologist 207:1145-1158 ((https://doi.org/10.1111/nph.13426))	Penicillium
ASV30	Fungi	Ascomycota	Dothideomycetes	Pleosporales	Pleosporaceae	Alternaria	NA	Alternaria	NA	0.9999949	Pleosporaceae	1CB1CDA2-36B9-11D5-9548-00D0592D548C	81188	9	Pathotroph-Saprotroph	Endophyte-Lichen Parasite-Plant Pathogen-Undefined Saprotroph	Probable	Microfungus	NULL	Necrotrophic pathogens and saprobes, especially associated with grasses. Many species are seed-borne (Cannon & Kirk 2007)	Cannon PF, Kirk PM. 2007. Fungal Families of the World. CAB International, Cambridge (ISBN: 978-0851998275); David AS, et al. 2016. Microbial Ecology 71:912-926 ((https://doi.org/10.1007/s00248-015-0712-6)); Lawrey JD, Diederich P. 2016. http://www.lichenicolous.net (accessed 24 May 2017) ((http://www.lichenicolous.net))	Alternaria
ASV31	Fungi	Ascomycota	Eurotiomycetes	Chaetothyriales	Trichomeriaceae	Knufia	Knufia_tsunedae	Knufia_tsunedae	sSH1682696.09FU	0.9858158	Trichomeriaceae	B366E4F5-4360-49B3-BA47-86698B5D3511	800935	9	Symbiotroph	Epiphyte	Probable	Microfungus	NULL	Foliar epiphytes with the appearance of sooty moulds, mostly occurring on the surface of living leaves and apparently gaining their nutrients from insect exudates (Chomnunti et al. 2012)	Chomnunti P, et al. 2012. Fungal Diversity 56:63-76 ((https://doi.org/10.1007/s13225-012-0197-2))	Knufia_tsunedae
ASV32	Fungi	Ascomycota	Eurotiomycetes	Chaetothyriales	Herpotrichiellaceae	Exophiala	Exophiala_phaeomuriformis	Exophiala_phaeomuriformis	sSH1066734.09FU	0.9998886	Herpotrichiellaceae	1CB1CD37-36B9-11D5-9548-00D0592D548C	80856	9	Pathotroph-Saprotroph	Animal Pathogen-Fungal Parasite-Undefined Saprotroph	Probable	Facultative Yeast-Microfungus	NULL	Mostly saprobic on plants or other fungi, isolated from soil etc., and from medical sources (Cannon & Kirk 2007)	Cannon PF, Kirk PM. 2007. Fungal Families of the World. CAB International, Cambridge (ISBN: 978-0851998275)	Exophiala_phaeomuriformis
ASV33	Fungi	Ascomycota	Sordariomycetes	Hypocreales	Nectriaceae	Fusarium	Fusarium_solani	Fusarium_solani	sSH0970292.09FU	0.9268469	Nectriaceae	1CB1CD7A-36B9-11D5-9548-00D0592D548C	81059	9	Pathotroph-Saprotroph-Symbiotroph	Animal Pathogen-Endophyte-Fungal Parasite-Lichen Parasite-Plant Pathogen-Wood Saprotroph	Possible	Microfungus	NULL	Fusarium species are amongst the economically significant plant pathogens (Cannon & Kirk 2007)	Cannon PF, Kirk PM. 2007. Fungal Families of the World. CAB International, Cambridge (ISBN: 978-0851998275); Hirooka Y, et al. 2012. Studies in Mycology 711-210 ((https://doi.org/10.3114/sim0001)); Tedersoo L, et al. 2014. Science 346:e1256688 ((https://doi.org/10.1126/science.1256688)); The American Phytopathological Society Common Names of Plant Diseases ((http://www.apsnet.org/publications/commonnames/Pages/default.aspx)); https://www.cdc.gov ((https://www.cdc.gov))	Fusarium_solani
ASV34	Fungi	Basidiomycota	Malasseziomycetes	Malasseziales	Malasseziaceae	Malassezia	Malassezia_restricta	Malassezia_restricta	sSH1102553.09FU	0.9999881	Malassezia restricta	0ED4066F-EEFE-46DE-95EC-94452E61766B	437921	20	Pathotroph	Animal Pathogen	Probable	NULL	NULL	Opportunistic human pathogen	https://www.cdc.gov ((https://www.cdc.gov))	Malassezia_restricta
ASV35	Fungi	Basidiomycota	Agaricomycetes	Polyporales	Meripilaceae	Rigidoporus	NA	Rigidoporus	sSH1197646.09FU	0.7272092	Meripilaceae	1CB1CD64-36B9-11D5-9548-00D0592D548C	80007	9	Pathotroph-Saprotroph	Plant Pathogen-Undefined Saprotroph	Probable	Polyporoid	NULL	Saprobic or parasitic on hardwood trees, often growing from buried roots and causing white rot (Cannon & Kirk 2007)	Cannon PF, Kirk PM. 2007. Fungal Families of the World. CAB International, Cambridge (ISBN: 978-0851998275)	Rigidoporus
ASV36	Fungi	Basidiomycota	Agaricomycetes	Agaricales	Lyophyllaceae	Sphagnurus	Sphagnurus_paluster	Sphagnurus_paluster	sSH1149345.09FU	0.9999962	Lyophyllaceae	D430CD68-3D0F-4B65-A514-B079A244738F	80005	9	Pathotroph-Saprotroph-Symbiotroph	Ectomycorrhizal-Fungal Pathogen-Undefined Saprotroph	Possible	Agaricoid	NULL	NULL	Kirk PM et al. 2008. Dictionary of the Fungi. Tenth Edition. CAB International, Wallingford (ISBN: 978-0851998268)	Sphagnurus_paluster
ASV37	Fungi	Ascomycota	Dothideomycetes	Capnodiales	Cladosporiaceae	Cladosporium	NA	Cladosporium	NA	0.8530168	Cladosporiaceae	6EDCD6E4-DE4D-443D-AF6B-A572F626BD45	816548	9	Pathotroph-Saprotroph-Symbiotroph	Animal Pathogen-Endophyte-Lichen Parasite-Plant Pathogen-Wood Saprotroph	Possible	Microfungus	NULL	NULL	Seehann G, et al. 1975. List of Fungi in Soft-Rot Tissue Tests. Institute fur Holzbiologie und Holzschutz, Bundesforschungsanstalt fur Forst - und Holzwirtshaft, Hamburg - Lohbrugge, Germany; Lawrey JD, Diederich P. 2016. http://www.lichenicolous.net (accessed 24 May 2017) ((http://www.lichenicolous.net)); The American Phytopathological Society Common Names of Plant Diseases ((http://www.apsnet.org/publications/commonnames/Pages/default.aspx))	Cladosporium
ASV38	Fungi	Ascomycota	Eurotiomycetes	Eurotiales	Aspergillaceae	Penicillium	NA	Penicillium	NA	0.9436629	Eurotiales	1CB1CE25-36B9-11D5-9548-00D0592D548C	90472	7	Saprotroph	Undefined Saprotroph	Possible	Microfungus	NULL	NULL	Sterkenburg E, et al. 2015. New Phytologist 207:1145-1158 ((https://doi.org/10.1111/nph.13426))	Penicillium
ASV39	Fungi	Ascomycota	Sordariomycetes	Diaporthales	Gnomoniaceae	Gnomoniopsis	Gnomoniopsis_paraclavulata	Gnomoniopsis_paraclavulata	sSH1271741.09FU	0.9595660	Gnomoniaceae	F36F48E8-C228-4922-8DB6-AE905CA55412	80810	9	Pathotroph-Saprotroph-Symbiotroph	Endophyte-Plant Pathogen-Undefined Saprotroph	Probable	Microfungus	NULL	Most species are saprobes or endophytes in leaves and bark, but a few are neurotrophic pathogens (Cannon & Kirk 2007)	Cannon PF, Kirk PM. 2007. Fungal Families of the World. CAB International, Cambridge (ISBN: 978-0851998275)	Gnomoniopsis_paraclavulata
ASV40	Fungi	Ascomycota	Dothideomycetes	Capnodiales	Cladosporiaceae	Cladosporium	Cladosporium_endophyticum	Cladosporium_endophyticum	sSH4359617.09FU	0.9909984	Cladosporiaceae	6EDCD6E4-DE4D-443D-AF6B-A572F626BD45	816548	9	Pathotroph-Saprotroph-Symbiotroph	Animal Pathogen-Endophyte-Lichen Parasite-Plant Pathogen-Wood Saprotroph	Possible	Microfungus	NULL	NULL	Seehann G, et al. 1975. List of Fungi in Soft-Rot Tissue Tests. Institute fur Holzbiologie und Holzschutz, Bundesforschungsanstalt fur Forst - und Holzwirtshaft, Hamburg - Lohbrugge, Germany; Lawrey JD, Diederich P. 2016. http://www.lichenicolous.net (accessed 24 May 2017) ((http://www.lichenicolous.net)); The American Phytopathological Society Common Names of Plant Diseases ((http://www.apsnet.org/publications/commonnames/Pages/default.aspx))	Cladosporium_endophyticum
ASV41	Fungi	Ascomycota	Eurotiomycetes	Eurotiales	Aspergillaceae	Aspergillus	Aspergillus_glabripes	Aspergillus_glabripes	sSH1228780.09FU	0.7175165	Eurotiales	1CB1CE25-36B9-11D5-9548-00D0592D548C	90472	7	Saprotroph	Undefined Saprotroph	Possible	Microfungus	NULL	NULL	Sterkenburg E, et al. 2015. New Phytologist 207:1145-1158 ((https://doi.org/10.1111/nph.13426))	Aspergillus_glabripes
ASV42	Fungi	Ascomycota	Sordariomycetes	Hypocreales	Niessliaceae	Niesslia	Niesslia_tenuis	Niesslia_tenuis	sSH1078503.09FU	0.9977397	Hypocreales	1CB18E60-36B9-11D5-9548-00D0592D548C	90477	7	Saprotroph	Undefined Saprotroph	Possible	Microfungus	NULL	NULL	Sterkenburg E, et al. 2015. New Phytologist 207:1145-1158 ((https://doi.org/10.1111/nph.13426))	Niesslia_tenuis
ASV43	Fungi	Ascomycota	Eurotiomycetes	Eurotiales	Aspergillaceae	Aspergillus	NA	Aspergillus	NA	0.9948931	Eurotiales	1CB1CE25-36B9-11D5-9548-00D0592D548C	90472	7	Saprotroph	Undefined Saprotroph	Possible	Microfungus	NULL	NULL	Sterkenburg E, et al. 2015. New Phytologist 207:1145-1158 ((https://doi.org/10.1111/nph.13426))	Aspergillus
ASV44	Fungi	Ascomycota	Dothideomycetes	Capnodiales	Cladosporiaceae	Cladosporium	NA	Cladosporium	NA	0.7767729	Cladosporiaceae	6EDCD6E4-DE4D-443D-AF6B-A572F626BD45	816548	9	Pathotroph-Saprotroph-Symbiotroph	Animal Pathogen-Endophyte-Lichen Parasite-Plant Pathogen-Wood Saprotroph	Possible	Microfungus	NULL	NULL	Seehann G, et al. 1975. List of Fungi in Soft-Rot Tissue Tests. Institute fur Holzbiologie und Holzschutz, Bundesforschungsanstalt fur Forst - und Holzwirtshaft, Hamburg - Lohbrugge, Germany; Lawrey JD, Diederich P. 2016. http://www.lichenicolous.net (accessed 24 May 2017) ((http://www.lichenicolous.net)); The American Phytopathological Society Common Names of Plant Diseases ((http://www.apsnet.org/publications/commonnames/Pages/default.aspx))	Cladosporium
ASV45	Fungi	Basidiomycota	Agaricomycetes	Russulales	Peniophoraceae	Peniophora	Peniophora_laxitexta	Peniophora_laxitexta	sSH1068832.09FU	0.9717642	Peniophoraceae	1CB1CD8B-36B9-11D5-9548-00D0592D548C	81123	9	Pathotroph-Saprotroph	Plant Pathogen-Wood Saprotroph	Probable	Corticioid	White Rot	Most species are saprobic, causing rots of standing and fallen wood. Many species are adapted to xeric conditions, being able to grow on rapidly drying dead attached branches (Cannon & Kirk 2007)	Cannon PF, Kirk PM. 2007. Fungal Families of the World. CAB International, Cambridge (ISBN: 978-0851998275)	Peniophora_laxitexta
ASV46	Fungi	Basidiomycota	Agaricomycetes	Russulales	Peniophoraceae	Peniophora	Peniophora_albobadia	Peniophora_albobadia	sSH1068847.09FU	0.9812613	Peniophoraceae	1CB1CD8B-36B9-11D5-9548-00D0592D548C	81123	9	Pathotroph-Saprotroph	Plant Pathogen-Wood Saprotroph	Probable	Corticioid	White Rot	Most species are saprobic, causing rots of standing and fallen wood. Many species are adapted to xeric conditions, being able to grow on rapidly drying dead attached branches (Cannon & Kirk 2007)	Cannon PF, Kirk PM. 2007. Fungal Families of the World. CAB International, Cambridge (ISBN: 978-0851998275)	Peniophora_albobadia
ASV47	Fungi	Ascomycota	Sordariomycetes	Hypocreales	Nectriaceae	NA	NA	Nectriaceae	NA	0.9990085	Nectriaceae	1CB1CD7A-36B9-11D5-9548-00D0592D548C	81059	9	Pathotroph-Saprotroph-Symbiotroph	Animal Pathogen-Endophyte-Fungal Parasite-Lichen Parasite-Plant Pathogen-Wood Saprotroph	Possible	Microfungus	NULL	Fusarium species are amongst the economically significant plant pathogens (Cannon & Kirk 2007)	Cannon PF, Kirk PM. 2007. Fungal Families of the World. CAB International, Cambridge (ISBN: 978-0851998275); Hirooka Y, et al. 2012. Studies in Mycology 711-210 ((https://doi.org/10.3114/sim0001)); Tedersoo L, et al. 2014. Science 346:e1256688 ((https://doi.org/10.1126/science.1256688)); The American Phytopathological Society Common Names of Plant Diseases ((http://www.apsnet.org/publications/commonnames/Pages/default.aspx)); https://www.cdc.gov ((https://www.cdc.gov))	Nectriaceae
ASV48	Fungi	Ascomycota	Eurotiomycetes	Chaetothyriales	Herpotrichiellaceae	Exophiala	Exophiala_bergeri	Exophiala_bergeri	NA	0.7838907	Herpotrichiellaceae	1CB1CD37-36B9-11D5-9548-00D0592D548C	80856	9	Pathotroph-Saprotroph	Animal Pathogen-Fungal Parasite-Undefined Saprotroph	Probable	Facultative Yeast-Microfungus	NULL	Mostly saprobic on plants or other fungi, isolated from soil etc., and from medical sources (Cannon & Kirk 2007)	Cannon PF, Kirk PM. 2007. Fungal Families of the World. CAB International, Cambridge (ISBN: 978-0851998275)	Exophiala_bergeri
ASV49	Fungi	Basidiomycota	Tremellomycetes	Filobasidiales	Filobasidiaceae	Naganishia	Naganishia_diffluens	Naganishia_diffluens	sSH3626121.09FU	0.8026989	Naganishia	9B6D8FA6-E3D0-461E-9F42-723585951D4B	9074	13	Saprotroph	|Undefined Saprotroph|	Probable	Yeast	NULL	NULL	Põlme S, et al. 2020. Fungal Diversity 105:1-16 ((https://doi.org/10.1007/s13225-020-00466-2))	Naganishia_diffluens
ASV50	Fungi	Mortierellomycota	Mortierellomycetes	Mortierellales	Mortierellaceae	NA	NA	Mortierellaceae	NA	0.9999994	Mortierellaceae	3BD31551-4295-4664-858B-8E44073A293E	816415	9	Saprotroph-Symbiotroph	Endophyte-Litter Saprotroph-Soil Saprotroph-Undefined Saprotroph	Possible	Microfungus	NULL	Saprobic in soil and thus frequenctly isolated from soil and material contaminated with soil such as hay or rotten silage and spoil tips (Cannon & Kirk 2007)	Cannon PF, Kirk PM. 2007. Fungal Families of the World. CAB International, Cambridge (ISBN: 978-0851998275); Purahong W, et al. 2016. Molecular Ecology 25:4059-4074 ((https://doi.org/10.1111/mec.13739))	Mortierellaceae
ASV51	Fungi	Ascomycota	Sordariomycetes	Hypocreales	Sarocladiaceae	Parasarocladium	NA	Parasarocladium	NA	1.0000000	Hypocreales	1CB18E60-36B9-11D5-9548-00D0592D548C	90477	7	Saprotroph	Undefined Saprotroph	Possible	Microfungus	NULL	NULL	Sterkenburg E, et al. 2015. New Phytologist 207:1145-1158 ((https://doi.org/10.1111/nph.13426))	Parasarocladium
ASV52	Fungi	Basidiomycota	Agaricomycetes	Hymenochaetales	Hymenochaetaceae	Hymenochaete	Hymenochaete_curtisii	Hymenochaete_curtisii	sSH1027062.09FU	0.9683389	Hymenochaetaceae	CC29D6F9-5984-496D-97E7-42EB138C1FEE	536196	9	Saprotroph-Symbiotroph	Ectomycorrhizal-Wood Saprotroph	Probable	Corticioid-Polyporoid	NULL	Lignicolous, causing white rots, rarely ectomycorrhizal (Cannon & Kirk 2007)	Cannon PF, Kirk PM. 2007. Fungal Families of the World. CAB International, Cambridge (ISBN: 978-0851998275)	Hymenochaete_curtisii
ASV53	Fungi	Ascomycota	Sordariomycetes	Diaporthales	Gnomoniaceae	NA	NA	Gnomoniaceae	NA	0.9998878	Gnomoniaceae	F36F48E8-C228-4922-8DB6-AE905CA55412	80810	9	Pathotroph-Saprotroph-Symbiotroph	Endophyte-Plant Pathogen-Undefined Saprotroph	Probable	Microfungus	NULL	Most species are saprobes or endophytes in leaves and bark, but a few are neurotrophic pathogens (Cannon & Kirk 2007)	Cannon PF, Kirk PM. 2007. Fungal Families of the World. CAB International, Cambridge (ISBN: 978-0851998275)	Gnomoniaceae
ASV54	Fungi	Basidiomycota	Agaricomycetes	Polyporales	Meripilaceae	NA	NA	Meripilaceae	sSH1197662.09FU	0.9726682	Meripilaceae	1CB1CD64-36B9-11D5-9548-00D0592D548C	80007	9	Pathotroph-Saprotroph	Plant Pathogen-Undefined Saprotroph	Probable	Polyporoid	NULL	Saprobic or parasitic on hardwood trees, often growing from buried roots and causing white rot (Cannon & Kirk 2007)	Cannon PF, Kirk PM. 2007. Fungal Families of the World. CAB International, Cambridge (ISBN: 978-0851998275)	Meripilaceae
ASV55	Fungi	Basidiomycota	Agaricomycetes	Hymenochaetales	Schizoporaceae	Xylodon	Xylodon_chinensis	Xylodon_chinensis	sSH1236548.09FU	0.9997783	Schizoporaceae	1CB1CDC9-36B9-11D5-9548-00D0592D548C	80038	9	Saprotroph	Wood Saprotroph	Probable	Corticioid	White Rot	Saprobic, causing white rot of standing and fallen wood of coniferous and broadleaved trees, rarely on herbaceous stems (Cannon & Kirk 2007)	Cannon PF, Kirk PM. 2007. Fungal Families of the World. CAB International, Cambridge (ISBN: 978-0851998275)	Xylodon_chinensis
ASV56	Fungi	Ascomycota	Sordariomycetes	Sordariales	Chaetomiaceae	NA	NA	Chaetomiaceae	NA	0.7041147	Chaetomiaceae	1CB1CCE0-36B9-11D5-9548-00D0592D548C	80582	9	Pathotroph-Saprotroph-Symbiotroph	Animal Pathogen-Dung Saprotroph-Endophyte-Epiphyte-Plant Saprotroph-Wood Saprotroph	Possible	Microfungus	Soft Rot	Saprobic, acting as key decay organisms of plant materials and plant-derived commodities (Cannon & Kirk 2007); Epiphyte detection method-culture (Massimo et al. 2015); Endophyte detection method-culture (Busby et al. 2016, David et al. 2016); Likely opportunistic human pathogen (Irinyi et al. 2015)	Seehann G, et al. 1975. List of Fungi in Soft-Rot Tissue Tests. Institute fur Holzbiologie und Holzschutz, Bundesforschungsanstalt fur Forst - und Holzwirtshaft, Hamburg - Lohbrugge, Germany; Cannon PF, Kirk PM. 2007. Fungal Families of the World. CAB International, Cambridge ((https://isbnsearch.org/isbn/9780851998275));  Bills GF, et al. 2013. Current Opinion in Microbiology 16:549-565 ((https://doi.org/10.1016/j.mib.2013.08.001)); Tedersoo L, et al. 2014. Science 346:e1256688 ((https://doi.org/10.1126/science.1256688)); Irinyi L, et al. 2015. Medical Mycology 53:313-337 ((https://doi.org/10.1093/mmy/myv008)); Massimo NC, et al. 2015. Microbial Ecology 70:61-76 ((https://doi.org/10.1007/s00248-014-0563-6)); Busby PE, et al. 2016. New Phytologist 209:1681-1692 ((https://doi.org/10.1111/nph.13742)); David AS, et al. 2016. Microbial Ecology 71:912-926 ((https://doi.org/10.1007/s00248-015-0712-6))	Chaetomiaceae
ASV57	Fungi	Ascomycota	Eurotiomycetes	Chaetothyriales	Herpotrichiellaceae	Exophiala	Exophiala_oligosperma	Exophiala_oligosperma	sSH1098748.09FU	0.9987900	Herpotrichiellaceae	1CB1CD37-36B9-11D5-9548-00D0592D548C	80856	9	Pathotroph-Saprotroph	Animal Pathogen-Fungal Parasite-Undefined Saprotroph	Probable	Facultative Yeast-Microfungus	NULL	Mostly saprobic on plants or other fungi, isolated from soil etc., and from medical sources (Cannon & Kirk 2007)	Cannon PF, Kirk PM. 2007. Fungal Families of the World. CAB International, Cambridge (ISBN: 978-0851998275)	Exophiala_oligosperma
ASV58	Fungi	Basidiomycota	Agaricomycetes	Hymenochaetales	Hymenochaetaceae	NA	NA	Hymenochaetaceae	sSH0930786.09FU	0.9874259	Hymenochaetaceae	CC29D6F9-5984-496D-97E7-42EB138C1FEE	536196	9	Saprotroph-Symbiotroph	Ectomycorrhizal-Wood Saprotroph	Probable	Corticioid-Polyporoid	NULL	Lignicolous, causing white rots, rarely ectomycorrhizal (Cannon & Kirk 2007)	Cannon PF, Kirk PM. 2007. Fungal Families of the World. CAB International, Cambridge (ISBN: 978-0851998275)	Hymenochaetaceae
ASV59	Fungi	Basidiomycota	Malasseziomycetes	Malasseziales	Malasseziaceae	Malassezia	Malassezia_arunalokei	Malassezia_arunalokei	sSH1102555.09FU	0.9999932	Malassezia	1CB1C8A3-36B9-11D5-9548-00D0592D548C	8831	13	Pathotroph-Saprotroph	Animal Pathogen-|Undefined Saprotroph|	Probable	Facultative Yeast-Yeast	NULL	A lipid; As soil_saprotroph (Põlme et al. 2020); Decay roots, soil (Põlme et al. 2020); dependent fungus growing on the sebaceous areas of human skin that may cause or exacerbate several skin diseases (Pityrosporum is a synonym that has been used for the yeast forms)	Kurtzman CP, et al. (eds.) 2011. The Yeasts, a Taxonomic Study. Fifth Edition. Vols 1-3. Elsevier, San Diego (ISBN: 9780444521491); Findley K, et al. 2013. Nature 498:367-370 ((https://doi.org/10.1038/nature12171)); Põlme S, et al. 2020. Fungal Diversity 105:1-16 ((https://doi.org/10.1007/s13225-020-00466-2))	Malassezia_arunalokei
ASV60	Fungi	Ascomycota	Leotiomycetes	Helotiales	Hyaloscyphaceae	Incrucipulum	NA	Incrucipulum	NA	0.8673952	Hyaloscyphaceae	1CB18D86-36B9-11D5-9548-00D0592D548C	80871	9	Saprotroph	Plant Saprotroph-Wood Saprotroph	Probable	Microfungus	NULL	Saprobic on woody and herbaceous material (Cannon & Kirk 2007)	Cannon PF, Kirk PM. 2007. Fungal Families of the World. CAB International, Cambridge (ISBN: 978-0851998275)	Incrucipulum
ASV61	Fungi	Ascomycota	Lecanoromycetes	Acarosporales	Acarosporaceae	NA	NA	Acarosporaceae	sSH0954396.09FU	0.7875892	Acarosporaceae	1CB1CE7B-36B9-11D5-9548-00D0592D548C	80424	9	Symbiotroph	Lichenized	Highly Probable	Thallus	NULL	Lichenized with green algae, usually on rocks and often in nutrient-enriched habitats (Cannon & Kirk 2007)	Cannon PF, Kirk PM. 2007. Fungal Families of the World. CAB International, Cambridge (ISBN: 978-0851998275)	Acarosporaceae
ASV62	Fungi	Basidiomycota	Agaricomycetes	Hymenochaetales	Hymenochaetaceae	Inonotus	NA	Inonotus	sSH1027097.09FU	0.8482519	Hymenochaetaceae	CC29D6F9-5984-496D-97E7-42EB138C1FEE	536196	9	Saprotroph-Symbiotroph	Ectomycorrhizal-Wood Saprotroph	Probable	Corticioid-Polyporoid	NULL	Lignicolous, causing white rots, rarely ectomycorrhizal (Cannon & Kirk 2007)	Cannon PF, Kirk PM. 2007. Fungal Families of the World. CAB International, Cambridge (ISBN: 978-0851998275)	Inonotus
ASV63	Fungi	NA	NA	NA	NA	NA	NA	NA	NA	0.8501106	NA	NA	NA	NA	NA	NA	NA	NA	NA	NA	NA	NA
ASV64	Fungi	Ascomycota	Eurotiomycetes	Eurotiales	Aspergillaceae	Penicillium	NA	Penicillium	NA	0.8515674	Eurotiales	1CB1CE25-36B9-11D5-9548-00D0592D548C	90472	7	Saprotroph	Undefined Saprotroph	Possible	Microfungus	NULL	NULL	Sterkenburg E, et al. 2015. New Phytologist 207:1145-1158 ((https://doi.org/10.1111/nph.13426))	Penicillium
ASV65	Fungi	Basidiomycota	Agaricomycetes	Agaricales	Psathyrellaceae	Coprinopsis	Coprinopsis_urticicola	Coprinopsis_urticicola	sSH1204426.09FU	0.8933664	Psathyrellaceae	F36155B5-ADC2-4C2C-83F3-2D3778EA9B7F	82127	9	Saprotroph	Dung Saprotroph-Plant Saprotroph-Wood Saprotroph	Probable	Agaricoid	NULL	Saprobic, in grass, on dung, rotten wood and similar substrata (Cannon & Kirk 2007)	Cannon PF, Kirk PM. 2007. Fungal Families of the World. CAB International, Cambridge (ISBN: 978-0851998275)	Coprinopsis_urticicola
ASV66	Fungi	Ascomycota	Saccharomycetes	Saccharomycetales	NA	Candida	Candida_parapsilosis	Candida_parapsilosis	NA	0.9312815	Saccharomycetales	B73A15F4-AB90-4E11-B6D7-E0BE710B986C	816369	7	Saprotroph	Undefined Saprotroph	Possible	Yeast	NULL	NULL	Sterkenburg E, et al. 2015. New Phytologist 207:1145-1158 ((https://doi.org/10.1111/nph.13426))	Candida_parapsilosis
ASV67	Fungi	Ascomycota	Dothideomycetes	Tubeufiales	Wiesneriomycetaceae	Spissiomyces	NA	Spissiomyces	NA	0.8577641	Spissiomyces	6862942A-CA95-43D6-98C9-7B6FC1A347EC	807031	13	Saprotroph-Symbiotroph	Endophyte-|Undefined Saprotroph|	Probable	Microfungus	NULL	As root_endophyte (Põlme et al. 2020); Decay soil (Põlme et al. 2020)	Põlme S, et al. 2020. Fungal Diversity 105:1-16 ((https://doi.org/10.1007/s13225-020-00466-2))	Spissiomyces
ASV68	Fungi	Basidiomycota	Agaricomycetes	Polyporales	Fomitopsidaceae	Amyloporia	Amyloporia_sinuosa	Amyloporia_sinuosa	sSH1260170.09FU	0.9724216	Fomitopsidaceae	1CB1CD22-36B9-11D5-9548-00D0592D548C	81772	9	Pathotroph-Saprotroph	Plant Pathogen-Wood Saprotroph	Probable	Polyporoid	Brown Rot	Most species are parasitic on woody plants, causing brown rots (Cannon & Kirk 2007)	Cannon PF, Kirk PM. 2007. Fungal Families of the World. CAB International, Cambridge (ISBN: 978-0851998275)	Amyloporia_sinuosa
ASV69	Fungi	Ascomycota	Eurotiomycetes	Chaetothyriales	Herpotrichiellaceae	Rhinocladiella	NA	Rhinocladiella	sSH1289141.09FU	0.9920231	Herpotrichiellaceae	1CB1CD37-36B9-11D5-9548-00D0592D548C	80856	9	Pathotroph-Saprotroph	Animal Pathogen-Fungal Parasite-Undefined Saprotroph	Probable	Facultative Yeast-Microfungus	NULL	Mostly saprobic on plants or other fungi, isolated from soil etc., and from medical sources (Cannon & Kirk 2007)	Cannon PF, Kirk PM. 2007. Fungal Families of the World. CAB International, Cambridge (ISBN: 978-0851998275)	Rhinocladiella
ASV70	Fungi	Ascomycota	Dothideomycetes	Pleosporales	Didymellaceae	Epicoccum	Epicoccum_italicum	Epicoccum_italicum	sSH2739910.09FU	0.7924660	Didymellaceae	F971F4FB-F68A-481E-B5F1-2BF2B753AA5D	508292	9	Pathotroph-Saprotroph	Animal Pathogen-Plant Pathogen-Undefined Saprotroph	Possible	Microfungus	NULL	NULL	Tedersoo L, et al. 2014. Science 346:e1256688 ((https://doi.org/10.1126/science.1256688))	Epicoccum_italicum
ASV71	Fungi	Basidiomycota	Agaricomycetes	Polyporales	NA	NA	NA	Polyporales	sSH1231330.09FU	0.7800724	NA	NA	NA	NA	NA	NA	NA	NA	NA	NA	NA	Polyporales
ASV72	Fungi	Ascomycota	Eurotiomycetes	Verrucariales	Verrucariaceae	NA	NA	Verrucariaceae	NA	0.9666934	Verrucariaceae	1CB1CDFE-36B9-11D5-9548-00D0592D548C	81910	9	Symbiotroph	Lichenized	Highly Probable	Thallus	NULL	Lichenized with green algae, on rocks, soil, etc., more rarely on wood and bark (Cannon & Kirk 2007)	Cannon PF, Kirk PM. 2007. Fungal Families of the World. CAB International, Cambridge (ISBN: 978-0851998275)	Verrucariaceae
ASV73	Fungi	Ascomycota	Sordariomycetes	Togniniales	Togniniaceae	Phaeoacremonium	NA	Phaeoacremonium	NA	0.9998988	Phaeoacremonium	5348632F-1700-11D6-BEBB-00508BCA8DE8	27679	13	Pathotroph	|Plant Pathogen|	Probable	Microfungus	NULL	NULL	Tedersoo L, et al. 2014. Science 346:e1256688 ((https://doi.org/10.1126/science.1256688)); Põlme S, et al. 2020. Fungal Diversity 105:1-16 ((https://doi.org/10.1007/s13225-020-00466-2))	Phaeoacremonium
ASV74	Fungi	Ascomycota	Eurotiomycetes	Chaetothyriales	Herpotrichiellaceae	Exophiala	Exophiala_dermatitidis	Exophiala_dermatitidis	sSH1066724.09FU	0.9983295	Herpotrichiellaceae	1CB1CD37-36B9-11D5-9548-00D0592D548C	80856	9	Pathotroph-Saprotroph	Animal Pathogen-Fungal Parasite-Undefined Saprotroph	Probable	Facultative Yeast-Microfungus	NULL	Mostly saprobic on plants or other fungi, isolated from soil etc., and from medical sources (Cannon & Kirk 2007)	Cannon PF, Kirk PM. 2007. Fungal Families of the World. CAB International, Cambridge (ISBN: 978-0851998275)	Exophiala_dermatitidis
ASV75	Fungi	Ascomycota	Dothideomycetes	Capnodiales	Neodevriesiaceae	Neodevriesia	NA	Neodevriesia	NA	0.7690856	Neodevriesiaceae	F8168581-D82E-4A75-9190-C7925084B4CA	807766	9	Pathotroph-Saprotroph	Plant Pathogen-Undefined Saprotroph	Probable	NULL	NULL	Members are foliicolous, saprobic or plant pathogenic (Quaedvlieg et al. 2014)	Quaedvlieg W., et al. 2014. Persoonia 3:31-40 ((http://doi.org/10.3767/003158514X681981))	Neodevriesia
ASV76	Fungi	Basidiomycota	Exobasidiomycetes	Exobasidiales	Brachybasidiaceae	Meira	NA	Meira	sSH1198140.09FU	1.0000000	Brachybasidiaceae	1CB1CE8F-36B9-11D5-9548-00D0592D548C	80532	9	Pathotroph	Plant Pathogen	Probable	Microfungus	NULL	Biotrophic or necrotrophic on leaves of monocots, including palms, grasses, sedges, and Commelinaceae (Cannon & Kirk 2007)	Cannon PF, Kirk PM. 2007. Fungal Families of the World. CAB International, Cambridge (ISBN: 978-0851998275)	Meira
ASV77	Fungi	Ascomycota	Eurotiomycetes	Chaetothyriales	Trichomeriaceae	Knufia	Knufia_tsunedae	Knufia_tsunedae	sSH1682696.09FU	0.7520088	Trichomeriaceae	B366E4F5-4360-49B3-BA47-86698B5D3511	800935	9	Symbiotroph	Epiphyte	Probable	Microfungus	NULL	Foliar epiphytes with the appearance of sooty moulds, mostly occurring on the surface of living leaves and apparently gaining their nutrients from insect exudates (Chomnunti et al. 2012)	Chomnunti P, et al. 2012. Fungal Diversity 56:63-76 ((https://doi.org/10.1007/s13225-012-0197-2))	Knufia_tsunedae
ASV78	Fungi	Ascomycota	Eurotiomycetes	Eurotiales	Aspergillaceae	Aspergillus	Aspergillus_versicolor	Aspergillus_versicolor	sSH1088125.09FU	0.8206309	Eurotiales	1CB1CE25-36B9-11D5-9548-00D0592D548C	90472	7	Saprotroph	Undefined Saprotroph	Possible	Microfungus	NULL	NULL	Sterkenburg E, et al. 2015. New Phytologist 207:1145-1158 ((https://doi.org/10.1111/nph.13426))	Aspergillus_versicolor
ASV79	Fungi	Ascomycota	Sordariomycetes	Sordariales	Sordariaceae	Neurospora	NA	Neurospora	NA	0.9272900	Sordariaceae	1CB1CDD1-36B9-11D5-9548-00D0592D548C	81384	9	Saprotroph	Dung Saprotroph-Plant Saprotroph	Probable	Microfungus	Null	Saprobic, especially on dung and rotting vegetation but also found associated with food stuffs (Cannon & Kirk 2007)	Cannon PF, Kirk PM. 2007. Fungal Families of the World. CAB International, Cambridge (ISBN: 978-0851998275)	Neurospora
ASV80	Fungi	Ascomycota	Eurotiomycetes	Chaetothyriales	Herpotrichiellaceae	Exophiala	Exophiala_xenobiotica	Exophiala_xenobiotica	sSH1304331.09FU	0.9999997	Herpotrichiellaceae	1CB1CD37-36B9-11D5-9548-00D0592D548C	80856	9	Pathotroph-Saprotroph	Animal Pathogen-Fungal Parasite-Undefined Saprotroph	Probable	Facultative Yeast-Microfungus	NULL	Mostly saprobic on plants or other fungi, isolated from soil etc., and from medical sources (Cannon & Kirk 2007)	Cannon PF, Kirk PM. 2007. Fungal Families of the World. CAB International, Cambridge (ISBN: 978-0851998275)	Exophiala_xenobiotica
ASV81	Fungi	Ascomycota	Dothideomycetes	Coniosporiales	Coniosporiaceae	Coniosporium	NA	Coniosporium	NA	0.9722038	Coniosporium	1CB1C57D-36B9-11D5-9548-00D0592D548C	512506	13	Pathotroph-Saprotroph	Animal Parasite-Animal Pathogen-|Plant Pathogen|-Undefined Saprotroph	Possible	Microfungus	NULL	Species are repeatedly isolated from human skin and nails and eventually causing mild cutaneous infections (Li et al. 2008); The genus comprises environmental fungi forming black spots or patches on plant leaves, bamboo surface, rotten wood, and recently particularly on rock surfaces	Li DM, et al. 2008. Studies in Mycology 61:131-136 ((https://doi.org/10.3114/sim.2008.61.13)); Põlme S, et al. 2020. Fungal Diversity 105:1-16 ((https://doi.org/10.1007/s13225-020-00466-2))	Coniosporium
ASV82	Fungi	Ascomycota	Sordariomycetes	Amphisphaeriales	Discosiaceae	Discosia	NA	Discosia	NA	0.9974899	Discosia	1CB18823-36B9-11D5-9548-00D0592D548C	8072	13	 Pathotroph	|Plant Pathogen|	Probable	Microfungus	NULL	NULL	Tedersoo L, et al. 2014. Science 346:e1256688 ((https://doi.org/10.1126/science.1256688)); Põlme S, et al. 2020. Fungal Diversity 105:1-16 ((https://doi.org/10.1007/s13225-020-00466-2))	Discosia
ASV83	Fungi	Basidiomycota	Agaricomycetes	Sistotremastrales	Sistotremastraceae	Sistotremastrum	Sistotremastrum_guttuliferum	Sistotremastrum_guttuliferum	sSH0893878.09FU	0.9997598	Sistotremastrum	091F1714-D38C-4FB2-A0F9-84225773BCBE	18553	13	Saprotroph	Undefined Saprotroph-|Wood Saprotroph|	Probable	Corticioid	White Rot	As white_rot (Põlme et al. 2020); Decay wood (Põlme et al. 2020)	Tedersoo L, et al. 2014. Science 346:e1256688 ((https://doi.org/10.1126/science.1256688)); Põlme S, et al. 2020. Fungal Diversity 105:1-16 ((https://doi.org/10.1007/s13225-020-00466-2))	Sistotremastrum_guttuliferum
ASV84	Fungi	Basidiomycota	Agaricomycetes	Agaricales	Pleurotaceae	Pleurotus	NA	Pleurotus	NA	0.9822477	Pleurotaceae	1CB1CDA3-36B9-11D5-9548-00D0592D548C	81191	9	Pathotroph-Saprotroph	Endophyte-Plant Pathogen-Wood Saprotroph	Probable	Agaricoid	White Rot	Sapwood rot on Pistacia; Saprobic on woody substrata, more rarely associated with roots of herbaceous plants. Many species are known to derive nutrition from nematodes, the hyphae with adhesive knobs or toxigenic secretory appendages (Cannon & Kirk 2007)	Cannon PF, Kirk PM. 2007. Fungal Families of the World. CAB International, Cambridge (ISBN: 978-0851998275); Costa IPMW, et al. 2012. Mycotaxon 119:e26 ((http://mycotaxon.com/resources/checklists/costa_v119_checklist.pdf)); The American Phytopathological Society Common Names of Plant Diseases ((http://www.apsnet.org/publications/commonnames/Pages/default.aspx))	Pleurotus
ASV85	Fungi	Ascomycota	Dothideomycetes	NA	NA	NA	NA	Dothideomycetes	sSH0960677.09FU	0.9998194	NA	NA	NA	NA	NA	NA	NA	NA	NA	NA	NA	Dothideomycetes
ASV86	Fungi	NA	NA	NA	NA	NA	NA	NA	NA	0.8132813	NA	NA	NA	NA	NA	NA	NA	NA	NA	NA	NA	NA
ASV87	Fungi	Basidiomycota	Agaricostilbomycetes	Agaricostilbales	Agaricostilbaceae	Sterigmatomyces	Sterigmatomyces_halophilus	Sterigmatomyces_halophilus	NA	1.0000000	Agaricostilbaceae	1CB1CCAC-36B9-11D5-9548-00D0592D548C	82058	9	Saprotroph	Undefined Saprotroph	Possible	NULL	NULL	Probably saprobic, usually associated with dead palm tissues (Cannon & Kirk 2007)	Cannon PF, Kirk PM. 2007. Fungal Families of the World. CAB International, Cambridge (ISBN: 978-0851998275)	Sterigmatomyces_halophilus
ASV88	Fungi	NA	NA	NA	NA	NA	NA	NA	NA	0.7930068	NA	NA	NA	NA	NA	NA	NA	NA	NA	NA	NA	NA
ASV89	Fungi	Ascomycota	Dothideomycetes	NA	NA	NA	NA	Dothideomycetes	NA	0.9051874	NA	NA	NA	NA	NA	NA	NA	NA	NA	NA	NA	Dothideomycetes
ASV90	Fungi	Basidiomycota	Agaricomycetes	Polyporales	Fomitopsidaceae	Amyloporia	Amyloporia_sinuosa	Amyloporia_sinuosa	sSH1260170.09FU	0.9530562	Fomitopsidaceae	1CB1CD22-36B9-11D5-9548-00D0592D548C	81772	9	Pathotroph-Saprotroph	Plant Pathogen-Wood Saprotroph	Probable	Polyporoid	Brown Rot	Most species are parasitic on woody plants, causing brown rots (Cannon & Kirk 2007)	Cannon PF, Kirk PM. 2007. Fungal Families of the World. CAB International, Cambridge (ISBN: 978-0851998275)	Amyloporia_sinuosa
ASV91	Fungi	Basidiomycota	Malasseziomycetes	Malasseziales	Malasseziaceae	Malassezia	Malassezia_restricta	Malassezia_restricta	sSH1102553.09FU	0.9999982	Malassezia restricta	0ED4066F-EEFE-46DE-95EC-94452E61766B	437921	20	Pathotroph	Animal Pathogen	Probable	NULL	NULL	Opportunistic human pathogen	https://www.cdc.gov ((https://www.cdc.gov))	Malassezia_restricta
ASV92	Fungi	Basidiomycota	Agaricomycetes	Hymenochaetales	Hymenochaetaceae	Hymenochaete	Hymenochaete_rheicolor	Hymenochaete_rheicolor	sSH1027030.09FU	0.8302566	Hymenochaetaceae	CC29D6F9-5984-496D-97E7-42EB138C1FEE	536196	9	Saprotroph-Symbiotroph	Ectomycorrhizal-Wood Saprotroph	Probable	Corticioid-Polyporoid	NULL	Lignicolous, causing white rots, rarely ectomycorrhizal (Cannon & Kirk 2007)	Cannon PF, Kirk PM. 2007. Fungal Families of the World. CAB International, Cambridge (ISBN: 978-0851998275)	Hymenochaete_rheicolor
ASV93	Fungi	Ascomycota	Dothideomycetes	Pleosporales	Pleosporaceae	Alternaria	NA	Alternaria	NA	0.9999960	Pleosporaceae	1CB1CDA2-36B9-11D5-9548-00D0592D548C	81188	9	Pathotroph-Saprotroph	Endophyte-Lichen Parasite-Plant Pathogen-Undefined Saprotroph	Probable	Microfungus	NULL	Necrotrophic pathogens and saprobes, especially associated with grasses. Many species are seed-borne (Cannon & Kirk 2007)	Cannon PF, Kirk PM. 2007. Fungal Families of the World. CAB International, Cambridge (ISBN: 978-0851998275); David AS, et al. 2016. Microbial Ecology 71:912-926 ((https://doi.org/10.1007/s00248-015-0712-6)); Lawrey JD, Diederich P. 2016. http://www.lichenicolous.net (accessed 24 May 2017) ((http://www.lichenicolous.net))	Alternaria
ASV94	Fungi	Ascomycota	Dothideomycetes	NA	NA	NA	NA	Dothideomycetes	sSH1084309.09FU	0.9600222	NA	NA	NA	NA	NA	NA	NA	NA	NA	NA	NA	Dothideomycetes
ASV95	Fungi	Ascomycota	Eurotiomycetes	Chaetothyriales	Cyphellophoraceae	Cyphellophora	Cyphellophora_pluriseptata	Cyphellophora_pluriseptata	sSH1233253.09FU	0.9832746	Cyphellophoraceae	E47C91B2-59D9-4C3C-AC54-9038AE2E4FE1	803682	9	Pathotroph-Saprotroph	Animal Pathogen-Undefined Saprotroph	Probable	Facultative Yeast-Microfungus	NULL	Consult the current literature for updated names on this group that included the Black Yeasts; Some species are likely opportunistic human pathogen (Irinyi et al. 2015)	Tedersoo L, et al. 2014. Science 346:e1256688 ((https://doi.org/10.1126/science.1256688)); Irinyi L, et al. 2015. Medical Mycology 53:313-337 ((https://doi.org/10.1093/mmy/myv008))	Cyphellophora_pluriseptata
ASV96	Fungi	Ascomycota	Eurotiomycetes	Eurotiales	Aspergillaceae	NA	NA	Aspergillaceae	NA	0.8389992	Eurotiales	1CB1CE25-36B9-11D5-9548-00D0592D548C	90472	7	Saprotroph	Undefined Saprotroph	Possible	Microfungus	NULL	NULL	Sterkenburg E, et al. 2015. New Phytologist 207:1145-1158 ((https://doi.org/10.1111/nph.13426))	Aspergillaceae
ASV97	Fungi	Basidiomycota	Agaricomycetes	Hymenochaetales	Rickenellaceae	Peniophorella	NA	Peniophorella	sSH1124814.09FU	0.9999993	Peniophorella	0CB5C5A6-62A5-4579-B5A2-76797F4EBA35	18202	13	Saprotroph	Undefined Saprotroph-|Wood Saprotroph|	Probable	Corticioid	White Rot	As white_rot (Põlme et al. 2020); Decay wood (Põlme et al. 2020)	Tedersoo L, et al. 2014. Science 346:e1256688 ((https://doi.org/10.1126/science.1256688)); Põlme S, et al. 2020. Fungal Diversity 105:1-16 ((https://doi.org/10.1007/s13225-020-00466-2))	Peniophorella
ASV98	Fungi	Chytridiomycota	NA	NA	NA	NA	NA	Chytridiomycota	NA	0.8267357	NA	NA	NA	NA	NA	NA	NA	NA	NA	NA	NA	Chytridiomycota
ASV99	Fungi	Basidiomycota	Microbotryomycetes	Sporidiobolales	Sporidiobolaceae	Rhodotorula	NA	Rhodotorula	NA	1.0000000	Sporidiobolaceae	20AD224D-9EFF-4C1C-8214-59BA76CCCDF3	82101	9	Pathotroph-Saprotroph	Animal Pathogen-Undefined Saprotroph	Probable	Microfungus	NULL	Saprobic, found in a wide range of habitats and especially in aquatic systems. Some of the red yeasts in this family are widely encountered spoilage organisms and opportunistic human pathogens (Cannon & Kirk 2007)	Cannon PF, Kirk PM. 2007. Fungal Families of the World. CAB International, Cambridge (ISBN: 978-0851998275)	Rhodotorula
ASV100	Fungi	Ascomycota	Dothideomycetes	Capnodiales	Cladosporiaceae	Cladosporium	NA	Cladosporium	NA	0.8539767	Cladosporiaceae	6EDCD6E4-DE4D-443D-AF6B-A572F626BD45	816548	9	Pathotroph-Saprotroph-Symbiotroph	Animal Pathogen-Endophyte-Lichen Parasite-Plant Pathogen-Wood Saprotroph	Possible	Microfungus	NULL	NULL	Seehann G, et al. 1975. List of Fungi in Soft-Rot Tissue Tests. Institute fur Holzbiologie und Holzschutz, Bundesforschungsanstalt fur Forst - und Holzwirtshaft, Hamburg - Lohbrugge, Germany; Lawrey JD, Diederich P. 2016. http://www.lichenicolous.net (accessed 24 May 2017) ((http://www.lichenicolous.net)); The American Phytopathological Society Common Names of Plant Diseases ((http://www.apsnet.org/publications/commonnames/Pages/default.aspx))	Cladosporium
ASV101	Fungi	Ascomycota	Dothideomycetes	Pleosporales	Didymellaceae	NA	NA	Didymellaceae	NA	0.9935554	Didymellaceae	F971F4FB-F68A-481E-B5F1-2BF2B753AA5D	508292	9	Pathotroph-Saprotroph	Animal Pathogen-Plant Pathogen-Undefined Saprotroph	Possible	Microfungus	NULL	NULL	Tedersoo L, et al. 2014. Science 346:e1256688 ((https://doi.org/10.1126/science.1256688))	Didymellaceae
ASV102	Fungi	Ascomycota	Dothideomycetes	Pleosporales	Didymellaceae	Didymella	NA	Didymella	NA	0.7904580	Didymellaceae	F971F4FB-F68A-481E-B5F1-2BF2B753AA5D	508292	9	Pathotroph-Saprotroph	Animal Pathogen-Plant Pathogen-Undefined Saprotroph	Possible	Microfungus	NULL	NULL	Tedersoo L, et al. 2014. Science 346:e1256688 ((https://doi.org/10.1126/science.1256688))	Didymella
ASV103	Fungi	Ascomycota	Eurotiomycetes	Eurotiales	Aspergillaceae	NA	NA	Aspergillaceae	NA	0.9984279	Eurotiales	1CB1CE25-36B9-11D5-9548-00D0592D548C	90472	7	Saprotroph	Undefined Saprotroph	Possible	Microfungus	NULL	NULL	Sterkenburg E, et al. 2015. New Phytologist 207:1145-1158 ((https://doi.org/10.1111/nph.13426))	Aspergillaceae
ASV104	Fungi	Basidiomycota	Cystobasidiomycetes	Cystobasidiales	Cystobasidiaceae	Cystobasidium	Cystobasidium_slooffiae	Cystobasidium_slooffiae	sSH0970186.09FU	0.9994762	Cystobasidium	089EE3BE-975C-47BF-8DD0-494C299F8F10	17446	13	Pathotroph	|Fungal Parasite|	Highly Probable	Dimorphic-Facultative Yeast	NULL	As mycoparasite (Põlme et al. 2020); Decay fungal material (Põlme et al. 2020); Host - Thelebolales (Põlme et al. 2020)	Kurtzman CP, et al. (eds.) 2011. The Yeasts, a Taxonomic Study. Fifth Edition. Vols 1-3. Elsevier, San Diego (ISBN: 9780444521491); Põlme S, et al. 2020. Fungal Diversity 105:1-16 ((https://doi.org/10.1007/s13225-020-00466-2))	Cystobasidium_slooffiae
ASV105	Fungi	Mortierellomycota	Mortierellomycetes	Mortierellales	Mortierellaceae	NA	NA	Mortierellaceae	NA	0.9999985	Mortierellaceae	3BD31551-4295-4664-858B-8E44073A293E	816415	9	Saprotroph-Symbiotroph	Endophyte-Litter Saprotroph-Soil Saprotroph-Undefined Saprotroph	Possible	Microfungus	NULL	Saprobic in soil and thus frequenctly isolated from soil and material contaminated with soil such as hay or rotten silage and spoil tips (Cannon & Kirk 2007)	Cannon PF, Kirk PM. 2007. Fungal Families of the World. CAB International, Cambridge (ISBN: 978-0851998275); Purahong W, et al. 2016. Molecular Ecology 25:4059-4074 ((https://doi.org/10.1111/mec.13739))	Mortierellaceae
ASV106	Fungi	Basidiomycota	Agaricomycetes	Russulales	Peniophoraceae	Peniophora	Peniophora_laxitexta	Peniophora_laxitexta	sSH1068832.09FU	0.9080119	Peniophoraceae	1CB1CD8B-36B9-11D5-9548-00D0592D548C	81123	9	Pathotroph-Saprotroph	Plant Pathogen-Wood Saprotroph	Probable	Corticioid	White Rot	Most species are saprobic, causing rots of standing and fallen wood. Many species are adapted to xeric conditions, being able to grow on rapidly drying dead attached branches (Cannon & Kirk 2007)	Cannon PF, Kirk PM. 2007. Fungal Families of the World. CAB International, Cambridge (ISBN: 978-0851998275)	Peniophora_laxitexta
ASV107	Fungi	Basidiomycota	Agaricomycetes	NA	NA	NA	NA	Agaricomycetes	sSH1122497.09FU	0.9999998	NA	NA	NA	NA	NA	NA	NA	NA	NA	NA	NA	Agaricomycetes
ASV108	Fungi	Ascomycota	Dothideomycetes	Pleosporales	Phaeosphaeriaceae	Phaeosphaeria	Phaeosphaeria_oryzae	Phaeosphaeria_oryzae	sSH0994151.09FU	0.9999998	Phaeosphaeriaceae	1CB1CD8E-36B9-11D5-9548-00D0592D548C	81637	9	Pathotroph-Saprotroph	Fungal Parasite-Plant Pathogen-Plant Saprotroph	Probable	Microfungus	NULL	Necrotrophic or saprobic on a wide range of plants, especially monocotyledons; a few species parasitic on other fungi (Cannon & Kirk 2007)	Cannon PF, Kirk PM. 2007. Fungal Families of the World. CAB International, Cambridge (ISBN: 978-0851998275)	Phaeosphaeria_oryzae
ASV109	Fungi	Ascomycota	Eurotiomycetes	Eurotiales	Aspergillaceae	Aspergillus	NA	Aspergillus	NA	1.0000000	Eurotiales	1CB1CE25-36B9-11D5-9548-00D0592D548C	90472	7	Saprotroph	Undefined Saprotroph	Possible	Microfungus	NULL	NULL	Sterkenburg E, et al. 2015. New Phytologist 207:1145-1158 ((https://doi.org/10.1111/nph.13426))	Aspergillus
ASV110	Fungi	NA	NA	NA	NA	NA	NA	NA	sSH0884008.09FU	0.9974148	NA	NA	NA	NA	NA	NA	NA	NA	NA	NA	NA	NA
ASV111	Fungi	Ascomycota	Sordariomycetes	Hypocreales	Ophiocordycipitaceae	Purpureocillium	NA	Purpureocillium	NA	0.9995601	Ophiocordycipitaceae	118FAE1B-EB93-4474-A604-F47BB984C8D1	504190	9	Pathotroph-Symbiotroph	Endophyte-Insect Pathogen	Probable	Microfungus	NULL	A family of parasitic fungi (Sung et al. 2007)	Sung GH, et al. 2007. Studies in Mycology 57:5-59 ((https://doi.org/10.3114/sim.2007.57.01)); Costa IPMW, et al. 2012. Mycotaxon 119:e26 ((http://mycotaxon.com/resources/checklists/costa_v119_checklist.pdf))	Purpureocillium
ASV112	Fungi	Ascomycota	Sordariomycetes	Hypocreales	NA	Acremonium	Acremonium_charticola	Acremonium_charticola	sSH1275731.09FU	0.9998518	Hypocreales	1CB18E60-36B9-11D5-9548-00D0592D548C	90477	7	Saprotroph	Undefined Saprotroph	Possible	Microfungus	NULL	NULL	Sterkenburg E, et al. 2015. New Phytologist 207:1145-1158 ((https://doi.org/10.1111/nph.13426))	Acremonium_charticola
ASV113	Fungi	Basidiomycota	Agaricomycetes	Auriculariales	Aporpiaceae	Elmerina	Elmerina_caryae	Elmerina_caryae	sSH1300748.09FU	0.9999986	Elmerina	1CB186F5-36B9-11D5-9548-00D0592D548C	17548	13	Saprotroph	Undefined Saprotroph-|Wood Saprotroph|	Probable	Corticioid	White Rot	As white_rot (Põlme et al. 2020); Decay wood (Põlme et al. 2020)	Tedersoo L, et al. 2014. Science 346:e1256688 ((https://doi.org/10.1126/science.1256688)); Põlme S, et al. 2020. Fungal Diversity 105:1-16 ((https://doi.org/10.1007/s13225-020-00466-2))	Elmerina_caryae
ASV114	Fungi	Basidiomycota	Agaricomycetes	Agaricales	NA	NA	NA	Agaricales	NA	0.9997194	Agaricales	715D162F-5F0E-40C8-A7DC-79D488D3F937	90508	7	Pathotroph-Saprotroph-Symbiotroph	Bryophyte Parasite-Dung Saprotroph-Ectomycorrhizal-Fungal Parasite-Leaf Saprotroph-Plant Parasite-Undefined Saprotroph-Wood Saprotroph	Possible	Agaricoid-Gasteroid-Microfungus-Secotioid-Yeast	NULL	Mushrooms and toadstools, Gill fungi, Agarics... lignicolous, sometimes muscicolous or fungicolous, saprobic, mycorrhizal, rarely parasitic on plants or fungi (Kirk et al. 2008)	Kirk PM et al. 2008. Dictionary of the Fungi. Tenth Edition. CAB International, Wallingford (ISBN: 978-0851998268)	Agaricales
ASV115	Fungi	Ascomycota	Eurotiomycetes	Chaetothyriales	Herpotrichiellaceae	Exophiala	Exophiala_xenobiotica	Exophiala_xenobiotica	sSH1304331.09FU	0.9999991	Herpotrichiellaceae	1CB1CD37-36B9-11D5-9548-00D0592D548C	80856	9	Pathotroph-Saprotroph	Animal Pathogen-Fungal Parasite-Undefined Saprotroph	Probable	Facultative Yeast-Microfungus	NULL	Mostly saprobic on plants or other fungi, isolated from soil etc., and from medical sources (Cannon & Kirk 2007)	Cannon PF, Kirk PM. 2007. Fungal Families of the World. CAB International, Cambridge (ISBN: 978-0851998275)	Exophiala_xenobiotica
ASV116	Fungi	Chytridiomycota	Chytridiomycetes	Chytridiales	Chytridiaceae	Phlyctochytrium	NA	Phlyctochytrium	NA	0.9997717	Chytridiaceae	1BA72B23-A9E8-4147-9E16-1EB216CE9DC0	816372	9	Pathotroph-Saprotroph	Algal Parasite-Fungal Parasite-Undefined Saprotroph	Probable	Microfungus	NULL	Saprobic or more frequently parasitic on algae (Chromista or Chlorophyta) and other chytrids (Cannon & Kirk 2007)	Cannon PF, Kirk PM. 2007. Fungal Families of the World. CAB International, Cambridge (ISBN: 978-0851998275)	Phlyctochytrium
ASV117	Fungi	Ascomycota	Dothideomycetes	Mycosphaerellales	Teratosphaeriaceae	Eupenidiella	Eupenidiella_venezuelensis	Eupenidiella_venezuelensis	sSH1084567.09FU	0.9888125	Teratosphaeriaceae	87A3FDCC-E75C-4F2E-B987-C7579847CE32	504465	9	Pathotroph-Saprotroph	Animal Pathogen-Plant Pathogen-Undefined Saprotroph	Probable	NULL	NULL	Includes numerous saprobic, extremophilic, human opportunistic, and plant pathogenic fungi (Quaedvlieg et al. 2014)	Quaedvlieg W, et al. 2014. Persoonia 3:31-40 ((https://doi.org/10.3767/003158514X681981))	Eupenidiella_venezuelensis
ASV118	Fungi	Basidiomycota	Agaricomycetes	Polyporales	NA	NA	NA	Polyporales	NA	0.9986101	NA	NA	NA	NA	NA	NA	NA	NA	NA	NA	NA	Polyporales
ASV119	Fungi	Basidiomycota	Agaricomycetes	Russulales	Stereaceae	Stereum	Stereum_sanguinolentum	Stereum_sanguinolentum	sSH0935443.09FU	0.9974205	Stereaceae	1CB1CDDC-36B9-11D5-9548-00D0592D548C	81424	9	Saprotroph	Undefined Saprotroph-Wood Saprotroph	Probable	Corticioid-Polyporoid	NULL	Lignicolous or terrestrial (in leaf litter); typically saprobic (Cannon & Kirk 2007)	Cannon PF, Kirk PM. 2007. Fungal Families of the World. CAB International, Cambridge (ISBN: 978-0851998275)	Stereum_sanguinolentum
ASV120	Fungi	Basidiomycota	Agaricomycetes	Agaricales	Tricholomataceae	Baeospora	Baeospora_myosura	Baeospora_myosura	sSH1044662.09FU	0.9964218	Tricholomataceae	008764C7-3F16-4577-B343-C50EF7B78211	81487	9	Pathotroph-Symbiotroph	Ectomycorrhizal-Fungal Parasite	Probable	Agaricoid	NULL	Tricholoma species are ectomycorrhizal, occurring in coniferous and broadleaved forests (Cannon & Kirk 2007); T. sclerotoideum is parasitic on Helvella spp.	Cannon PF, Kirk PM. 2007. Fungal Families of the World. CAB International, Cambridge (ISBN: 978-0851998275)	Baeospora_myosura
ASV121	Fungi	Basidiomycota	Agaricostilbomycetes	Agaricostilbales	Agaricostilbaceae	Sterigmatomyces	Sterigmatomyces_halophilus	Sterigmatomyces_halophilus	NA	1.0000000	Agaricostilbaceae	1CB1CCAC-36B9-11D5-9548-00D0592D548C	82058	9	Saprotroph	Undefined Saprotroph	Possible	NULL	NULL	Probably saprobic, usually associated with dead palm tissues (Cannon & Kirk 2007)	Cannon PF, Kirk PM. 2007. Fungal Families of the World. CAB International, Cambridge (ISBN: 978-0851998275)	Sterigmatomyces_halophilus
ASV122	Fungi	Ascomycota	Eurotiomycetes	Eurotiales	Aspergillaceae	Talaromyces	NA	Talaromyces	NA	0.9735482	Eurotiales	1CB1CE25-36B9-11D5-9548-00D0592D548C	90472	7	Saprotroph	Undefined Saprotroph	Possible	Microfungus	NULL	NULL	Sterkenburg E, et al. 2015. New Phytologist 207:1145-1158 ((https://doi.org/10.1111/nph.13426))	Talaromyces
ASV123	Fungi	Ascomycota	NA	NA	NA	NA	NA	Ascomycota	sSH1291810.09FU	0.9174729	NA	NA	NA	NA	NA	NA	NA	NA	NA	NA	NA	Ascomycota
ASV124	Fungi	Ascomycota	Dothideomycetes	Capnodiales	Cladosporiaceae	Cladosporium	NA	Cladosporium	NA	0.9868291	Cladosporiaceae	6EDCD6E4-DE4D-443D-AF6B-A572F626BD45	816548	9	Pathotroph-Saprotroph-Symbiotroph	Animal Pathogen-Endophyte-Lichen Parasite-Plant Pathogen-Wood Saprotroph	Possible	Microfungus	NULL	NULL	Seehann G, et al. 1975. List of Fungi in Soft-Rot Tissue Tests. Institute fur Holzbiologie und Holzschutz, Bundesforschungsanstalt fur Forst - und Holzwirtshaft, Hamburg - Lohbrugge, Germany; Lawrey JD, Diederich P. 2016. http://www.lichenicolous.net (accessed 24 May 2017) ((http://www.lichenicolous.net)); The American Phytopathological Society Common Names of Plant Diseases ((http://www.apsnet.org/publications/commonnames/Pages/default.aspx))	Cladosporium
ASV125	Fungi	Basidiomycota	Agaricomycetes	Polyporales	Phanerochaetaceae	Phlebiopsis	Phlebiopsis_flavidoalba	Phlebiopsis_flavidoalba	sSH1216930.09FU	0.9935234	Phlebiopsis	1CB1C9FB-36B9-11D5-9548-00D0592D548C	25478	13	Saprotroph	Undefined Saprotroph-|Wood Saprotroph|	Probable	Corticioid	White Rot	As white_rot (Põlme et al. 2020); Decay wood (Põlme et al. 2020)	Tedersoo L, et al. 2014. Science 346:e1256688 ((https://doi.org/10.1126/science.1256688)); Põlme S, et al. 2020. Fungal Diversity 105:1-16 ((https://doi.org/10.1007/s13225-020-00466-2))	Phlebiopsis_flavidoalba
ASV126	Fungi	Basidiomycota	Agaricomycetes	Hymenochaetales	Rickenellaceae	Sidera	NA	Sidera	sSH1110195.09FU	1.0000000	Sidera	97B47272-365F-4F6A-8BF6-A4ACD4016A3C	516944	13	Saprotroph	Undefined Saprotroph-|Wood Saprotroph|	Probable	Corticioid	White Rot	As white_rot (Põlme et al. 2020); Decay wood (Põlme et al. 2020)	Tedersoo L, et al. 2014. Science 346:e1256688 ((https://doi.org/10.1126/science.1256688)); Põlme S, et al. 2020. Fungal Diversity 105:1-16 ((https://doi.org/10.1007/s13225-020-00466-2))	Sidera
ASV127	Fungi	NA	NA	NA	NA	NA	NA	NA	NA	0.9999846	NA	NA	NA	NA	NA	NA	NA	NA	NA	NA	NA	NA
ASV128	Fungi	Ascomycota	Dothideomycetes	Pleosporales	NA	NA	NA	Pleosporales	NA	0.9482380	NA	NA	NA	NA	NA	NA	NA	NA	NA	NA	NA	Pleosporales
ASV129	Fungi	NA	NA	NA	NA	NA	NA	NA	NA	0.9344336	NA	NA	NA	NA	NA	NA	NA	NA	NA	NA	NA	NA
ASV130	Fungi	Ascomycota	Dothideomycetes	Mycosphaerellales	Teratosphaeriaceae	Hortaea	Hortaea_werneckii	Hortaea_werneckii	sSH1000031.09FU	1.0000000	Teratosphaeriaceae	87A3FDCC-E75C-4F2E-B987-C7579847CE32	504465	9	Pathotroph-Saprotroph	Animal Pathogen-Plant Pathogen-Undefined Saprotroph	Probable	NULL	NULL	Includes numerous saprobic, extremophilic, human opportunistic, and plant pathogenic fungi (Quaedvlieg et al. 2014)	Quaedvlieg W, et al. 2014. Persoonia 3:31-40 ((https://doi.org/10.3767/003158514X681981))	Hortaea_werneckii
ASV131	Fungi	Basidiomycota	Agaricomycetes	Hymenochaetales	Rickenellaceae	Peniophorella	Peniophorella_odontiiformis	Peniophorella_odontiiformis	sSH1124815.09FU	1.0000000	Peniophorella	0CB5C5A6-62A5-4579-B5A2-76797F4EBA35	18202	13	Saprotroph	Undefined Saprotroph-|Wood Saprotroph|	Probable	Corticioid	White Rot	As white_rot (Põlme et al. 2020); Decay wood (Põlme et al. 2020)	Tedersoo L, et al. 2014. Science 346:e1256688 ((https://doi.org/10.1126/science.1256688)); Põlme S, et al. 2020. Fungal Diversity 105:1-16 ((https://doi.org/10.1007/s13225-020-00466-2))	Peniophorella_odontiiformis
ASV132	Fungi	Basidiomycota	Agaricomycetes	Hymenochaetales	Hymenochaetaceae	NA	NA	Hymenochaetaceae	NA	0.9950857	Hymenochaetaceae	CC29D6F9-5984-496D-97E7-42EB138C1FEE	536196	9	Saprotroph-Symbiotroph	Ectomycorrhizal-Wood Saprotroph	Probable	Corticioid-Polyporoid	NULL	Lignicolous, causing white rots, rarely ectomycorrhizal (Cannon & Kirk 2007)	Cannon PF, Kirk PM. 2007. Fungal Families of the World. CAB International, Cambridge (ISBN: 978-0851998275)	Hymenochaetaceae
ASV133	Fungi	Basidiomycota	Agaricomycetes	Hymenochaetales	NA	Trichaptum	Trichaptum_sector	Trichaptum_sector	sSH0891791.09FU	0.9999832	Trichaptum	1CB1CC20-36B9-11D5-9548-00D0592D548C	18675	13	Saprotroph	|Wood Saprotroph|	Highly Probable	Polyporoid	White Rot	As white_rot (Põlme et al. 2020); Decay wood (Põlme et al. 2020)	Gilbertson RL, Ryvarden L. 1987-1987. North American Polypores. Fungiflora, Oslo (ISBN: 978-0945345060); Põlme S, et al. 2020. Fungal Diversity 105:1-16 ((https://doi.org/10.1007/s13225-020-00466-2))	Trichaptum_sector
ASV134	Fungi	Ascomycota	Eurotiomycetes	Eurotiales	Aspergillaceae	Penicillium	Penicillium_coffeae	Penicillium_coffeae	sSH1226512.09FU	0.7086829	Eurotiales	1CB1CE25-36B9-11D5-9548-00D0592D548C	90472	7	Saprotroph	Undefined Saprotroph	Possible	Microfungus	NULL	NULL	Sterkenburg E, et al. 2015. New Phytologist 207:1145-1158 ((https://doi.org/10.1111/nph.13426))	Penicillium_coffeae
ASV135	Fungi	Basidiomycota	Agaricomycetes	Russulales	Peniophoraceae	Peniophora	NA	Peniophora	NA	0.8971314	Peniophoraceae	1CB1CD8B-36B9-11D5-9548-00D0592D548C	81123	9	Pathotroph-Saprotroph	Plant Pathogen-Wood Saprotroph	Probable	Corticioid	White Rot	Most species are saprobic, causing rots of standing and fallen wood. Many species are adapted to xeric conditions, being able to grow on rapidly drying dead attached branches (Cannon & Kirk 2007)	Cannon PF, Kirk PM. 2007. Fungal Families of the World. CAB International, Cambridge (ISBN: 978-0851998275)	Peniophora
ASV136	Fungi	Basidiomycota	Agaricomycetes	NA	NA	NA	NA	Agaricomycetes	NA	1.0000000	NA	NA	NA	NA	NA	NA	NA	NA	NA	NA	NA	Agaricomycetes
ASV137	Fungi	Basidiomycota	Microbotryomycetes	Sporidiobolales	Sporidiobolaceae	Sporidiobolus	Sporidiobolus_salmonicolor	Sporidiobolus_salmonicolor	NA	0.9957458	Sporidiobolaceae	20AD224D-9EFF-4C1C-8214-59BA76CCCDF3	82101	9	Pathotroph-Saprotroph	Animal Pathogen-Undefined Saprotroph	Probable	Microfungus	NULL	Saprobic, found in a wide range of habitats and especially in aquatic systems. Some of the red yeasts in this family are widely encountered spoilage organisms and opportunistic human pathogens (Cannon & Kirk 2007)	Cannon PF, Kirk PM. 2007. Fungal Families of the World. CAB International, Cambridge (ISBN: 978-0851998275)	Sporidiobolus_salmonicolor
ASV138	Fungi	Basidiomycota	Agaricomycetes	Hymenochaetales	Hymenochaetaceae	Hymenochaetopsis	NA	Hymenochaetopsis	NA	0.9662446	Hymenochaetaceae	CC29D6F9-5984-496D-97E7-42EB138C1FEE	536196	9	Saprotroph-Symbiotroph	Ectomycorrhizal-Wood Saprotroph	Probable	Corticioid-Polyporoid	NULL	Lignicolous, causing white rots, rarely ectomycorrhizal (Cannon & Kirk 2007)	Cannon PF, Kirk PM. 2007. Fungal Families of the World. CAB International, Cambridge (ISBN: 978-0851998275)	Hymenochaetopsis
ASV139	Fungi	Ascomycota	Eurotiomycetes	Eurotiales	Aspergillaceae	Penicillium	NA	Penicillium	NA	0.8212119	Eurotiales	1CB1CE25-36B9-11D5-9548-00D0592D548C	90472	7	Saprotroph	Undefined Saprotroph	Possible	Microfungus	NULL	NULL	Sterkenburg E, et al. 2015. New Phytologist 207:1145-1158 ((https://doi.org/10.1111/nph.13426))	Penicillium
ASV140	Fungi	Basidiomycota	Agaricomycetes	Polyporales	Meripilaceae	Physisporinus	Physisporinus_vitreus	Physisporinus_vitreus	sSH1257021.09FU	0.9999650	Meripilaceae	1CB1CD64-36B9-11D5-9548-00D0592D548C	80007	9	Pathotroph-Saprotroph	Plant Pathogen-Undefined Saprotroph	Probable	Polyporoid	NULL	Saprobic or parasitic on hardwood trees, often growing from buried roots and causing white rot (Cannon & Kirk 2007)	Cannon PF, Kirk PM. 2007. Fungal Families of the World. CAB International, Cambridge (ISBN: 978-0851998275)	Physisporinus_vitreus
ASV141	Fungi	Ascomycota	Sordariomycetes	Diaporthales	Gnomoniaceae	NA	NA	Gnomoniaceae	NA	0.9997364	Gnomoniaceae	F36F48E8-C228-4922-8DB6-AE905CA55412	80810	9	Pathotroph-Saprotroph-Symbiotroph	Endophyte-Plant Pathogen-Undefined Saprotroph	Probable	Microfungus	NULL	Most species are saprobes or endophytes in leaves and bark, but a few are neurotrophic pathogens (Cannon & Kirk 2007)	Cannon PF, Kirk PM. 2007. Fungal Families of the World. CAB International, Cambridge (ISBN: 978-0851998275)	Gnomoniaceae
ASV142	Fungi	Ascomycota	Dothideomycetes	Pleosporales	Didymosphaeriaceae	NA	NA	Didymosphaeriaceae	NA	0.9871168	Didymosphaeriaceae	1CB1CD0B-36B9-11D5-9548-00D0592D548C	80702	9	Pathotroph-Saprotroph-Symbiotroph	Endophyte-Lichen Parasite-Plant Pathogen-Undefined Saprotroph	Probable	Microfungus	NULL	Saprobes in both woody and herbaceous material, also parasitic on other fungi (Cannon & Kirk 2007)	Cannon PF, Kirk PM. 2007. Fungal Families of the World. CAB International, Cambridge (ISBN: 978-0851998275); Massimo NC, et al. 2015. Microbial Ecology 70:61-76 ((https://doi.org/10.1007/s00248-014-0563-6))	Didymosphaeriaceae
ASV143	Fungi	Basidiomycota	Malasseziomycetes	Malasseziales	Malasseziaceae	NA	NA	Malasseziaceae	sSH1013102.09FU	1.0000000	NA	NA	NA	NA	NA	NA	NA	NA	NA	NA	NA	Malasseziaceae
ASV144	Fungi	Ascomycota	Dothideomycetes	Mycosphaerellales	Mycosphaerellaceae	Ramularia	Ramularia_pistaciae	Ramularia_pistaciae	sSH1551179.09FU	0.9618495	Mycosphaerellaceae	1CB1CD75-36B9-11D5-9548-00D0592D548C	81043	9	Pathotroph-Saprotroph	Plant Pathogen-Undefined Saprotroph	Probable	Microfungus	NULL	Biotrophic, necrotrophic or saprobic on various plant tissues (Cannon & Kirk 2007)	Cannon PF, Kirk PM. 2007. Fungal Families of the World. CAB International, Cambridge (ISBN: 978-0851998275)	Ramularia_pistaciae
ASV145	Fungi	Basidiomycota	Agaricomycetes	Polyporales	Incrustoporiaceae	Skeletocutis	Skeletocutis_diluta	Skeletocutis_diluta	sSH1010832.09FU	0.9999984	Skeletocutis	1CB1A2C9-36B9-11D5-9548-00D0592D548C	18554	13	Saprotroph	|Wood Saprotroph|	Highly Probable	Polyporoid	White Rot	As white_rot (Põlme et al. 2020); Decay wood (Põlme et al. 2020)	Gilbertson RL, Ryvarden L. 1987-1987. North American Polypores. Fungiflora, Oslo (ISBN: 978-0945345060); Põlme S, et al. 2020. Fungal Diversity 105:1-16 ((https://doi.org/10.1007/s13225-020-00466-2))	Skeletocutis_diluta
ASV146	Fungi	Ascomycota	Dothideomycetes	Pleosporales	Teichosporaceae	Magnibotryascoma	Magnibotryascoma_kunmingense	Magnibotryascoma_kunmingense	sSH0912134.09FU	0.9933451	Teichosporaceae	85063DF7-2F4D-49D2-9365-1AA2B32DC6B7	82136	9	Saprotroph	Undefined Saprotroph	Probable	Microfungus	NULL	Saprobic in plant material (Jaklitsch et al. 2016)	Jaklitsch WM,et al. 2016. Mycological Progress 15:e31 ((https://doi.org/10.1007/s11557-016-1171-2))	Magnibotryascoma_kunmingense
ASV147	Fungi	Ascomycota	Eurotiomycetes	Eurotiales	Aspergillaceae	Talaromyces	NA	Talaromyces	NA	0.9988476	Eurotiales	1CB1CE25-36B9-11D5-9548-00D0592D548C	90472	7	Saprotroph	Undefined Saprotroph	Possible	Microfungus	NULL	NULL	Sterkenburg E, et al. 2015. New Phytologist 207:1145-1158 ((https://doi.org/10.1111/nph.13426))	Talaromyces
ASV148	Fungi	Basidiomycota	Malasseziomycetes	Malasseziales	Malasseziaceae	Malassezia	Malassezia_restricta	Malassezia_restricta	sSH1102553.09FU	0.9999844	Malassezia restricta	0ED4066F-EEFE-46DE-95EC-94452E61766B	437921	20	Pathotroph	Animal Pathogen	Probable	NULL	NULL	Opportunistic human pathogen	https://www.cdc.gov ((https://www.cdc.gov))	Malassezia_restricta
ASV149	Fungi	Basidiomycota	Agaricomycetes	Cantharellales	Botryobasidiaceae	Botryobasidium	NA	Botryobasidium	sSH1241749.09FU	0.8706713	Botryobasidiaceae	1CB1CCD1-36B9-11D5-9548-00D0592D548C	81744	9	Saprotroph	Undefined Saprotroph-Wood Saprotroph	Probable	Corticioid	NULL	Saprobic, typically on rotten wood (Cannon & Kirk 2007)	Cannon PF, Kirk PM. 2007. Fungal Families of the World. CAB International, Cambridge (ISBN: 978-0851998275)	Botryobasidium
ASV150	Fungi	Basidiomycota	Agaricomycetes	Auriculariales	NA	NA	NA	Auriculariales	sSH1300732.09FU	0.9867013	NA	NA	NA	NA	NA	NA	NA	NA	NA	NA	NA	Auriculariales
ASV151	Fungi	NA	NA	NA	NA	NA	NA	NA	sSH0884008.09FU	0.9847113	NA	NA	NA	NA	NA	NA	NA	NA	NA	NA	NA	NA
ASV152	Fungi	Basidiomycota	Agaricostilbomycetes	Agaricostilbales	Chionosphaeraceae	NA	NA	Chionosphaeraceae	NA	0.9112955	Chionosphaeraceae	1CB1CCE4-36B9-11D5-9548-00D0592D548C	82032	9	Pathotroph-Saprotroph	Fungal Parasite-Undefined Saprotroph	Possible	Microfungus	NULL	Species appear to be mycoparasitic, associated with fungi of bark beetle galleries, wood-inhabiting Xylariaceae or lichens. Others are found erumpent from bark or decaying wood and may be sabrobic (Cannon & Kirk 2007)	Cannon PF, Kirk PM. 2007. Fungal Families of the World. CAB International, Cambridge (ISBN: 978-0851998275)	Chionosphaeraceae
ASV153	Fungi	Basidiomycota	Agaricomycetes	Hymenochaetales	Schizoporaceae	Xylodon	NA	Xylodon	NA	0.9995587	Schizoporaceae	1CB1CDC9-36B9-11D5-9548-00D0592D548C	80038	9	Saprotroph	Wood Saprotroph	Probable	Corticioid	White Rot	Saprobic, causing white rot of standing and fallen wood of coniferous and broadleaved trees, rarely on herbaceous stems (Cannon & Kirk 2007)	Cannon PF, Kirk PM. 2007. Fungal Families of the World. CAB International, Cambridge (ISBN: 978-0851998275)	Xylodon
ASV154	Fungi	Ascomycota	Dothideomycetes	Pleosporales	NA	NA	NA	Pleosporales	NA	0.9937284	NA	NA	NA	NA	NA	NA	NA	NA	NA	NA	NA	Pleosporales
ASV155	Fungi	Basidiomycota	Tremellomycetes	Filobasidiales	Filobasidiaceae	Filobasidium	Filobasidium_magnum	Filobasidium_magnum	sSH1389554.09FU	0.8137834	Filobasidium	3CBD5388-8494-45D1-8790-A0713070C68B	16130	13	Saprotroph	|Undefined Saprotroph|	Highly Probable	Dimorphic-Facultative Yeast	NULL	NULL	Kurtzman CP, et al. (eds.) 2011. The Yeasts, a Taxonomic Study. Fifth Edition. Vols 1-3. Elsevier, San Diego (ISBN: 9780444521491); Põlme S, et al. 2020. Fungal Diversity 105:1-16 ((https://doi.org/10.1007/s13225-020-00466-2))	Filobasidium_magnum
ASV156	Fungi	Ascomycota	Sordariomycetes	Hypocreales	Nectriaceae	Fusarium	Fusarium_solani	Fusarium_solani	sSH0970292.09FU	0.8343018	Nectriaceae	1CB1CD7A-36B9-11D5-9548-00D0592D548C	81059	9	Pathotroph-Saprotroph-Symbiotroph	Animal Pathogen-Endophyte-Fungal Parasite-Lichen Parasite-Plant Pathogen-Wood Saprotroph	Possible	Microfungus	NULL	Fusarium species are amongst the economically significant plant pathogens (Cannon & Kirk 2007)	Cannon PF, Kirk PM. 2007. Fungal Families of the World. CAB International, Cambridge (ISBN: 978-0851998275); Hirooka Y, et al. 2012. Studies in Mycology 711-210 ((https://doi.org/10.3114/sim0001)); Tedersoo L, et al. 2014. Science 346:e1256688 ((https://doi.org/10.1126/science.1256688)); The American Phytopathological Society Common Names of Plant Diseases ((http://www.apsnet.org/publications/commonnames/Pages/default.aspx)); https://www.cdc.gov ((https://www.cdc.gov))	Fusarium_solani
ASV157	Fungi	Ascomycota	Saccharomycetes	Saccharomycetales	Dipodascaceae	Yarrowia	Yarrowia_lipolytica	Yarrowia_lipolytica	sSH1006766.09FU	0.8809215	Saccharomycetales	B73A15F4-AB90-4E11-B6D7-E0BE710B986C	816369	7	Saprotroph	Undefined Saprotroph	Possible	Yeast	NULL	NULL	Sterkenburg E, et al. 2015. New Phytologist 207:1145-1158 ((https://doi.org/10.1111/nph.13426))	Yarrowia_lipolytica
ASV158	Fungi	Basidiomycota	Agaricomycetes	Polyporales	Meruliaceae	Aurantiporus	Aurantiporus_fissilis	Aurantiporus_fissilis	sSH1020165.09FU	0.9933755	Meruliaceae	9E12B0B5-1D82-4978-AF3D-6EC22C257619	89005	9	Pathotroph-Saprotroph	Plant Pathogen-Undefined Saprotroph	Probable	Corticioid-Polyporoid	NULL	Saprobic or parasitic on woody plants, causing a white rot (Cannon & Kirk 2007)	Cannon PF, Kirk PM. 2007. Fungal Families of the World. CAB International, Cambridge (ISBN: 978-0851998275)	Aurantiporus_fissilis
ASV159	Fungi	Basidiomycota	Microbotryomycetes	Sporidiobolales	Sporidiobolaceae	Sporobolomyces	Sporobolomyces_patagonicus	Sporobolomyces_patagonicus	sSH0882337.09FU	0.8642221	Sporidiobolaceae	20AD224D-9EFF-4C1C-8214-59BA76CCCDF3	82101	9	Pathotroph-Saprotroph	Animal Pathogen-Undefined Saprotroph	Probable	Microfungus	NULL	Saprobic, found in a wide range of habitats and especially in aquatic systems. Some of the red yeasts in this family are widely encountered spoilage organisms and opportunistic human pathogens (Cannon & Kirk 2007)	Cannon PF, Kirk PM. 2007. Fungal Families of the World. CAB International, Cambridge (ISBN: 978-0851998275)	Sporobolomyces_patagonicus
ASV160	Fungi	Basidiomycota	Malasseziomycetes	Malasseziales	Malasseziaceae	Malassezia	Malassezia_restricta	Malassezia_restricta	sSH1102553.09FU	0.9999983	Malassezia restricta	0ED4066F-EEFE-46DE-95EC-94452E61766B	437921	20	Pathotroph	Animal Pathogen	Probable	NULL	NULL	Opportunistic human pathogen	https://www.cdc.gov ((https://www.cdc.gov))	Malassezia_restricta
ASV161	Fungi	Ascomycota	Leotiomycetes	Helotiales	Myxotrichaceae	Oidiodendron	NA	Oidiodendron	NA	0.9473348	Myxotrichaceae	1CB1CD78-36B9-11D5-9548-00D0592D548C	81054	9	Saprotroph-Symbiotroph	Ectomycorrhizal-Undefined Saprotroph	Probable	Microfungus	NULL	Many species are cellulolytic, occurring on paper, straw etc. Others are mycorrhizal associated with roots of Ericaceae and Epacridaceae (Cannon & Kirk 2007)	Cannon PF, Kirk PM. 2007. Fungal Families of the World. CAB International, Cambridge (ISBN: 978-0851998275)	Oidiodendron
ASV162	Fungi	Basidiomycota	Agaricomycetes	Auriculariales	NA	NA	NA	Auriculariales	sSH1300732.09FU	0.9786718	NA	NA	NA	NA	NA	NA	NA	NA	NA	NA	NA	Auriculariales
ASV163	Fungi	Ascomycota	Dothideomycetes	Capnodiales	Neodevriesiaceae	NA	NA	Neodevriesiaceae	sSH0960579.09FU	0.9173180	Neodevriesiaceae	F8168581-D82E-4A75-9190-C7925084B4CA	807766	9	Pathotroph-Saprotroph	Plant Pathogen-Undefined Saprotroph	Probable	NULL	NULL	Members are foliicolous, saprobic or plant pathogenic (Quaedvlieg et al. 2014)	Quaedvlieg W., et al. 2014. Persoonia 3:31-40 ((http://doi.org/10.3767/003158514X681981))	Neodevriesiaceae
ASV164	Fungi	Ascomycota	Sordariomycetes	Hypocreales	Ophiocordycipitaceae	Purpureocillium	NA	Purpureocillium	NA	0.9995666	Ophiocordycipitaceae	118FAE1B-EB93-4474-A604-F47BB984C8D1	504190	9	Pathotroph-Symbiotroph	Endophyte-Insect Pathogen	Probable	Microfungus	NULL	A family of parasitic fungi (Sung et al. 2007)	Sung GH, et al. 2007. Studies in Mycology 57:5-59 ((https://doi.org/10.3114/sim.2007.57.01)); Costa IPMW, et al. 2012. Mycotaxon 119:e26 ((http://mycotaxon.com/resources/checklists/costa_v119_checklist.pdf))	Purpureocillium
ASV165	Fungi	NA	NA	NA	NA	NA	NA	NA	sSH1184242.09FU	0.9704379	NA	NA	NA	NA	NA	NA	NA	NA	NA	NA	NA	NA
ASV166	Fungi	Basidiomycota	Agaricomycetes	Russulales	Peniophoraceae	Peniophora	NA	Peniophora	NA	0.8662343	Peniophoraceae	1CB1CD8B-36B9-11D5-9548-00D0592D548C	81123	9	Pathotroph-Saprotroph	Plant Pathogen-Wood Saprotroph	Probable	Corticioid	White Rot	Most species are saprobic, causing rots of standing and fallen wood. Many species are adapted to xeric conditions, being able to grow on rapidly drying dead attached branches (Cannon & Kirk 2007)	Cannon PF, Kirk PM. 2007. Fungal Families of the World. CAB International, Cambridge (ISBN: 978-0851998275)	Peniophora
ASV167	Fungi	NA	NA	NA	NA	NA	NA	NA	NA	1.0000000	NA	NA	NA	NA	NA	NA	NA	NA	NA	NA	NA	NA
ASV168	Fungi	Ascomycota	Dothideomycetes	Mycosphaerellales	Teratosphaeriaceae	Hortaea	Hortaea_werneckii	Hortaea_werneckii	sSH1000031.09FU	1.0000000	Teratosphaeriaceae	87A3FDCC-E75C-4F2E-B987-C7579847CE32	504465	9	Pathotroph-Saprotroph	Animal Pathogen-Plant Pathogen-Undefined Saprotroph	Probable	NULL	NULL	Includes numerous saprobic, extremophilic, human opportunistic, and plant pathogenic fungi (Quaedvlieg et al. 2014)	Quaedvlieg W, et al. 2014. Persoonia 3:31-40 ((https://doi.org/10.3767/003158514X681981))	Hortaea_werneckii
ASV169	Fungi	Basidiomycota	Agaricomycetes	Russulales	Peniophoraceae	Peniophora	Peniophora_bicornis	Peniophora_bicornis	sSH1068927.09FU	0.9989408	Peniophoraceae	1CB1CD8B-36B9-11D5-9548-00D0592D548C	81123	9	Pathotroph-Saprotroph	Plant Pathogen-Wood Saprotroph	Probable	Corticioid	White Rot	Most species are saprobic, causing rots of standing and fallen wood. Many species are adapted to xeric conditions, being able to grow on rapidly drying dead attached branches (Cannon & Kirk 2007)	Cannon PF, Kirk PM. 2007. Fungal Families of the World. CAB International, Cambridge (ISBN: 978-0851998275)	Peniophora_bicornis
ASV170	Fungi	Ascomycota	Taphrinomycetes	Taphrinales	Taphrinaceae	Taphrina	NA	Taphrina	sSH1286377.09FU	0.9989555	Taphrinaceae	1CB1CDE3-36B9-11D5-9548-00D0592D548C	81450	9	Pathotroph	Plant Pathogen	Probable	Microfungus	NULL	Biotrophic on plants, usually causing hyperplasia (galls, witches broom) or lesions (Cannon & Kirk 2007)	Cannon PF, Kirk PM. 2007. Fungal Families of the World. CAB International, Cambridge (ISBN: 978-0851998275)	Taphrina
ASV171	Fungi	Ascomycota	Eurotiomycetes	Eurotiales	Aspergillaceae	Penicillium	NA	Penicillium	NA	0.7742269	Eurotiales	1CB1CE25-36B9-11D5-9548-00D0592D548C	90472	7	Saprotroph	Undefined Saprotroph	Possible	Microfungus	NULL	NULL	Sterkenburg E, et al. 2015. New Phytologist 207:1145-1158 ((https://doi.org/10.1111/nph.13426))	Penicillium
ASV172	Fungi	Ascomycota	Eurotiomycetes	Eurotiales	Aspergillaceae	Aspergillus	Aspergillus_penicillioides	Aspergillus_penicillioides	sSH1228776.09FU	0.9244857	Eurotiales	1CB1CE25-36B9-11D5-9548-00D0592D548C	90472	7	Saprotroph	Undefined Saprotroph	Possible	Microfungus	NULL	NULL	Sterkenburg E, et al. 2015. New Phytologist 207:1145-1158 ((https://doi.org/10.1111/nph.13426))	Aspergillus_penicillioides
ASV173	Fungi	Basidiomycota	Exobasidiomycetes	Exobasidiales	Graphiolaceae	NA	NA	Graphiolaceae	sSH1087961.09FU	0.7412591	NA	NA	NA	NA	NA	NA	NA	NA	NA	NA	NA	Graphiolaceae
ASV174	Fungi	Basidiomycota	Agaricomycetes	NA	NA	NA	NA	Agaricomycetes	sSH1112177.09FU	0.9893463	NA	NA	NA	NA	NA	NA	NA	NA	NA	NA	NA	Agaricomycetes
ASV175	Fungi	Ascomycota	Sordariomycetes	Hypocreales	NA	NA	NA	Hypocreales	NA	0.9661001	Hypocreales	1CB18E60-36B9-11D5-9548-00D0592D548C	90477	7	Saprotroph	Undefined Saprotroph	Possible	Microfungus	NULL	NULL	Sterkenburg E, et al. 2015. New Phytologist 207:1145-1158 ((https://doi.org/10.1111/nph.13426))	Hypocreales
ASV176	Fungi	Basidiomycota	Cystobasidiomycetes	Cystobasidiales	Cystobasidiaceae	Cystobasidium	Cystobasidium_slooffiae	Cystobasidium_slooffiae	sSH0970186.09FU	0.9975056	Cystobasidium	089EE3BE-975C-47BF-8DD0-494C299F8F10	17446	13	Pathotroph	|Fungal Parasite|	Highly Probable	Dimorphic-Facultative Yeast	NULL	As mycoparasite (Põlme et al. 2020); Decay fungal material (Põlme et al. 2020); Host - Thelebolales (Põlme et al. 2020)	Kurtzman CP, et al. (eds.) 2011. The Yeasts, a Taxonomic Study. Fifth Edition. Vols 1-3. Elsevier, San Diego (ISBN: 9780444521491); Põlme S, et al. 2020. Fungal Diversity 105:1-16 ((https://doi.org/10.1007/s13225-020-00466-2))	Cystobasidium_slooffiae
ASV177	Fungi	Basidiomycota	Exobasidiomycetes	NA	NA	NA	NA	Exobasidiomycetes	sSH1252391.09FU	0.9999961	NA	NA	NA	NA	NA	NA	NA	NA	NA	NA	NA	Exobasidiomycetes
ASV178	Fungi	Basidiomycota	Agaricomycetes	Russulales	Peniophoraceae	Peniophora	Peniophora_bicornis	Peniophora_bicornis	sSH1068927.09FU	0.9946696	Peniophoraceae	1CB1CD8B-36B9-11D5-9548-00D0592D548C	81123	9	Pathotroph-Saprotroph	Plant Pathogen-Wood Saprotroph	Probable	Corticioid	White Rot	Most species are saprobic, causing rots of standing and fallen wood. Many species are adapted to xeric conditions, being able to grow on rapidly drying dead attached branches (Cannon & Kirk 2007)	Cannon PF, Kirk PM. 2007. Fungal Families of the World. CAB International, Cambridge (ISBN: 978-0851998275)	Peniophora_bicornis
ASV179	Fungi	Ascomycota	NA	NA	NA	NA	NA	Ascomycota	NA	0.9899267	NA	NA	NA	NA	NA	NA	NA	NA	NA	NA	NA	Ascomycota
ASV180	Fungi	Ascomycota	Dothideomycetes	NA	NA	NA	NA	Dothideomycetes	NA	0.9999998	NA	NA	NA	NA	NA	NA	NA	NA	NA	NA	NA	Dothideomycetes
ASV181	Fungi	Basidiomycota	Tremellomycetes	Trichosporonales	Trichosporonaceae	Trichosporon	NA	Trichosporon	NA	1.0000000	Trichosporon	1CB1CC33-36B9-11D5-9548-00D0592D548C	10296	13	Pathotroph-Saprotroph	|Animal Parasite|-Animal Pathogen-Undefined Saprotroph	Probable	Yeast	NULL	As animal_decomposer (Põlme et al. 2020); Decay animal material (Põlme et al. 2020); Likely opportunistic human pathogen (Irinyi et al. 2015)	Irinyi L, et al. 2015. Medical Mycology 53:313-337 ((https://doi.org/10.1093/mmy/myv008)); Põlme S, et al. 2020. Fungal Diversity 105:1-16 ((https://doi.org/10.1007/s13225-020-00466-2)); https://www.cdc.gov ((https://www.cdc.gov))	Trichosporon
ASV182	Fungi	Ascomycota	Dothideomycetes	Capnodiales	Neodevriesiaceae	Neodevriesia	NA	Neodevriesia	sSH0960616.09FU	0.9710105	Neodevriesiaceae	F8168581-D82E-4A75-9190-C7925084B4CA	807766	9	Pathotroph-Saprotroph	Plant Pathogen-Undefined Saprotroph	Probable	NULL	NULL	Members are foliicolous, saprobic or plant pathogenic (Quaedvlieg et al. 2014)	Quaedvlieg W., et al. 2014. Persoonia 3:31-40 ((http://doi.org/10.3767/003158514X681981))	Neodevriesia
ASV183	Fungi	Basidiomycota	NA	NA	NA	NA	NA	Basidiomycota	sSH0918878.09FU	0.9918721	NA	NA	NA	NA	NA	NA	NA	NA	NA	NA	NA	Basidiomycota
ASV184	Fungi	Ascomycota	Sordariomycetes	Hypocreales	Nectriaceae	Fusarium	NA	Fusarium	sSH1126521.09FU	0.9602969	Nectriaceae	1CB1CD7A-36B9-11D5-9548-00D0592D548C	81059	9	Pathotroph-Saprotroph-Symbiotroph	Animal Pathogen-Endophyte-Fungal Parasite-Lichen Parasite-Plant Pathogen-Wood Saprotroph	Possible	Microfungus	NULL	Fusarium species are amongst the economically significant plant pathogens (Cannon & Kirk 2007)	Cannon PF, Kirk PM. 2007. Fungal Families of the World. CAB International, Cambridge (ISBN: 978-0851998275); Hirooka Y, et al. 2012. Studies in Mycology 711-210 ((https://doi.org/10.3114/sim0001)); Tedersoo L, et al. 2014. Science 346:e1256688 ((https://doi.org/10.1126/science.1256688)); The American Phytopathological Society Common Names of Plant Diseases ((http://www.apsnet.org/publications/commonnames/Pages/default.aspx)); https://www.cdc.gov ((https://www.cdc.gov))	Fusarium
ASV185	Fungi	Ascomycota	Sordariomycetes	Hypocreales	Cordycipitaceae	Simplicillium	NA	Simplicillium	NA	1.0000000	Hypocreales	1CB18E60-36B9-11D5-9548-00D0592D548C	90477	7	Saprotroph	Undefined Saprotroph	Possible	Microfungus	NULL	NULL	Sterkenburg E, et al. 2015. New Phytologist 207:1145-1158 ((https://doi.org/10.1111/nph.13426))	Simplicillium
ASV186	Fungi	Basidiomycota	Agaricomycetes	Russulales	Stereaceae	NA	NA	Stereaceae	sSH0935519.09FU	0.9388150	Stereaceae	1CB1CDDC-36B9-11D5-9548-00D0592D548C	81424	9	Saprotroph	Undefined Saprotroph-Wood Saprotroph	Probable	Corticioid-Polyporoid	NULL	Lignicolous or terrestrial (in leaf litter); typically saprobic (Cannon & Kirk 2007)	Cannon PF, Kirk PM. 2007. Fungal Families of the World. CAB International, Cambridge (ISBN: 978-0851998275)	Stereaceae
ASV187	Fungi	Ascomycota	Dothideomycetes	Mycosphaerellales	Teratosphaeriaceae	Eupenidiella	Eupenidiella_venezuelensis	Eupenidiella_venezuelensis	sSH1084567.09FU	0.9883669	Teratosphaeriaceae	87A3FDCC-E75C-4F2E-B987-C7579847CE32	504465	9	Pathotroph-Saprotroph	Animal Pathogen-Plant Pathogen-Undefined Saprotroph	Probable	NULL	NULL	Includes numerous saprobic, extremophilic, human opportunistic, and plant pathogenic fungi (Quaedvlieg et al. 2014)	Quaedvlieg W, et al. 2014. Persoonia 3:31-40 ((https://doi.org/10.3767/003158514X681981))	Eupenidiella_venezuelensis
ASV188	Fungi	Basidiomycota	Agaricomycetes	Russulales	Stereaceae	Stereum	Stereum_sanguinolentum	Stereum_sanguinolentum	NA	0.8199895	Stereaceae	1CB1CDDC-36B9-11D5-9548-00D0592D548C	81424	9	Saprotroph	Undefined Saprotroph-Wood Saprotroph	Probable	Corticioid-Polyporoid	NULL	Lignicolous or terrestrial (in leaf litter); typically saprobic (Cannon & Kirk 2007)	Cannon PF, Kirk PM. 2007. Fungal Families of the World. CAB International, Cambridge (ISBN: 978-0851998275)	Stereum_sanguinolentum
ASV189	Fungi	Basidiomycota	Agaricomycetes	Polyporales	Incrustoporiaceae	Skeletocutis	Skeletocutis_diluta	Skeletocutis_diluta	sSH1010832.09FU	0.9999901	Skeletocutis	1CB1A2C9-36B9-11D5-9548-00D0592D548C	18554	13	Saprotroph	|Wood Saprotroph|	Highly Probable	Polyporoid	White Rot	As white_rot (Põlme et al. 2020); Decay wood (Põlme et al. 2020)	Gilbertson RL, Ryvarden L. 1987-1987. North American Polypores. Fungiflora, Oslo (ISBN: 978-0945345060); Põlme S, et al. 2020. Fungal Diversity 105:1-16 ((https://doi.org/10.1007/s13225-020-00466-2))	Skeletocutis_diluta
ASV190	Fungi	Ascomycota	Sordariomycetes	Hypocreales	NA	Acremonium	Acremonium_tubakii	Acremonium_tubakii	sSH1310858.09FU	0.9816222	Hypocreales	1CB18E60-36B9-11D5-9548-00D0592D548C	90477	7	Saprotroph	Undefined Saprotroph	Possible	Microfungus	NULL	NULL	Sterkenburg E, et al. 2015. New Phytologist 207:1145-1158 ((https://doi.org/10.1111/nph.13426))	Acremonium_tubakii
ASV191	Fungi	Basidiomycota	Agaricomycetes	Russulales	Peniophoraceae	Peniophora	Peniophora_albobadia	Peniophora_albobadia	sSH1068847.09FU	0.8733082	Peniophoraceae	1CB1CD8B-36B9-11D5-9548-00D0592D548C	81123	9	Pathotroph-Saprotroph	Plant Pathogen-Wood Saprotroph	Probable	Corticioid	White Rot	Most species are saprobic, causing rots of standing and fallen wood. Many species are adapted to xeric conditions, being able to grow on rapidly drying dead attached branches (Cannon & Kirk 2007)	Cannon PF, Kirk PM. 2007. Fungal Families of the World. CAB International, Cambridge (ISBN: 978-0851998275)	Peniophora_albobadia
ASV192	Fungi	Mortierellomycota	Mortierellomycetes	Mortierellales	Mortierellaceae	NA	NA	Mortierellaceae	NA	0.9999944	Mortierellaceae	3BD31551-4295-4664-858B-8E44073A293E	816415	9	Saprotroph-Symbiotroph	Endophyte-Litter Saprotroph-Soil Saprotroph-Undefined Saprotroph	Possible	Microfungus	NULL	Saprobic in soil and thus frequenctly isolated from soil and material contaminated with soil such as hay or rotten silage and spoil tips (Cannon & Kirk 2007)	Cannon PF, Kirk PM. 2007. Fungal Families of the World. CAB International, Cambridge (ISBN: 978-0851998275); Purahong W, et al. 2016. Molecular Ecology 25:4059-4074 ((https://doi.org/10.1111/mec.13739))	Mortierellaceae
ASV193	Fungi	Basidiomycota	Microbotryomycetes	Sporidiobolales	Sporidiobolaceae	Rhodotorula	Rhodotorula_mucilaginosa	Rhodotorula_mucilaginosa	sSH1008722.09FU	0.9970464	Sporidiobolaceae	20AD224D-9EFF-4C1C-8214-59BA76CCCDF3	82101	9	Pathotroph-Saprotroph	Animal Pathogen-Undefined Saprotroph	Probable	Microfungus	NULL	Saprobic, found in a wide range of habitats and especially in aquatic systems. Some of the red yeasts in this family are widely encountered spoilage organisms and opportunistic human pathogens (Cannon & Kirk 2007)	Cannon PF, Kirk PM. 2007. Fungal Families of the World. CAB International, Cambridge (ISBN: 978-0851998275)	Rhodotorula_mucilaginosa
ASV194	Fungi	Basidiomycota	Malasseziomycetes	Malasseziales	Malasseziaceae	NA	NA	Malasseziaceae	sSH1013102.09FU	1.0000000	NA	NA	NA	NA	NA	NA	NA	NA	NA	NA	NA	Malasseziaceae
ASV195	Fungi	Basidiomycota	Agaricomycetes	Agaricales	NA	NA	NA	Agaricales	sSH1201837.09FU	0.9988586	Agaricales	715D162F-5F0E-40C8-A7DC-79D488D3F937	90508	7	Pathotroph-Saprotroph-Symbiotroph	Bryophyte Parasite-Dung Saprotroph-Ectomycorrhizal-Fungal Parasite-Leaf Saprotroph-Plant Parasite-Undefined Saprotroph-Wood Saprotroph	Possible	Agaricoid-Gasteroid-Microfungus-Secotioid-Yeast	NULL	Mushrooms and toadstools, Gill fungi, Agarics... lignicolous, sometimes muscicolous or fungicolous, saprobic, mycorrhizal, rarely parasitic on plants or fungi (Kirk et al. 2008)	Kirk PM et al. 2008. Dictionary of the Fungi. Tenth Edition. CAB International, Wallingford (ISBN: 978-0851998268)	Agaricales
ASV196	Fungi	Basidiomycota	Agaricomycetes	Hymenochaetales	Hymenochaetaceae	Fuscoporia	Fuscoporia_chinensis	Fuscoporia_chinensis	sSH1189814.09FU	0.9999086	Hymenochaetaceae	CC29D6F9-5984-496D-97E7-42EB138C1FEE	536196	9	Saprotroph-Symbiotroph	Ectomycorrhizal-Wood Saprotroph	Probable	Corticioid-Polyporoid	NULL	Lignicolous, causing white rots, rarely ectomycorrhizal (Cannon & Kirk 2007)	Cannon PF, Kirk PM. 2007. Fungal Families of the World. CAB International, Cambridge (ISBN: 978-0851998275)	Fuscoporia_chinensis
ASV197	Fungi	Ascomycota	Dothideomycetes	Mycosphaerellales	Teratosphaeriaceae	Teratosphaericola	NA	Teratosphaericola	NA	0.9996489	Teratosphaeriaceae	87A3FDCC-E75C-4F2E-B987-C7579847CE32	504465	9	Pathotroph-Saprotroph	Animal Pathogen-Plant Pathogen-Undefined Saprotroph	Probable	NULL	NULL	Includes numerous saprobic, extremophilic, human opportunistic, and plant pathogenic fungi (Quaedvlieg et al. 2014)	Quaedvlieg W, et al. 2014. Persoonia 3:31-40 ((https://doi.org/10.3767/003158514X681981))	Teratosphaericola
ASV198	Fungi	NA	NA	NA	NA	NA	NA	NA	sSH0884008.09FU	0.9865040	NA	NA	NA	NA	NA	NA	NA	NA	NA	NA	NA	NA
ASV199	Fungi	Basidiomycota	Agaricomycetes	Agaricales	NA	NA	NA	Agaricales	sSH1217731.09FU	0.9999998	Agaricales	715D162F-5F0E-40C8-A7DC-79D488D3F937	90508	7	Pathotroph-Saprotroph-Symbiotroph	Bryophyte Parasite-Dung Saprotroph-Ectomycorrhizal-Fungal Parasite-Leaf Saprotroph-Plant Parasite-Undefined Saprotroph-Wood Saprotroph	Possible	Agaricoid-Gasteroid-Microfungus-Secotioid-Yeast	NULL	Mushrooms and toadstools, Gill fungi, Agarics... lignicolous, sometimes muscicolous or fungicolous, saprobic, mycorrhizal, rarely parasitic on plants or fungi (Kirk et al. 2008)	Kirk PM et al. 2008. Dictionary of the Fungi. Tenth Edition. CAB International, Wallingford (ISBN: 978-0851998268)	Agaricales
ASV200	Fungi	Ascomycota	Sordariomycetes	Hypocreales	Nectriaceae	NA	NA	Nectriaceae	NA	0.9849922	Nectriaceae	1CB1CD7A-36B9-11D5-9548-00D0592D548C	81059	9	Pathotroph-Saprotroph-Symbiotroph	Animal Pathogen-Endophyte-Fungal Parasite-Lichen Parasite-Plant Pathogen-Wood Saprotroph	Possible	Microfungus	NULL	Fusarium species are amongst the economically significant plant pathogens (Cannon & Kirk 2007)	Cannon PF, Kirk PM. 2007. Fungal Families of the World. CAB International, Cambridge (ISBN: 978-0851998275); Hirooka Y, et al. 2012. Studies in Mycology 711-210 ((https://doi.org/10.3114/sim0001)); Tedersoo L, et al. 2014. Science 346:e1256688 ((https://doi.org/10.1126/science.1256688)); The American Phytopathological Society Common Names of Plant Diseases ((http://www.apsnet.org/publications/commonnames/Pages/default.aspx)); https://www.cdc.gov ((https://www.cdc.gov))	Nectriaceae
ASV201	Fungi	Ascomycota	Dothideomycetes	Pleosporales	Pleosporaceae	Curvularia	NA	Curvularia	NA	0.9999026	Pleosporaceae	1CB1CDA2-36B9-11D5-9548-00D0592D548C	81188	9	Pathotroph-Saprotroph	Endophyte-Lichen Parasite-Plant Pathogen-Undefined Saprotroph	Probable	Microfungus	NULL	Necrotrophic pathogens and saprobes, especially associated with grasses. Many species are seed-borne (Cannon & Kirk 2007)	Cannon PF, Kirk PM. 2007. Fungal Families of the World. CAB International, Cambridge (ISBN: 978-0851998275); David AS, et al. 2016. Microbial Ecology 71:912-926 ((https://doi.org/10.1007/s00248-015-0712-6)); Lawrey JD, Diederich P. 2016. http://www.lichenicolous.net (accessed 24 May 2017) ((http://www.lichenicolous.net))	Curvularia
ASV202	Fungi	Basidiomycota	Agaricomycetes	Auriculariales	NA	NA	NA	Auriculariales	sSH1300732.09FU	0.9821716	NA	NA	NA	NA	NA	NA	NA	NA	NA	NA	NA	Auriculariales
ASV203	Fungi	Basidiomycota	Agaricomycetes	Polyporales	NA	NA	NA	Polyporales	sSH1231330.09FU	0.7358280	NA	NA	NA	NA	NA	NA	NA	NA	NA	NA	NA	Polyporales
ASV204	Fungi	Basidiomycota	Agaricomycetes	Corticiales	NA	NA	NA	Corticiales	sSH1308167.09FU	0.9999972	NA	NA	NA	NA	NA	NA	NA	NA	NA	NA	NA	Corticiales
ASV205	Fungi	Basidiomycota	Agaricomycetes	Hymenochaetales	Rickenellaceae	Peniophorella	Peniophorella_praetermissa	Peniophorella_praetermissa	sSH1124829.09FU	0.9999771	Peniophorella	0CB5C5A6-62A5-4579-B5A2-76797F4EBA35	18202	13	Saprotroph	Undefined Saprotroph-|Wood Saprotroph|	Probable	Corticioid	White Rot	As white_rot (Põlme et al. 2020); Decay wood (Põlme et al. 2020)	Tedersoo L, et al. 2014. Science 346:e1256688 ((https://doi.org/10.1126/science.1256688)); Põlme S, et al. 2020. Fungal Diversity 105:1-16 ((https://doi.org/10.1007/s13225-020-00466-2))	Peniophorella_praetermissa
ASV206	Fungi	Basidiomycota	Cystobasidiomycetes	Cystobasidiales	Cystobasidiaceae	Cystobasidium	Cystobasidium_slooffiae	Cystobasidium_slooffiae	sSH0970186.09FU	0.9970690	Cystobasidium	089EE3BE-975C-47BF-8DD0-494C299F8F10	17446	13	Pathotroph	|Fungal Parasite|	Highly Probable	Dimorphic-Facultative Yeast	NULL	As mycoparasite (Põlme et al. 2020); Decay fungal material (Põlme et al. 2020); Host - Thelebolales (Põlme et al. 2020)	Kurtzman CP, et al. (eds.) 2011. The Yeasts, a Taxonomic Study. Fifth Edition. Vols 1-3. Elsevier, San Diego (ISBN: 9780444521491); Põlme S, et al. 2020. Fungal Diversity 105:1-16 ((https://doi.org/10.1007/s13225-020-00466-2))	Cystobasidium_slooffiae
ASV207	Fungi	Ascomycota	Eurotiomycetes	Chaetothyriales	Trichomeriaceae	Knufia	Knufia_petricola	Knufia_petricola	sSH1070857.09FU	0.9990205	Trichomeriaceae	B366E4F5-4360-49B3-BA47-86698B5D3511	800935	9	Symbiotroph	Epiphyte	Probable	Microfungus	NULL	Foliar epiphytes with the appearance of sooty moulds, mostly occurring on the surface of living leaves and apparently gaining their nutrients from insect exudates (Chomnunti et al. 2012)	Chomnunti P, et al. 2012. Fungal Diversity 56:63-76 ((https://doi.org/10.1007/s13225-012-0197-2))	Knufia_petricola
ASV208	Fungi	Basidiomycota	Agaricomycetes	Hymenochaetales	Rickenellaceae	Resinicium	Resinicium_friabile	Resinicium_friabile	sSH1252024.09FU	0.9533811	Resinicium	1CB1CAE9-36B9-11D5-9548-00D0592D548C	18453	13	Saprotroph	Undefined Saprotroph-|Wood Saprotroph|	Probable	Corticioid	White Rot	As white_rot (Põlme et al. 2020); Decay wood (Põlme et al. 2020)	Tedersoo L, et al. 2014. Science 346:e1256688 ((https://doi.org/10.1126/science.1256688)); Põlme S, et al. 2020. Fungal Diversity 105:1-16 ((https://doi.org/10.1007/s13225-020-00466-2))	Resinicium_friabile
ASV209	Fungi	Basidiomycota	Agaricomycetes	Hymenochaetales	NA	NA	NA	Hymenochaetales	NA	0.7819585	NA	NA	NA	NA	NA	NA	NA	NA	NA	NA	NA	Hymenochaetales
ASV210	Fungi	Ascomycota	Dothideomycetes	Capnodiales	Neodevriesiaceae	Neodevriesia	NA	Neodevriesia	sSH0960646.09FU	0.9381567	Neodevriesiaceae	F8168581-D82E-4A75-9190-C7925084B4CA	807766	9	Pathotroph-Saprotroph	Plant Pathogen-Undefined Saprotroph	Probable	NULL	NULL	Members are foliicolous, saprobic or plant pathogenic (Quaedvlieg et al. 2014)	Quaedvlieg W., et al. 2014. Persoonia 3:31-40 ((http://doi.org/10.3767/003158514X681981))	Neodevriesia
ASV211	Fungi	Basidiomycota	Agaricostilbomycetes	Agaricostilbales	Agaricostilbaceae	Sterigmatomyces	Sterigmatomyces_halophilus	Sterigmatomyces_halophilus	NA	1.0000000	Agaricostilbaceae	1CB1CCAC-36B9-11D5-9548-00D0592D548C	82058	9	Saprotroph	Undefined Saprotroph	Possible	NULL	NULL	Probably saprobic, usually associated with dead palm tissues (Cannon & Kirk 2007)	Cannon PF, Kirk PM. 2007. Fungal Families of the World. CAB International, Cambridge (ISBN: 978-0851998275)	Sterigmatomyces_halophilus
ASV212	Fungi	Ascomycota	Eurotiomycetes	Eurotiales	Aspergillaceae	Aspergillus	Aspergillus_croceiaffinis	Aspergillus_croceiaffinis	sSH0941982.09FU	0.9981961	Eurotiales	1CB1CE25-36B9-11D5-9548-00D0592D548C	90472	7	Saprotroph	Undefined Saprotroph	Possible	Microfungus	NULL	NULL	Sterkenburg E, et al. 2015. New Phytologist 207:1145-1158 ((https://doi.org/10.1111/nph.13426))	Aspergillus_croceiaffinis
ASV213	Fungi	Basidiomycota	Agaricomycetes	Polyporales	Polyporaceae	Dichomitus	NA	Dichomitus	sSH1135833.09FU	0.9831801	Polyporaceae	1CB19B17-36B9-11D5-9548-00D0592D548C	81203	9	Saprotroph	Wood Saprotroph	Probable	Polyporoid	Brown Rot-White Rot	Lignicolous, causing brown or white rot, mostly of broadleaved trees (Cannon & Kirk 2007)	Cannon PF, Kirk PM. 2007. Fungal Families of the World. CAB International, Cambridge (ISBN: 978-0851998275)	Dichomitus
ASV214	Fungi	Basidiomycota	Agaricomycetes	Russulales	Peniophoraceae	Peniophora	Peniophora_pini	Peniophora_pini	sSH1068862.09FU	0.9254495	Peniophoraceae	1CB1CD8B-36B9-11D5-9548-00D0592D548C	81123	9	Pathotroph-Saprotroph	Plant Pathogen-Wood Saprotroph	Probable	Corticioid	White Rot	Most species are saprobic, causing rots of standing and fallen wood. Many species are adapted to xeric conditions, being able to grow on rapidly drying dead attached branches (Cannon & Kirk 2007)	Cannon PF, Kirk PM. 2007. Fungal Families of the World. CAB International, Cambridge (ISBN: 978-0851998275)	Peniophora_pini
ASV215	Fungi	NA	NA	NA	NA	NA	NA	NA	NA	0.8888533	NA	NA	NA	NA	NA	NA	NA	NA	NA	NA	NA	NA
ASV216	Fungi	Ascomycota	Dothideomycetes	Dothideales	Dothioraceae	Dothiora	Dothiora_infuscans	Dothiora_infuscans	sSH1204667.09FU	0.9999993	Dothiora	F5AB58E1-AB0A-4087-BA0B-F0197750FA9A	1702	13	 Saprotroph	Undefined Saprotroph-|Wood Saprotroph|	Probable	Microfungus	NULL	Decay: wood (Põlme et al. 2020)	Tedersoo L, et al. 2014. Science 346:e1256688 ((https://doi.org/10.1126/science.1256688)); Põlme S, et al. 2020. Fungal Diversity 105:1-16 ((https://doi.org/10.1007/s13225-020-00466-2))	Dothiora_infuscans
ASV217	Fungi	Ascomycota	Eurotiomycetes	Chaetothyriales	Herpotrichiellaceae	Exophiala	Exophiala_cancerae	Exophiala_cancerae	sSH1072542.09FU	0.9425105	Herpotrichiellaceae	1CB1CD37-36B9-11D5-9548-00D0592D548C	80856	9	Pathotroph-Saprotroph	Animal Pathogen-Fungal Parasite-Undefined Saprotroph	Probable	Facultative Yeast-Microfungus	NULL	Mostly saprobic on plants or other fungi, isolated from soil etc., and from medical sources (Cannon & Kirk 2007)	Cannon PF, Kirk PM. 2007. Fungal Families of the World. CAB International, Cambridge (ISBN: 978-0851998275)	Exophiala_cancerae
ASV218	Fungi	Basidiomycota	Agaricomycetes	Hymenochaetales	Schizoporaceae	Xylodon	Xylodon_subflaviporus	Xylodon_subflaviporus	sSH1236554.09FU	0.9807347	Schizoporaceae	1CB1CDC9-36B9-11D5-9548-00D0592D548C	80038	9	Saprotroph	Wood Saprotroph	Probable	Corticioid	White Rot	Saprobic, causing white rot of standing and fallen wood of coniferous and broadleaved trees, rarely on herbaceous stems (Cannon & Kirk 2007)	Cannon PF, Kirk PM. 2007. Fungal Families of the World. CAB International, Cambridge (ISBN: 978-0851998275)	Xylodon_subflaviporus
ASV219	Fungi	Basidiomycota	Agaricomycetes	NA	NA	NA	NA	Agaricomycetes	NA	1.0000000	NA	NA	NA	NA	NA	NA	NA	NA	NA	NA	NA	Agaricomycetes
ASV220	Fungi	Basidiomycota	Agaricomycetes	Polyporales	Polyporaceae	Trametes	Trametes_pubescens	Trametes_pubescens	sSH1122502.09FU	0.8188336	Polyporaceae	1CB19B17-36B9-11D5-9548-00D0592D548C	81203	9	Saprotroph	Wood Saprotroph	Probable	Polyporoid	Brown Rot-White Rot	Lignicolous, causing brown or white rot, mostly of broadleaved trees (Cannon & Kirk 2007)	Cannon PF, Kirk PM. 2007. Fungal Families of the World. CAB International, Cambridge (ISBN: 978-0851998275)	Trametes_pubescens
ASV221	Fungi	Basidiomycota	Agaricomycetes	Russulales	Peniophoraceae	Peniophora	Peniophora_bicornis	Peniophora_bicornis	sSH1068927.09FU	0.9723783	Peniophoraceae	1CB1CD8B-36B9-11D5-9548-00D0592D548C	81123	9	Pathotroph-Saprotroph	Plant Pathogen-Wood Saprotroph	Probable	Corticioid	White Rot	Most species are saprobic, causing rots of standing and fallen wood. Many species are adapted to xeric conditions, being able to grow on rapidly drying dead attached branches (Cannon & Kirk 2007)	Cannon PF, Kirk PM. 2007. Fungal Families of the World. CAB International, Cambridge (ISBN: 978-0851998275)	Peniophora_bicornis
ASV222	Fungi	Ascomycota	Dothideomycetes	Mycosphaerellales	Teratosphaeriaceae	Eupenidiella	Eupenidiella_venezuelensis	Eupenidiella_venezuelensis	sSH1084567.09FU	0.9903308	Teratosphaeriaceae	87A3FDCC-E75C-4F2E-B987-C7579847CE32	504465	9	Pathotroph-Saprotroph	Animal Pathogen-Plant Pathogen-Undefined Saprotroph	Probable	NULL	NULL	Includes numerous saprobic, extremophilic, human opportunistic, and plant pathogenic fungi (Quaedvlieg et al. 2014)	Quaedvlieg W, et al. 2014. Persoonia 3:31-40 ((https://doi.org/10.3767/003158514X681981))	Eupenidiella_venezuelensis
ASV223	Fungi	Ascomycota	Eurotiomycetes	Eurotiales	Aspergillaceae	Penicillium	NA	Penicillium	NA	0.9953027	Eurotiales	1CB1CE25-36B9-11D5-9548-00D0592D548C	90472	7	Saprotroph	Undefined Saprotroph	Possible	Microfungus	NULL	NULL	Sterkenburg E, et al. 2015. New Phytologist 207:1145-1158 ((https://doi.org/10.1111/nph.13426))	Penicillium
ASV224	Fungi	Ascomycota	Dothideomycetes	Pleosporales	Phaeosphaeriaceae	Didymocyrtis	Didymocyrtis_pini	Didymocyrtis_pini	sSH0942280.09FU	0.9885281	Phaeosphaeriaceae	1CB1CD8E-36B9-11D5-9548-00D0592D548C	81637	9	Pathotroph-Saprotroph	Fungal Parasite-Plant Pathogen-Plant Saprotroph	Probable	Microfungus	NULL	Necrotrophic or saprobic on a wide range of plants, especially monocotyledons; a few species parasitic on other fungi (Cannon & Kirk 2007)	Cannon PF, Kirk PM. 2007. Fungal Families of the World. CAB International, Cambridge (ISBN: 978-0851998275)	Didymocyrtis_pini
ASV225	Fungi	Ascomycota	Dothideomycetes	Pleosporales	NA	NA	NA	Pleosporales	NA	0.9485759	NA	NA	NA	NA	NA	NA	NA	NA	NA	NA	NA	Pleosporales
ASV226	Fungi	Ascomycota	Dothideomycetes	Mycosphaerellales	Teratosphaeriaceae	Penidiella	NA	Penidiella	sSH1036135.09FU	0.9999991	Teratosphaeriaceae	87A3FDCC-E75C-4F2E-B987-C7579847CE32	504465	9	Pathotroph-Saprotroph	Animal Pathogen-Plant Pathogen-Undefined Saprotroph	Probable	NULL	NULL	Includes numerous saprobic, extremophilic, human opportunistic, and plant pathogenic fungi (Quaedvlieg et al. 2014)	Quaedvlieg W, et al. 2014. Persoonia 3:31-40 ((https://doi.org/10.3767/003158514X681981))	Penidiella
ASV227	Fungi	Ascomycota	Saccharomycetes	Saccharomycetales	Debaryomycetaceae	Meyerozyma	NA	Meyerozyma	NA	0.9999999	Saccharomycetales	B73A15F4-AB90-4E11-B6D7-E0BE710B986C	816369	7	Saprotroph	Undefined Saprotroph	Possible	Yeast	NULL	NULL	Sterkenburg E, et al. 2015. New Phytologist 207:1145-1158 ((https://doi.org/10.1111/nph.13426))	Meyerozyma
ASV228	Fungi	Basidiomycota	Agaricomycetes	Polyporales	Polyporaceae	Trametes	NA	Trametes	NA	0.9679512	Polyporaceae	1CB19B17-36B9-11D5-9548-00D0592D548C	81203	9	Saprotroph	Wood Saprotroph	Probable	Polyporoid	Brown Rot-White Rot	Lignicolous, causing brown or white rot, mostly of broadleaved trees (Cannon & Kirk 2007)	Cannon PF, Kirk PM. 2007. Fungal Families of the World. CAB International, Cambridge (ISBN: 978-0851998275)	Trametes
ASV229	Fungi	Ascomycota	Dothideomycetes	Pleosporales	Didymellaceae	NA	NA	Didymellaceae	NA	0.9951416	Didymellaceae	F971F4FB-F68A-481E-B5F1-2BF2B753AA5D	508292	9	Pathotroph-Saprotroph	Animal Pathogen-Plant Pathogen-Undefined Saprotroph	Possible	Microfungus	NULL	NULL	Tedersoo L, et al. 2014. Science 346:e1256688 ((https://doi.org/10.1126/science.1256688))	Didymellaceae
ASV230	Fungi	NA	NA	NA	NA	NA	NA	NA	NA	0.8336564	NA	NA	NA	NA	NA	NA	NA	NA	NA	NA	NA	NA
ASV231	Fungi	Basidiomycota	Agaricomycetes	Russulales	Peniophoraceae	Peniophora	Peniophora_bicornis	Peniophora_bicornis	sSH1068927.09FU	0.9901171	Peniophoraceae	1CB1CD8B-36B9-11D5-9548-00D0592D548C	81123	9	Pathotroph-Saprotroph	Plant Pathogen-Wood Saprotroph	Probable	Corticioid	White Rot	Most species are saprobic, causing rots of standing and fallen wood. Many species are adapted to xeric conditions, being able to grow on rapidly drying dead attached branches (Cannon & Kirk 2007)	Cannon PF, Kirk PM. 2007. Fungal Families of the World. CAB International, Cambridge (ISBN: 978-0851998275)	Peniophora_bicornis
ASV232	Fungi	Ascomycota	NA	NA	NA	NA	NA	Ascomycota	sSH1259017.09FU	0.9547135	NA	NA	NA	NA	NA	NA	NA	NA	NA	NA	NA	Ascomycota
ASV233	Fungi	NA	NA	NA	NA	NA	NA	NA	NA	0.9999533	NA	NA	NA	NA	NA	NA	NA	NA	NA	NA	NA	NA
ASV234	Fungi	Basidiomycota	Agaricomycetes	Russulales	Peniophoraceae	Peniophora	Peniophora_cinerea	Peniophora_cinerea	sSH1068907.09FU	0.9531068	Peniophoraceae	1CB1CD8B-36B9-11D5-9548-00D0592D548C	81123	9	Pathotroph-Saprotroph	Plant Pathogen-Wood Saprotroph	Probable	Corticioid	White Rot	Most species are saprobic, causing rots of standing and fallen wood. Many species are adapted to xeric conditions, being able to grow on rapidly drying dead attached branches (Cannon & Kirk 2007)	Cannon PF, Kirk PM. 2007. Fungal Families of the World. CAB International, Cambridge (ISBN: 978-0851998275)	Peniophora_cinerea
ASV235	Fungi	Basidiomycota	Agaricomycetes	Hymenochaetales	NA	Trichaptum	Trichaptum_fuscoviolaceum	Trichaptum_fuscoviolaceum	sSH1186720.09FU	0.7830497	Trichaptum	1CB1CC20-36B9-11D5-9548-00D0592D548C	18675	13	Saprotroph	|Wood Saprotroph|	Highly Probable	Polyporoid	White Rot	As white_rot (Põlme et al. 2020); Decay wood (Põlme et al. 2020)	Gilbertson RL, Ryvarden L. 1987-1987. North American Polypores. Fungiflora, Oslo (ISBN: 978-0945345060); Põlme S, et al. 2020. Fungal Diversity 105:1-16 ((https://doi.org/10.1007/s13225-020-00466-2))	Trichaptum_fuscoviolaceum
ASV236	Fungi	Ascomycota	Sordariomycetes	Hypocreales	Cordycipitaceae	Simplicillium	Simplicillium_sympodiophorum	Simplicillium_sympodiophorum	sSH1279241.09FU	0.9997417	Hypocreales	1CB18E60-36B9-11D5-9548-00D0592D548C	90477	7	Saprotroph	Undefined Saprotroph	Possible	Microfungus	NULL	NULL	Sterkenburg E, et al. 2015. New Phytologist 207:1145-1158 ((https://doi.org/10.1111/nph.13426))	Simplicillium_sympodiophorum
ASV237	Fungi	Basidiomycota	Agaricomycetes	Hymenochaetales	Hymenochaetaceae	Fuscoporia	NA	Fuscoporia	NA	0.9996366	Hymenochaetaceae	CC29D6F9-5984-496D-97E7-42EB138C1FEE	536196	9	Saprotroph-Symbiotroph	Ectomycorrhizal-Wood Saprotroph	Probable	Corticioid-Polyporoid	NULL	Lignicolous, causing white rots, rarely ectomycorrhizal (Cannon & Kirk 2007)	Cannon PF, Kirk PM. 2007. Fungal Families of the World. CAB International, Cambridge (ISBN: 978-0851998275)	Fuscoporia
ASV238	Fungi	NA	NA	NA	NA	NA	NA	NA	NA	1.0000000	NA	NA	NA	NA	NA	NA	NA	NA	NA	NA	NA	NA
ASV239	Fungi	Basidiomycota	Cystobasidiomycetes	Cystobasidiales	Cystobasidiaceae	Cystobasidium	Cystobasidium_oligophagum	Cystobasidium_oligophagum	sSH1223481.09FU	0.9999994	Cystobasidium	089EE3BE-975C-47BF-8DD0-494C299F8F10	17446	13	Pathotroph	|Fungal Parasite|	Highly Probable	Dimorphic-Facultative Yeast	NULL	As mycoparasite (Põlme et al. 2020); Decay fungal material (Põlme et al. 2020); Host - Thelebolales (Põlme et al. 2020)	Kurtzman CP, et al. (eds.) 2011. The Yeasts, a Taxonomic Study. Fifth Edition. Vols 1-3. Elsevier, San Diego (ISBN: 9780444521491); Põlme S, et al. 2020. Fungal Diversity 105:1-16 ((https://doi.org/10.1007/s13225-020-00466-2))	Cystobasidium_oligophagum
ASV240	Fungi	NA	NA	NA	NA	NA	NA	NA	NA	0.7444330	NA	NA	NA	NA	NA	NA	NA	NA	NA	NA	NA	NA
ASV241	Fungi	Basidiomycota	Agaricomycetes	Russulales	Peniophoraceae	Peniophora	Peniophora_laxitexta	Peniophora_laxitexta	sSH1068832.09FU	0.9202676	Peniophoraceae	1CB1CD8B-36B9-11D5-9548-00D0592D548C	81123	9	Pathotroph-Saprotroph	Plant Pathogen-Wood Saprotroph	Probable	Corticioid	White Rot	Most species are saprobic, causing rots of standing and fallen wood. Many species are adapted to xeric conditions, being able to grow on rapidly drying dead attached branches (Cannon & Kirk 2007)	Cannon PF, Kirk PM. 2007. Fungal Families of the World. CAB International, Cambridge (ISBN: 978-0851998275)	Peniophora_laxitexta
ASV242	Fungi	Ascomycota	NA	NA	NA	NA	NA	Ascomycota	sSH1259199.09FU	0.7471444	NA	NA	NA	NA	NA	NA	NA	NA	NA	NA	NA	Ascomycota
ASV243	Fungi	Ascomycota	Dothideomycetes	Mycosphaerellales	Teratosphaeriaceae	Hortaea	Hortaea_werneckii	Hortaea_werneckii	sSH1000031.09FU	1.0000000	Teratosphaeriaceae	87A3FDCC-E75C-4F2E-B987-C7579847CE32	504465	9	Pathotroph-Saprotroph	Animal Pathogen-Plant Pathogen-Undefined Saprotroph	Probable	NULL	NULL	Includes numerous saprobic, extremophilic, human opportunistic, and plant pathogenic fungi (Quaedvlieg et al. 2014)	Quaedvlieg W, et al. 2014. Persoonia 3:31-40 ((https://doi.org/10.3767/003158514X681981))	Hortaea_werneckii
ASV244	Fungi	Ascomycota	Dothideomycetes	Pleosporales	Pleosporaceae	Alternaria	NA	Alternaria	NA	0.9999719	Pleosporaceae	1CB1CDA2-36B9-11D5-9548-00D0592D548C	81188	9	Pathotroph-Saprotroph	Endophyte-Lichen Parasite-Plant Pathogen-Undefined Saprotroph	Probable	Microfungus	NULL	Necrotrophic pathogens and saprobes, especially associated with grasses. Many species are seed-borne (Cannon & Kirk 2007)	Cannon PF, Kirk PM. 2007. Fungal Families of the World. CAB International, Cambridge (ISBN: 978-0851998275); David AS, et al. 2016. Microbial Ecology 71:912-926 ((https://doi.org/10.1007/s00248-015-0712-6)); Lawrey JD, Diederich P. 2016. http://www.lichenicolous.net (accessed 24 May 2017) ((http://www.lichenicolous.net))	Alternaria
ASV245	Fungi	Ascomycota	Dothideomycetes	Muyocopronales	Muyocopronaceae	Muyocopron	Muyocopron_laterale	Muyocopron_laterale	sSH1287601.09FU	0.8310416	Muyocopron	E1058D71-4A0F-11D5-BEBB-00508BCA8DE8	3294	13	Saprotroph-Symbiotroph	Endophyte-|Plant Saprotroph|-Undefined Saprotroph	Probable	Microfungus	NULL	As foliar_endophyte (Põlme et al. 2020); As litter_saprotroph (Põlme et al. 2020); Decay leaf, fruit, seed (Põlme et al. 2020)	Tedersoo L, et al. 2014. Science 346:e1256688 ((https://doi.org/10.1126/science.1256688)); Põlme S, et al. 2020. Fungal Diversity 105:1-16 ((https://doi.org/10.1007/s13225-020-00466-2))	Muyocopron_laterale
ASV246	Fungi	Ascomycota	Dothideomycetes	Dothideales	Saccotheciaceae	Aureobasidium	Aureobasidium_pullulans	Aureobasidium_pullulans	sSH1240491.09FU	0.9891985	Aureobasidium pullulans	FE27878E-8260-43C1-A33B-204ACC27101A	101771	20	Pathotroph-Symbiotroph	Animal Pathogen-Endophyte-Epiphyte-Plant Pathogen	Possible	NULL	NULL	Pathogen Host - Asteraceae; Epiphyte detection method-culture (Wachowska & Glowacka 2014)	Costa IPMW, et al. 2012. Mycotaxon 119:e26 ((http://mycotaxon.com/resources/checklists/costa_v119_checklist.pdf)); Wachowska U, Głowacka K. 2014. BioControl 59:635-645 ((https://doi.org/10.1007/s10526-014-9596-5)); Irinyia L, et al. 2016. Fungal Biology 120:125-136 ((https://doi.org/10.1016/j.funbio.2015.04.007)); The American Phytopathological Society Common Names of Plant Diseases ((http://www.apsnet.org/publications/commonnames/Pages/default.aspx))	Aureobasidium_pullulans
ASV247	Fungi	Basidiomycota	Cystobasidiomycetes	Cystobasidiales	Cystobasidiaceae	Cystobasidium	Cystobasidium_slooffiae	Cystobasidium_slooffiae	sSH1223375.09FU	0.7589234	Cystobasidium	089EE3BE-975C-47BF-8DD0-494C299F8F10	17446	13	Pathotroph	|Fungal Parasite|	Highly Probable	Dimorphic-Facultative Yeast	NULL	As mycoparasite (Põlme et al. 2020); Decay fungal material (Põlme et al. 2020); Host - Thelebolales (Põlme et al. 2020)	Kurtzman CP, et al. (eds.) 2011. The Yeasts, a Taxonomic Study. Fifth Edition. Vols 1-3. Elsevier, San Diego (ISBN: 9780444521491); Põlme S, et al. 2020. Fungal Diversity 105:1-16 ((https://doi.org/10.1007/s13225-020-00466-2))	Cystobasidium_slooffiae
ASV248	Fungi	Ascomycota	Sordariomycetes	Hypocreales	NA	NA	NA	Hypocreales	NA	0.9982598	Hypocreales	1CB18E60-36B9-11D5-9548-00D0592D548C	90477	7	Saprotroph	Undefined Saprotroph	Possible	Microfungus	NULL	NULL	Sterkenburg E, et al. 2015. New Phytologist 207:1145-1158 ((https://doi.org/10.1111/nph.13426))	Hypocreales
ASV249	Fungi	Ascomycota	Dothideomycetes	Capnodiales	Neodevriesiaceae	Neodevriesia	Neodevriesia_lagerstroemiae	Neodevriesia_lagerstroemiae	sSH0960637.09FU	0.9868050	Neodevriesiaceae	F8168581-D82E-4A75-9190-C7925084B4CA	807766	9	Pathotroph-Saprotroph	Plant Pathogen-Undefined Saprotroph	Probable	NULL	NULL	Members are foliicolous, saprobic or plant pathogenic (Quaedvlieg et al. 2014)	Quaedvlieg W., et al. 2014. Persoonia 3:31-40 ((http://doi.org/10.3767/003158514X681981))	Neodevriesia_lagerstroemiae
ASV250	Fungi	Ascomycota	Eurotiomycetes	Chaetothyriales	Trichomeriaceae	NA	NA	Trichomeriaceae	NA	0.9933420	Trichomeriaceae	B366E4F5-4360-49B3-BA47-86698B5D3511	800935	9	Symbiotroph	Epiphyte	Probable	Microfungus	NULL	Foliar epiphytes with the appearance of sooty moulds, mostly occurring on the surface of living leaves and apparently gaining their nutrients from insect exudates (Chomnunti et al. 2012)	Chomnunti P, et al. 2012. Fungal Diversity 56:63-76 ((https://doi.org/10.1007/s13225-012-0197-2))	Trichomeriaceae
ASV251	Fungi	Ascomycota	Dothideomycetes	Dothideales	Saccotheciaceae	Aureobasidium	Aureobasidium_pullulans	Aureobasidium_pullulans	sSH1240491.09FU	0.9992131	Aureobasidium pullulans	FE27878E-8260-43C1-A33B-204ACC27101A	101771	20	Pathotroph-Symbiotroph	Animal Pathogen-Endophyte-Epiphyte-Plant Pathogen	Possible	NULL	NULL	Pathogen Host - Asteraceae; Epiphyte detection method-culture (Wachowska & Glowacka 2014)	Costa IPMW, et al. 2012. Mycotaxon 119:e26 ((http://mycotaxon.com/resources/checklists/costa_v119_checklist.pdf)); Wachowska U, Głowacka K. 2014. BioControl 59:635-645 ((https://doi.org/10.1007/s10526-014-9596-5)); Irinyia L, et al. 2016. Fungal Biology 120:125-136 ((https://doi.org/10.1016/j.funbio.2015.04.007)); The American Phytopathological Society Common Names of Plant Diseases ((http://www.apsnet.org/publications/commonnames/Pages/default.aspx))	Aureobasidium_pullulans
ASV252	Fungi	Basidiomycota	Agaricomycetes	NA	NA	NA	NA	Agaricomycetes	sSH1112177.09FU	0.9950196	NA	NA	NA	NA	NA	NA	NA	NA	NA	NA	NA	Agaricomycetes
ASV253	Fungi	Ascomycota	Dothideomycetes	Venturiales	Venturiaceae	NA	NA	Venturiaceae	sSH1025605.09FU	0.8250317	Venturiaceae	1CB1CDFC-36B9-11D5-9548-00D0592D548C	81516	9	Pathotroph-Saprotroph-Symbiotroph	Endophyte-Plant Pathogen-Undefined Saprotroph	Probable	Microfungus	NULL	Mostly endophytes and weak parasites of aerial plant parts, including bark and wood, leaf and fruit tissue; rarely biotrophic. Little is known except for the important pathogens (Cannon & Kirk 2007)	Cannon PF, Kirk PM. 2007. Fungal Families of the World. CAB International, Cambridge (ISBN: 978-0851998275)	Venturiaceae
ASV254	Fungi	Ascomycota	Dothideomycetes	Mycosphaerellales	Mycosphaerellaceae	Cercospora	NA	Cercospora	NA	0.9992308	Mycosphaerellaceae	1CB1CD75-36B9-11D5-9548-00D0592D548C	81043	9	Pathotroph-Saprotroph	Plant Pathogen-Undefined Saprotroph	Probable	Microfungus	NULL	Biotrophic, necrotrophic or saprobic on various plant tissues (Cannon & Kirk 2007)	Cannon PF, Kirk PM. 2007. Fungal Families of the World. CAB International, Cambridge (ISBN: 978-0851998275)	Cercospora
ASV255	Fungi	Basidiomycota	Agaricomycetes	Agaricales	NA	NA	NA	Agaricales	NA	1.0000000	Agaricales	715D162F-5F0E-40C8-A7DC-79D488D3F937	90508	7	Pathotroph-Saprotroph-Symbiotroph	Bryophyte Parasite-Dung Saprotroph-Ectomycorrhizal-Fungal Parasite-Leaf Saprotroph-Plant Parasite-Undefined Saprotroph-Wood Saprotroph	Possible	Agaricoid-Gasteroid-Microfungus-Secotioid-Yeast	NULL	Mushrooms and toadstools, Gill fungi, Agarics... lignicolous, sometimes muscicolous or fungicolous, saprobic, mycorrhizal, rarely parasitic on plants or fungi (Kirk et al. 2008)	Kirk PM et al. 2008. Dictionary of the Fungi. Tenth Edition. CAB International, Wallingford (ISBN: 978-0851998268)	Agaricales
ASV256	Fungi	Basidiomycota	Agaricomycetes	Russulales	Peniophoraceae	Peniophora	Peniophora_cinerea	Peniophora_cinerea	sSH1068907.09FU	0.9918151	Peniophoraceae	1CB1CD8B-36B9-11D5-9548-00D0592D548C	81123	9	Pathotroph-Saprotroph	Plant Pathogen-Wood Saprotroph	Probable	Corticioid	White Rot	Most species are saprobic, causing rots of standing and fallen wood. Many species are adapted to xeric conditions, being able to grow on rapidly drying dead attached branches (Cannon & Kirk 2007)	Cannon PF, Kirk PM. 2007. Fungal Families of the World. CAB International, Cambridge (ISBN: 978-0851998275)	Peniophora_cinerea
ASV257	Fungi	Basidiomycota	NA	NA	NA	NA	NA	Basidiomycota	sSH1178703.09FU	1.0000000	NA	NA	NA	NA	NA	NA	NA	NA	NA	NA	NA	Basidiomycota
ASV258	Fungi	Basidiomycota	Agaricomycetes	Auriculariales	NA	NA	NA	Auriculariales	NA	0.9993866	NA	NA	NA	NA	NA	NA	NA	NA	NA	NA	NA	Auriculariales
ASV259	Fungi	Basidiomycota	Ustilaginomycetes	Ustilaginales	Ustilaginaceae	Ustilago	Ustilago_nunavutica	Ustilago_nunavutica	sSH1089538.09FU	0.9992802	Ustilaginaceae	1CB1CDFA-36B9-11D5-9548-00D0592D548C	81513	9	Pathotroph	Plant Pathogen	Probable	Smut	NULL	Biotrophic in living tissue of Gramineae and Cyperaceae (Cannon & Kirk 2007)	Cannon PF, Kirk PM. 2007. Fungal Families of the World. CAB International, Cambridge (ISBN: 978-0851998275)	Ustilago_nunavutica
ASV260	Fungi	Ascomycota	Dothideomycetes	Mycosphaerellales	Teratosphaeriaceae	Xenopenidiella	Xenopenidiella_tarda	Xenopenidiella_tarda	sSH1084480.09FU	0.9998337	Teratosphaeriaceae	87A3FDCC-E75C-4F2E-B987-C7579847CE32	504465	9	Pathotroph-Saprotroph	Animal Pathogen-Plant Pathogen-Undefined Saprotroph	Probable	NULL	NULL	Includes numerous saprobic, extremophilic, human opportunistic, and plant pathogenic fungi (Quaedvlieg et al. 2014)	Quaedvlieg W, et al. 2014. Persoonia 3:31-40 ((https://doi.org/10.3767/003158514X681981))	Xenopenidiella_tarda
ASV261	Fungi	Basidiomycota	Agaricomycetes	Russulales	NA	NA	NA	Russulales	sSH0953146.09FU	0.9999709	NA	NA	NA	NA	NA	NA	NA	NA	NA	NA	NA	Russulales
ASV262	Fungi	Ascomycota	Eurotiomycetes	Eurotiales	Aspergillaceae	Penicillium	NA	Penicillium	NA	0.9999936	Eurotiales	1CB1CE25-36B9-11D5-9548-00D0592D548C	90472	7	Saprotroph	Undefined Saprotroph	Possible	Microfungus	NULL	NULL	Sterkenburg E, et al. 2015. New Phytologist 207:1145-1158 ((https://doi.org/10.1111/nph.13426))	Penicillium
ASV263	Fungi	Ascomycota	Leotiomycetes	Helotiales	NA	NA	NA	Helotiales	sSH1068013.09FU	0.8095480	NA	NA	NA	NA	NA	NA	NA	NA	NA	NA	NA	Helotiales
ASV264	Fungi	Ascomycota	Dothideomycetes	Mycosphaerellales	Teratosphaeriaceae	Hortaea	Hortaea_werneckii	Hortaea_werneckii	sSH1000031.09FU	0.9999999	Teratosphaeriaceae	87A3FDCC-E75C-4F2E-B987-C7579847CE32	504465	9	Pathotroph-Saprotroph	Animal Pathogen-Plant Pathogen-Undefined Saprotroph	Probable	NULL	NULL	Includes numerous saprobic, extremophilic, human opportunistic, and plant pathogenic fungi (Quaedvlieg et al. 2014)	Quaedvlieg W, et al. 2014. Persoonia 3:31-40 ((https://doi.org/10.3767/003158514X681981))	Hortaea_werneckii
ASV265	Fungi	Basidiomycota	Agaricomycetes	Auriculariales	Exidiaceae	Eichleriella	NA	Eichleriella	sSH1090779.09FU	0.9717466	Eichleriella	1CB1C6E5-36B9-11D5-9548-00D0592D548C	17543	13	Saprotroph	Undefined Saprotroph-|Wood Saprotroph|	Probable	Corticioid	NULL	Decay wood (Põlme et al. 2020)	Tedersoo L, et al. 2014. Science 346:e1256688 ((https://doi.org/10.1126/science.1256688)); Põlme S, et al. 2020. Fungal Diversity 105:1-16 ((https://doi.org/10.1007/s13225-020-00466-2))	Eichleriella
ASV266	Fungi	NA	NA	NA	NA	NA	NA	NA	NA	0.7571489	NA	NA	NA	NA	NA	NA	NA	NA	NA	NA	NA	NA
ASV267	Fungi	Ascomycota	Dothideomycetes	NA	NA	NA	NA	Dothideomycetes	NA	0.9648395	NA	NA	NA	NA	NA	NA	NA	NA	NA	NA	NA	Dothideomycetes
ASV268	Fungi	Ascomycota	Sordariomycetes	Diaporthales	Diaporthaceae	Diaporthe	Diaporthe_pyracanthae	Diaporthe_pyracanthae	sSH1273947.09FU	0.9463838	Diaporthaceae	1CB186D0-36B9-11D5-9548-00D0592D548C	80691	9	Pathotroph-Saprotroph-Symbiotroph	Endophyte-Plant Pathogen-Plant Saprotroph	Probable	Microfungus	NULL	Most species are weak pathogens or endophytes in leaf or stem tissue, growing saprobically after the plant dies (Cannon & Kirk 2007)	Cannon PF, Kirk PM. 2007. Fungal Families of the World. CAB International, Cambridge (ISBN: 978-0851998275)	Diaporthe_pyracanthae
ASV269	Fungi	NA	NA	NA	NA	NA	NA	NA	NA	0.9997268	NA	NA	NA	NA	NA	NA	NA	NA	NA	NA	NA	NA
ASV270	Fungi	Basidiomycota	Agaricomycetes	Auriculariales	Exidiaceae	NA	NA	Exidiaceae	NA	0.9915801	NA	NA	NA	NA	NA	NA	NA	NA	NA	NA	NA	Exidiaceae
ASV271	Fungi	Ascomycota	Dothideomycetes	Capnodiales	Cladosporiaceae	Toxicocladosporium	NA	Toxicocladosporium	NA	0.9991874	Cladosporiaceae	6EDCD6E4-DE4D-443D-AF6B-A572F626BD45	816548	9	Pathotroph-Saprotroph-Symbiotroph	Animal Pathogen-Endophyte-Lichen Parasite-Plant Pathogen-Wood Saprotroph	Possible	Microfungus	NULL	NULL	Seehann G, et al. 1975. List of Fungi in Soft-Rot Tissue Tests. Institute fur Holzbiologie und Holzschutz, Bundesforschungsanstalt fur Forst - und Holzwirtshaft, Hamburg - Lohbrugge, Germany; Lawrey JD, Diederich P. 2016. http://www.lichenicolous.net (accessed 24 May 2017) ((http://www.lichenicolous.net)); The American Phytopathological Society Common Names of Plant Diseases ((http://www.apsnet.org/publications/commonnames/Pages/default.aspx))	Toxicocladosporium
ASV272	Fungi	Basidiomycota	Agaricomycetes	Trechisporales	Hydnodontaceae	Subulicystidium	NA	Subulicystidium	NA	0.9979626	Subulicystidium	1CB1CBCE-36B9-11D5-9548-00D0592D548C	18619	13	Saprotroph	Undefined Saprotroph-|Wood Saprotroph|	Probable	Corticioid	White Rot	As white_rot (Põlme et al. 2020); Decay wood (Põlme et al. 2020)	Tedersoo L, et al. 2014. Science 346:e1256688 ((https://doi.org/10.1126/science.1256688)); Põlme S, et al. 2020. Fungal Diversity 105:1-16 ((https://doi.org/10.1007/s13225-020-00466-2))	Subulicystidium
ASV273	Fungi	Ascomycota	Eurotiomycetes	Eurotiales	Aspergillaceae	Penicillium	NA	Penicillium	sSH1225252.09FU	0.9449672	Eurotiales	1CB1CE25-36B9-11D5-9548-00D0592D548C	90472	7	Saprotroph	Undefined Saprotroph	Possible	Microfungus	NULL	NULL	Sterkenburg E, et al. 2015. New Phytologist 207:1145-1158 ((https://doi.org/10.1111/nph.13426))	Penicillium
ASV274	Fungi	Ascomycota	Dothideomycetes	Capnodiales	Cladosporiaceae	Cladosporium	Cladosporium_halotolerans	Cladosporium_halotolerans	sSH2100630.09FU	0.9921463	Cladosporiaceae	6EDCD6E4-DE4D-443D-AF6B-A572F626BD45	816548	9	Pathotroph-Saprotroph-Symbiotroph	Animal Pathogen-Endophyte-Lichen Parasite-Plant Pathogen-Wood Saprotroph	Possible	Microfungus	NULL	NULL	Seehann G, et al. 1975. List of Fungi in Soft-Rot Tissue Tests. Institute fur Holzbiologie und Holzschutz, Bundesforschungsanstalt fur Forst - und Holzwirtshaft, Hamburg - Lohbrugge, Germany; Lawrey JD, Diederich P. 2016. http://www.lichenicolous.net (accessed 24 May 2017) ((http://www.lichenicolous.net)); The American Phytopathological Society Common Names of Plant Diseases ((http://www.apsnet.org/publications/commonnames/Pages/default.aspx))	Cladosporium_halotolerans
ASV275	Fungi	Ascomycota	Eurotiomycetes	Eurotiales	Aspergillaceae	Talaromyces	Talaromyces_radicus	Talaromyces_radicus	sSH1286650.09FU	0.7880795	Eurotiales	1CB1CE25-36B9-11D5-9548-00D0592D548C	90472	7	Saprotroph	Undefined Saprotroph	Possible	Microfungus	NULL	NULL	Sterkenburg E, et al. 2015. New Phytologist 207:1145-1158 ((https://doi.org/10.1111/nph.13426))	Talaromyces_radicus
ASV276	Fungi	Basidiomycota	Agaricomycetes	Polyporales	Polyporaceae	Funalia	Funalia_floccosa	Funalia_floccosa	sSH1248998.09FU	0.9996074	Polyporaceae	1CB19B17-36B9-11D5-9548-00D0592D548C	81203	9	Saprotroph	Wood Saprotroph	Probable	Polyporoid	Brown Rot-White Rot	Lignicolous, causing brown or white rot, mostly of broadleaved trees (Cannon & Kirk 2007)	Cannon PF, Kirk PM. 2007. Fungal Families of the World. CAB International, Cambridge (ISBN: 978-0851998275)	Funalia_floccosa
ASV277	Fungi	Ascomycota	Dothideomycetes	Capnodiales	Neodevriesiaceae	Neodevriesia	NA	Neodevriesia	sSH0960542.09FU	0.9998808	Neodevriesiaceae	F8168581-D82E-4A75-9190-C7925084B4CA	807766	9	Pathotroph-Saprotroph	Plant Pathogen-Undefined Saprotroph	Probable	NULL	NULL	Members are foliicolous, saprobic or plant pathogenic (Quaedvlieg et al. 2014)	Quaedvlieg W., et al. 2014. Persoonia 3:31-40 ((http://doi.org/10.3767/003158514X681981))	Neodevriesia
ASV278	Fungi	Ascomycota	Eurotiomycetes	Eurotiales	Aspergillaceae	Penicillium	Penicillium_brocae	Penicillium_brocae	sSH1228867.09FU	0.9969707	Eurotiales	1CB1CE25-36B9-11D5-9548-00D0592D548C	90472	7	Saprotroph	Undefined Saprotroph	Possible	Microfungus	NULL	NULL	Sterkenburg E, et al. 2015. New Phytologist 207:1145-1158 ((https://doi.org/10.1111/nph.13426))	Penicillium_brocae
ASV279	Fungi	Ascomycota	Eurotiomycetes	NA	NA	NA	NA	Eurotiomycetes	sSH0948228.09FU	0.9999950	NA	NA	NA	NA	NA	NA	NA	NA	NA	NA	NA	Eurotiomycetes
ASV280	Fungi	Ascomycota	Dothideomycetes	Pleosporales	Didymosphaeriaceae	Bimuria	Bimuria_novae-zelandiae	Bimuria_novae-zelandiae	sSH0983507.09FU	0.8217922	Didymosphaeriaceae	1CB1CD0B-36B9-11D5-9548-00D0592D548C	80702	9	Pathotroph-Saprotroph-Symbiotroph	Endophyte-Lichen Parasite-Plant Pathogen-Undefined Saprotroph	Probable	Microfungus	NULL	Saprobes in both woody and herbaceous material, also parasitic on other fungi (Cannon & Kirk 2007)	Cannon PF, Kirk PM. 2007. Fungal Families of the World. CAB International, Cambridge (ISBN: 978-0851998275); Massimo NC, et al. 2015. Microbial Ecology 70:61-76 ((https://doi.org/10.1007/s00248-014-0563-6))	Bimuria_novae-zelandiae
ASV281	Fungi	Basidiomycota	Agaricomycetes	Auriculariales	Exidiaceae	Basidiodendron	NA	Basidiodendron	NA	0.9999234	Basidiodendron	1CB1C4F5-36B9-11D5-9548-00D0592D548C	17148	13	Saprotroph	Undefined Saprotroph-|Wood Saprotroph|	Probable	Corticioid	NULL	Decay wood (Põlme et al. 2020)	Tedersoo L, et al. 2014. Science 346:e1256688 ((https://doi.org/10.1126/science.1256688)); Põlme S, et al. 2020. Fungal Diversity 105:1-16 ((https://doi.org/10.1007/s13225-020-00466-2))	Basidiodendron
ASV282	Fungi	Ascomycota	Dothideomycetes	Pleosporales	Massarinaceae	NA	NA	Massarinaceae	NA	0.7033567	Massarinaceae	4068CDF9-F69E-41F5-BB5F-1834BD4F01F1	80979	9	Pathotroph-Saprotroph	Plant Pathogen-Undefined Saprotroph	Probable	Microfungus	NULL	NULL	Kirk PM et al. 2008. Dictionary of the Fungi. Tenth Edition. CAB International, Wallingford (ISBN: 978-0851998268)	Massarinaceae
ASV283	Fungi	Ascomycota	Sordariomycetes	Diaporthales	Gnomoniaceae	NA	NA	Gnomoniaceae	NA	0.9999979	Gnomoniaceae	F36F48E8-C228-4922-8DB6-AE905CA55412	80810	9	Pathotroph-Saprotroph-Symbiotroph	Endophyte-Plant Pathogen-Undefined Saprotroph	Probable	Microfungus	NULL	Most species are saprobes or endophytes in leaves and bark, but a few are neurotrophic pathogens (Cannon & Kirk 2007)	Cannon PF, Kirk PM. 2007. Fungal Families of the World. CAB International, Cambridge (ISBN: 978-0851998275)	Gnomoniaceae
ASV284	Fungi	NA	NA	NA	NA	NA	NA	NA	NA	0.8506741	NA	NA	NA	NA	NA	NA	NA	NA	NA	NA	NA	NA
ASV285	Fungi	Basidiomycota	Cystobasidiomycetes	NA	Symmetrosporaceae	Symmetrospora	NA	Symmetrospora	NA	0.9999045	Symmetrospora	087AD0E3-3941-4D4D-B6AD-C4299E0B7B7F	813117	13	Saprotroph-Symbiotroph	|Epiphyte|-Plant Saprotroph	Probable	Yeast	NULL	As litter_saprotroph (Põlme et al. 2020); Decay leaf, fruit, seed (Põlme et al. 2020)	Põlme S, et al. 2020. Fungal Diversity 105:1-16 ((https://doi.org/10.1007/s13225-020-00466-2))	Symmetrospora
ASV286	Fungi	Ascomycota	Eurotiomycetes	Eurotiales	Aspergillaceae	Penicillium	NA	Penicillium	sSH1225252.09FU	0.9474014	Eurotiales	1CB1CE25-36B9-11D5-9548-00D0592D548C	90472	7	Saprotroph	Undefined Saprotroph	Possible	Microfungus	NULL	NULL	Sterkenburg E, et al. 2015. New Phytologist 207:1145-1158 ((https://doi.org/10.1111/nph.13426))	Penicillium
ASV287	Fungi	Ascomycota	Sordariomycetes	Amphisphaeriales	Pestalotiopsidaceae	Neopestalotiopsis	NA	Neopestalotiopsis	NA	0.9128564	Neopestalotiopsis	58011663-82AF-4B2A-93DC-EDA0011F6089	809759	13	Pathotroph	|Plant Pathogen|	Probable	Microfungus	NULL	NULL	Põlme S, et al. 2020. Fungal Diversity 105:1-16 ((https://doi.org/10.1007/s13225-020-00466-2))	Neopestalotiopsis
ASV288	Fungi	NA	NA	NA	NA	NA	NA	NA	NA	0.9316973	NA	NA	NA	NA	NA	NA	NA	NA	NA	NA	NA	NA
ASV289	Fungi	Ascomycota	Eurotiomycetes	Chaetothyriales	Herpotrichiellaceae	Cladophialophora	NA	Cladophialophora	sSH1069958.09FU	0.9126730	Herpotrichiellaceae	1CB1CD37-36B9-11D5-9548-00D0592D548C	80856	9	Pathotroph-Saprotroph	Animal Pathogen-Fungal Parasite-Undefined Saprotroph	Probable	Facultative Yeast-Microfungus	NULL	Mostly saprobic on plants or other fungi, isolated from soil etc., and from medical sources (Cannon & Kirk 2007)	Cannon PF, Kirk PM. 2007. Fungal Families of the World. CAB International, Cambridge (ISBN: 978-0851998275)	Cladophialophora
ASV290	Fungi	Ascomycota	NA	NA	NA	NA	NA	Ascomycota	sSH0935682.09FU	0.9449100	NA	NA	NA	NA	NA	NA	NA	NA	NA	NA	NA	Ascomycota
ASV291	Fungi	Ascomycota	Sordariomycetes	Hypocreales	NA	Acremonium	NA	Acremonium	NA	0.9999075	Hypocreales	1CB18E60-36B9-11D5-9548-00D0592D548C	90477	7	Saprotroph	Undefined Saprotroph	Possible	Microfungus	NULL	NULL	Sterkenburg E, et al. 2015. New Phytologist 207:1145-1158 ((https://doi.org/10.1111/nph.13426))	Acremonium
ASV292	Fungi	Ascomycota	Dothideomycetes	Capnodiales	Neodevriesiaceae	Neodevriesia	Neodevriesia_strelitziae	Neodevriesia_strelitziae	sSH0960596.09FU	0.9997270	Neodevriesiaceae	F8168581-D82E-4A75-9190-C7925084B4CA	807766	9	Pathotroph-Saprotroph	Plant Pathogen-Undefined Saprotroph	Probable	NULL	NULL	Members are foliicolous, saprobic or plant pathogenic (Quaedvlieg et al. 2014)	Quaedvlieg W., et al. 2014. Persoonia 3:31-40 ((http://doi.org/10.3767/003158514X681981))	Neodevriesia_strelitziae
ASV293	Fungi	Ascomycota	Sordariomycetes	Diaporthales	Gnomoniaceae	NA	NA	Gnomoniaceae	NA	0.9999926	Gnomoniaceae	F36F48E8-C228-4922-8DB6-AE905CA55412	80810	9	Pathotroph-Saprotroph-Symbiotroph	Endophyte-Plant Pathogen-Undefined Saprotroph	Probable	Microfungus	NULL	Most species are saprobes or endophytes in leaves and bark, but a few are neurotrophic pathogens (Cannon & Kirk 2007)	Cannon PF, Kirk PM. 2007. Fungal Families of the World. CAB International, Cambridge (ISBN: 978-0851998275)	Gnomoniaceae
ASV294	Fungi	Basidiomycota	Agaricomycetes	Polyporales	Phanerochaetaceae	Hyphodermella	NA	Hyphodermella	sSH1216880.09FU	0.9505365	Hyphodermella	700BB18B-97CD-446F-9AB1-387549071314	17824	13	Saprotroph	Undefined Saprotroph-|Wood Saprotroph|	Probable	Corticioid	White Rot	As white_rot (Põlme et al. 2020); Decay wood (Põlme et al. 2020)	Tedersoo L, et al. 2014. Science 346:e1256688 ((https://doi.org/10.1126/science.1256688)); Põlme S, et al. 2020. Fungal Diversity 105:1-16 ((https://doi.org/10.1007/s13225-020-00466-2))	Hyphodermella
ASV295	Fungi	Ascomycota	Eurotiomycetes	Eurotiales	Aspergillaceae	Penicillium	Penicillium_coffeae	Penicillium_coffeae	sSH1227789.09FU	0.7524344	Eurotiales	1CB1CE25-36B9-11D5-9548-00D0592D548C	90472	7	Saprotroph	Undefined Saprotroph	Possible	Microfungus	NULL	NULL	Sterkenburg E, et al. 2015. New Phytologist 207:1145-1158 ((https://doi.org/10.1111/nph.13426))	Penicillium_coffeae
ASV296	Fungi	Basidiomycota	Agaricomycetes	Hymenochaetales	Hymenochaetaceae	Hymenochaete	Hymenochaete_tenuis	Hymenochaete_tenuis	sSH1027043.09FU	0.8428828	Hymenochaetaceae	CC29D6F9-5984-496D-97E7-42EB138C1FEE	536196	9	Saprotroph-Symbiotroph	Ectomycorrhizal-Wood Saprotroph	Probable	Corticioid-Polyporoid	NULL	Lignicolous, causing white rots, rarely ectomycorrhizal (Cannon & Kirk 2007)	Cannon PF, Kirk PM. 2007. Fungal Families of the World. CAB International, Cambridge (ISBN: 978-0851998275)	Hymenochaete_tenuis
ASV297	Fungi	Basidiomycota	Agaricomycetes	Atheliales	Byssocorticiaceae	NA	NA	Byssocorticiaceae	sSH0915876.09FU	0.9906853	NA	NA	NA	NA	NA	NA	NA	NA	NA	NA	NA	Byssocorticiaceae
ASV298	Fungi	Basidiomycota	Agaricomycetes	Geastrales	Sphaerobolaceae	Sphaerobolus	NA	Sphaerobolus	NA	0.9905476	Sphaerobolus	1CB1CB88-36B9-11D5-9548-00D0592D548C	19322	13	Saprotroph	Undefined Saprotroph-|Wood Saprotroph|	Probable	Gasteroid	White Rot	 cannon ball fungus; As white_rot (Põlme et al. 2020); Common name ; Decay wood (Põlme et al. 2020)	Tedersoo L, et al. 2014. Science 346:e1256688 ((https://doi.org/10.1126/science.1256688)); Põlme S, et al. 2020. Fungal Diversity 105:1-16 ((https://doi.org/10.1007/s13225-020-00466-2))	Sphaerobolus
ASV299	Fungi	Basidiomycota	Exobasidiomycetes	Exobasidiales	Exobasidiaceae	Exobasidium	NA	Exobasidium	sSH0974513.09FU	0.9993524	Exobasidium	1CB18A27-36B9-11D5-9548-00D0592D548C	17576	13	Pathotroph	|Plant Pathogen|	Probable	Leaf Blister-Leaf Gall-Leaf Spot	NULL	NULL	Tedersoo L, et al. 2014. Science 346:e1256688 ((https://doi.org/10.1126/science.1256688)); Põlme S, et al. 2020. Fungal Diversity 105:1-16 ((https://doi.org/10.1007/s13225-020-00466-2))	Exobasidium
ASV300	Fungi	Ascomycota	Sordariomycetes	Diaporthales	Gnomoniaceae	Gnomoniopsis	NA	Gnomoniopsis	NA	0.9989106	Gnomoniaceae	F36F48E8-C228-4922-8DB6-AE905CA55412	80810	9	Pathotroph-Saprotroph-Symbiotroph	Endophyte-Plant Pathogen-Undefined Saprotroph	Probable	Microfungus	NULL	Most species are saprobes or endophytes in leaves and bark, but a few are neurotrophic pathogens (Cannon & Kirk 2007)	Cannon PF, Kirk PM. 2007. Fungal Families of the World. CAB International, Cambridge (ISBN: 978-0851998275)	Gnomoniopsis
ASV301	Fungi	Basidiomycota	Agaricomycetes	Cantharellales	Ceratobasidiaceae	Ceratobasidium	NA	Ceratobasidium	sSH1147170.09FU	0.9750900	Ceratobasidiaceae	1CB1CCDC-36B9-11D5-9548-00D0592D548C	80572	9	Pathotroph-Saprotroph-Symbiotroph	Endomycorrhizal-Plant Pathogen-Undefined Saprotroph	Possible	Microfungus	NULL	Best known as plant pathogens, but also saprobic. Species are endomycorrhizal with a wide range of plant roots - especially of Orchidaceae but also even bryophytes (Cannon & Kirk 2007)	Cannon PF, Kirk PM. 2007. Fungal Families of the World. CAB International, Cambridge (ISBN: 978-0851998275)	Ceratobasidium
ASV302	Fungi	NA	NA	NA	NA	NA	NA	NA	NA	0.8593950	NA	NA	NA	NA	NA	NA	NA	NA	NA	NA	NA	NA
ASV303	Fungi	Basidiomycota	Agaricomycetes	Agaricales	Schizophyllaceae	Schizophyllum	Schizophyllum_commune	Schizophyllum_commune	sSH1009492.09FU	0.9705178	Agaricales	715D162F-5F0E-40C8-A7DC-79D488D3F937	90508	7	Pathotroph-Saprotroph-Symbiotroph	Bryophyte Parasite-Dung Saprotroph-Ectomycorrhizal-Fungal Parasite-Leaf Saprotroph-Plant Parasite-Undefined Saprotroph-Wood Saprotroph	Possible	Agaricoid-Gasteroid-Microfungus-Secotioid-Yeast	NULL	Mushrooms and toadstools, Gill fungi, Agarics... lignicolous, sometimes muscicolous or fungicolous, saprobic, mycorrhizal, rarely parasitic on plants or fungi (Kirk et al. 2008)	Kirk PM et al. 2008. Dictionary of the Fungi. Tenth Edition. CAB International, Wallingford (ISBN: 978-0851998268)	Schizophyllum_commune
ASV304	Fungi	Ascomycota	Sordariomycetes	Hypocreales	NA	Acremonium	Acremonium_tubakii	Acremonium_tubakii	sSH1310858.09FU	0.9867772	Hypocreales	1CB18E60-36B9-11D5-9548-00D0592D548C	90477	7	Saprotroph	Undefined Saprotroph	Possible	Microfungus	NULL	NULL	Sterkenburg E, et al. 2015. New Phytologist 207:1145-1158 ((https://doi.org/10.1111/nph.13426))	Acremonium_tubakii
ASV305	Fungi	Basidiomycota	Agaricomycetes	Auriculariales	NA	NA	NA	Auriculariales	sSH1300732.09FU	0.9899545	NA	NA	NA	NA	NA	NA	NA	NA	NA	NA	NA	Auriculariales
ASV306	Fungi	Basidiomycota	Agaricomycetes	Polyporales	Phanerochaetaceae	Bjerkandera	Bjerkandera_adusta	Bjerkandera_adusta	sSH1177901.09FU	0.8752565	Bjerkandera	1CB1C50E-36B9-11D5-9548-00D0592D548C	17160	13	Pathotroph-Saprotroph-Symbiotroph	Endophyte-Plant Pathogen-|Wood Saprotroph|	Highly Probable	Polyporoid	White Rot	As root_endophyte_dark_septate (Põlme et al. 2020); As white_rot (Põlme et al. 2020); As wood_pathogen (Põlme et al. 2020); Decay wood (Põlme et al. 2020)	Gilbertson RL, Ryvarden L. 1987-1987. North American Polypores. Fungiflora, Oslo (ISBN: 978-0945345060); Põlme S, et al. 2020. Fungal Diversity 105:1-16 ((https://doi.org/10.1007/s13225-020-00466-2))	Bjerkandera_adusta
ASV307	Fungi	NA	NA	NA	NA	NA	NA	NA	NA	0.7461062	NA	NA	NA	NA	NA	NA	NA	NA	NA	NA	NA	NA
ASV308	Fungi	Ascomycota	Saccharomycetes	Saccharomycetales	Phaffomycetaceae	Cyberlindnera	Cyberlindnera_jadinii	Cyberlindnera_jadinii	sSH0972076.09FU	1.0000000	Saccharomycetales	B73A15F4-AB90-4E11-B6D7-E0BE710B986C	816369	7	Saprotroph	Undefined Saprotroph	Possible	Yeast	NULL	NULL	Sterkenburg E, et al. 2015. New Phytologist 207:1145-1158 ((https://doi.org/10.1111/nph.13426))	Cyberlindnera_jadinii
ASV309	Fungi	Ascomycota	Dothideomycetes	NA	NA	NA	NA	Dothideomycetes	NA	0.9999997	NA	NA	NA	NA	NA	NA	NA	NA	NA	NA	NA	Dothideomycetes
ASV310	Fungi	Ascomycota	Sordariomycetes	Diaporthales	Gnomoniaceae	NA	NA	Gnomoniaceae	NA	0.9998600	Gnomoniaceae	F36F48E8-C228-4922-8DB6-AE905CA55412	80810	9	Pathotroph-Saprotroph-Symbiotroph	Endophyte-Plant Pathogen-Undefined Saprotroph	Probable	Microfungus	NULL	Most species are saprobes or endophytes in leaves and bark, but a few are neurotrophic pathogens (Cannon & Kirk 2007)	Cannon PF, Kirk PM. 2007. Fungal Families of the World. CAB International, Cambridge (ISBN: 978-0851998275)	Gnomoniaceae
ASV311	Fungi	Ascomycota	Pezizomycetes	Pezizales	Pezizaceae	Pachyphlodes	NA	Pachyphlodes	sSH1193828.09FU	0.8125155	Pezizaceae	1CB1CD8D-36B9-11D5-9548-00D0592D548C	81134	9	Saprotroph-Symbiotroph	Dung Saprotroph-Ectomycorrhizal-Litter Saprotroph-Undefined Saprotroph	Possible	Pezizoid	NULL	Saprobic or ectomycorrhizal, on or in soil, leafmould etc., some species associated with dung or fire sites (Cannon & Kirk 2007)	Cannon PF, Kirk PM. 2007. Fungal Families of the World. CAB International, Cambridge (ISBN: 978-0851998275)	Pachyphlodes
ASV312	Fungi	Basidiomycota	Agaricomycetes	Agaricales	Schizophyllaceae	Schizophyllum	Schizophyllum_commune	Schizophyllum_commune	sSH1009492.09FU	0.9448184	Agaricales	715D162F-5F0E-40C8-A7DC-79D488D3F937	90508	7	Pathotroph-Saprotroph-Symbiotroph	Bryophyte Parasite-Dung Saprotroph-Ectomycorrhizal-Fungal Parasite-Leaf Saprotroph-Plant Parasite-Undefined Saprotroph-Wood Saprotroph	Possible	Agaricoid-Gasteroid-Microfungus-Secotioid-Yeast	NULL	Mushrooms and toadstools, Gill fungi, Agarics... lignicolous, sometimes muscicolous or fungicolous, saprobic, mycorrhizal, rarely parasitic on plants or fungi (Kirk et al. 2008)	Kirk PM et al. 2008. Dictionary of the Fungi. Tenth Edition. CAB International, Wallingford (ISBN: 978-0851998268)	Schizophyllum_commune
ASV313	Fungi	Basidiomycota	Agaricomycetes	Hymenochaetales	Hymenochaetaceae	Inonotus	NA	Inonotus	sSH1027097.09FU	0.8270513	Hymenochaetaceae	CC29D6F9-5984-496D-97E7-42EB138C1FEE	536196	9	Saprotroph-Symbiotroph	Ectomycorrhizal-Wood Saprotroph	Probable	Corticioid-Polyporoid	NULL	Lignicolous, causing white rots, rarely ectomycorrhizal (Cannon & Kirk 2007)	Cannon PF, Kirk PM. 2007. Fungal Families of the World. CAB International, Cambridge (ISBN: 978-0851998275)	Inonotus
ASV314	Fungi	Basidiomycota	Agaricomycetes	Russulales	Peniophoraceae	Peniophora	Peniophora_albobadia	Peniophora_albobadia	sSH1068847.09FU	0.9963493	Peniophoraceae	1CB1CD8B-36B9-11D5-9548-00D0592D548C	81123	9	Pathotroph-Saprotroph	Plant Pathogen-Wood Saprotroph	Probable	Corticioid	White Rot	Most species are saprobic, causing rots of standing and fallen wood. Many species are adapted to xeric conditions, being able to grow on rapidly drying dead attached branches (Cannon & Kirk 2007)	Cannon PF, Kirk PM. 2007. Fungal Families of the World. CAB International, Cambridge (ISBN: 978-0851998275)	Peniophora_albobadia
ASV315	Fungi	Basidiomycota	Agaricomycetes	Hymenochaetales	NA	Trichaptum	NA	Trichaptum	NA	0.9970502	Trichaptum	1CB1CC20-36B9-11D5-9548-00D0592D548C	18675	13	Saprotroph	|Wood Saprotroph|	Highly Probable	Polyporoid	White Rot	As white_rot (Põlme et al. 2020); Decay wood (Põlme et al. 2020)	Gilbertson RL, Ryvarden L. 1987-1987. North American Polypores. Fungiflora, Oslo (ISBN: 978-0945345060); Põlme S, et al. 2020. Fungal Diversity 105:1-16 ((https://doi.org/10.1007/s13225-020-00466-2))	Trichaptum
ASV316	Fungi	Ascomycota	Sordariomycetes	NA	NA	NA	NA	Sordariomycetes	sSH0993047.09FU	0.9998543	NA	NA	NA	NA	NA	NA	NA	NA	NA	NA	NA	Sordariomycetes
ASV317	Fungi	Ascomycota	Dothideomycetes	Mycosphaerellales	Mycosphaerellaceae	Paramycosphaerella	Paramycosphaerella_intermedia	Paramycosphaerella_intermedia	sSH0990914.09FU	0.9999947	Mycosphaerellaceae	1CB1CD75-36B9-11D5-9548-00D0592D548C	81043	9	Pathotroph-Saprotroph	Plant Pathogen-Undefined Saprotroph	Probable	Microfungus	NULL	Biotrophic, necrotrophic or saprobic on various plant tissues (Cannon & Kirk 2007)	Cannon PF, Kirk PM. 2007. Fungal Families of the World. CAB International, Cambridge (ISBN: 978-0851998275)	Paramycosphaerella_intermedia
ASV318	Fungi	Ascomycota	Dothideomycetes	Dothideales	Saccotheciaceae	Aureobasidium	Aureobasidium_pullulans	Aureobasidium_pullulans	sSH1240491.09FU	0.9154171	Aureobasidium pullulans	FE27878E-8260-43C1-A33B-204ACC27101A	101771	20	Pathotroph-Symbiotroph	Animal Pathogen-Endophyte-Epiphyte-Plant Pathogen	Possible	NULL	NULL	Pathogen Host - Asteraceae; Epiphyte detection method-culture (Wachowska & Glowacka 2014)	Costa IPMW, et al. 2012. Mycotaxon 119:e26 ((http://mycotaxon.com/resources/checklists/costa_v119_checklist.pdf)); Wachowska U, Głowacka K. 2014. BioControl 59:635-645 ((https://doi.org/10.1007/s10526-014-9596-5)); Irinyia L, et al. 2016. Fungal Biology 120:125-136 ((https://doi.org/10.1016/j.funbio.2015.04.007)); The American Phytopathological Society Common Names of Plant Diseases ((http://www.apsnet.org/publications/commonnames/Pages/default.aspx))	Aureobasidium_pullulans
ASV319	Fungi	Ascomycota	Sordariomycetes	Xylariales	Xylariaceae	Xylaria	NA	Xylaria	NA	0.8047210	Xylariaceae	1CB1ABFB-36B9-11D5-9548-00D0592D548C	81528	9	Pathotroph-Saprotroph-Symbiotroph	Dung Saprotroph-Endophyte-Plant Pathogen-Undefined Saprotroph	Probable	Xylarioid	NULL	Saprobes or weak pathogens, many endophytes, mainly in wood and bark, occasionally in soil and dung (Cannon & Kirk 2007)	Cannon PF, Kirk PM. 2007. Fungal Families of the World. CAB International, Cambridge (ISBN: 978-0851998275)	Xylaria
ASV320	Fungi	Ascomycota	Dothideomycetes	Capnodiales	Cladosporiaceae	Cladosporium	Cladosporium_dominicanum	Cladosporium_dominicanum	sSH4359931.09FU	0.9880712	Cladosporiaceae	6EDCD6E4-DE4D-443D-AF6B-A572F626BD45	816548	9	Pathotroph-Saprotroph-Symbiotroph	Animal Pathogen-Endophyte-Lichen Parasite-Plant Pathogen-Wood Saprotroph	Possible	Microfungus	NULL	NULL	Seehann G, et al. 1975. List of Fungi in Soft-Rot Tissue Tests. Institute fur Holzbiologie und Holzschutz, Bundesforschungsanstalt fur Forst - und Holzwirtshaft, Hamburg - Lohbrugge, Germany; Lawrey JD, Diederich P. 2016. http://www.lichenicolous.net (accessed 24 May 2017) ((http://www.lichenicolous.net)); The American Phytopathological Society Common Names of Plant Diseases ((http://www.apsnet.org/publications/commonnames/Pages/default.aspx))	Cladosporium_dominicanum
ASV321	Fungi	Basidiomycota	Malasseziomycetes	Malasseziales	Malasseziaceae	Malassezia	Malassezia_restricta	Malassezia_restricta	sSH1102553.09FU	0.9999807	Malassezia restricta	0ED4066F-EEFE-46DE-95EC-94452E61766B	437921	20	Pathotroph	Animal Pathogen	Probable	NULL	NULL	Opportunistic human pathogen	https://www.cdc.gov ((https://www.cdc.gov))	Malassezia_restricta
ASV322	Fungi	Basidiomycota	Agaricomycetes	Russulales	Peniophoraceae	Peniophora	NA	Peniophora	NA	0.9823775	Peniophoraceae	1CB1CD8B-36B9-11D5-9548-00D0592D548C	81123	9	Pathotroph-Saprotroph	Plant Pathogen-Wood Saprotroph	Probable	Corticioid	White Rot	Most species are saprobic, causing rots of standing and fallen wood. Many species are adapted to xeric conditions, being able to grow on rapidly drying dead attached branches (Cannon & Kirk 2007)	Cannon PF, Kirk PM. 2007. Fungal Families of the World. CAB International, Cambridge (ISBN: 978-0851998275)	Peniophora
ASV323	Fungi	Ascomycota	Saccharomycetes	Saccharomycetales	Metschnikowiaceae	Kodamaea	Kodamaea_ohmeri	Kodamaea_ohmeri	NA	1.0000000	Saccharomycetales	B73A15F4-AB90-4E11-B6D7-E0BE710B986C	816369	7	Saprotroph	Undefined Saprotroph	Possible	Yeast	NULL	NULL	Sterkenburg E, et al. 2015. New Phytologist 207:1145-1158 ((https://doi.org/10.1111/nph.13426))	Kodamaea_ohmeri
ASV324	Fungi	NA	NA	NA	NA	NA	NA	NA	NA	0.9300047	NA	NA	NA	NA	NA	NA	NA	NA	NA	NA	NA	NA
ASV325	Fungi	NA	NA	NA	NA	NA	NA	NA	NA	0.9398429	NA	NA	NA	NA	NA	NA	NA	NA	NA	NA	NA	NA
ASV326	Fungi	Ascomycota	Eurotiomycetes	Chaetothyriales	Trichomeriaceae	Knufia	NA	Knufia	NA	0.9596421	Trichomeriaceae	B366E4F5-4360-49B3-BA47-86698B5D3511	800935	9	Symbiotroph	Epiphyte	Probable	Microfungus	NULL	Foliar epiphytes with the appearance of sooty moulds, mostly occurring on the surface of living leaves and apparently gaining their nutrients from insect exudates (Chomnunti et al. 2012)	Chomnunti P, et al. 2012. Fungal Diversity 56:63-76 ((https://doi.org/10.1007/s13225-012-0197-2))	Knufia
ASV327	Fungi	Basidiomycota	Microbotryomycetes	NA	Colacogloeaceae	Colacogloea	NA	Colacogloea	sSH0915412.09FU	0.9413396	Colacogloea	F5CFE2B8-00C6-4B32-BCA8-33AC9F0179BD	25562	13	Pathotroph	|Fungal Parasite|	Probable	Dimorphic-Facultative Yeast	NULL	As mycoparasite (Põlme et al. 2020); Decay fungal material (Põlme et al. 2020)	Tedersoo L, et al. 2014. Science 346:e1256688 ((https://doi.org/10.1126/science.1256688)); Põlme S, et al. 2020. Fungal Diversity 105:1-16 ((https://doi.org/10.1007/s13225-020-00466-2))	Colacogloea
ASV328	Fungi	Ascomycota	Sordariomycetes	Hypocreales	Cylindriaceae	Cylindrium	NA	Cylindrium	NA	0.7510126	Hypocreales	1CB18E60-36B9-11D5-9548-00D0592D548C	90477	7	Saprotroph	Undefined Saprotroph	Possible	Microfungus	NULL	NULL	Sterkenburg E, et al. 2015. New Phytologist 207:1145-1158 ((https://doi.org/10.1111/nph.13426))	Cylindrium
ASV329	Fungi	Ascomycota	Sordariomycetes	Xylariales	Xylariaceae	Anthostomella	NA	Anthostomella	NA	0.9549765	Xylariaceae	1CB1ABFB-36B9-11D5-9548-00D0592D548C	81528	9	Pathotroph-Saprotroph-Symbiotroph	Dung Saprotroph-Endophyte-Plant Pathogen-Undefined Saprotroph	Probable	Xylarioid	NULL	Saprobes or weak pathogens, many endophytes, mainly in wood and bark, occasionally in soil and dung (Cannon & Kirk 2007)	Cannon PF, Kirk PM. 2007. Fungal Families of the World. CAB International, Cambridge (ISBN: 978-0851998275)	Anthostomella
ASV330	Fungi	Ascomycota	Dothideomycetes	NA	NA	NA	NA	Dothideomycetes	sSH1084323.09FU	0.9999852	NA	NA	NA	NA	NA	NA	NA	NA	NA	NA	NA	Dothideomycetes
ASV331	Fungi	Basidiomycota	Agaricomycetes	Corticiales	Vuilleminiaceae	Vuilleminia	NA	Vuilleminia	sSH1265472.09FU	0.9999977	Vuilleminia	1CB1CC74-36B9-11D5-9548-00D0592D548C	18743	13	Pathotroph-Saprotroph	Plant Pathogen-Undefined Saprotroph-|Wood Saprotroph|	Probable	Corticioid	White Rot	As white_rot (Põlme et al. 2020); As wood_pathogen (Põlme et al. 2020); Decay wood (Põlme et al. 2020)	Tedersoo L, et al. 2014. Science 346:e1256688 ((https://doi.org/10.1126/science.1256688)); Põlme S, et al. 2020. Fungal Diversity 105:1-16 ((https://doi.org/10.1007/s13225-020-00466-2))	Vuilleminia
ASV332	Fungi	Ascomycota	Dothideomycetes	Capnodiales	Dissoconiaceae	Dissoconium	NA	Dissoconium	NA	0.9999761	Dissoconium	1CB1C6C8-36B9-11D5-9548-00D0592D548C	11074	13	Pathotroph-Saprotroph	Plant Pathogen-|Plant Saprotroph|-Undefined Saprotroph	Probable	Microfungus	NULL	As litter_saprotroph (Põlme et al. 2020); Decay leaf, fruit, seed (Põlme et al. 2020)	Tedersoo L, et al. 2014. Science 346:e1256688 ((https://doi.org/10.1126/science.1256688)); Põlme S, et al. 2020. Fungal Diversity 105:1-16 ((https://doi.org/10.1007/s13225-020-00466-2))	Dissoconium
ASV333	Fungi	Basidiomycota	Malasseziomycetes	Malasseziales	Malasseziaceae	Malassezia	Malassezia_restricta	Malassezia_restricta	sSH1102553.09FU	0.9999936	Malassezia restricta	0ED4066F-EEFE-46DE-95EC-94452E61766B	437921	20	Pathotroph	Animal Pathogen	Probable	NULL	NULL	Opportunistic human pathogen	https://www.cdc.gov ((https://www.cdc.gov))	Malassezia_restricta
ASV334	Fungi	Ascomycota	Sordariomycetes	Magnaporthales	Ophioceraceae	Ophioceras	Ophioceras_junci	Ophioceras_junci	sSH1026589.09FU	0.9998918	Ophioceras	1CB196FA-36B9-11D5-9548-00D0592D548C	3595	13	Saprotroph	|Undefined Saprotroph|	Probable	Microfungus	NULL	NULL	Tedersoo L, et al. 2014. Science 346:e1256688 ((https://doi.org/10.1126/science.1256688)); Põlme S, et al. 2020. Fungal Diversity 105:1-16 ((https://doi.org/10.1007/s13225-020-00466-2))	Ophioceras_junci
ASV335	Fungi	Basidiomycota	Agaricomycetes	Russulales	Peniophoraceae	Peniophora	Peniophora_bicornis	Peniophora_bicornis	sSH1068927.09FU	0.9516115	Peniophoraceae	1CB1CD8B-36B9-11D5-9548-00D0592D548C	81123	9	Pathotroph-Saprotroph	Plant Pathogen-Wood Saprotroph	Probable	Corticioid	White Rot	Most species are saprobic, causing rots of standing and fallen wood. Many species are adapted to xeric conditions, being able to grow on rapidly drying dead attached branches (Cannon & Kirk 2007)	Cannon PF, Kirk PM. 2007. Fungal Families of the World. CAB International, Cambridge (ISBN: 978-0851998275)	Peniophora_bicornis
ASV336	Fungi	Basidiomycota	Agaricomycetes	Russulales	Peniophoraceae	Peniophora	Peniophora_laxitexta	Peniophora_laxitexta	sSH1068832.09FU	0.9215692	Peniophoraceae	1CB1CD8B-36B9-11D5-9548-00D0592D548C	81123	9	Pathotroph-Saprotroph	Plant Pathogen-Wood Saprotroph	Probable	Corticioid	White Rot	Most species are saprobic, causing rots of standing and fallen wood. Many species are adapted to xeric conditions, being able to grow on rapidly drying dead attached branches (Cannon & Kirk 2007)	Cannon PF, Kirk PM. 2007. Fungal Families of the World. CAB International, Cambridge (ISBN: 978-0851998275)	Peniophora_laxitexta
ASV337	Fungi	NA	NA	NA	NA	NA	NA	NA	NA	0.8639700	NA	NA	NA	NA	NA	NA	NA	NA	NA	NA	NA	NA
ASV338	Fungi	Basidiomycota	Agaricomycetes	Hymenochaetales	Hyphodontiaceae	Kneiffiella	NA	Kneiffiella	sSH1101015.09FU	1.0000000	Kneiffiella	521B67D7-C6CE-4635-BDE1-314C8DF4C6B6	17877	13	Saprotroph	|Wood Saprotroph|	Probable	Corticioid	White Rot	As white_rot (Põlme et al. 2020); Decay wood (Põlme et al. 2020)	Põlme S, et al. 2020. Fungal Diversity 105:1-16 ((https://doi.org/10.1007/s13225-020-00466-2))	Kneiffiella
ASV339	Fungi	Ascomycota	Sordariomycetes	NA	NA	NA	NA	Sordariomycetes	sSH0882599.09FU	0.9979468	NA	NA	NA	NA	NA	NA	NA	NA	NA	NA	NA	Sordariomycetes
ASV340	Fungi	Ascomycota	Sordariomycetes	NA	NA	NA	NA	Sordariomycetes	NA	0.7352280	NA	NA	NA	NA	NA	NA	NA	NA	NA	NA	NA	Sordariomycetes
ASV341	Fungi	Ascomycota	Dothideomycetes	Pleosporales	Phaeosphaeriaceae	Phaeosphaeria	NA	Phaeosphaeria	sSH1098771.09FU	0.7581932	Phaeosphaeriaceae	1CB1CD8E-36B9-11D5-9548-00D0592D548C	81637	9	Pathotroph-Saprotroph	Fungal Parasite-Plant Pathogen-Plant Saprotroph	Probable	Microfungus	NULL	Necrotrophic or saprobic on a wide range of plants, especially monocotyledons; a few species parasitic on other fungi (Cannon & Kirk 2007)	Cannon PF, Kirk PM. 2007. Fungal Families of the World. CAB International, Cambridge (ISBN: 978-0851998275)	Phaeosphaeria
ASV342	Fungi	Basidiomycota	Agaricomycetes	Hymenochaetales	Hymenochaetaceae	Hymenochaete	NA	Hymenochaete	NA	0.9999555	Hymenochaetaceae	CC29D6F9-5984-496D-97E7-42EB138C1FEE	536196	9	Saprotroph-Symbiotroph	Ectomycorrhizal-Wood Saprotroph	Probable	Corticioid-Polyporoid	NULL	Lignicolous, causing white rots, rarely ectomycorrhizal (Cannon & Kirk 2007)	Cannon PF, Kirk PM. 2007. Fungal Families of the World. CAB International, Cambridge (ISBN: 978-0851998275)	Hymenochaete
ASV343	Fungi	Basidiomycota	Agaricomycetes	Auriculariales	Exidiaceae	Basidiodendron	Basidiodendron_pelinum	Basidiodendron_pelinum	sSH1598665.09FU	0.7462253	Basidiodendron	1CB1C4F5-36B9-11D5-9548-00D0592D548C	17148	13	Saprotroph	Undefined Saprotroph-|Wood Saprotroph|	Probable	Corticioid	NULL	Decay wood (Põlme et al. 2020)	Tedersoo L, et al. 2014. Science 346:e1256688 ((https://doi.org/10.1126/science.1256688)); Põlme S, et al. 2020. Fungal Diversity 105:1-16 ((https://doi.org/10.1007/s13225-020-00466-2))	Basidiodendron_pelinum
ASV344	Fungi	Ascomycota	Dothideomycetes	Pleosporales	Phaeosphaeriaceae	Phaeosphaeria	Phaeosphaeria_spartinicola	Phaeosphaeria_spartinicola	sSH0970696.09FU	0.9950186	Phaeosphaeriaceae	1CB1CD8E-36B9-11D5-9548-00D0592D548C	81637	9	Pathotroph-Saprotroph	Fungal Parasite-Plant Pathogen-Plant Saprotroph	Probable	Microfungus	NULL	Necrotrophic or saprobic on a wide range of plants, especially monocotyledons; a few species parasitic on other fungi (Cannon & Kirk 2007)	Cannon PF, Kirk PM. 2007. Fungal Families of the World. CAB International, Cambridge (ISBN: 978-0851998275)	Phaeosphaeria_spartinicola
ASV345	Fungi	Basidiomycota	Agaricomycetes	Hymenochaetales	NA	Trichaptum	Trichaptum_biforme	Trichaptum_biforme	sSH1186721.09FU	0.9992340	Trichaptum	1CB1CC20-36B9-11D5-9548-00D0592D548C	18675	13	Saprotroph	|Wood Saprotroph|	Highly Probable	Polyporoid	White Rot	As white_rot (Põlme et al. 2020); Decay wood (Põlme et al. 2020)	Gilbertson RL, Ryvarden L. 1987-1987. North American Polypores. Fungiflora, Oslo (ISBN: 978-0945345060); Põlme S, et al. 2020. Fungal Diversity 105:1-16 ((https://doi.org/10.1007/s13225-020-00466-2))	Trichaptum_biforme
ASV346	Fungi	Ascomycota	NA	NA	NA	NA	NA	Ascomycota	NA	0.8489780	NA	NA	NA	NA	NA	NA	NA	NA	NA	NA	NA	Ascomycota
ASV347	Fungi	Basidiomycota	Tremellomycetes	Tremellales	Bulleribasidiaceae	Vishniacozyma	Vishniacozyma_dimennae	Vishniacozyma_dimennae	sSH0999935.09FU	0.7069469	Tremellales	1CB1CE64-36B9-11D5-9548-00D0592D548C	90451	7	Pathotroph-Saprotroph-Symbiotroph	Fungal Parasite-Undefined Saprotroph	Possible	Tremelloid-Yeast	NULL	The order contains both teleomorphic and anamorphic species, most of the latter being yeasts	Sterkenburg E, et al. 2015. New Phytologist 207:1145-1158 ((https://doi.org/10.1111/nph.13426))	Vishniacozyma_dimennae
ASV348	Fungi	Ascomycota	Dothideomycetes	Pleosporales	Pleosporaceae	Curvularia	Curvularia_lunata	Curvularia_lunata	sSH1224132.09FU	0.7455129	Pleosporaceae	1CB1CDA2-36B9-11D5-9548-00D0592D548C	81188	9	Pathotroph-Saprotroph	Endophyte-Lichen Parasite-Plant Pathogen-Undefined Saprotroph	Probable	Microfungus	NULL	Necrotrophic pathogens and saprobes, especially associated with grasses. Many species are seed-borne (Cannon & Kirk 2007)	Cannon PF, Kirk PM. 2007. Fungal Families of the World. CAB International, Cambridge (ISBN: 978-0851998275); David AS, et al. 2016. Microbial Ecology 71:912-926 ((https://doi.org/10.1007/s00248-015-0712-6)); Lawrey JD, Diederich P. 2016. http://www.lichenicolous.net (accessed 24 May 2017) ((http://www.lichenicolous.net))	Curvularia_lunata
ASV349	Fungi	Ascomycota	NA	NA	NA	NA	NA	Ascomycota	sSH0943953.09FU	0.8873326	NA	NA	NA	NA	NA	NA	NA	NA	NA	NA	NA	Ascomycota
ASV350	Fungi	Basidiomycota	Agaricomycetes	NA	NA	NA	NA	Agaricomycetes	NA	1.0000000	NA	NA	NA	NA	NA	NA	NA	NA	NA	NA	NA	Agaricomycetes
ASV351	Fungi	Basidiomycota	Agaricomycetes	Russulales	Lachnocladiaceae	Scytinostroma	NA	Scytinostroma	sSH1235897.09FU	0.9965161	Lachnocladiaceae	1CB1CD49-36B9-11D5-9548-00D0592D548C	80924	9	Saprotroph	Wood Saprotroph	Probable	Coraloid-Corticioid	NULL	On decaying coniferous or broadleaved wood, sometimes on herbaceous stems, presumably saprobic (Cannon & Kirk 2007)	Cannon PF, Kirk PM. 2007. Fungal Families of the World. CAB International, Cambridge (ISBN: 978-0851998275)	Scytinostroma
ASV352	Fungi	Ascomycota	Dothideomycetes	Pleosporales	Pleosporaceae	Curvularia	NA	Curvularia	NA	0.9999948	Pleosporaceae	1CB1CDA2-36B9-11D5-9548-00D0592D548C	81188	9	Pathotroph-Saprotroph	Endophyte-Lichen Parasite-Plant Pathogen-Undefined Saprotroph	Probable	Microfungus	NULL	Necrotrophic pathogens and saprobes, especially associated with grasses. Many species are seed-borne (Cannon & Kirk 2007)	Cannon PF, Kirk PM. 2007. Fungal Families of the World. CAB International, Cambridge (ISBN: 978-0851998275); David AS, et al. 2016. Microbial Ecology 71:912-926 ((https://doi.org/10.1007/s00248-015-0712-6)); Lawrey JD, Diederich P. 2016. http://www.lichenicolous.net (accessed 24 May 2017) ((http://www.lichenicolous.net))	Curvularia
ASV353	Fungi	Ascomycota	Dothideomycetes	NA	NA	NA	NA	Dothideomycetes	NA	0.9930873	NA	NA	NA	NA	NA	NA	NA	NA	NA	NA	NA	Dothideomycetes
ASV354	Fungi	Basidiomycota	Agaricomycetes	Russulales	Stereaceae	Stereum	Stereum_sanguinolentum	Stereum_sanguinolentum	NA	0.8211571	Stereaceae	1CB1CDDC-36B9-11D5-9548-00D0592D548C	81424	9	Saprotroph	Undefined Saprotroph-Wood Saprotroph	Probable	Corticioid-Polyporoid	NULL	Lignicolous or terrestrial (in leaf litter); typically saprobic (Cannon & Kirk 2007)	Cannon PF, Kirk PM. 2007. Fungal Families of the World. CAB International, Cambridge (ISBN: 978-0851998275)	Stereum_sanguinolentum
ASV355	Fungi	Basidiomycota	Agaricomycetes	Russulales	Peniophoraceae	Peniophora	Peniophora_cinerea	Peniophora_cinerea	sSH1068907.09FU	0.9404699	Peniophoraceae	1CB1CD8B-36B9-11D5-9548-00D0592D548C	81123	9	Pathotroph-Saprotroph	Plant Pathogen-Wood Saprotroph	Probable	Corticioid	White Rot	Most species are saprobic, causing rots of standing and fallen wood. Many species are adapted to xeric conditions, being able to grow on rapidly drying dead attached branches (Cannon & Kirk 2007)	Cannon PF, Kirk PM. 2007. Fungal Families of the World. CAB International, Cambridge (ISBN: 978-0851998275)	Peniophora_cinerea
ASV356	Fungi	NA	NA	NA	NA	NA	NA	NA	sSH1077781.09FU	0.9967701	NA	NA	NA	NA	NA	NA	NA	NA	NA	NA	NA	NA
ASV357	Fungi	Basidiomycota	Agaricomycetes	Thelephorales	Thelephoraceae	Amaurodon	NA	Amaurodon	NA	0.9999999	Thelephoraceae	1CB1CDE7-36B9-11D5-9548-00D0592D548C	81463	9	Saprotroph-Symbiotroph	Ectomycorrhizal-Undefined Saprotroph	Probable	Clavarioid	NULL	On the ground, on soil, a few on wood. At least some speices ectomycorrhizal (Cannon & Kirk 2007)	Cannon PF, Kirk PM. 2007. Fungal Families of the World. CAB International, Cambridge (ISBN: 978-0851998275)	Amaurodon
ASV358	Fungi	Ascomycota	Taphrinomycetes	Taphrinales	Taphrinaceae	Taphrina	NA	Taphrina	sSH1286376.09FU	0.9998997	Taphrinaceae	1CB1CDE3-36B9-11D5-9548-00D0592D548C	81450	9	Pathotroph	Plant Pathogen	Probable	Microfungus	NULL	Biotrophic on plants, usually causing hyperplasia (galls, witches broom) or lesions (Cannon & Kirk 2007)	Cannon PF, Kirk PM. 2007. Fungal Families of the World. CAB International, Cambridge (ISBN: 978-0851998275)	Taphrina
ASV359	Fungi	Basidiomycota	Tremellomycetes	Tremellales	Cryptococcaceae	Cryptococcus	Cryptococcus_aureus	Cryptococcus_aureus	sSH0989469.09FU	0.7999340	Tremellales	1CB1CE64-36B9-11D5-9548-00D0592D548C	90451	7	Pathotroph-Saprotroph-Symbiotroph	Fungal Parasite-Undefined Saprotroph	Possible	Tremelloid-Yeast	NULL	The order contains both teleomorphic and anamorphic species, most of the latter being yeasts	Sterkenburg E, et al. 2015. New Phytologist 207:1145-1158 ((https://doi.org/10.1111/nph.13426))	Cryptococcus_aureus
ASV360	Fungi	Ascomycota	Dothideomycetes	Capnodiales	Neodevriesiaceae	Neodevriesia	NA	Neodevriesia	NA	0.9997334	Neodevriesiaceae	F8168581-D82E-4A75-9190-C7925084B4CA	807766	9	Pathotroph-Saprotroph	Plant Pathogen-Undefined Saprotroph	Probable	NULL	NULL	Members are foliicolous, saprobic or plant pathogenic (Quaedvlieg et al. 2014)	Quaedvlieg W., et al. 2014. Persoonia 3:31-40 ((http://doi.org/10.3767/003158514X681981))	Neodevriesia
ASV361	Fungi	Basidiomycota	Agaricomycetes	Polyporales	Phanerochaetaceae	Phlebiopsis	Phlebiopsis_flavidoalba	Phlebiopsis_flavidoalba	sSH1216930.09FU	0.9934137	Phlebiopsis	1CB1C9FB-36B9-11D5-9548-00D0592D548C	25478	13	Saprotroph	Undefined Saprotroph-|Wood Saprotroph|	Probable	Corticioid	White Rot	As white_rot (Põlme et al. 2020); Decay wood (Põlme et al. 2020)	Tedersoo L, et al. 2014. Science 346:e1256688 ((https://doi.org/10.1126/science.1256688)); Põlme S, et al. 2020. Fungal Diversity 105:1-16 ((https://doi.org/10.1007/s13225-020-00466-2))	Phlebiopsis_flavidoalba
ASV362	Fungi	Basidiomycota	Agaricomycetes	NA	NA	NA	NA	Agaricomycetes	sSH0919881.09FU	1.0000000	NA	NA	NA	NA	NA	NA	NA	NA	NA	NA	NA	Agaricomycetes
ASV363	Fungi	Ascomycota	Eurotiomycetes	Eurotiales	Thermoascaceae	Byssochlamys	NA	Byssochlamys	sSH1126442.09FU	0.9598024	Eurotiales	1CB1CE25-36B9-11D5-9548-00D0592D548C	90472	7	Saprotroph	Undefined Saprotroph	Possible	Microfungus	NULL	NULL	Sterkenburg E, et al. 2015. New Phytologist 207:1145-1158 ((https://doi.org/10.1111/nph.13426))	Byssochlamys
ASV364	Fungi	Basidiomycota	Agaricomycetes	NA	NA	NA	NA	Agaricomycetes	sSH1112177.09FU	0.9771364	NA	NA	NA	NA	NA	NA	NA	NA	NA	NA	NA	Agaricomycetes
ASV365	Fungi	Basidiomycota	Agaricomycetes	Polyporales	Meripilaceae	Rigidoporus	Rigidoporus_pouzarii	Rigidoporus_pouzarii	sSH1197608.09FU	0.9999937	Meripilaceae	1CB1CD64-36B9-11D5-9548-00D0592D548C	80007	9	Pathotroph-Saprotroph	Plant Pathogen-Undefined Saprotroph	Probable	Polyporoid	NULL	Saprobic or parasitic on hardwood trees, often growing from buried roots and causing white rot (Cannon & Kirk 2007)	Cannon PF, Kirk PM. 2007. Fungal Families of the World. CAB International, Cambridge (ISBN: 978-0851998275)	Rigidoporus_pouzarii
ASV366	Fungi	Ascomycota	Eurotiomycetes	Eurotiales	Aspergillaceae	Talaromyces	Talaromyces_siglerae	Talaromyces_siglerae	sSH1286620.09FU	0.9995546	Eurotiales	1CB1CE25-36B9-11D5-9548-00D0592D548C	90472	7	Saprotroph	Undefined Saprotroph	Possible	Microfungus	NULL	NULL	Sterkenburg E, et al. 2015. New Phytologist 207:1145-1158 ((https://doi.org/10.1111/nph.13426))	Talaromyces_siglerae
ASV367	Fungi	Ascomycota	Dothideomycetes	Dothideales	Saccotheciaceae	Aureobasidium	Aureobasidium_pullulans	Aureobasidium_pullulans	sSH1240491.09FU	0.9127887	Aureobasidium pullulans	FE27878E-8260-43C1-A33B-204ACC27101A	101771	20	Pathotroph-Symbiotroph	Animal Pathogen-Endophyte-Epiphyte-Plant Pathogen	Possible	NULL	NULL	Pathogen Host - Asteraceae; Epiphyte detection method-culture (Wachowska & Glowacka 2014)	Costa IPMW, et al. 2012. Mycotaxon 119:e26 ((http://mycotaxon.com/resources/checklists/costa_v119_checklist.pdf)); Wachowska U, Głowacka K. 2014. BioControl 59:635-645 ((https://doi.org/10.1007/s10526-014-9596-5)); Irinyia L, et al. 2016. Fungal Biology 120:125-136 ((https://doi.org/10.1016/j.funbio.2015.04.007)); The American Phytopathological Society Common Names of Plant Diseases ((http://www.apsnet.org/publications/commonnames/Pages/default.aspx))	Aureobasidium_pullulans
ASV368	Fungi	Ascomycota	Sordariomycetes	NA	NA	NA	NA	Sordariomycetes	NA	1.0000000	NA	NA	NA	NA	NA	NA	NA	NA	NA	NA	NA	Sordariomycetes
ASV369	Fungi	Ascomycota	Dothideomycetes	Venturiales	Venturiaceae	NA	NA	Venturiaceae	sSH1025610.09FU	0.7985418	Venturiaceae	1CB1CDFC-36B9-11D5-9548-00D0592D548C	81516	9	Pathotroph-Saprotroph-Symbiotroph	Endophyte-Plant Pathogen-Undefined Saprotroph	Probable	Microfungus	NULL	Mostly endophytes and weak parasites of aerial plant parts, including bark and wood, leaf and fruit tissue; rarely biotrophic. Little is known except for the important pathogens (Cannon & Kirk 2007)	Cannon PF, Kirk PM. 2007. Fungal Families of the World. CAB International, Cambridge (ISBN: 978-0851998275)	Venturiaceae
ASV370	Fungi	Ascomycota	Dothideomycetes	Mycosphaerellales	Mycosphaerellaceae	Zasmidium	Zasmidium_angulare	Zasmidium_angulare	sSH2784122.09FU	0.9478288	Mycosphaerellaceae	1CB1CD75-36B9-11D5-9548-00D0592D548C	81043	9	Pathotroph-Saprotroph	Plant Pathogen-Undefined Saprotroph	Probable	Microfungus	NULL	Biotrophic, necrotrophic or saprobic on various plant tissues (Cannon & Kirk 2007)	Cannon PF, Kirk PM. 2007. Fungal Families of the World. CAB International, Cambridge (ISBN: 978-0851998275)	Zasmidium_angulare
ASV371	Fungi	Ascomycota	Dothideomycetes	Pleosporales	Didymosphaeriaceae	Spegazzinia	NA	Spegazzinia	sSH0965612.09FU	0.9159324	Didymosphaeriaceae	1CB1CD0B-36B9-11D5-9548-00D0592D548C	80702	9	Pathotroph-Saprotroph-Symbiotroph	Endophyte-Lichen Parasite-Plant Pathogen-Undefined Saprotroph	Probable	Microfungus	NULL	Saprobes in both woody and herbaceous material, also parasitic on other fungi (Cannon & Kirk 2007)	Cannon PF, Kirk PM. 2007. Fungal Families of the World. CAB International, Cambridge (ISBN: 978-0851998275); Massimo NC, et al. 2015. Microbial Ecology 70:61-76 ((https://doi.org/10.1007/s00248-014-0563-6))	Spegazzinia
ASV372	Fungi	Basidiomycota	Agaricomycetes	Agaricales	Tricholomataceae	Baeospora	Baeospora_myosura	Baeospora_myosura	sSH1044662.09FU	0.9958701	Tricholomataceae	008764C7-3F16-4577-B343-C50EF7B78211	81487	9	Pathotroph-Symbiotroph	Ectomycorrhizal-Fungal Parasite	Probable	Agaricoid	NULL	Tricholoma species are ectomycorrhizal, occurring in coniferous and broadleaved forests (Cannon & Kirk 2007); T. sclerotoideum is parasitic on Helvella spp.	Cannon PF, Kirk PM. 2007. Fungal Families of the World. CAB International, Cambridge (ISBN: 978-0851998275)	Baeospora_myosura
ASV373	Fungi	Basidiomycota	Microbotryomycetes	Sporidiobolales	Sporidiobolaceae	Sporobolomyces	Sporobolomyces_musae	Sporobolomyces_musae	sSH2149879.09FU	0.9818325	Sporidiobolaceae	20AD224D-9EFF-4C1C-8214-59BA76CCCDF3	82101	9	Pathotroph-Saprotroph	Animal Pathogen-Undefined Saprotroph	Probable	Microfungus	NULL	Saprobic, found in a wide range of habitats and especially in aquatic systems. Some of the red yeasts in this family are widely encountered spoilage organisms and opportunistic human pathogens (Cannon & Kirk 2007)	Cannon PF, Kirk PM. 2007. Fungal Families of the World. CAB International, Cambridge (ISBN: 978-0851998275)	Sporobolomyces_musae
ASV374	Fungi	Basidiomycota	Agaricomycetes	Boletales	Astraeaceae	Astraeus	Astraeus_morganii	Astraeus_morganii	sSH1306119.09FU	0.7369020	Astraeus	1CB1C4D0-36B9-11D5-9548-00D0592D548C	19026	13	Symbiotroph	|Ectomycorrhizal|	Highly Probable	Gasteroid	NULL	Common name - earthstar	Rinaldi AC, et al. 2008. Fungal Diversity 33:1-45 ((http://www.fungaldiversity.org/fdp/sfdp/33-1.pdf)); Tedersoo L, et al. 2010. Mycorrhiza 20:217-263 ((https://doi.org/10.1007/s00572-009-0274-x)); Põlme S, et al. 2020. Fungal Diversity 105:1-16 ((https://doi.org/10.1007/s13225-020-00466-2)); http://mycorrhizas.info/ecmf.html ((http://mycorrhizas.info/ecmf.html))	Astraeus_morganii
ASV375	Fungi	Ascomycota	Dothideomycetes	Mycosphaerellales	Mycosphaerellaceae	Ramularia	NA	Ramularia	NA	0.9552905	Mycosphaerellaceae	1CB1CD75-36B9-11D5-9548-00D0592D548C	81043	9	Pathotroph-Saprotroph	Plant Pathogen-Undefined Saprotroph	Probable	Microfungus	NULL	Biotrophic, necrotrophic or saprobic on various plant tissues (Cannon & Kirk 2007)	Cannon PF, Kirk PM. 2007. Fungal Families of the World. CAB International, Cambridge (ISBN: 978-0851998275)	Ramularia
ASV376	Fungi	Ascomycota	Dothideomycetes	Pleosporales	NA	NA	NA	Pleosporales	sSH0950837.09FU	0.9998174	NA	NA	NA	NA	NA	NA	NA	NA	NA	NA	NA	Pleosporales
ASV377	Fungi	Ascomycota	Leotiomycetes	Helotiales	Helotiaceae	Articulospora	NA	Articulospora	sSH0961012.09FU	0.7996382	Helotiaceae	1CB18C9C-36B9-11D5-9548-00D0592D548C	80845	9	Saprotroph-Symbiotroph	Ectomycorrhizal-Fungal Parasite-Plant Pathogen-Wood Saprotroph	Probable	Microfungus	NULL	Usually saprobic on herbaceous or woody tissues, some species fungicolous. A few species are known to form mycorrhizae (Cannon & Kirk 2007)	Cannon PF, Kirk PM. 2007. Fungal Families of the World. CAB International, Cambridge (ISBN: 978-0851998275)	Articulospora
ASV378	Fungi	Basidiomycota	Agaricomycetes	Hymenochaetales	Hymenochaetaceae	NA	NA	Hymenochaetaceae	NA	0.9999999	Hymenochaetaceae	CC29D6F9-5984-496D-97E7-42EB138C1FEE	536196	9	Saprotroph-Symbiotroph	Ectomycorrhizal-Wood Saprotroph	Probable	Corticioid-Polyporoid	NULL	Lignicolous, causing white rots, rarely ectomycorrhizal (Cannon & Kirk 2007)	Cannon PF, Kirk PM. 2007. Fungal Families of the World. CAB International, Cambridge (ISBN: 978-0851998275)	Hymenochaetaceae
ASV379	Fungi	Ascomycota	Dothideomycetes	Mycosphaerellales	Mycosphaerellaceae	Cercospora	NA	Cercospora	NA	0.9987613	Mycosphaerellaceae	1CB1CD75-36B9-11D5-9548-00D0592D548C	81043	9	Pathotroph-Saprotroph	Plant Pathogen-Undefined Saprotroph	Probable	Microfungus	NULL	Biotrophic, necrotrophic or saprobic on various plant tissues (Cannon & Kirk 2007)	Cannon PF, Kirk PM. 2007. Fungal Families of the World. CAB International, Cambridge (ISBN: 978-0851998275)	Cercospora
ASV380	Fungi	Basidiomycota	Tremellomycetes	Tremellales	Bulleribasidiaceae	Derxomyces	Derxomyces_mrakii	Derxomyces_mrakii	sSH1299436.09FU	0.9984691	Tremellales	1CB1CE64-36B9-11D5-9548-00D0592D548C	90451	7	Pathotroph-Saprotroph-Symbiotroph	Fungal Parasite-Undefined Saprotroph	Possible	Tremelloid-Yeast	NULL	The order contains both teleomorphic and anamorphic species, most of the latter being yeasts	Sterkenburg E, et al. 2015. New Phytologist 207:1145-1158 ((https://doi.org/10.1111/nph.13426))	Derxomyces_mrakii
ASV381	Fungi	Ascomycota	Eurotiomycetes	Eurotiales	Aspergillaceae	Penicillium	NA	Penicillium	NA	0.8594251	Eurotiales	1CB1CE25-36B9-11D5-9548-00D0592D548C	90472	7	Saprotroph	Undefined Saprotroph	Possible	Microfungus	NULL	NULL	Sterkenburg E, et al. 2015. New Phytologist 207:1145-1158 ((https://doi.org/10.1111/nph.13426))	Penicillium
ASV382	Fungi	Basidiomycota	Agaricomycetes	NA	NA	NA	NA	Agaricomycetes	NA	0.8120571	NA	NA	NA	NA	NA	NA	NA	NA	NA	NA	NA	Agaricomycetes
ASV383	Fungi	Ascomycota	NA	NA	NA	NA	NA	Ascomycota	sSH1319856.09FU	1.0000000	NA	NA	NA	NA	NA	NA	NA	NA	NA	NA	NA	Ascomycota
ASV384	Fungi	Ascomycota	Eurotiomycetes	Eurotiales	Aspergillaceae	Penicillium	NA	Penicillium	NA	0.9694451	Eurotiales	1CB1CE25-36B9-11D5-9548-00D0592D548C	90472	7	Saprotroph	Undefined Saprotroph	Possible	Microfungus	NULL	NULL	Sterkenburg E, et al. 2015. New Phytologist 207:1145-1158 ((https://doi.org/10.1111/nph.13426))	Penicillium
ASV385	Fungi	Chytridiomycota	Spizellomycetes	Spizellomycetales	NA	NA	NA	Spizellomycetales	sSH1331939.09FU	0.9999992	NA	NA	NA	NA	NA	NA	NA	NA	NA	NA	NA	Spizellomycetales
ASV386	Fungi	Basidiomycota	Agaricomycetes	Hymenochaetales	Hymenochaetaceae	Inonotus	NA	Inonotus	sSH1027097.09FU	0.7878246	Hymenochaetaceae	CC29D6F9-5984-496D-97E7-42EB138C1FEE	536196	9	Saprotroph-Symbiotroph	Ectomycorrhizal-Wood Saprotroph	Probable	Corticioid-Polyporoid	NULL	Lignicolous, causing white rots, rarely ectomycorrhizal (Cannon & Kirk 2007)	Cannon PF, Kirk PM. 2007. Fungal Families of the World. CAB International, Cambridge (ISBN: 978-0851998275)	Inonotus
ASV387	Fungi	Ascomycota	Eurotiomycetes	Chaetothyriales	Trichomeriaceae	NA	NA	Trichomeriaceae	NA	0.9657385	Trichomeriaceae	B366E4F5-4360-49B3-BA47-86698B5D3511	800935	9	Symbiotroph	Epiphyte	Probable	Microfungus	NULL	Foliar epiphytes with the appearance of sooty moulds, mostly occurring on the surface of living leaves and apparently gaining their nutrients from insect exudates (Chomnunti et al. 2012)	Chomnunti P, et al. 2012. Fungal Diversity 56:63-76 ((https://doi.org/10.1007/s13225-012-0197-2))	Trichomeriaceae
ASV388	Fungi	Ascomycota	Sordariomycetes	Magnaporthales	Magnaporthaceae	Gaeumannomyces	NA	Gaeumannomyces	NA	0.9998848	Magnaporthaceae	1CB1CD5B-36B9-11D5-9548-00D0592D548C	81963	9	Pathotroph	Plant Pathogen	Probable	Microfungus	NULL	Species in this family cause rice blast and take-all; Usually necrotrophic on roots (Cannon & Kirk 2007)	Cannon PF, Kirk PM. 2007. Fungal Families of the World. CAB International, Cambridge (ISBN: 978-0851998275)	Gaeumannomyces
ASV389	Fungi	Ascomycota	NA	NA	NA	NA	NA	Ascomycota	NA	0.7488549	NA	NA	NA	NA	NA	NA	NA	NA	NA	NA	NA	Ascomycota
ASV390	Fungi	Basidiomycota	Agaricomycetes	Polyporales	Phanerochaetaceae	Phanerochaete	Phanerochaete_chrysosporium	Phanerochaete_chrysosporium	sSH1217083.09FU	0.9829961	Phanerochaete chrysosporium	359F4808-7D98-4AE1-BFBE-7434A6B800A0	319705	20	Saprotroph	Wood Saprotroph	Probable	NULL	NULL	NULL	James TY, et al. 2006. Nature 443:818-822 ((https://doi.org/10.1038/nature05110))	Phanerochaete_chrysosporium
ASV391	Fungi	Basidiomycota	Tremellomycetes	Trichosporonales	Trichosporonaceae	Apiotrichum	NA	Apiotrichum	NA	0.9996371	Apiotrichum	607848E4-32E8-413E-83E4-8B1308F82832	7190	13	Saprotroph	|Undefined Saprotroph|	Possible	Microfungus-Yeast	NULL	As soil_saprotroph (Põlme et al. 2020); Decay soil (Põlme et al. 2020); From forest soil (Calduch et al. 2002)	Calduch M, et al. 2002. Mycologia 94:355-361 ((https://doi.org/10.1080/15572536.2003.11833241)); Põlme S, et al. 2020. Fungal Diversity 105:1-16 ((https://doi.org/10.1007/s13225-020-00466-2))	Apiotrichum
ASV392	Fungi	Basidiomycota	Agaricomycetes	NA	Xenasmataceae	Xenasmatella	NA	Xenasmatella	sSH1201617.09FU	0.9748890	Xenasmatella	1CB1CC85-36B9-11D5-9548-00D0592D548C	18756	13	Saprotroph	Undefined Saprotroph-|Wood Saprotroph|	Probable	Corticioid	White Rot	As white_rot (Põlme et al. 2020); Decay wood (Põlme et al. 2020)	Tedersoo L, et al. 2014. Science 346:e1256688 ((https://doi.org/10.1126/science.1256688)); Põlme S, et al. 2020. Fungal Diversity 105:1-16 ((https://doi.org/10.1007/s13225-020-00466-2))	Xenasmatella
ASV393	Fungi	Ascomycota	Arthoniomycetes	Lichenostigmatales	Phaeococcomycetaceae	Phaeococcomyces	NA	Phaeococcomyces	sSH0943962.09FU	0.9827242	Phaeococcomyces	A89C65DB-0771-41D1-B65F-F7529095EE5F	9294	13	Saprotroph	|Undefined Saprotroph|	Probable	Dimorphic-Facultative Yeast	NULL	NULL	Tedersoo L, et al. 2014. Science 346:e1256688 ((https://doi.org/10.1126/science.1256688)); Põlme S, et al. 2020. Fungal Diversity 105:1-16 ((https://doi.org/10.1007/s13225-020-00466-2))	Phaeococcomyces
ASV394	Fungi	Ascomycota	Sordariomycetes	Diaporthales	Diaporthaceae	Diaporthe	NA	Diaporthe	NA	0.9379568	Diaporthaceae	1CB186D0-36B9-11D5-9548-00D0592D548C	80691	9	Pathotroph-Saprotroph-Symbiotroph	Endophyte-Plant Pathogen-Plant Saprotroph	Probable	Microfungus	NULL	Most species are weak pathogens or endophytes in leaf or stem tissue, growing saprobically after the plant dies (Cannon & Kirk 2007)	Cannon PF, Kirk PM. 2007. Fungal Families of the World. CAB International, Cambridge (ISBN: 978-0851998275)	Diaporthe
ASV395	Fungi	NA	NA	NA	NA	NA	NA	NA	sSH1020015.09FU	0.7639238	NA	NA	NA	NA	NA	NA	NA	NA	NA	NA	NA	NA
ASV396	Fungi	Basidiomycota	Tremellomycetes	Tremellales	Bulleribasidiaceae	Vishniacozyma	Vishniacozyma_penaeus	Vishniacozyma_penaeus	sSH1004301.09FU	0.9999972	Tremellales	1CB1CE64-36B9-11D5-9548-00D0592D548C	90451	7	Pathotroph-Saprotroph-Symbiotroph	Fungal Parasite-Undefined Saprotroph	Possible	Tremelloid-Yeast	NULL	The order contains both teleomorphic and anamorphic species, most of the latter being yeasts	Sterkenburg E, et al. 2015. New Phytologist 207:1145-1158 ((https://doi.org/10.1111/nph.13426))	Vishniacozyma_penaeus
ASV397	Fungi	Basidiomycota	Agaricomycetes	Hymenochaetales	Rickenellaceae	Resinicium	Resinicium_friabile	Resinicium_friabile	sSH1252024.09FU	0.9318575	Resinicium	1CB1CAE9-36B9-11D5-9548-00D0592D548C	18453	13	Saprotroph	Undefined Saprotroph-|Wood Saprotroph|	Probable	Corticioid	White Rot	As white_rot (Põlme et al. 2020); Decay wood (Põlme et al. 2020)	Tedersoo L, et al. 2014. Science 346:e1256688 ((https://doi.org/10.1126/science.1256688)); Põlme S, et al. 2020. Fungal Diversity 105:1-16 ((https://doi.org/10.1007/s13225-020-00466-2))	Resinicium_friabile
ASV398	Fungi	Basidiomycota	Agaricomycetes	Hymenochaetales	Rickenellaceae	Resinicium	Resinicium_friabile	Resinicium_friabile	sSH1252024.09FU	0.9402615	Resinicium	1CB1CAE9-36B9-11D5-9548-00D0592D548C	18453	13	Saprotroph	Undefined Saprotroph-|Wood Saprotroph|	Probable	Corticioid	White Rot	As white_rot (Põlme et al. 2020); Decay wood (Põlme et al. 2020)	Tedersoo L, et al. 2014. Science 346:e1256688 ((https://doi.org/10.1126/science.1256688)); Põlme S, et al. 2020. Fungal Diversity 105:1-16 ((https://doi.org/10.1007/s13225-020-00466-2))	Resinicium_friabile
ASV399	Fungi	Ascomycota	Eurotiomycetes	Eurotiales	Aspergillaceae	Talaromyces	Talaromyces_siglerae	Talaromyces_siglerae	sSH1286620.09FU	0.9995763	Eurotiales	1CB1CE25-36B9-11D5-9548-00D0592D548C	90472	7	Saprotroph	Undefined Saprotroph	Possible	Microfungus	NULL	NULL	Sterkenburg E, et al. 2015. New Phytologist 207:1145-1158 ((https://doi.org/10.1111/nph.13426))	Talaromyces_siglerae
ASV400	Fungi	Ascomycota	Dothideomycetes	Pleosporales	Pleosporaceae	Bipolaris	Bipolaris_cynodontis	Bipolaris_cynodontis	sSH2165071.09FU	0.9802419	Pleosporaceae	1CB1CDA2-36B9-11D5-9548-00D0592D548C	81188	9	Pathotroph-Saprotroph	Endophyte-Lichen Parasite-Plant Pathogen-Undefined Saprotroph	Probable	Microfungus	NULL	Necrotrophic pathogens and saprobes, especially associated with grasses. Many species are seed-borne (Cannon & Kirk 2007)	Cannon PF, Kirk PM. 2007. Fungal Families of the World. CAB International, Cambridge (ISBN: 978-0851998275); David AS, et al. 2016. Microbial Ecology 71:912-926 ((https://doi.org/10.1007/s00248-015-0712-6)); Lawrey JD, Diederich P. 2016. http://www.lichenicolous.net (accessed 24 May 2017) ((http://www.lichenicolous.net))	Bipolaris_cynodontis
ASV401	Fungi	Ascomycota	Sordariomycetes	Xylariales	Diatrypaceae	Eutypella	NA	Eutypella	sSH0882582.09FU	0.7848407	Diatrypaceae	1CB1CD09-36B9-11D5-9548-00D0592D548C	80692	9	Pathotroph-Saprotroph	Plant Pathogen-Plant Saprotroph	Probable	Microfungus	NULL	Saprobes and (usually) weak parasites in wood and bark (Cannon & Kirk 2007)	Cannon PF, Kirk PM. 2007. Fungal Families of the World. CAB International, Cambridge (ISBN: 978-0851998275)	Eutypella
ASV402	Fungi	Ascomycota	Dothideomycetes	Pleosporales	Pleosporaceae	Alternaria	NA	Alternaria	NA	0.9999974	Pleosporaceae	1CB1CDA2-36B9-11D5-9548-00D0592D548C	81188	9	Pathotroph-Saprotroph	Endophyte-Lichen Parasite-Plant Pathogen-Undefined Saprotroph	Probable	Microfungus	NULL	Necrotrophic pathogens and saprobes, especially associated with grasses. Many species are seed-borne (Cannon & Kirk 2007)	Cannon PF, Kirk PM. 2007. Fungal Families of the World. CAB International, Cambridge (ISBN: 978-0851998275); David AS, et al. 2016. Microbial Ecology 71:912-926 ((https://doi.org/10.1007/s00248-015-0712-6)); Lawrey JD, Diederich P. 2016. http://www.lichenicolous.net (accessed 24 May 2017) ((http://www.lichenicolous.net))	Alternaria
ASV403	Fungi	Basidiomycota	Exobasidiomycetes	NA	NA	NA	NA	Exobasidiomycetes	sSH1252391.09FU	1.0000000	NA	NA	NA	NA	NA	NA	NA	NA	NA	NA	NA	Exobasidiomycetes
ASV404	Fungi	Basidiomycota	Agaricomycetes	NA	NA	NA	NA	Agaricomycetes	sSH1208252.09FU	0.9996300	NA	NA	NA	NA	NA	NA	NA	NA	NA	NA	NA	Agaricomycetes
ASV405	Fungi	Ascomycota	Dothideomycetes	Mycosphaerellales	Mycosphaerellaceae	Phaeophleospora	Phaeophleospora_hymenocallidicola	Phaeophleospora_hymenocallidicola	sSH0963610.09FU	0.7706501	Mycosphaerellaceae	1CB1CD75-36B9-11D5-9548-00D0592D548C	81043	9	Pathotroph-Saprotroph	Plant Pathogen-Undefined Saprotroph	Probable	Microfungus	NULL	Biotrophic, necrotrophic or saprobic on various plant tissues (Cannon & Kirk 2007)	Cannon PF, Kirk PM. 2007. Fungal Families of the World. CAB International, Cambridge (ISBN: 978-0851998275)	Phaeophleospora_hymenocallidicola
ASV406	Fungi	Ascomycota	Dothideomycetes	Pleosporales	Pleomassariaceae	Tumularia	NA	Tumularia	NA	0.9201699	Pleomassariaceae	1CB1CDA1-36B9-11D5-9548-00D0592D548C	81634	9	Pathotroph-Saprotroph	Plant Pathogen-Plant Saprotroph	Probable	Microfungus	NULL	Saprobic or necrotrophic on wood, bark and herbaceous material (Cannon & Kirk 2007)	Cannon PF, Kirk PM. 2007. Fungal Families of the World. CAB International, Cambridge (ISBN: 978-0851998275)	Tumularia
ASV407	Fungi	Ascomycota	Dothideomycetes	Mycosphaerellales	Mycosphaerellaceae	Acrodontium	Acrodontium_crateriforme	Acrodontium_crateriforme	sSH1084030.09FU	0.9979766	Mycosphaerellaceae	1CB1CD75-36B9-11D5-9548-00D0592D548C	81043	9	Pathotroph-Saprotroph	Plant Pathogen-Undefined Saprotroph	Probable	Microfungus	NULL	Biotrophic, necrotrophic or saprobic on various plant tissues (Cannon & Kirk 2007)	Cannon PF, Kirk PM. 2007. Fungal Families of the World. CAB International, Cambridge (ISBN: 978-0851998275)	Acrodontium_crateriforme
ASV408	Fungi	Ascomycota	Dothideomycetes	Pleosporales	Phaeosphaeriaceae	Setomelanomma	Setomelanomma_holmii	Setomelanomma_holmii	sSH0961166.09FU	0.9417589	Phaeosphaeriaceae	1CB1CD8E-36B9-11D5-9548-00D0592D548C	81637	9	Pathotroph-Saprotroph	Fungal Parasite-Plant Pathogen-Plant Saprotroph	Probable	Microfungus	NULL	Necrotrophic or saprobic on a wide range of plants, especially monocotyledons; a few species parasitic on other fungi (Cannon & Kirk 2007)	Cannon PF, Kirk PM. 2007. Fungal Families of the World. CAB International, Cambridge (ISBN: 978-0851998275)	Setomelanomma_holmii
ASV409	Fungi	Ascomycota	Pezizomycetes	Pezizales	Pyronemataceae	Harmoniella	NA	Harmoniella	sSH0979317.09FU	0.9966775	Pyronemataceae	1CB1CDB4-36B9-11D5-9548-00D0592D548C	81322	9	Saprotroph-Symbiotroph	Dung Saprotroph-Ectomycorrhizal-Soil Saprotroph-Wood Saprotroph	Possible	Gasteroid-Pezizoid	NULL	Saprobic on soil, dung or rotten wood or mycorrhizal, some species hypogeous, others associated with fire sites (Cannon & Kirk 2007)	Cannon PF, Kirk PM. 2007. Fungal Families of the World. CAB International, Cambridge (ISBN: 978-0851998275)	Harmoniella
ASV410	Fungi	Basidiomycota	Agaricomycetes	NA	Xenasmataceae	Xenasmatella	NA	Xenasmatella	sSH1201641.09FU	0.9453139	Xenasmatella	1CB1CC85-36B9-11D5-9548-00D0592D548C	18756	13	Saprotroph	Undefined Saprotroph-|Wood Saprotroph|	Probable	Corticioid	White Rot	As white_rot (Põlme et al. 2020); Decay wood (Põlme et al. 2020)	Tedersoo L, et al. 2014. Science 346:e1256688 ((https://doi.org/10.1126/science.1256688)); Põlme S, et al. 2020. Fungal Diversity 105:1-16 ((https://doi.org/10.1007/s13225-020-00466-2))	Xenasmatella
ASV411	Fungi	Ascomycota	Sordariomycetes	Diaporthales	Gnomoniaceae	NA	NA	Gnomoniaceae	NA	0.9999881	Gnomoniaceae	F36F48E8-C228-4922-8DB6-AE905CA55412	80810	9	Pathotroph-Saprotroph-Symbiotroph	Endophyte-Plant Pathogen-Undefined Saprotroph	Probable	Microfungus	NULL	Most species are saprobes or endophytes in leaves and bark, but a few are neurotrophic pathogens (Cannon & Kirk 2007)	Cannon PF, Kirk PM. 2007. Fungal Families of the World. CAB International, Cambridge (ISBN: 978-0851998275)	Gnomoniaceae
ASV412	Fungi	Basidiomycota	Pucciniomycetes	Pucciniales	Pucciniaceae	Uromyces	Uromyces_striatus	Uromyces_striatus	sSH1147930.09FU	0.9999913	Pucciniaceae	1CB1CDB1-36B9-11D5-9548-00D0592D548C	81311	9	Pathotroph	Plant Pathogen	Probable	Rust	NULL	Biotrophic, heteroecious or autoecious, associated with leaf and stem tissue of a very wide range of plants (Cannon & Kirk 2007)	Cannon PF, Kirk PM. 2007. Fungal Families of the World. CAB International, Cambridge (ISBN: 978-0851998275)	Uromyces_striatus
ASV413	Fungi	Ascomycota	Leotiomycetes	Erysiphales	Erysiphaceae	Podosphaera	NA	Podosphaera	sSH2624355.09FU	0.7082591	Erysiphaceae	1CB1CD1B-36B9-11D5-9548-00D0592D548C	80754	9	Pathotroph	Plant Pathogen	Probable	Microfungus	NULL	Biotrophic, with affected plant tissues damaged but usually not killing outright (Cannon & Kirk 2007); Common name - powdery mildew	Cannon PF, Kirk PM. 2007. Fungal Families of the World. CAB International, Cambridge (ISBN: 978-0851998275)	Podosphaera
ASV414	Fungi	Basidiomycota	Agaricomycetes	Polyporales	Steccherinaceae	Steccherinum	NA	Steccherinum	sSH1266361.09FU	0.9985076	Steccherinaceae	1CB1CDD9-36B9-11D5-9548-00D0592D548C	81420	9	Saprotroph	Wood Saprotroph	Probable	Corticioid-Polyporoid	White Rot	Growing on dead wood causing white rot, sometimes replacing early colonizers (Cannon & Kirk 2007)	Cannon PF, Kirk PM. 2007. Fungal Families of the World. CAB International, Cambridge (ISBN: 978-0851998275)	Steccherinum
ASV415	Fungi	Basidiomycota	Agaricomycetes	Polyporales	Meruliaceae	Phlebia	Phlebia_formosana	Phlebia_formosana	sSH1255403.09FU	0.9999999	Meruliaceae	9E12B0B5-1D82-4978-AF3D-6EC22C257619	89005	9	Pathotroph-Saprotroph	Plant Pathogen-Undefined Saprotroph	Probable	Corticioid-Polyporoid	NULL	Saprobic or parasitic on woody plants, causing a white rot (Cannon & Kirk 2007)	Cannon PF, Kirk PM. 2007. Fungal Families of the World. CAB International, Cambridge (ISBN: 978-0851998275)	Phlebia_formosana
ASV416	Fungi	Basidiomycota	Agaricomycetes	Cantharellales	NA	NA	NA	Cantharellales	NA	1.0000000	NA	NA	NA	NA	NA	NA	NA	NA	NA	NA	NA	Cantharellales
ASV417	Fungi	Ascomycota	Dothideomycetes	Capnodiales	Cladosporiaceae	Verrucocladosporium	NA	Verrucocladosporium	NA	0.9989806	Cladosporiaceae	6EDCD6E4-DE4D-443D-AF6B-A572F626BD45	816548	9	Pathotroph-Saprotroph-Symbiotroph	Animal Pathogen-Endophyte-Lichen Parasite-Plant Pathogen-Wood Saprotroph	Possible	Microfungus	NULL	NULL	Seehann G, et al. 1975. List of Fungi in Soft-Rot Tissue Tests. Institute fur Holzbiologie und Holzschutz, Bundesforschungsanstalt fur Forst - und Holzwirtshaft, Hamburg - Lohbrugge, Germany; Lawrey JD, Diederich P. 2016. http://www.lichenicolous.net (accessed 24 May 2017) ((http://www.lichenicolous.net)); The American Phytopathological Society Common Names of Plant Diseases ((http://www.apsnet.org/publications/commonnames/Pages/default.aspx))	Verrucocladosporium
ASV418	Fungi	Ascomycota	Dothideomycetes	Pleosporales	Periconiaceae	Periconia	NA	Periconia	NA	0.9999422	Periconia	1CB197FE-36B9-11D5-9548-00D0592D548C	9263	13	Pathotroph-Saprotroph-Symbiotroph	Endophyte-|Plant Pathogen|-Wood Saprotroph	Possible	Microfungus	Soft Rot	 Asteraceae, Musaceae (Costa et al. 2012); As foliar_endophyte (Põlme et al. 2020); Dark Septate Endophyte, known from plant roots (Mandyam et al. 2010); Endophyte Host ; Decay leaf, fruit, seed (Põlme et al. 2020)	Duncan CG, Eslyn WE. 1966. Mycologia 58:642-645 ((https://doi.org/10.2307/3757045)); Costa IPMW, et al. 2012. Mycotaxon 119:e26 ((http://mycotaxon.com/resources/checklists/costa_v119_checklist.pdf)); Põlme S, et al. 2020. Fungal Diversity 105:1-16 ((https://doi.org/10.1007/s13225-020-00466-2)); Mandyam K, et al. 2012. Mycorrhiza 22:109-119 ((https://doi.org/10.1007/s00572-011-0386-y)); Knapp DG, et al. 2012. PLOS ONE 7:e32570 (( https://doi.org/10.1371/journal.pone.0032570)); The American Phytopathological Society Common Names of Plant Diseases ((http://www.apsnet.org/publications/commonnames/Pages/default.aspx))	Periconia
ASV419	Fungi	Basidiomycota	Agaricomycetes	Cantharellales	Botryobasidiaceae	Botryobasidium	NA	Botryobasidium	NA	0.9852984	Botryobasidiaceae	1CB1CCD1-36B9-11D5-9548-00D0592D548C	81744	9	Saprotroph	Undefined Saprotroph-Wood Saprotroph	Probable	Corticioid	NULL	Saprobic, typically on rotten wood (Cannon & Kirk 2007)	Cannon PF, Kirk PM. 2007. Fungal Families of the World. CAB International, Cambridge (ISBN: 978-0851998275)	Botryobasidium
ASV420	Fungi	Ascomycota	Sordariomycetes	Trichosphaeriales	Trichosphaeriaceae	Nigrospora	NA	Nigrospora	sSH1069294.09FU	0.9945184	Nigrospora	1CB19645-36B9-11D5-9548-00D0592D548C	9124	13	Saprotroph	|Plant Saprotroph|-Undefined Saprotroph	Probable	Microfungus	NULL	As litter_saprotroph (Põlme et al. 2020); Decay leaf, fruit, seed (Põlme et al. 2020)	Tedersoo L, et al. 2014. Science 346:e1256688 ((https://doi.org/10.1126/science.1256688)); Põlme S, et al. 2020. Fungal Diversity 105:1-16 ((https://doi.org/10.1007/s13225-020-00466-2))	Nigrospora
ASV421	Fungi	Ascomycota	Eurotiomycetes	Eurotiales	Aspergillaceae	Penicillium	NA	Penicillium	NA	0.9383689	Eurotiales	1CB1CE25-36B9-11D5-9548-00D0592D548C	90472	7	Saprotroph	Undefined Saprotroph	Possible	Microfungus	NULL	NULL	Sterkenburg E, et al. 2015. New Phytologist 207:1145-1158 ((https://doi.org/10.1111/nph.13426))	Penicillium
ASV422	Fungi	NA	NA	NA	NA	NA	NA	NA	NA	0.9255387	NA	NA	NA	NA	NA	NA	NA	NA	NA	NA	NA	NA
ASV423	Fungi	Basidiomycota	Agaricomycetes	Russulales	Wrightoporiaceae	Wrightoporia	Wrightoporia_austrosinensis	Wrightoporia_austrosinensis	sSH1323069.09FU	1.0000000	Wrightoporia	1CB1CC82-36B9-11D5-9548-00D0592D548C	18750	13	Saprotroph	|Wood Saprotroph|	Highly Probable	Corticioid	White Rot	As white_rot (Põlme et al. 2020); Decay wood (Põlme et al. 2020)	Gilbertson RL, Ryvarden L. 1987-1987. North American Polypores. Fungiflora, Oslo (ISBN: 978-0945345060); Põlme S, et al. 2020. Fungal Diversity 105:1-16 ((https://doi.org/10.1007/s13225-020-00466-2))	Wrightoporia_austrosinensis
ASV424	Fungi	Ascomycota	Eurotiomycetes	Eurotiales	Aspergillaceae	Penicillium	NA	Penicillium	NA	0.8552808	Eurotiales	1CB1CE25-36B9-11D5-9548-00D0592D548C	90472	7	Saprotroph	Undefined Saprotroph	Possible	Microfungus	NULL	NULL	Sterkenburg E, et al. 2015. New Phytologist 207:1145-1158 ((https://doi.org/10.1111/nph.13426))	Penicillium
ASV425	Fungi	NA	NA	NA	NA	NA	NA	NA	NA	1.0000000	NA	NA	NA	NA	NA	NA	NA	NA	NA	NA	NA	NA
ASV426	Fungi	Basidiomycota	Agaricomycetes	Polyporales	Meruliaceae	Aurantiporus	Aurantiporus_fissilis	Aurantiporus_fissilis	sSH1020165.09FU	0.9931861	Meruliaceae	9E12B0B5-1D82-4978-AF3D-6EC22C257619	89005	9	Pathotroph-Saprotroph	Plant Pathogen-Undefined Saprotroph	Probable	Corticioid-Polyporoid	NULL	Saprobic or parasitic on woody plants, causing a white rot (Cannon & Kirk 2007)	Cannon PF, Kirk PM. 2007. Fungal Families of the World. CAB International, Cambridge (ISBN: 978-0851998275)	Aurantiporus_fissilis
ASV427	Fungi	Basidiomycota	Agaricomycetes	Polyporales	Polyporaceae	Coriolopsis	Coriolopsis_byrsina	Coriolopsis_byrsina	sSH1097686.09FU	1.0000000	Polyporaceae	1CB19B17-36B9-11D5-9548-00D0592D548C	81203	9	Saprotroph	Wood Saprotroph	Probable	Polyporoid	Brown Rot-White Rot	Lignicolous, causing brown or white rot, mostly of broadleaved trees (Cannon & Kirk 2007)	Cannon PF, Kirk PM. 2007. Fungal Families of the World. CAB International, Cambridge (ISBN: 978-0851998275)	Coriolopsis_byrsina
ASV428	Fungi	Ascomycota	Dothideomycetes	Capnodiales	Neodevriesiaceae	NA	NA	Neodevriesiaceae	NA	0.7389748	Neodevriesiaceae	F8168581-D82E-4A75-9190-C7925084B4CA	807766	9	Pathotroph-Saprotroph	Plant Pathogen-Undefined Saprotroph	Probable	NULL	NULL	Members are foliicolous, saprobic or plant pathogenic (Quaedvlieg et al. 2014)	Quaedvlieg W., et al. 2014. Persoonia 3:31-40 ((http://doi.org/10.3767/003158514X681981))	Neodevriesiaceae
ASV429	Fungi	Basidiomycota	Agaricomycetes	Agaricales	Tricholomataceae	Resupinatus	Resupinatus_americanus	Resupinatus_americanus	sSH1217733.09FU	1.0000000	Tricholomataceae	008764C7-3F16-4577-B343-C50EF7B78211	81487	9	Pathotroph-Symbiotroph	Ectomycorrhizal-Fungal Parasite	Probable	Agaricoid	NULL	Tricholoma species are ectomycorrhizal, occurring in coniferous and broadleaved forests (Cannon & Kirk 2007); T. sclerotoideum is parasitic on Helvella spp.	Cannon PF, Kirk PM. 2007. Fungal Families of the World. CAB International, Cambridge (ISBN: 978-0851998275)	Resupinatus_americanus
ASV430	Fungi	Basidiomycota	Agaricomycetes	Russulales	Auriscalpiaceae	Lentinellus	Lentinellus_castoreus	Lentinellus_castoreus	NA	0.9999982	Auriscalpiaceae	1CB1CCC4-36B9-11D5-9548-00D0592D548C	80506	9	Pathotroph-Saprotroph	Plant Pathogen-Wood Saprotroph	Probable	Hydnoid	White Rot	Saprobic or parasitic, on wood of gymnosperms and angiosperms, producing white rots (Cannon & Kirk 2007)	Cannon PF, Kirk PM. 2007. Fungal Families of the World. CAB International, Cambridge (ISBN: 978-0851998275)	Lentinellus_castoreus
ASV431	Fungi	Ascomycota	Dothideomycetes	Capnodiales	NA	NA	NA	Capnodiales	sSH1084199.09FU	0.9997712	NA	NA	NA	NA	NA	NA	NA	NA	NA	NA	NA	Capnodiales
ASV432	Fungi	Ascomycota	Orbiliomycetes	Orbiliales	Orbiliaceae	Retiarius	Retiarius_bovicornutus	Retiarius_bovicornutus	sSH1164902.09FU	0.9410430	Orbiliaceae	1CB19716-36B9-11D5-9548-00D0592D548C	81091	9	Saprotroph	Wood Saprotroph	Probable	Microfungus	NULL	Saprobic, found especially on wood in both wet and dry habitats. Many species are nematophagous, forming adhesive knobs, nets or ring-like traps in the presence of a food source; perhaps a strategy for life in low-nitrogen environments. There have been reports of associations with algae for a few species, but an established lichen association appears not to exist (Cannon & Kirk 2007)	Cannon PF, Kirk PM. 2007. Fungal Families of the World. CAB International, Cambridge (ISBN: 978-0851998275)	Retiarius_bovicornutus
ASV433	Fungi	Ascomycota	Eurotiomycetes	Eurotiales	Aspergillaceae	Penicillium	NA	Penicillium	sSH1225252.09FU	0.8589196	Eurotiales	1CB1CE25-36B9-11D5-9548-00D0592D548C	90472	7	Saprotroph	Undefined Saprotroph	Possible	Microfungus	NULL	NULL	Sterkenburg E, et al. 2015. New Phytologist 207:1145-1158 ((https://doi.org/10.1111/nph.13426))	Penicillium
ASV434	Fungi	Basidiomycota	Agaricomycetes	Auriculariales	Exidiaceae	Basidiodendron	NA	Basidiodendron	sSH1023643.09FU	0.9880706	Basidiodendron	1CB1C4F5-36B9-11D5-9548-00D0592D548C	17148	13	Saprotroph	Undefined Saprotroph-|Wood Saprotroph|	Probable	Corticioid	NULL	Decay wood (Põlme et al. 2020)	Tedersoo L, et al. 2014. Science 346:e1256688 ((https://doi.org/10.1126/science.1256688)); Põlme S, et al. 2020. Fungal Diversity 105:1-16 ((https://doi.org/10.1007/s13225-020-00466-2))	Basidiodendron
ASV435	Fungi	Basidiomycota	Agaricomycetes	Corticiales	NA	NA	NA	Corticiales	sSH1308167.09FU	0.9999965	NA	NA	NA	NA	NA	NA	NA	NA	NA	NA	NA	Corticiales
ASV436	Fungi	Basidiomycota	Agaricomycetes	Auriculariales	Exidiaceae	Basidiodendron	NA	Basidiodendron	sSH1023643.09FU	0.9968956	Basidiodendron	1CB1C4F5-36B9-11D5-9548-00D0592D548C	17148	13	Saprotroph	Undefined Saprotroph-|Wood Saprotroph|	Probable	Corticioid	NULL	Decay wood (Põlme et al. 2020)	Tedersoo L, et al. 2014. Science 346:e1256688 ((https://doi.org/10.1126/science.1256688)); Põlme S, et al. 2020. Fungal Diversity 105:1-16 ((https://doi.org/10.1007/s13225-020-00466-2))	Basidiodendron
ASV437	Fungi	Ascomycota	Eurotiomycetes	Chaetothyriales	Herpotrichiellaceae	Exophiala	Exophiala_bergeri	Exophiala_bergeri	sSH1165417.09FU	0.8234104	Herpotrichiellaceae	1CB1CD37-36B9-11D5-9548-00D0592D548C	80856	9	Pathotroph-Saprotroph	Animal Pathogen-Fungal Parasite-Undefined Saprotroph	Probable	Facultative Yeast-Microfungus	NULL	Mostly saprobic on plants or other fungi, isolated from soil etc., and from medical sources (Cannon & Kirk 2007)	Cannon PF, Kirk PM. 2007. Fungal Families of the World. CAB International, Cambridge (ISBN: 978-0851998275)	Exophiala_bergeri
ASV438	Fungi	Ascomycota	Dothideomycetes	Capnodiales	Cladosporiaceae	Cladosporium	NA	Cladosporium	NA	0.9430236	Cladosporiaceae	6EDCD6E4-DE4D-443D-AF6B-A572F626BD45	816548	9	Pathotroph-Saprotroph-Symbiotroph	Animal Pathogen-Endophyte-Lichen Parasite-Plant Pathogen-Wood Saprotroph	Possible	Microfungus	NULL	NULL	Seehann G, et al. 1975. List of Fungi in Soft-Rot Tissue Tests. Institute fur Holzbiologie und Holzschutz, Bundesforschungsanstalt fur Forst - und Holzwirtshaft, Hamburg - Lohbrugge, Germany; Lawrey JD, Diederich P. 2016. http://www.lichenicolous.net (accessed 24 May 2017) ((http://www.lichenicolous.net)); The American Phytopathological Society Common Names of Plant Diseases ((http://www.apsnet.org/publications/commonnames/Pages/default.aspx))	Cladosporium
ASV439	Fungi	Ascomycota	Dothideomycetes	NA	NA	NA	NA	Dothideomycetes	NA	0.9838000	NA	NA	NA	NA	NA	NA	NA	NA	NA	NA	NA	Dothideomycetes
ASV440	Fungi	Basidiomycota	Agaricomycetes	Auriculariales	Exidiaceae	Basidiodendron	NA	Basidiodendron	sSH1023643.09FU	0.9976424	Basidiodendron	1CB1C4F5-36B9-11D5-9548-00D0592D548C	17148	13	Saprotroph	Undefined Saprotroph-|Wood Saprotroph|	Probable	Corticioid	NULL	Decay wood (Põlme et al. 2020)	Tedersoo L, et al. 2014. Science 346:e1256688 ((https://doi.org/10.1126/science.1256688)); Põlme S, et al. 2020. Fungal Diversity 105:1-16 ((https://doi.org/10.1007/s13225-020-00466-2))	Basidiodendron
ASV441	Fungi	NA	NA	NA	NA	NA	NA	NA	NA	0.9589940	NA	NA	NA	NA	NA	NA	NA	NA	NA	NA	NA	NA
ASV442	Fungi	Basidiomycota	Agaricomycetes	Polyporales	Fomitopsidaceae	Tyromyces	Tyromyces_galactinus	Tyromyces_galactinus	sSH1257604.09FU	0.9999906	Fomitopsidaceae	1CB1CD22-36B9-11D5-9548-00D0592D548C	81772	9	Pathotroph-Saprotroph	Plant Pathogen-Wood Saprotroph	Probable	Polyporoid	Brown Rot	Most species are parasitic on woody plants, causing brown rots (Cannon & Kirk 2007)	Cannon PF, Kirk PM. 2007. Fungal Families of the World. CAB International, Cambridge (ISBN: 978-0851998275)	Tyromyces_galactinus
ASV443	Fungi	Basidiomycota	Agaricomycetes	Agaricales	Psathyrellaceae	Psathyrella	Psathyrella_oboensis	Psathyrella_oboensis	sSH1207586.09FU	0.8556004	Psathyrellaceae	F36155B5-ADC2-4C2C-83F3-2D3778EA9B7F	82127	9	Saprotroph	Dung Saprotroph-Plant Saprotroph-Wood Saprotroph	Probable	Agaricoid	NULL	Saprobic, in grass, on dung, rotten wood and similar substrata (Cannon & Kirk 2007)	Cannon PF, Kirk PM. 2007. Fungal Families of the World. CAB International, Cambridge (ISBN: 978-0851998275)	Psathyrella_oboensis
ASV444	Fungi	Basidiomycota	Malasseziomycetes	Malasseziales	Malasseziaceae	Malassezia	Malassezia_restricta	Malassezia_restricta	sSH1102553.09FU	0.9999941	Malassezia restricta	0ED4066F-EEFE-46DE-95EC-94452E61766B	437921	20	Pathotroph	Animal Pathogen	Probable	NULL	NULL	Opportunistic human pathogen	https://www.cdc.gov ((https://www.cdc.gov))	Malassezia_restricta
ASV445	Fungi	Ascomycota	NA	NA	NA	NA	NA	Ascomycota	sSH1329199.09FU	0.9476466	NA	NA	NA	NA	NA	NA	NA	NA	NA	NA	NA	Ascomycota
ASV446	Fungi	Basidiomycota	Agaricomycetes	Russulales	Peniophoraceae	Peniophora	Peniophora_bicornis	Peniophora_bicornis	sSH1068927.09FU	0.9999997	Peniophoraceae	1CB1CD8B-36B9-11D5-9548-00D0592D548C	81123	9	Pathotroph-Saprotroph	Plant Pathogen-Wood Saprotroph	Probable	Corticioid	White Rot	Most species are saprobic, causing rots of standing and fallen wood. Many species are adapted to xeric conditions, being able to grow on rapidly drying dead attached branches (Cannon & Kirk 2007)	Cannon PF, Kirk PM. 2007. Fungal Families of the World. CAB International, Cambridge (ISBN: 978-0851998275)	Peniophora_bicornis
ASV447	Fungi	Basidiomycota	Agaricomycetes	Russulales	Peniophoraceae	Peniophora	Peniophora_bicornis	Peniophora_bicornis	sSH1068927.09FU	0.9999650	Peniophoraceae	1CB1CD8B-36B9-11D5-9548-00D0592D548C	81123	9	Pathotroph-Saprotroph	Plant Pathogen-Wood Saprotroph	Probable	Corticioid	White Rot	Most species are saprobic, causing rots of standing and fallen wood. Many species are adapted to xeric conditions, being able to grow on rapidly drying dead attached branches (Cannon & Kirk 2007)	Cannon PF, Kirk PM. 2007. Fungal Families of the World. CAB International, Cambridge (ISBN: 978-0851998275)	Peniophora_bicornis
ASV448	Fungi	Ascomycota	Eurotiomycetes	Chaetothyriales	Trichomeriaceae	Knufia	NA	Knufia	NA	0.9632820	Trichomeriaceae	B366E4F5-4360-49B3-BA47-86698B5D3511	800935	9	Symbiotroph	Epiphyte	Probable	Microfungus	NULL	Foliar epiphytes with the appearance of sooty moulds, mostly occurring on the surface of living leaves and apparently gaining their nutrients from insect exudates (Chomnunti et al. 2012)	Chomnunti P, et al. 2012. Fungal Diversity 56:63-76 ((https://doi.org/10.1007/s13225-012-0197-2))	Knufia
ASV449	Fungi	Ascomycota	Dothideomycetes	Pleosporales	Pleosporaceae	Stemphylium	NA	Stemphylium	NA	0.9999214	Pleosporaceae	1CB1CDA2-36B9-11D5-9548-00D0592D548C	81188	9	Pathotroph-Saprotroph	Endophyte-Lichen Parasite-Plant Pathogen-Undefined Saprotroph	Probable	Microfungus	NULL	Necrotrophic pathogens and saprobes, especially associated with grasses. Many species are seed-borne (Cannon & Kirk 2007)	Cannon PF, Kirk PM. 2007. Fungal Families of the World. CAB International, Cambridge (ISBN: 978-0851998275); David AS, et al. 2016. Microbial Ecology 71:912-926 ((https://doi.org/10.1007/s00248-015-0712-6)); Lawrey JD, Diederich P. 2016. http://www.lichenicolous.net (accessed 24 May 2017) ((http://www.lichenicolous.net))	Stemphylium
ASV450	Fungi	Basidiomycota	Agaricomycetes	Agaricales	Tricholomataceae	Baeospora	Baeospora_myosura	Baeospora_myosura	sSH1044662.09FU	0.9970959	Tricholomataceae	008764C7-3F16-4577-B343-C50EF7B78211	81487	9	Pathotroph-Symbiotroph	Ectomycorrhizal-Fungal Parasite	Probable	Agaricoid	NULL	Tricholoma species are ectomycorrhizal, occurring in coniferous and broadleaved forests (Cannon & Kirk 2007); T. sclerotoideum is parasitic on Helvella spp.	Cannon PF, Kirk PM. 2007. Fungal Families of the World. CAB International, Cambridge (ISBN: 978-0851998275)	Baeospora_myosura
ASV451	Fungi	Basidiomycota	Agaricomycetes	Polyporales	Fomitopsidaceae	Amyloporia	Amyloporia_sinuosa	Amyloporia_sinuosa	sSH1260170.09FU	0.9553228	Fomitopsidaceae	1CB1CD22-36B9-11D5-9548-00D0592D548C	81772	9	Pathotroph-Saprotroph	Plant Pathogen-Wood Saprotroph	Probable	Polyporoid	Brown Rot	Most species are parasitic on woody plants, causing brown rots (Cannon & Kirk 2007)	Cannon PF, Kirk PM. 2007. Fungal Families of the World. CAB International, Cambridge (ISBN: 978-0851998275)	Amyloporia_sinuosa
ASV452	Fungi	Basidiomycota	Agaricomycetes	Polyporales	Polyporaceae	Dichomitus	Dichomitus_squalens	Dichomitus_squalens	sSH1248919.09FU	0.9966205	Polyporaceae	1CB19B17-36B9-11D5-9548-00D0592D548C	81203	9	Saprotroph	Wood Saprotroph	Probable	Polyporoid	Brown Rot-White Rot	Lignicolous, causing brown or white rot, mostly of broadleaved trees (Cannon & Kirk 2007)	Cannon PF, Kirk PM. 2007. Fungal Families of the World. CAB International, Cambridge (ISBN: 978-0851998275)	Dichomitus_squalens
ASV453	Fungi	Basidiomycota	Agaricomycetes	Polyporales	Phanerochaetaceae	Bjerkandera	Bjerkandera_adusta	Bjerkandera_adusta	sSH1177901.09FU	0.9701065	Bjerkandera	1CB1C50E-36B9-11D5-9548-00D0592D548C	17160	13	Pathotroph-Saprotroph-Symbiotroph	Endophyte-Plant Pathogen-|Wood Saprotroph|	Highly Probable	Polyporoid	White Rot	As root_endophyte_dark_septate (Põlme et al. 2020); As white_rot (Põlme et al. 2020); As wood_pathogen (Põlme et al. 2020); Decay wood (Põlme et al. 2020)	Gilbertson RL, Ryvarden L. 1987-1987. North American Polypores. Fungiflora, Oslo (ISBN: 978-0945345060); Põlme S, et al. 2020. Fungal Diversity 105:1-16 ((https://doi.org/10.1007/s13225-020-00466-2))	Bjerkandera_adusta
ASV454	Fungi	Ascomycota	Lecanoromycetes	Baeomycetales	Trapeliaceae	Placynthiella	NA	Placynthiella	sSH0972465.09FU	0.9999962	Trapeliaceae	B3468AF4-02A6-4552-8112-8967C1D281EF	81480	9	Symbiotroph	Lichenized	Probable	Thallus	NULL	NULL	Hertel H. 1970. Vorträge aus dem Gesamtgebiet der Botanik 4:171-185	Placynthiella
ASV455	Fungi	Basidiomycota	Agaricomycetes	Auriculariales	Hyaloriaceae	NA	NA	Hyaloriaceae	NA	0.8742515	NA	NA	NA	NA	NA	NA	NA	NA	NA	NA	NA	Hyaloriaceae
ASV456	Fungi	Basidiomycota	Agaricomycetes	Polyporales	Irpicaceae	Ceriporia	Ceriporia_lacerata	Ceriporia_lacerata	sSH1142630.09FU	0.9999324	Ceriporia	1CB1C611-36B9-11D5-9548-00D0592D548C	17267	13	Saprotroph	|Wood Saprotroph|	Highly Probable	Corticioid	White Rot	As white_rot (Põlme et al. 2020); Decay wood (Põlme et al. 2020)	Tedersoo L, et al. 2014. Science 346:e1256688 ((https://doi.org/10.1126/science.1256688)); Põlme S, et al. 2020. Fungal Diversity 105:1-16 ((https://doi.org/10.1007/s13225-020-00466-2))	Ceriporia_lacerata
ASV457	Fungi	Ascomycota	Eurotiomycetes	Eurotiales	Aspergillaceae	Penicillium	Penicillium_sumatraense	Penicillium_sumatraense	sSH0884459.09FU	0.9854921	Eurotiales	1CB1CE25-36B9-11D5-9548-00D0592D548C	90472	7	Saprotroph	Undefined Saprotroph	Possible	Microfungus	NULL	NULL	Sterkenburg E, et al. 2015. New Phytologist 207:1145-1158 ((https://doi.org/10.1111/nph.13426))	Penicillium_sumatraense
ASV458	Fungi	Ascomycota	Eurotiomycetes	Eurotiales	Aspergillaceae	Aspergillus	NA	Aspergillus	NA	0.9981070	Eurotiales	1CB1CE25-36B9-11D5-9548-00D0592D548C	90472	7	Saprotroph	Undefined Saprotroph	Possible	Microfungus	NULL	NULL	Sterkenburg E, et al. 2015. New Phytologist 207:1145-1158 ((https://doi.org/10.1111/nph.13426))	Aspergillus
ASV459	Fungi	Ascomycota	Sordariomycetes	Coniochaetales	Coniochaetaceae	Coniochaeta	Coniochaeta_lignicola	Coniochaeta_lignicola	sSH2277499.09FU	0.9155321	Coniochaetaceae	1CB1CCF3-36B9-11D5-9548-00D0592D548C	80629	9	Pathotroph-Saprotroph-Symbiotroph	Animal Pathogen-Dung Saprotroph-Endophyte-Lichen Parasite-Plant Pathogen-Undefined Saprotroph	Possible	Microfungus	NULL	Saprobic on wood and bark (especially in dry habitats), coprophilous or isolated from soil and similar substrata (Cannon & Kirk 2007)	Cannon PF, Kirk PM. 2007. Fungal Families of the World. CAB International, Cambridge (ISBN: 978-0851998275); Damm U, et al. 2010. Persoonia 24:60-80 ((http://doi.org/10.3767/003158510X500705)); Irinyi L, et al. 2015. Medical Mycology 53:313-337 ((https://doi.org/10.1093/mmy/myv008)); Lawrey JD, Diederich P. 2016. http://www.lichenicolous.net (accessed 24 May 2017) ((http://www.lichenicolous.net))	Coniochaeta_lignicola
ASV460	Fungi	Basidiomycota	Agaricomycetes	NA	NA	NA	NA	Agaricomycetes	NA	1.0000000	NA	NA	NA	NA	NA	NA	NA	NA	NA	NA	NA	Agaricomycetes
ASV461	Fungi	Ascomycota	Dothideomycetes	Pleosporales	Didymosphaeriaceae	Paraconiothyrium	NA	Paraconiothyrium	sSH1068132.09FU	0.9852756	Didymosphaeriaceae	1CB1CD0B-36B9-11D5-9548-00D0592D548C	80702	9	Pathotroph-Saprotroph-Symbiotroph	Endophyte-Lichen Parasite-Plant Pathogen-Undefined Saprotroph	Probable	Microfungus	NULL	Saprobes in both woody and herbaceous material, also parasitic on other fungi (Cannon & Kirk 2007)	Cannon PF, Kirk PM. 2007. Fungal Families of the World. CAB International, Cambridge (ISBN: 978-0851998275); Massimo NC, et al. 2015. Microbial Ecology 70:61-76 ((https://doi.org/10.1007/s00248-014-0563-6))	Paraconiothyrium
ASV462	Fungi	Ascomycota	Dothideomycetes	Pleosporales	Lentitheciaceae	NA	NA	Lentitheciaceae	sSH1169448.09FU	0.9979663	NA	NA	NA	NA	NA	NA	NA	NA	NA	NA	NA	Lentitheciaceae
ASV463	Fungi	Ascomycota	Sordariomycetes	Hypocreales	NA	NA	NA	Hypocreales	NA	0.8034680	Hypocreales	1CB18E60-36B9-11D5-9548-00D0592D548C	90477	7	Saprotroph	Undefined Saprotroph	Possible	Microfungus	NULL	NULL	Sterkenburg E, et al. 2015. New Phytologist 207:1145-1158 ((https://doi.org/10.1111/nph.13426))	Hypocreales
ASV464	Fungi	Basidiomycota	Agaricomycetes	Agaricales	Marasmiaceae	Marasmius	NA	Marasmius	sSH1059666.09FU	0.9947713	Marasmiaceae	FD8F4798-F0FB-492E-B5E9-971374378CD8	80977	9	Pathotroph-Saprotroph-Symbiotroph	Endophyte-Plant Pathogen-Undefined Saprotroph	Probable	Agaricoid	NULL	Species in Moniliophthora are devastating pathogens of tree crops, causing witches broom disease; Saprobic on litter and dead wood, or parasitic on woody plants - often one of the most prominent fungal components of tropical forests, playing a major role in nutrient cycling (Cannon & Kirk 2007)	Cannon PF, Kirk PM. 2007. Fungal Families of the World. CAB International, Cambridge (ISBN: 978-0851998275); David AS, et al. 2016. Microbial Ecology 71:912-926 ((https://doi.org/10.1007/s00248-015-0712-6))	Marasmius
ASV465	Fungi	Ascomycota	Sordariomycetes	Hypocreales	NA	Acremonium	Acremonium_charticola	Acremonium_charticola	sSH1275731.09FU	0.9995076	Hypocreales	1CB18E60-36B9-11D5-9548-00D0592D548C	90477	7	Saprotroph	Undefined Saprotroph	Possible	Microfungus	NULL	NULL	Sterkenburg E, et al. 2015. New Phytologist 207:1145-1158 ((https://doi.org/10.1111/nph.13426))	Acremonium_charticola
ASV466	Fungi	Ascomycota	Sordariomycetes	Xylariales	Xylariaceae	Xylaria	Xylaria_rogersii	Xylaria_rogersii	sSH1131463.09FU	0.9994362	Xylariaceae	1CB1ABFB-36B9-11D5-9548-00D0592D548C	81528	9	Pathotroph-Saprotroph-Symbiotroph	Dung Saprotroph-Endophyte-Plant Pathogen-Undefined Saprotroph	Probable	Xylarioid	NULL	Saprobes or weak pathogens, many endophytes, mainly in wood and bark, occasionally in soil and dung (Cannon & Kirk 2007)	Cannon PF, Kirk PM. 2007. Fungal Families of the World. CAB International, Cambridge (ISBN: 978-0851998275)	Xylaria_rogersii
ASV467	Fungi	Ascomycota	Dothideomycetes	Pleosporales	Didymellaceae	NA	NA	Didymellaceae	NA	0.9820606	Didymellaceae	F971F4FB-F68A-481E-B5F1-2BF2B753AA5D	508292	9	Pathotroph-Saprotroph	Animal Pathogen-Plant Pathogen-Undefined Saprotroph	Possible	Microfungus	NULL	NULL	Tedersoo L, et al. 2014. Science 346:e1256688 ((https://doi.org/10.1126/science.1256688))	Didymellaceae
ASV468	Fungi	Ascomycota	Dothideomycetes	Capnodiales	Cladosporiaceae	Cladosporium	NA	Cladosporium	NA	0.8623533	Cladosporiaceae	6EDCD6E4-DE4D-443D-AF6B-A572F626BD45	816548	9	Pathotroph-Saprotroph-Symbiotroph	Animal Pathogen-Endophyte-Lichen Parasite-Plant Pathogen-Wood Saprotroph	Possible	Microfungus	NULL	NULL	Seehann G, et al. 1975. List of Fungi in Soft-Rot Tissue Tests. Institute fur Holzbiologie und Holzschutz, Bundesforschungsanstalt fur Forst - und Holzwirtshaft, Hamburg - Lohbrugge, Germany; Lawrey JD, Diederich P. 2016. http://www.lichenicolous.net (accessed 24 May 2017) ((http://www.lichenicolous.net)); The American Phytopathological Society Common Names of Plant Diseases ((http://www.apsnet.org/publications/commonnames/Pages/default.aspx))	Cladosporium
ASV469	Fungi	Basidiomycota	Tremellomycetes	Tremellales	Bulleribasidiaceae	Hannaella	Hannaella_sinensis	Hannaella_sinensis	sSH1003194.09FU	0.7722225	Tremellales	1CB1CE64-36B9-11D5-9548-00D0592D548C	90451	7	Pathotroph-Saprotroph-Symbiotroph	Fungal Parasite-Undefined Saprotroph	Possible	Tremelloid-Yeast	NULL	The order contains both teleomorphic and anamorphic species, most of the latter being yeasts	Sterkenburg E, et al. 2015. New Phytologist 207:1145-1158 ((https://doi.org/10.1111/nph.13426))	Hannaella_sinensis
ASV470	Fungi	Ascomycota	Dothideomycetes	Pleosporales	Didymellaceae	NA	NA	Didymellaceae	NA	0.9979426	Didymellaceae	F971F4FB-F68A-481E-B5F1-2BF2B753AA5D	508292	9	Pathotroph-Saprotroph	Animal Pathogen-Plant Pathogen-Undefined Saprotroph	Possible	Microfungus	NULL	NULL	Tedersoo L, et al. 2014. Science 346:e1256688 ((https://doi.org/10.1126/science.1256688))	Didymellaceae
ASV471	Fungi	Basidiomycota	Agaricomycetes	Russulales	Bondarzewiaceae	Heterobasidion	Heterobasidion_irregulare	Heterobasidion_irregulare	sSH1236129.09FU	0.9960097	Bondarzewiaceae	1CB1CCCF-36B9-11D5-9548-00D0592D548C	80527	9	Pathotroph-Saprotroph	Plant Pathogen-Wood Saprotroph	Probable	Polyporoid	White Rot	Parasitic or saprobic on wood of gymnosperms and angiosperms, causing white rot (Cannon & Kirk 2007)	Cannon PF, Kirk PM. 2007. Fungal Families of the World. CAB International, Cambridge (ISBN: 978-0851998275)	Heterobasidion_irregulare
ASV472	Fungi	Basidiomycota	Agaricomycetes	Russulales	Peniophoraceae	Peniophora	Peniophora_bicornis	Peniophora_bicornis	sSH1068927.09FU	0.8492556	Peniophoraceae	1CB1CD8B-36B9-11D5-9548-00D0592D548C	81123	9	Pathotroph-Saprotroph	Plant Pathogen-Wood Saprotroph	Probable	Corticioid	White Rot	Most species are saprobic, causing rots of standing and fallen wood. Many species are adapted to xeric conditions, being able to grow on rapidly drying dead attached branches (Cannon & Kirk 2007)	Cannon PF, Kirk PM. 2007. Fungal Families of the World. CAB International, Cambridge (ISBN: 978-0851998275)	Peniophora_bicornis
ASV473	Fungi	Ascomycota	Dothideomycetes	Capnodiales	NA	NA	NA	Capnodiales	sSH0996525.09FU	0.7791451	NA	NA	NA	NA	NA	NA	NA	NA	NA	NA	NA	Capnodiales
ASV474	Fungi	Ascomycota	Dothideomycetes	Mycosphaerellales	Teratosphaeriaceae	NA	NA	Teratosphaeriaceae	NA	1.0000000	Teratosphaeriaceae	87A3FDCC-E75C-4F2E-B987-C7579847CE32	504465	9	Pathotroph-Saprotroph	Animal Pathogen-Plant Pathogen-Undefined Saprotroph	Probable	NULL	NULL	Includes numerous saprobic, extremophilic, human opportunistic, and plant pathogenic fungi (Quaedvlieg et al. 2014)	Quaedvlieg W, et al. 2014. Persoonia 3:31-40 ((https://doi.org/10.3767/003158514X681981))	Teratosphaeriaceae
ASV475	Fungi	Ascomycota	Eurotiomycetes	Chaetothyriales	Trichomeriaceae	Knufia	NA	Knufia	NA	0.9595157	Trichomeriaceae	B366E4F5-4360-49B3-BA47-86698B5D3511	800935	9	Symbiotroph	Epiphyte	Probable	Microfungus	NULL	Foliar epiphytes with the appearance of sooty moulds, mostly occurring on the surface of living leaves and apparently gaining their nutrients from insect exudates (Chomnunti et al. 2012)	Chomnunti P, et al. 2012. Fungal Diversity 56:63-76 ((https://doi.org/10.1007/s13225-012-0197-2))	Knufia
ASV476	Fungi	Ascomycota	Dothideomycetes	Capnodiales	Dissoconiaceae	Dissoconium	NA	Dissoconium	NA	0.9999125	Dissoconium	1CB1C6C8-36B9-11D5-9548-00D0592D548C	11074	13	Pathotroph-Saprotroph	Plant Pathogen-|Plant Saprotroph|-Undefined Saprotroph	Probable	Microfungus	NULL	As litter_saprotroph (Põlme et al. 2020); Decay leaf, fruit, seed (Põlme et al. 2020)	Tedersoo L, et al. 2014. Science 346:e1256688 ((https://doi.org/10.1126/science.1256688)); Põlme S, et al. 2020. Fungal Diversity 105:1-16 ((https://doi.org/10.1007/s13225-020-00466-2))	Dissoconium
ASV477	Fungi	Basidiomycota	Agaricomycetes	Agaricales	NA	NA	NA	Agaricales	sSH1095199.09FU	0.7074450	Agaricales	715D162F-5F0E-40C8-A7DC-79D488D3F937	90508	7	Pathotroph-Saprotroph-Symbiotroph	Bryophyte Parasite-Dung Saprotroph-Ectomycorrhizal-Fungal Parasite-Leaf Saprotroph-Plant Parasite-Undefined Saprotroph-Wood Saprotroph	Possible	Agaricoid-Gasteroid-Microfungus-Secotioid-Yeast	NULL	Mushrooms and toadstools, Gill fungi, Agarics... lignicolous, sometimes muscicolous or fungicolous, saprobic, mycorrhizal, rarely parasitic on plants or fungi (Kirk et al. 2008)	Kirk PM et al. 2008. Dictionary of the Fungi. Tenth Edition. CAB International, Wallingford (ISBN: 978-0851998268)	Agaricales
ASV478	Fungi	Ascomycota	Dothideomycetes	NA	NA	Radulidium	NA	Radulidium	sSH1170247.09FU	0.8728660	Radulidium	988F46F7-CD82-46AD-A417-6F4D2199FDBE	504566	13	Pathotroph-Saprotroph	Fungal Parasite-|Undefined Saprotroph|	Probable	Microfungus	NULL	As mycoparasite (Põlme et al. 2020)	Põlme S, et al. 2020. Fungal Diversity 105:1-16 ((https://doi.org/10.1007/s13225-020-00466-2))	Radulidium
ASV479	Fungi	Basidiomycota	Agaricomycetes	Trechisporales	Hydnodontaceae	Trechispora	NA	Trechispora	sSH1300239.09FU	0.7869169	Trechispora	1CB1CC1A-36B9-11D5-9548-00D0592D548C	18664	13	Saprotroph	|Wood Saprotroph|	Highly Probable	Corticioid	White Rot	As white_rot (Põlme et al. 2020); Decay wood (Põlme et al. 2020)	Gilbertson RL, Ryvarden L. 1987-1987. North American Polypores. Fungiflora, Oslo (ISBN: 978-0945345060); Rinaldi AC, et al. 2008. Fungal Diversity 33:1-45 ((http://www.fungaldiversity.org/fdp/sfdp/33-1.pdf)) (as Uncertain); Tedersoo L, et al. 2010. Mycorrhiza 20:217-263 ((https://doi.org/10.1007/s00572-009-0274-x)) (as not ECM).; Põlme S, et al. 2020. Fungal Diversity 105:1-16 ((https://doi.org/10.1007/s13225-020-00466-2))	Trechispora
ASV480	Fungi	Ascomycota	Dothideomycetes	NA	NA	NA	NA	Dothideomycetes	NA	0.9999998	NA	NA	NA	NA	NA	NA	NA	NA	NA	NA	NA	Dothideomycetes
ASV481	Fungi	Basidiomycota	Malasseziomycetes	Malasseziales	Malasseziaceae	Malassezia	Malassezia_restricta	Malassezia_restricta	sSH1102553.09FU	0.9999856	Malassezia restricta	0ED4066F-EEFE-46DE-95EC-94452E61766B	437921	20	Pathotroph	Animal Pathogen	Probable	NULL	NULL	Opportunistic human pathogen	https://www.cdc.gov ((https://www.cdc.gov))	Malassezia_restricta
ASV482	Fungi	Basidiomycota	Agaricomycetes	Corticiales	Vuilleminiaceae	Vuilleminia	NA	Vuilleminia	sSH1265472.09FU	0.9999998	Vuilleminia	1CB1CC74-36B9-11D5-9548-00D0592D548C	18743	13	Pathotroph-Saprotroph	Plant Pathogen-Undefined Saprotroph-|Wood Saprotroph|	Probable	Corticioid	White Rot	As white_rot (Põlme et al. 2020); As wood_pathogen (Põlme et al. 2020); Decay wood (Põlme et al. 2020)	Tedersoo L, et al. 2014. Science 346:e1256688 ((https://doi.org/10.1126/science.1256688)); Põlme S, et al. 2020. Fungal Diversity 105:1-16 ((https://doi.org/10.1007/s13225-020-00466-2))	Vuilleminia
ASV483	Fungi	Ascomycota	Sordariomycetes	Diaporthales	Gnomoniaceae	Gnomoniopsis	NA	Gnomoniopsis	NA	0.9984846	Gnomoniaceae	F36F48E8-C228-4922-8DB6-AE905CA55412	80810	9	Pathotroph-Saprotroph-Symbiotroph	Endophyte-Plant Pathogen-Undefined Saprotroph	Probable	Microfungus	NULL	Most species are saprobes or endophytes in leaves and bark, but a few are neurotrophic pathogens (Cannon & Kirk 2007)	Cannon PF, Kirk PM. 2007. Fungal Families of the World. CAB International, Cambridge (ISBN: 978-0851998275)	Gnomoniopsis
ASV484	Fungi	Basidiomycota	Atractiellomycetes	Atractiellales	Phleogenaceae	Atractidochium	Atractidochium_hillariae	Atractidochium_hillariae	sSH0983572.09FU	1.0000000	Atractidochium	FF07EE21-B165-43D3-B994-37D3FDC5DB6A	824356	13	Symbiotroph	|Endophyte|	Probable	Microfungus	NULL	As foliar_endophyte (Põlme et al. 2020); Decay leaf, fruit, seed (Põlme et al. 2020)	Põlme S, et al. 2020. Fungal Diversity 105:1-16 ((https://doi.org/10.1007/s13225-020-00466-2))	Atractidochium_hillariae
ASV485	Fungi	Basidiomycota	Agaricomycetes	Polyporales	NA	NA	NA	Polyporales	sSH1112175.09FU	0.9982639	NA	NA	NA	NA	NA	NA	NA	NA	NA	NA	NA	Polyporales
ASV486	Fungi	Basidiomycota	Agaricomycetes	Polyporales	Meruliaceae	NA	NA	Meruliaceae	sSH1255433.09FU	0.9949978	Meruliaceae	9E12B0B5-1D82-4978-AF3D-6EC22C257619	89005	9	Pathotroph-Saprotroph	Plant Pathogen-Undefined Saprotroph	Probable	Corticioid-Polyporoid	NULL	Saprobic or parasitic on woody plants, causing a white rot (Cannon & Kirk 2007)	Cannon PF, Kirk PM. 2007. Fungal Families of the World. CAB International, Cambridge (ISBN: 978-0851998275)	Meruliaceae
ASV487	Fungi	Basidiomycota	Agaricomycetes	Agaricales	Tricholomataceae	Resupinatus	Resupinatus_americanus	Resupinatus_americanus	sSH1217733.09FU	1.0000000	Tricholomataceae	008764C7-3F16-4577-B343-C50EF7B78211	81487	9	Pathotroph-Symbiotroph	Ectomycorrhizal-Fungal Parasite	Probable	Agaricoid	NULL	Tricholoma species are ectomycorrhizal, occurring in coniferous and broadleaved forests (Cannon & Kirk 2007); T. sclerotoideum is parasitic on Helvella spp.	Cannon PF, Kirk PM. 2007. Fungal Families of the World. CAB International, Cambridge (ISBN: 978-0851998275)	Resupinatus_americanus
ASV488	Fungi	Basidiomycota	Agaricomycetes	NA	NA	NA	NA	Agaricomycetes	sSH0919881.09FU	0.9999990	NA	NA	NA	NA	NA	NA	NA	NA	NA	NA	NA	Agaricomycetes
ASV489	Fungi	NA	NA	NA	NA	NA	NA	NA	NA	0.8336011	NA	NA	NA	NA	NA	NA	NA	NA	NA	NA	NA	NA
ASV490	Fungi	Ascomycota	Dothideomycetes	Mycosphaerellales	Teratosphaeriaceae	Parateratosphaeria	NA	Parateratosphaeria	NA	0.9992291	Teratosphaeriaceae	87A3FDCC-E75C-4F2E-B987-C7579847CE32	504465	9	Pathotroph-Saprotroph	Animal Pathogen-Plant Pathogen-Undefined Saprotroph	Probable	NULL	NULL	Includes numerous saprobic, extremophilic, human opportunistic, and plant pathogenic fungi (Quaedvlieg et al. 2014)	Quaedvlieg W, et al. 2014. Persoonia 3:31-40 ((https://doi.org/10.3767/003158514X681981))	Parateratosphaeria
ASV491	Fungi	Ascomycota	Sordariomycetes	Glomerellales	Glomerellaceae	Colletotrichum	NA	Colletotrichum	NA	0.9999997	Glomerellaceae	AB0867BB-F14D-4E04-9D64-56A135F63096	504454	9	Pathotroph-Symbiotroph	Endophyte-Plant Pathogen	Probable	Microfungus	NULL	Species are hemibiotic, with an initial endophytic (symptomless) phase that leads to a necrotic phase were significant damage may be caused to the host (Cannon & Kirk 2007)	Cannon PF, Kirk PM. 2007. Fungal Families of the World. CAB International, Cambridge (ISBN: 978-0851998275)	Colletotrichum
ASV492	Fungi	Basidiomycota	Agaricomycetes	Auriculariales	Exidiaceae	Basidiodendron	NA	Basidiodendron	sSH1023643.09FU	0.9945702	Basidiodendron	1CB1C4F5-36B9-11D5-9548-00D0592D548C	17148	13	Saprotroph	Undefined Saprotroph-|Wood Saprotroph|	Probable	Corticioid	NULL	Decay wood (Põlme et al. 2020)	Tedersoo L, et al. 2014. Science 346:e1256688 ((https://doi.org/10.1126/science.1256688)); Põlme S, et al. 2020. Fungal Diversity 105:1-16 ((https://doi.org/10.1007/s13225-020-00466-2))	Basidiodendron
ASV493	Fungi	Ascomycota	Lecanoromycetes	Ostropales	Stictidaceae	Stictis	NA	Stictis	sSH0929561.09FU	0.9087471	Stictidaceae	1CB1A605-36B9-11D5-9548-00D0592D548C	81429	9	Symbiotroph	Lichenized-Wood Saprotroph	Probable	Microfungus-Thallus	NULL	Saprobic on wood and stems, a few species lichenized or lignicolous (Cannon & Kirk 2007)	Cannon PF, Kirk PM. 2007. Fungal Families of the World. CAB International, Cambridge (ISBN: 978-0851998275)	Stictis
ASV494	Fungi	Basidiomycota	Agaricomycetes	Cantharellales	Botryobasidiaceae	Botryobasidium	NA	Botryobasidium	NA	0.9782777	Botryobasidiaceae	1CB1CCD1-36B9-11D5-9548-00D0592D548C	81744	9	Saprotroph	Undefined Saprotroph-Wood Saprotroph	Probable	Corticioid	NULL	Saprobic, typically on rotten wood (Cannon & Kirk 2007)	Cannon PF, Kirk PM. 2007. Fungal Families of the World. CAB International, Cambridge (ISBN: 978-0851998275)	Botryobasidium
ASV495	Fungi	Ascomycota	Sordariomycetes	Xylariales	Diatrypaceae	NA	NA	Diatrypaceae	NA	0.9958523	Diatrypaceae	1CB1CD09-36B9-11D5-9548-00D0592D548C	80692	9	Pathotroph-Saprotroph	Plant Pathogen-Plant Saprotroph	Probable	Microfungus	NULL	Saprobes and (usually) weak parasites in wood and bark (Cannon & Kirk 2007)	Cannon PF, Kirk PM. 2007. Fungal Families of the World. CAB International, Cambridge (ISBN: 978-0851998275)	Diatrypaceae
ASV496	Fungi	Basidiomycota	Agaricomycetes	Trechisporales	Hydnodontaceae	Trechispora	Trechispora_stellulata	Trechispora_stellulata	sSH1238651.09FU	0.7199906	Trechispora	1CB1CC1A-36B9-11D5-9548-00D0592D548C	18664	13	Saprotroph	|Wood Saprotroph|	Highly Probable	Corticioid	White Rot	As white_rot (Põlme et al. 2020); Decay wood (Põlme et al. 2020)	Gilbertson RL, Ryvarden L. 1987-1987. North American Polypores. Fungiflora, Oslo (ISBN: 978-0945345060); Rinaldi AC, et al. 2008. Fungal Diversity 33:1-45 ((http://www.fungaldiversity.org/fdp/sfdp/33-1.pdf)) (as Uncertain); Tedersoo L, et al. 2010. Mycorrhiza 20:217-263 ((https://doi.org/10.1007/s00572-009-0274-x)) (as not ECM).; Põlme S, et al. 2020. Fungal Diversity 105:1-16 ((https://doi.org/10.1007/s13225-020-00466-2))	Trechispora_stellulata
ASV497	Fungi	Ascomycota	NA	NA	NA	NA	NA	Ascomycota	NA	0.9007810	NA	NA	NA	NA	NA	NA	NA	NA	NA	NA	NA	Ascomycota
ASV498	Fungi	Ascomycota	NA	NA	NA	NA	NA	Ascomycota	NA	0.9207156	NA	NA	NA	NA	NA	NA	NA	NA	NA	NA	NA	Ascomycota
ASV499	Fungi	Basidiomycota	Agaricomycetes	Hymenochaetales	Schizoporaceae	Xylodon	Xylodon_chinensis	Xylodon_chinensis	sSH1236548.09FU	0.9998185	Schizoporaceae	1CB1CDC9-36B9-11D5-9548-00D0592D548C	80038	9	Saprotroph	Wood Saprotroph	Probable	Corticioid	White Rot	Saprobic, causing white rot of standing and fallen wood of coniferous and broadleaved trees, rarely on herbaceous stems (Cannon & Kirk 2007)	Cannon PF, Kirk PM. 2007. Fungal Families of the World. CAB International, Cambridge (ISBN: 978-0851998275)	Xylodon_chinensis
ASV500	Fungi	Basidiomycota	Agaricomycetes	Hymenochaetales	NA	Skvortzovia	Skvortzovia_pinicola	Skvortzovia_pinicola	sSH1135752.09FU	1.0000000	Skvortzovia	A047BE52-9557-40F8-96C4-FE4378E1D7D6	14446	13	Saprotroph	Undefined Saprotroph-|Wood Saprotroph|	Probable	Corticioid	White Rot	As white_rot (Põlme et al. 2020); Decay wood (Põlme et al. 2020)	Tedersoo L, et al. 2014. Science 346:e1256688 ((https://doi.org/10.1126/science.1256688)); Põlme S, et al. 2020. Fungal Diversity 105:1-16 ((https://doi.org/10.1007/s13225-020-00466-2))	Skvortzovia_pinicola
ASV501	Fungi	NA	NA	NA	NA	NA	NA	NA	sSH1077781.09FU	0.9927613	NA	NA	NA	NA	NA	NA	NA	NA	NA	NA	NA	NA
ASV502	Fungi	Basidiomycota	Agaricomycetes	Hymenochaetales	Hymenochaetaceae	NA	NA	Hymenochaetaceae	NA	0.9999990	Hymenochaetaceae	CC29D6F9-5984-496D-97E7-42EB138C1FEE	536196	9	Saprotroph-Symbiotroph	Ectomycorrhizal-Wood Saprotroph	Probable	Corticioid-Polyporoid	NULL	Lignicolous, causing white rots, rarely ectomycorrhizal (Cannon & Kirk 2007)	Cannon PF, Kirk PM. 2007. Fungal Families of the World. CAB International, Cambridge (ISBN: 978-0851998275)	Hymenochaetaceae
ASV503	Fungi	Basidiomycota	Agaricomycetes	Atheliales	Atheliaceae	NA	NA	Atheliaceae	sSH0904299.09FU	0.8297909	Atheliaceae	1CB1CCC1-36B9-11D5-9548-00D0592D548C	81737	9	Pathotroph-Saprotroph-Symbiotroph	Ectomycorrhizal-Lichen Parasite-Lichenized-Plant Pathogen	Possible	Corticioid	NULL	Many species form ectomycorrhizal associations, often occupying a dominant position in mycorrhizal communities. Other species are pathogens of many different plants and even lichens, and one species has even been suggested to form a lichen association with cyanobacteria. Yet more species are sparse and active decomposers, and a few are aquatic (Cannon & Kirk 2007)	Cannon PF, Kirk PM. 2007. Fungal Families of the World. CAB International, Cambridge (ISBN: 978-0851998275)	Atheliaceae
ASV504	Fungi	Ascomycota	Dothideomycetes	Pleosporales	Sporormiaceae	Sporormiella	NA	Sporormiella	sSH0999591.09FU	0.9994343	Sporormiaceae	1CB1CDD8-36B9-11D5-9548-00D0592D548C	81414	9	Saprotroph	Dung Saprotroph-Plant Saprotroph	Probable	Microfungus	NULL	Saprobic, associated with dung and rotting vegetation (Cannon & Kirk 2007)	Cannon PF, Kirk PM. 2007. Fungal Families of the World. CAB International, Cambridge (ISBN: 978-0851998275)	Sporormiella
ASV505	Fungi	Basidiomycota	Agaricomycetes	NA	NA	NA	NA	Agaricomycetes	sSH1047030.09FU	1.0000000	NA	NA	NA	NA	NA	NA	NA	NA	NA	NA	NA	Agaricomycetes
ASV506	Fungi	NA	NA	NA	NA	NA	NA	NA	NA	1.0000000	NA	NA	NA	NA	NA	NA	NA	NA	NA	NA	NA	NA
ASV507	Fungi	Ascomycota	Dothideomycetes	Capnodiales	Dissoconiaceae	Paradissoconium	Paradissoconium_narthecii	Paradissoconium_narthecii	sSH1077965.09FU	0.9451313	NA	NA	NA	NA	NA	NA	NA	NA	NA	NA	NA	Paradissoconium_narthecii
ASV508	Fungi	Basidiomycota	Agaricomycetes	Hymenochaetales	NA	NA	NA	Hymenochaetales	sSH1145590.09FU	0.9996166	NA	NA	NA	NA	NA	NA	NA	NA	NA	NA	NA	Hymenochaetales
ASV509	Fungi	Ascomycota	Dothideomycetes	Pleosporales	Phaeosphaeriaceae	Leptospora	Leptospora_thailandica	Leptospora_thailandica	sSH0895933.09FU	0.9746472	Phaeosphaeriaceae	1CB1CD8E-36B9-11D5-9548-00D0592D548C	81637	9	Pathotroph-Saprotroph	Fungal Parasite-Plant Pathogen-Plant Saprotroph	Probable	Microfungus	NULL	Necrotrophic or saprobic on a wide range of plants, especially monocotyledons; a few species parasitic on other fungi (Cannon & Kirk 2007)	Cannon PF, Kirk PM. 2007. Fungal Families of the World. CAB International, Cambridge (ISBN: 978-0851998275)	Leptospora_thailandica
ASV510	Fungi	Ascomycota	Eurotiomycetes	Eurotiales	Aspergillaceae	Penicillium	NA	Penicillium	NA	0.9386227	Eurotiales	1CB1CE25-36B9-11D5-9548-00D0592D548C	90472	7	Saprotroph	Undefined Saprotroph	Possible	Microfungus	NULL	NULL	Sterkenburg E, et al. 2015. New Phytologist 207:1145-1158 ((https://doi.org/10.1111/nph.13426))	Penicillium
ASV511	Fungi	Basidiomycota	Agaricomycetes	Auriculariales	Exidiaceae	Exidia	NA	Exidia	sSH0939870.09FU	0.9999947	Exidia	1CB18A1B-36B9-11D5-9548-00D0592D548C	17572	13	Saprotroph-Symbiotroph	Endophyte-Plant Saprotroph-Undefined Saprotroph-|Wood Saprotroph|	Probable	Tremelloid	NULL	As foliar_endophyte (Põlme et al. 2020); As litter_saprotroph (Põlme et al. 2020); Decay wood, leaf, fruit, seed (Põlme et al. 2020)	Tedersoo L, et al. 2014. Science 346:e1256688 ((https://doi.org/10.1126/science.1256688)); David AS, et al. 2016. Microbial Ecology 71:912-926 ((https://doi.org/10.1007/s00248-015-0712-6)); Põlme S, et al. 2020. Fungal Diversity 105:1-16 ((https://doi.org/10.1007/s13225-020-00466-2))	Exidia
ASV512	Fungi	Ascomycota	Dothideomycetes	Pleosporales	Macrodiplodiopsidaceae	NA	NA	Macrodiplodiopsidaceae	sSH1080560.09FU	0.9909831	NA	NA	NA	NA	NA	NA	NA	NA	NA	NA	NA	Macrodiplodiopsidaceae
ASV513	Fungi	Ascomycota	Eurotiomycetes	Chaetothyriales	NA	Bahusakala	NA	Bahusakala	sSH1070736.09FU	0.9171197	Bahusakala	252453D9-48FA-4B75-931A-446B41AEEF66	7318	13	Saprotroph	|Plant Saprotroph|-Undefined Saprotroph	Possible	Microfungus	NULL	Apparent saprotroph spp. Isolated from plant litter and termite nest (Ruiz et al. 1996); As litter_saprotroph (Põlme et al. 2020); Decay leaf, fruit, seed (Põlme et al. 2020)	Ruiz RF, et al. 1996. Mycotaxon 57:463-469 ((https://www.researchgate.net/publication/257141004_Notes_on_conidial_fungi_V_Two_new_dematiaceous_hyphomycetes_from_Cuba)); Põlme S, et al. 2020. Fungal Diversity 105:1-16 ((https://doi.org/10.1007/s13225-020-00466-2))	Bahusakala
ASV514	Fungi	Ascomycota	Dothideomycetes	Mycosphaerellales	Teratosphaeriaceae	Catenulostroma	NA	Catenulostroma	sSH1084587.09FU	0.7500439	Teratosphaeriaceae	87A3FDCC-E75C-4F2E-B987-C7579847CE32	504465	9	Pathotroph-Saprotroph	Animal Pathogen-Plant Pathogen-Undefined Saprotroph	Probable	NULL	NULL	Includes numerous saprobic, extremophilic, human opportunistic, and plant pathogenic fungi (Quaedvlieg et al. 2014)	Quaedvlieg W, et al. 2014. Persoonia 3:31-40 ((https://doi.org/10.3767/003158514X681981))	Catenulostroma
ASV515	Fungi	Basidiomycota	Exobasidiomycetes	Exobasidiales	Graphiolaceae	NA	NA	Graphiolaceae	sSH1087961.09FU	0.7550052	NA	NA	NA	NA	NA	NA	NA	NA	NA	NA	NA	Graphiolaceae
ASV516	Fungi	Ascomycota	Eurotiomycetes	Eurotiales	Aspergillaceae	Talaromyces	NA	Talaromyces	NA	0.9991144	Eurotiales	1CB1CE25-36B9-11D5-9548-00D0592D548C	90472	7	Saprotroph	Undefined Saprotroph	Possible	Microfungus	NULL	NULL	Sterkenburg E, et al. 2015. New Phytologist 207:1145-1158 ((https://doi.org/10.1111/nph.13426))	Talaromyces
ASV517	Fungi	Ascomycota	Pezizomycetes	Pezizales	NA	NA	NA	Pezizales	sSH0979315.09FU	0.9975612	NA	NA	NA	NA	NA	NA	NA	NA	NA	NA	NA	Pezizales
ASV518	Fungi	Basidiomycota	Agaricomycetes	Auriculariales	Exidiaceae	NA	NA	Exidiaceae	NA	0.9302011	NA	NA	NA	NA	NA	NA	NA	NA	NA	NA	NA	Exidiaceae
ASV519	Fungi	Ascomycota	Sordariomycetes	Diaporthales	Gnomoniaceae	Gnomoniopsis	NA	Gnomoniopsis	NA	0.9985466	Gnomoniaceae	F36F48E8-C228-4922-8DB6-AE905CA55412	80810	9	Pathotroph-Saprotroph-Symbiotroph	Endophyte-Plant Pathogen-Undefined Saprotroph	Probable	Microfungus	NULL	Most species are saprobes or endophytes in leaves and bark, but a few are neurotrophic pathogens (Cannon & Kirk 2007)	Cannon PF, Kirk PM. 2007. Fungal Families of the World. CAB International, Cambridge (ISBN: 978-0851998275)	Gnomoniopsis
ASV520	Fungi	Basidiomycota	Agaricomycetes	Polyporales	Meruliaceae	NA	NA	Meruliaceae	sSH1264942.09FU	0.9994483	Meruliaceae	9E12B0B5-1D82-4978-AF3D-6EC22C257619	89005	9	Pathotroph-Saprotroph	Plant Pathogen-Undefined Saprotroph	Probable	Corticioid-Polyporoid	NULL	Saprobic or parasitic on woody plants, causing a white rot (Cannon & Kirk 2007)	Cannon PF, Kirk PM. 2007. Fungal Families of the World. CAB International, Cambridge (ISBN: 978-0851998275)	Meruliaceae
ASV521	Fungi	Basidiomycota	Agaricomycetes	Russulales	Peniophoraceae	Peniophora	NA	Peniophora	NA	0.9999971	Peniophoraceae	1CB1CD8B-36B9-11D5-9548-00D0592D548C	81123	9	Pathotroph-Saprotroph	Plant Pathogen-Wood Saprotroph	Probable	Corticioid	White Rot	Most species are saprobic, causing rots of standing and fallen wood. Many species are adapted to xeric conditions, being able to grow on rapidly drying dead attached branches (Cannon & Kirk 2007)	Cannon PF, Kirk PM. 2007. Fungal Families of the World. CAB International, Cambridge (ISBN: 978-0851998275)	Peniophora
ASV522	Fungi	Basidiomycota	Agaricomycetes	Russulales	Stereaceae	Stereum	Stereum_lobatum	Stereum_lobatum	sSH0935460.09FU	0.9999955	Stereaceae	1CB1CDDC-36B9-11D5-9548-00D0592D548C	81424	9	Saprotroph	Undefined Saprotroph-Wood Saprotroph	Probable	Corticioid-Polyporoid	NULL	Lignicolous or terrestrial (in leaf litter); typically saprobic (Cannon & Kirk 2007)	Cannon PF, Kirk PM. 2007. Fungal Families of the World. CAB International, Cambridge (ISBN: 978-0851998275)	Stereum_lobatum
ASV523	Fungi	Ascomycota	Dothideomycetes	Pleosporales	Didymosphaeriaceae	Paraphaeosphaeria	NA	Paraphaeosphaeria	NA	0.8928877	Didymosphaeriaceae	1CB1CD0B-36B9-11D5-9548-00D0592D548C	80702	9	Pathotroph-Saprotroph-Symbiotroph	Endophyte-Lichen Parasite-Plant Pathogen-Undefined Saprotroph	Probable	Microfungus	NULL	Saprobes in both woody and herbaceous material, also parasitic on other fungi (Cannon & Kirk 2007)	Cannon PF, Kirk PM. 2007. Fungal Families of the World. CAB International, Cambridge (ISBN: 978-0851998275); Massimo NC, et al. 2015. Microbial Ecology 70:61-76 ((https://doi.org/10.1007/s00248-014-0563-6))	Paraphaeosphaeria
ASV524	Fungi	Ascomycota	Eurotiomycetes	Phaeomoniellales	NA	NA	NA	Phaeomoniellales	sSH1087367.09FU	1.0000000	NA	NA	NA	NA	NA	NA	NA	NA	NA	NA	NA	Phaeomoniellales
ASV525	Fungi	Basidiomycota	Agaricomycetes	Russulales	Peniophoraceae	Peniophora	Peniophora_bicornis	Peniophora_bicornis	sSH1068927.09FU	0.9750122	Peniophoraceae	1CB1CD8B-36B9-11D5-9548-00D0592D548C	81123	9	Pathotroph-Saprotroph	Plant Pathogen-Wood Saprotroph	Probable	Corticioid	White Rot	Most species are saprobic, causing rots of standing and fallen wood. Many species are adapted to xeric conditions, being able to grow on rapidly drying dead attached branches (Cannon & Kirk 2007)	Cannon PF, Kirk PM. 2007. Fungal Families of the World. CAB International, Cambridge (ISBN: 978-0851998275)	Peniophora_bicornis
ASV526	Fungi	Basidiomycota	Agaricomycetes	Atheliales	Atheliaceae	NA	NA	Atheliaceae	sSH0904299.09FU	0.8499182	Atheliaceae	1CB1CCC1-36B9-11D5-9548-00D0592D548C	81737	9	Pathotroph-Saprotroph-Symbiotroph	Ectomycorrhizal-Lichen Parasite-Lichenized-Plant Pathogen	Possible	Corticioid	NULL	Many species form ectomycorrhizal associations, often occupying a dominant position in mycorrhizal communities. Other species are pathogens of many different plants and even lichens, and one species has even been suggested to form a lichen association with cyanobacteria. Yet more species are sparse and active decomposers, and a few are aquatic (Cannon & Kirk 2007)	Cannon PF, Kirk PM. 2007. Fungal Families of the World. CAB International, Cambridge (ISBN: 978-0851998275)	Atheliaceae
ASV527	Fungi	Ascomycota	Dothideomycetes	Capnodiales	Dissoconiaceae	Uwebraunia	Uwebraunia_communis	Uwebraunia_communis	sSH1077955.09FU	0.8032638	Uwebraunia	80508960-7D66-4FE7-A5A4-6454C2712399	27643	13	Saprotroph	|Plant Saprotroph|-Undefined Saprotroph	Probable	Microfungus	NULL	As litter_saprotroph (Põlme et al. 2020); Decay leaf, fruit, seed (Põlme et al. 2020)	Tedersoo L, et al. 2014. Science 346:e1256688 ((https://doi.org/10.1126/science.1256688)); Põlme S, et al. 2020. Fungal Diversity 105:1-16 ((https://doi.org/10.1007/s13225-020-00466-2))	Uwebraunia_communis
ASV528	Fungi	Basidiomycota	Agaricomycetes	Russulales	Peniophoraceae	Peniophora	Peniophora_laxitexta	Peniophora_laxitexta	sSH1068832.09FU	0.9544253	Peniophoraceae	1CB1CD8B-36B9-11D5-9548-00D0592D548C	81123	9	Pathotroph-Saprotroph	Plant Pathogen-Wood Saprotroph	Probable	Corticioid	White Rot	Most species are saprobic, causing rots of standing and fallen wood. Many species are adapted to xeric conditions, being able to grow on rapidly drying dead attached branches (Cannon & Kirk 2007)	Cannon PF, Kirk PM. 2007. Fungal Families of the World. CAB International, Cambridge (ISBN: 978-0851998275)	Peniophora_laxitexta
ASV529	Fungi	Ascomycota	Dothideomycetes	Pleosporales	Neopyrenochaetaceae	Neopyrenochaeta	Neopyrenochaeta_telephoni	Neopyrenochaeta_telephoni	sSH1028526.09FU	0.9806453	Neopyrenochaeta	D51302B0-6F0C-4505-A8A8-659DA6B6676F	820313	13	Saprotroph	|Undefined Saprotroph|	Probable	Microfungus	NULL	NULL	Põlme S, et al. 2020. Fungal Diversity 105:1-16 ((https://doi.org/10.1007/s13225-020-00466-2))	Neopyrenochaeta_telephoni
ASV530	Fungi	Basidiomycota	Agaricomycetes	Hymenochaetales	Hymenochaetaceae	NA	NA	Hymenochaetaceae	sSH1027100.09FU	0.9999986	Hymenochaetaceae	CC29D6F9-5984-496D-97E7-42EB138C1FEE	536196	9	Saprotroph-Symbiotroph	Ectomycorrhizal-Wood Saprotroph	Probable	Corticioid-Polyporoid	NULL	Lignicolous, causing white rots, rarely ectomycorrhizal (Cannon & Kirk 2007)	Cannon PF, Kirk PM. 2007. Fungal Families of the World. CAB International, Cambridge (ISBN: 978-0851998275)	Hymenochaetaceae
ASV531	Fungi	Ascomycota	Dothideomycetes	Capnodiales	Neodevriesiaceae	NA	NA	Neodevriesiaceae	NA	0.7847871	Neodevriesiaceae	F8168581-D82E-4A75-9190-C7925084B4CA	807766	9	Pathotroph-Saprotroph	Plant Pathogen-Undefined Saprotroph	Probable	NULL	NULL	Members are foliicolous, saprobic or plant pathogenic (Quaedvlieg et al. 2014)	Quaedvlieg W., et al. 2014. Persoonia 3:31-40 ((http://doi.org/10.3767/003158514X681981))	Neodevriesiaceae
ASV532	Fungi	Basidiomycota	Agaricomycetes	Russulales	Auriscalpiaceae	Gloeodontia	Gloeodontia_eriobotryae	Gloeodontia_eriobotryae	sSH1372224.09FU	0.9999999	Auriscalpiaceae	1CB1CCC4-36B9-11D5-9548-00D0592D548C	80506	9	Pathotroph-Saprotroph	Plant Pathogen-Wood Saprotroph	Probable	Hydnoid	White Rot	Saprobic or parasitic, on wood of gymnosperms and angiosperms, producing white rots (Cannon & Kirk 2007)	Cannon PF, Kirk PM. 2007. Fungal Families of the World. CAB International, Cambridge (ISBN: 978-0851998275)	Gloeodontia_eriobotryae
ASV533	Fungi	Basidiomycota	Agaricomycetes	Hymenochaetales	Schizoporaceae	Xylodon	Xylodon_flaviporus	Xylodon_flaviporus	sSH1236566.09FU	0.9914178	Schizoporaceae	1CB1CDC9-36B9-11D5-9548-00D0592D548C	80038	9	Saprotroph	Wood Saprotroph	Probable	Corticioid	White Rot	Saprobic, causing white rot of standing and fallen wood of coniferous and broadleaved trees, rarely on herbaceous stems (Cannon & Kirk 2007)	Cannon PF, Kirk PM. 2007. Fungal Families of the World. CAB International, Cambridge (ISBN: 978-0851998275)	Xylodon_flaviporus
ASV534	Fungi	Basidiomycota	Agaricomycetes	Cantharellales	Ceratobasidiaceae	Ceratobasidium	NA	Ceratobasidium	sSH1165054.09FU	0.9578284	Ceratobasidiaceae	1CB1CCDC-36B9-11D5-9548-00D0592D548C	80572	9	Pathotroph-Saprotroph-Symbiotroph	Endomycorrhizal-Plant Pathogen-Undefined Saprotroph	Possible	Microfungus	NULL	Best known as plant pathogens, but also saprobic. Species are endomycorrhizal with a wide range of plant roots - especially of Orchidaceae but also even bryophytes (Cannon & Kirk 2007)	Cannon PF, Kirk PM. 2007. Fungal Families of the World. CAB International, Cambridge (ISBN: 978-0851998275)	Ceratobasidium
ASV535	Fungi	Basidiomycota	Agaricomycetes	NA	NA	NA	NA	Agaricomycetes	sSH1167282.09FU	0.9998904	NA	NA	NA	NA	NA	NA	NA	NA	NA	NA	NA	Agaricomycetes
ASV536	Fungi	Basidiomycota	Agaricomycetes	Corticiales	Vuilleminiaceae	Vuilleminia	NA	Vuilleminia	sSH1265472.09FU	0.9999989	Vuilleminia	1CB1CC74-36B9-11D5-9548-00D0592D548C	18743	13	Pathotroph-Saprotroph	Plant Pathogen-Undefined Saprotroph-|Wood Saprotroph|	Probable	Corticioid	White Rot	As white_rot (Põlme et al. 2020); As wood_pathogen (Põlme et al. 2020); Decay wood (Põlme et al. 2020)	Tedersoo L, et al. 2014. Science 346:e1256688 ((https://doi.org/10.1126/science.1256688)); Põlme S, et al. 2020. Fungal Diversity 105:1-16 ((https://doi.org/10.1007/s13225-020-00466-2))	Vuilleminia
ASV537	Fungi	Basidiomycota	Agaricomycetes	Polyporales	NA	NA	NA	Polyporales	sSH1217104.09FU	0.9122509	NA	NA	NA	NA	NA	NA	NA	NA	NA	NA	NA	Polyporales
ASV538	Fungi	Basidiomycota	Agaricomycetes	Polyporales	Polyporaceae	Daedaleopsis	Daedaleopsis_confragosa	Daedaleopsis_confragosa	sSH1311657.09FU	0.9999754	Polyporaceae	1CB19B17-36B9-11D5-9548-00D0592D548C	81203	9	Saprotroph	Wood Saprotroph	Probable	Polyporoid	Brown Rot-White Rot	Lignicolous, causing brown or white rot, mostly of broadleaved trees (Cannon & Kirk 2007)	Cannon PF, Kirk PM. 2007. Fungal Families of the World. CAB International, Cambridge (ISBN: 978-0851998275)	Daedaleopsis_confragosa
ASV539	Fungi	Ascomycota	Dothideomycetes	Venturiales	Sympoventuriaceae	Ochroconis	Ochroconis_musae	Ochroconis_musae	sSH0949400.09FU	0.9457166	Sympoventuriaceae	1A5CF12B-5C15-43F8-BB6A-8479B1581BBB	563117	9	Saprotroph	Undefined Saprotroph	Probable	Microfungus	NULL	Sympoventuriaceae is represented by Sympoventuria, and can be distinguished from species of Venturiales by its saprobic life style (Zhang et al. 2011)	Zhang Y, et al. 2011 Fungal Diversity 51:249-277 ((https://doi.org/10.1007/s13225-011-0141-x))	Ochroconis_musae
ASV540	Fungi	NA	NA	NA	NA	NA	NA	NA	sSH0960589.09FU	0.9961080	NA	NA	NA	NA	NA	NA	NA	NA	NA	NA	NA	NA
ASV541	Fungi	NA	NA	NA	NA	NA	NA	NA	NA	0.8073712	NA	NA	NA	NA	NA	NA	NA	NA	NA	NA	NA	NA
ASV542	Fungi	Ascomycota	Sordariomycetes	Hypocreales	Niessliaceae	Niesslia	Niesslia_tenuis	Niesslia_tenuis	sSH1078503.09FU	0.9981033	Hypocreales	1CB18E60-36B9-11D5-9548-00D0592D548C	90477	7	Saprotroph	Undefined Saprotroph	Possible	Microfungus	NULL	NULL	Sterkenburg E, et al. 2015. New Phytologist 207:1145-1158 ((https://doi.org/10.1111/nph.13426))	Niesslia_tenuis
ASV543	Fungi	Ascomycota	Dothideomycetes	Capnodiales	Neodevriesiaceae	NA	NA	Neodevriesiaceae	sSH0960605.09FU	0.8964478	Neodevriesiaceae	F8168581-D82E-4A75-9190-C7925084B4CA	807766	9	Pathotroph-Saprotroph	Plant Pathogen-Undefined Saprotroph	Probable	NULL	NULL	Members are foliicolous, saprobic or plant pathogenic (Quaedvlieg et al. 2014)	Quaedvlieg W., et al. 2014. Persoonia 3:31-40 ((http://doi.org/10.3767/003158514X681981))	Neodevriesiaceae
ASV544	Fungi	Basidiomycota	Agaricomycetes	Polyporales	Meruliaceae	Scopuloides	Scopuloides_rimosa	Scopuloides_rimosa	sSH1255418.09FU	0.9643244	Meruliaceae	9E12B0B5-1D82-4978-AF3D-6EC22C257619	89005	9	Pathotroph-Saprotroph	Plant Pathogen-Undefined Saprotroph	Probable	Corticioid-Polyporoid	NULL	Saprobic or parasitic on woody plants, causing a white rot (Cannon & Kirk 2007)	Cannon PF, Kirk PM. 2007. Fungal Families of the World. CAB International, Cambridge (ISBN: 978-0851998275)	Scopuloides_rimosa
ASV545	Fungi	Basidiomycota	Agaricomycetes	Agaricales	Mycenaceae	Mycena	Mycena_clavicularis	Mycena_clavicularis	sSH1126222.09FU	0.9051372	Mycenaceae	8AE7A7D8-5A42-428C-A1CF-0125BA948485	505549	9	Saprotroph	Leaf Saprotroph-Wood Saprotroph	Probable	Agaricoid	NULL	Saprobes, most species as early colonizers of dead wood and leaves. A few species of Favolaschia and Mycena have been described as mycorrhizal with terrestrial orchids, but the associations need confirmation (Cannon & Kirk 2007)	Cannon PF, Kirk PM. 2007. Fungal Families of the World. CAB International, Cambridge (ISBN: 978-0851998275)	Mycena_clavicularis
ASV546	Fungi	Basidiomycota	Agaricomycetes	Polyporales	Hyphodermataceae	Hyphoderma	Hyphoderma_setigerum	Hyphoderma_setigerum	sSH1236272.09FU	0.9999392	Hyphoderma	1CB18E22-36B9-11D5-9548-00D0592D548C	17823	13	 Saprotroph	Undefined Saprotroph-|Wood Saprotroph|	Probable	Corticioid	White Rot	As white_rot (Põlme et al. 2020); Decay wood (Põlme et al. 2020)	Tedersoo L, et al. 2014. Science 346:e1256688 ((https://doi.org/10.1126/science.1256688)); Põlme S, et al. 2020. Fungal Diversity 105:1-16 ((https://doi.org/10.1007/s13225-020-00466-2))	Hyphoderma_setigerum
ASV547	Fungi	Ascomycota	Eurotiomycetes	Chaetothyriales	Herpotrichiellaceae	Exophiala	NA	Exophiala	NA	0.9910010	Herpotrichiellaceae	1CB1CD37-36B9-11D5-9548-00D0592D548C	80856	9	Pathotroph-Saprotroph	Animal Pathogen-Fungal Parasite-Undefined Saprotroph	Probable	Facultative Yeast-Microfungus	NULL	Mostly saprobic on plants or other fungi, isolated from soil etc., and from medical sources (Cannon & Kirk 2007)	Cannon PF, Kirk PM. 2007. Fungal Families of the World. CAB International, Cambridge (ISBN: 978-0851998275)	Exophiala
ASV548	Fungi	Basidiomycota	Agaricomycetes	Polyporales	NA	NA	NA	Polyporales	NA	0.9981003	NA	NA	NA	NA	NA	NA	NA	NA	NA	NA	NA	Polyporales
ASV549	Fungi	Ascomycota	Sordariomycetes	NA	NA	NA	NA	Sordariomycetes	NA	0.9484904	NA	NA	NA	NA	NA	NA	NA	NA	NA	NA	NA	Sordariomycetes
ASV550	Fungi	NA	NA	NA	NA	NA	NA	NA	NA	0.9999684	NA	NA	NA	NA	NA	NA	NA	NA	NA	NA	NA	NA
ASV551	Fungi	Ascomycota	Dothideomycetes	Capnodiales	Cladosporiaceae	Rachicladosporium	Rachicladosporium_cboliae	Rachicladosporium_cboliae	sSH0944736.09FU	0.8122887	Cladosporiaceae	6EDCD6E4-DE4D-443D-AF6B-A572F626BD45	816548	9	Pathotroph-Saprotroph-Symbiotroph	Animal Pathogen-Endophyte-Lichen Parasite-Plant Pathogen-Wood Saprotroph	Possible	Microfungus	NULL	NULL	Seehann G, et al. 1975. List of Fungi in Soft-Rot Tissue Tests. Institute fur Holzbiologie und Holzschutz, Bundesforschungsanstalt fur Forst - und Holzwirtshaft, Hamburg - Lohbrugge, Germany; Lawrey JD, Diederich P. 2016. http://www.lichenicolous.net (accessed 24 May 2017) ((http://www.lichenicolous.net)); The American Phytopathological Society Common Names of Plant Diseases ((http://www.apsnet.org/publications/commonnames/Pages/default.aspx))	Rachicladosporium_cboliae
ASV552	Fungi	Basidiomycota	Agaricomycetes	Polyporales	Steccherinaceae	Steccherinum	NA	Steccherinum	sSH1266361.09FU	0.9998721	Steccherinaceae	1CB1CDD9-36B9-11D5-9548-00D0592D548C	81420	9	Saprotroph	Wood Saprotroph	Probable	Corticioid-Polyporoid	White Rot	Growing on dead wood causing white rot, sometimes replacing early colonizers (Cannon & Kirk 2007)	Cannon PF, Kirk PM. 2007. Fungal Families of the World. CAB International, Cambridge (ISBN: 978-0851998275)	Steccherinum
ASV553	Fungi	Basidiomycota	Agaricomycetes	Hymenochaetales	Hymenochaetaceae	Hymenochaete	NA	Hymenochaete	sSH1027104.09FU	0.9572792	Hymenochaetaceae	CC29D6F9-5984-496D-97E7-42EB138C1FEE	536196	9	Saprotroph-Symbiotroph	Ectomycorrhizal-Wood Saprotroph	Probable	Corticioid-Polyporoid	NULL	Lignicolous, causing white rots, rarely ectomycorrhizal (Cannon & Kirk 2007)	Cannon PF, Kirk PM. 2007. Fungal Families of the World. CAB International, Cambridge (ISBN: 978-0851998275)	Hymenochaete
ASV554	Fungi	Basidiomycota	Agaricomycetes	Russulales	Peniophoraceae	NA	NA	Peniophoraceae	sSH1068829.09FU	0.9938158	Peniophoraceae	1CB1CD8B-36B9-11D5-9548-00D0592D548C	81123	9	Pathotroph-Saprotroph	Plant Pathogen-Wood Saprotroph	Probable	Corticioid	White Rot	Most species are saprobic, causing rots of standing and fallen wood. Many species are adapted to xeric conditions, being able to grow on rapidly drying dead attached branches (Cannon & Kirk 2007)	Cannon PF, Kirk PM. 2007. Fungal Families of the World. CAB International, Cambridge (ISBN: 978-0851998275)	Peniophoraceae
ASV555	Fungi	Basidiomycota	Agaricomycetes	Corticiales	Vuilleminiaceae	Vuilleminia	NA	Vuilleminia	sSH1265472.09FU	0.9999947	Vuilleminia	1CB1CC74-36B9-11D5-9548-00D0592D548C	18743	13	Pathotroph-Saprotroph	Plant Pathogen-Undefined Saprotroph-|Wood Saprotroph|	Probable	Corticioid	White Rot	As white_rot (Põlme et al. 2020); As wood_pathogen (Põlme et al. 2020); Decay wood (Põlme et al. 2020)	Tedersoo L, et al. 2014. Science 346:e1256688 ((https://doi.org/10.1126/science.1256688)); Põlme S, et al. 2020. Fungal Diversity 105:1-16 ((https://doi.org/10.1007/s13225-020-00466-2))	Vuilleminia
ASV556	Fungi	Basidiomycota	Agaricomycetes	Russulales	Stereaceae	Stereum	Stereum_sanguinolentum	Stereum_sanguinolentum	sSH0935443.09FU	0.9999340	Stereaceae	1CB1CDDC-36B9-11D5-9548-00D0592D548C	81424	9	Saprotroph	Undefined Saprotroph-Wood Saprotroph	Probable	Corticioid-Polyporoid	NULL	Lignicolous or terrestrial (in leaf litter); typically saprobic (Cannon & Kirk 2007)	Cannon PF, Kirk PM. 2007. Fungal Families of the World. CAB International, Cambridge (ISBN: 978-0851998275)	Stereum_sanguinolentum
ASV557	Fungi	Basidiomycota	Agaricomycetes	Polyporales	Phanerochaetaceae	Bjerkandera	Bjerkandera_adusta	Bjerkandera_adusta	sSH1177901.09FU	0.9971916	Bjerkandera	1CB1C50E-36B9-11D5-9548-00D0592D548C	17160	13	Pathotroph-Saprotroph-Symbiotroph	Endophyte-Plant Pathogen-|Wood Saprotroph|	Highly Probable	Polyporoid	White Rot	As root_endophyte_dark_septate (Põlme et al. 2020); As white_rot (Põlme et al. 2020); As wood_pathogen (Põlme et al. 2020); Decay wood (Põlme et al. 2020)	Gilbertson RL, Ryvarden L. 1987-1987. North American Polypores. Fungiflora, Oslo (ISBN: 978-0945345060); Põlme S, et al. 2020. Fungal Diversity 105:1-16 ((https://doi.org/10.1007/s13225-020-00466-2))	Bjerkandera_adusta
ASV558	Fungi	Ascomycota	Leotiomycetes	Marthamycetales	Marthamycetaceae	Marthamyces	Marthamyces_renga	Marthamyces_renga	sSH1124970.09FU	0.8386761	Marthamyces	3B596D81-F840-4BE2-AD6A-F028BC008A7B	28765	13	Pathotroph-Saprotroph	Plant Pathogen-|Plant Saprotroph|-Wood Saprotroph	Probable	Microfungus	NULL	As litter_saprotroph (Põlme et al. 2020); Decay wood, leaf, fruit, seed (Põlme et al. 2020)	Tedersoo L, et al. 2014. Science 346:e1256688 ((https://doi.org/10.1126/science.1256688)); Põlme S, et al. 2020. Fungal Diversity 105:1-16 ((https://doi.org/10.1007/s13225-020-00466-2))	Marthamyces_renga
ASV559	Fungi	Ascomycota	Pezizomycetes	Pezizales	Pyronemataceae	Harmoniella	NA	Harmoniella	sSH0979317.09FU	0.9969355	Pyronemataceae	1CB1CDB4-36B9-11D5-9548-00D0592D548C	81322	9	Saprotroph-Symbiotroph	Dung Saprotroph-Ectomycorrhizal-Soil Saprotroph-Wood Saprotroph	Possible	Gasteroid-Pezizoid	NULL	Saprobic on soil, dung or rotten wood or mycorrhizal, some species hypogeous, others associated with fire sites (Cannon & Kirk 2007)	Cannon PF, Kirk PM. 2007. Fungal Families of the World. CAB International, Cambridge (ISBN: 978-0851998275)	Harmoniella
ASV560	Fungi	Basidiomycota	Agaricomycetes	Cantharellales	Ceratobasidiaceae	Ceratobasidium	NA	Ceratobasidium	sSH1165054.09FU	0.9608382	Ceratobasidiaceae	1CB1CCDC-36B9-11D5-9548-00D0592D548C	80572	9	Pathotroph-Saprotroph-Symbiotroph	Endomycorrhizal-Plant Pathogen-Undefined Saprotroph	Possible	Microfungus	NULL	Best known as plant pathogens, but also saprobic. Species are endomycorrhizal with a wide range of plant roots - especially of Orchidaceae but also even bryophytes (Cannon & Kirk 2007)	Cannon PF, Kirk PM. 2007. Fungal Families of the World. CAB International, Cambridge (ISBN: 978-0851998275)	Ceratobasidium
ASV561	Fungi	Basidiomycota	Agaricomycetes	Russulales	Lachnocladiaceae	Scytinostroma	NA	Scytinostroma	sSH1235897.09FU	0.9972644	Lachnocladiaceae	1CB1CD49-36B9-11D5-9548-00D0592D548C	80924	9	Saprotroph	Wood Saprotroph	Probable	Coraloid-Corticioid	NULL	On decaying coniferous or broadleaved wood, sometimes on herbaceous stems, presumably saprobic (Cannon & Kirk 2007)	Cannon PF, Kirk PM. 2007. Fungal Families of the World. CAB International, Cambridge (ISBN: 978-0851998275)	Scytinostroma
ASV562	Fungi	Basidiomycota	Agaricomycetes	Polyporales	Polyporaceae	Funalia	Funalia_floccosa	Funalia_floccosa	sSH1248998.09FU	0.9999133	Polyporaceae	1CB19B17-36B9-11D5-9548-00D0592D548C	81203	9	Saprotroph	Wood Saprotroph	Probable	Polyporoid	Brown Rot-White Rot	Lignicolous, causing brown or white rot, mostly of broadleaved trees (Cannon & Kirk 2007)	Cannon PF, Kirk PM. 2007. Fungal Families of the World. CAB International, Cambridge (ISBN: 978-0851998275)	Funalia_floccosa
ASV563	Fungi	Ascomycota	Dothideomycetes	Pleosporales	Pleosporaceae	Alternaria	NA	Alternaria	NA	0.8997416	Pleosporaceae	1CB1CDA2-36B9-11D5-9548-00D0592D548C	81188	9	Pathotroph-Saprotroph	Endophyte-Lichen Parasite-Plant Pathogen-Undefined Saprotroph	Probable	Microfungus	NULL	Necrotrophic pathogens and saprobes, especially associated with grasses. Many species are seed-borne (Cannon & Kirk 2007)	Cannon PF, Kirk PM. 2007. Fungal Families of the World. CAB International, Cambridge (ISBN: 978-0851998275); David AS, et al. 2016. Microbial Ecology 71:912-926 ((https://doi.org/10.1007/s00248-015-0712-6)); Lawrey JD, Diederich P. 2016. http://www.lichenicolous.net (accessed 24 May 2017) ((http://www.lichenicolous.net))	Alternaria
ASV564	Fungi	Basidiomycota	Agaricomycetes	Polyporales	Polyporaceae	NA	NA	Polyporaceae	NA	0.9990746	Polyporaceae	1CB19B17-36B9-11D5-9548-00D0592D548C	81203	9	Saprotroph	Wood Saprotroph	Probable	Polyporoid	Brown Rot-White Rot	Lignicolous, causing brown or white rot, mostly of broadleaved trees (Cannon & Kirk 2007)	Cannon PF, Kirk PM. 2007. Fungal Families of the World. CAB International, Cambridge (ISBN: 978-0851998275)	Polyporaceae
ASV565	Fungi	Ascomycota	Saccharomycetes	Saccharomycetales	Saccharomycetaceae	Saccharomyces	NA	Saccharomyces	NA	1.0000000	Saccharomycetales	B73A15F4-AB90-4E11-B6D7-E0BE710B986C	816369	7	Saprotroph	Undefined Saprotroph	Possible	Yeast	NULL	NULL	Sterkenburg E, et al. 2015. New Phytologist 207:1145-1158 ((https://doi.org/10.1111/nph.13426))	Saccharomyces
ASV566	Fungi	Basidiomycota	Agaricomycetes	Polyporales	NA	NA	NA	Polyporales	sSH1126588.09FU	1.0000000	NA	NA	NA	NA	NA	NA	NA	NA	NA	NA	NA	Polyporales
ASV567	Fungi	Basidiomycota	Agaricomycetes	Polyporales	NA	NA	NA	Polyporales	sSH1088341.09FU	0.9987136	NA	NA	NA	NA	NA	NA	NA	NA	NA	NA	NA	Polyporales
ASV568	Fungi	Ascomycota	Dothideomycetes	Pleosporales	Periconiaceae	Periconia	Periconia_celtidis	Periconia_celtidis	sSH0949764.09FU	0.9956019	Periconia	1CB197FE-36B9-11D5-9548-00D0592D548C	9263	13	Pathotroph-Saprotroph-Symbiotroph	Endophyte-|Plant Pathogen|-Wood Saprotroph	Possible	Microfungus	Soft Rot	 Asteraceae, Musaceae (Costa et al. 2012); As foliar_endophyte (Põlme et al. 2020); Dark Septate Endophyte, known from plant roots (Mandyam et al. 2010); Endophyte Host ; Decay leaf, fruit, seed (Põlme et al. 2020)	Duncan CG, Eslyn WE. 1966. Mycologia 58:642-645 ((https://doi.org/10.2307/3757045)); Costa IPMW, et al. 2012. Mycotaxon 119:e26 ((http://mycotaxon.com/resources/checklists/costa_v119_checklist.pdf)); Põlme S, et al. 2020. Fungal Diversity 105:1-16 ((https://doi.org/10.1007/s13225-020-00466-2)); Mandyam K, et al. 2012. Mycorrhiza 22:109-119 ((https://doi.org/10.1007/s00572-011-0386-y)); Knapp DG, et al. 2012. PLOS ONE 7:e32570 (( https://doi.org/10.1371/journal.pone.0032570)); The American Phytopathological Society Common Names of Plant Diseases ((http://www.apsnet.org/publications/commonnames/Pages/default.aspx))	Periconia_celtidis
ASV569	Fungi	Ascomycota	NA	NA	NA	NA	NA	Ascomycota	NA	0.9966324	NA	NA	NA	NA	NA	NA	NA	NA	NA	NA	NA	Ascomycota
ASV570	Fungi	Ascomycota	Sordariomycetes	Xylariales	Sporocadaceae	Immersidiscosia	Immersidiscosia_eucalypti	Immersidiscosia_eucalypti	sSH1264534.09FU	0.9989306	Immersidiscosia	78EC82D3-9D2A-4FCF-9E56-2B5598B61D84	519746	13	Pathotroph	|Plant Pathogen|	Probable	Microfungus	NULL	NULL	Tedersoo L, et al. 2014. Science 346:e1256688 ((https://doi.org/10.1126/science.1256688)); Põlme S, et al. 2020. Fungal Diversity 105:1-16 ((https://doi.org/10.1007/s13225-020-00466-2))	Immersidiscosia_eucalypti
ASV571	Fungi	Basidiomycota	Agaricomycetes	Russulales	Stereaceae	Stereum	Stereum_lobatum	Stereum_lobatum	sSH0935460.09FU	0.9999794	Stereaceae	1CB1CDDC-36B9-11D5-9548-00D0592D548C	81424	9	Saprotroph	Undefined Saprotroph-Wood Saprotroph	Probable	Corticioid-Polyporoid	NULL	Lignicolous or terrestrial (in leaf litter); typically saprobic (Cannon & Kirk 2007)	Cannon PF, Kirk PM. 2007. Fungal Families of the World. CAB International, Cambridge (ISBN: 978-0851998275)	Stereum_lobatum
ASV572	Fungi	Basidiomycota	Agaricomycetes	Hymenochaetales	Hymenochaetaceae	Hymenochaete	Hymenochaete_odontoides	Hymenochaete_odontoides	sSH1027091.09FU	0.9998974	Hymenochaetaceae	CC29D6F9-5984-496D-97E7-42EB138C1FEE	536196	9	Saprotroph-Symbiotroph	Ectomycorrhizal-Wood Saprotroph	Probable	Corticioid-Polyporoid	NULL	Lignicolous, causing white rots, rarely ectomycorrhizal (Cannon & Kirk 2007)	Cannon PF, Kirk PM. 2007. Fungal Families of the World. CAB International, Cambridge (ISBN: 978-0851998275)	Hymenochaete_odontoides
ASV573	Fungi	Basidiomycota	Agaricomycetes	Cantharellales	Hydnaceae	Burgoa	Burgoa_verzuoliana	Burgoa_verzuoliana	sSH1249937.09FU	0.9999321	Burgoa	3D022F63-75EE-4255-A657-0A099AF78896	7457	13	Pathotroph	|Lichen Parasite|	Probable	Microfungus	NULL	Decay fungal material, algal material (Põlme et al. 2020)	Põlme S, et al. 2020. Fungal Diversity 105:1-16 ((https://doi.org/10.1007/s13225-020-00466-2))	Burgoa_verzuoliana
ASV574	Fungi	Basidiomycota	Agaricomycetes	Cantharellales	Hydnaceae	Sistotrema	NA	Sistotrema	sSH0879290.09FU	0.9770330	Sistotrema	1CB1CB70-36B9-11D5-9548-00D0592D548C	18551	13	Saprotroph-Symbiotroph	Ectomycorrhizal-|Plant Saprotroph|-Wood Saprotroph	Possible	Corticioid	White Rot	As litter_saprotroph (Põlme et al. 2020); Decay leaf, fruit, seed (Põlme et al. 2020)	Gilbertson RL, Ryvarden L. 1987-1987. North American Polypores. Fungiflora, Oslo (ISBN: 978-0945345060); Rinaldi AC, et al. 2008. Fungal Diversity 33:1-45 ((http://www.fungaldiversity.org/fdp/sfdp/33-1.pdf)) (as ECM/not ECM); Tedersoo L, et al. 2010. Mycorrhiza 20:217-263 ((https://doi.org/10.1007/s00572-009-0274-x)) (pro parte); Põlme S, et al. 2020. Fungal Diversity 105:1-16 ((https://doi.org/10.1007/s13225-020-00466-2)); http://mycorrhizas.info/ecmf.html ((http://mycorrhizas.info/ecmf.html)) (as ECM/not ECM).	Sistotrema
ASV575	Fungi	Basidiomycota	Agaricomycetes	Russulales	Stereaceae	NA	NA	Stereaceae	NA	0.9577438	Stereaceae	1CB1CDDC-36B9-11D5-9548-00D0592D548C	81424	9	Saprotroph	Undefined Saprotroph-Wood Saprotroph	Probable	Corticioid-Polyporoid	NULL	Lignicolous or terrestrial (in leaf litter); typically saprobic (Cannon & Kirk 2007)	Cannon PF, Kirk PM. 2007. Fungal Families of the World. CAB International, Cambridge (ISBN: 978-0851998275)	Stereaceae
ASV576	Fungi	Ascomycota	Dothideomycetes	Pleosporales	Lentitheciaceae	NA	NA	Lentitheciaceae	sSH1169448.09FU	0.9622072	NA	NA	NA	NA	NA	NA	NA	NA	NA	NA	NA	Lentitheciaceae
ASV577	Fungi	Basidiomycota	Agaricomycetes	NA	NA	NA	NA	Agaricomycetes	NA	0.9980689	NA	NA	NA	NA	NA	NA	NA	NA	NA	NA	NA	Agaricomycetes
ASV578	Fungi	Ascomycota	Dothideomycetes	Pleosporales	Pleosporaceae	Stemphylium	NA	Stemphylium	NA	0.9980321	Pleosporaceae	1CB1CDA2-36B9-11D5-9548-00D0592D548C	81188	9	Pathotroph-Saprotroph	Endophyte-Lichen Parasite-Plant Pathogen-Undefined Saprotroph	Probable	Microfungus	NULL	Necrotrophic pathogens and saprobes, especially associated with grasses. Many species are seed-borne (Cannon & Kirk 2007)	Cannon PF, Kirk PM. 2007. Fungal Families of the World. CAB International, Cambridge (ISBN: 978-0851998275); David AS, et al. 2016. Microbial Ecology 71:912-926 ((https://doi.org/10.1007/s00248-015-0712-6)); Lawrey JD, Diederich P. 2016. http://www.lichenicolous.net (accessed 24 May 2017) ((http://www.lichenicolous.net))	Stemphylium
ASV579	Fungi	Basidiomycota	Agaricomycetes	Polyporales	Polyporaceae	Trametes	Trametes_pubescens	Trametes_pubescens	sSH1122502.09FU	0.7667074	Polyporaceae	1CB19B17-36B9-11D5-9548-00D0592D548C	81203	9	Saprotroph	Wood Saprotroph	Probable	Polyporoid	Brown Rot-White Rot	Lignicolous, causing brown or white rot, mostly of broadleaved trees (Cannon & Kirk 2007)	Cannon PF, Kirk PM. 2007. Fungal Families of the World. CAB International, Cambridge (ISBN: 978-0851998275)	Trametes_pubescens
ASV580	Fungi	Basidiomycota	Tremellomycetes	Tremellales	Bulleraceae	Bullera	Bullera_alba	Bullera_alba	sSH1008214.09FU	0.9967358	Tremellales	1CB1CE64-36B9-11D5-9548-00D0592D548C	90451	7	Pathotroph-Saprotroph-Symbiotroph	Fungal Parasite-Undefined Saprotroph	Possible	Tremelloid-Yeast	NULL	The order contains both teleomorphic and anamorphic species, most of the latter being yeasts	Sterkenburg E, et al. 2015. New Phytologist 207:1145-1158 ((https://doi.org/10.1111/nph.13426))	Bullera_alba
ASV581	Fungi	Basidiomycota	Agaricomycetes	Polyporales	Irpicaceae	Irpex	Irpex_hacksungii	Irpex_hacksungii	sSH1142629.09FU	0.9896454	Irpex	1CB18F5A-36B9-11D5-9548-00D0592D548C	17858	13	Saprotroph	|Wood Saprotroph|	Highly Probable	Corticioid	White Rot	As white_rot (Põlme et al. 2020); Decay wood (Põlme et al. 2020); White rot of dead hardwoods, rarely on conifers	Gilbertson RL, Ryvarden L. 1987-1987. North American Polypores. Fungiflora, Oslo (ISBN: 978-0945345060); Costa IPMW, et al. 2012. Mycotaxon 119:e26 ((http://mycotaxon.com/resources/checklists/costa_v119_checklist.pdf)); Põlme S, et al. 2020. Fungal Diversity 105:1-16 ((https://doi.org/10.1007/s13225-020-00466-2)); The American Phytopathological Society Common Names of Plant Diseases ((http://www.apsnet.org/publications/commonnames/Pages/default.aspx))	Irpex_hacksungii
ASV582	Fungi	Basidiomycota	Agaricomycetes	Sistotremastrales	Sistotremastraceae	Sistotremastrum	NA	Sistotremastrum	sSH0893867.09FU	0.9999902	Sistotremastrum	091F1714-D38C-4FB2-A0F9-84225773BCBE	18553	13	Saprotroph	Undefined Saprotroph-|Wood Saprotroph|	Probable	Corticioid	White Rot	As white_rot (Põlme et al. 2020); Decay wood (Põlme et al. 2020)	Tedersoo L, et al. 2014. Science 346:e1256688 ((https://doi.org/10.1126/science.1256688)); Põlme S, et al. 2020. Fungal Diversity 105:1-16 ((https://doi.org/10.1007/s13225-020-00466-2))	Sistotremastrum
ASV583	Fungi	Basidiomycota	Agaricomycetes	Corticiales	Vuilleminiaceae	NA	NA	Vuilleminiaceae	sSH1308164.09FU	0.9988581	NA	NA	NA	NA	NA	NA	NA	NA	NA	NA	NA	Vuilleminiaceae
ASV584	Fungi	Basidiomycota	Microbotryomycetes	Sporidiobolales	Sporidiobolaceae	Sporobolomyces	Sporobolomyces_ruberrimus	Sporobolomyces_ruberrimus	sSH0882343.09FU	0.8216057	Sporidiobolaceae	20AD224D-9EFF-4C1C-8214-59BA76CCCDF3	82101	9	Pathotroph-Saprotroph	Animal Pathogen-Undefined Saprotroph	Probable	Microfungus	NULL	Saprobic, found in a wide range of habitats and especially in aquatic systems. Some of the red yeasts in this family are widely encountered spoilage organisms and opportunistic human pathogens (Cannon & Kirk 2007)	Cannon PF, Kirk PM. 2007. Fungal Families of the World. CAB International, Cambridge (ISBN: 978-0851998275)	Sporobolomyces_ruberrimus
ASV585	Fungi	NA	NA	NA	NA	NA	NA	NA	NA	0.8338950	NA	NA	NA	NA	NA	NA	NA	NA	NA	NA	NA	NA
ASV586	Fungi	Basidiomycota	Agaricomycetes	Amylocorticiales	Amylocorticiaceae	Amyloxenasma	NA	Amyloxenasma	NA	0.9014133	Amylocorticiaceae	F1AC6A76-C083-47A5-ACC0-FB5027C4CCF1	82170	9	Saprotroph	Undefined Saprotroph	Probable	NULL	Brown Rot; White Rot	Species live saprophytically on decaying wood or as plant parasites. Associated with brown rot or white rot (Binder et al. 2010)	Binder M, et al. 2010. Mycologia 102:865-880 ((https://doi.org/10.3852/09-288))	Amyloxenasma
ASV587	Fungi	Basidiomycota	Agaricomycetes	Hymenochaetales	Hyphodontiaceae	Kneiffiella	NA	Kneiffiella	sSH1133832.09FU	1.0000000	Kneiffiella	521B67D7-C6CE-4635-BDE1-314C8DF4C6B6	17877	13	Saprotroph	|Wood Saprotroph|	Probable	Corticioid	White Rot	As white_rot (Põlme et al. 2020); Decay wood (Põlme et al. 2020)	Põlme S, et al. 2020. Fungal Diversity 105:1-16 ((https://doi.org/10.1007/s13225-020-00466-2))	Kneiffiella
ASV588	Fungi	Basidiomycota	Agaricomycetes	Polyporales	Incrustoporiaceae	Skeletocutis	Skeletocutis_papyracea	Skeletocutis_papyracea	sSH1257597.09FU	0.9905641	Skeletocutis	1CB1A2C9-36B9-11D5-9548-00D0592D548C	18554	13	Saprotroph	|Wood Saprotroph|	Highly Probable	Polyporoid	White Rot	As white_rot (Põlme et al. 2020); Decay wood (Põlme et al. 2020)	Gilbertson RL, Ryvarden L. 1987-1987. North American Polypores. Fungiflora, Oslo (ISBN: 978-0945345060); Põlme S, et al. 2020. Fungal Diversity 105:1-16 ((https://doi.org/10.1007/s13225-020-00466-2))	Skeletocutis_papyracea
ASV589	Fungi	Ascomycota	Dothideomycetes	Mycosphaerellales	Teratosphaeriaceae	Hortaea	Hortaea_werneckii	Hortaea_werneckii	sSH1000031.09FU	0.9999994	Teratosphaeriaceae	87A3FDCC-E75C-4F2E-B987-C7579847CE32	504465	9	Pathotroph-Saprotroph	Animal Pathogen-Plant Pathogen-Undefined Saprotroph	Probable	NULL	NULL	Includes numerous saprobic, extremophilic, human opportunistic, and plant pathogenic fungi (Quaedvlieg et al. 2014)	Quaedvlieg W, et al. 2014. Persoonia 3:31-40 ((https://doi.org/10.3767/003158514X681981))	Hortaea_werneckii
ASV590	Fungi	NA	NA	NA	NA	NA	NA	NA	sSH0884008.09FU	0.9835629	NA	NA	NA	NA	NA	NA	NA	NA	NA	NA	NA	NA
ASV591	Fungi	Basidiomycota	Agaricomycetes	Sistotremastrales	Sistotremastraceae	Sistotremastrum	Sistotremastrum_rigidum	Sistotremastrum_rigidum	sSH1075055.09FU	1.0000000	Sistotremastrum	091F1714-D38C-4FB2-A0F9-84225773BCBE	18553	13	Saprotroph	Undefined Saprotroph-|Wood Saprotroph|	Probable	Corticioid	White Rot	As white_rot (Põlme et al. 2020); Decay wood (Põlme et al. 2020)	Tedersoo L, et al. 2014. Science 346:e1256688 ((https://doi.org/10.1126/science.1256688)); Põlme S, et al. 2020. Fungal Diversity 105:1-16 ((https://doi.org/10.1007/s13225-020-00466-2))	Sistotremastrum_rigidum
ASV592	Fungi	Basidiomycota	Agaricomycetes	Russulales	Peniophoraceae	Peniophora	Peniophora_versiformis	Peniophora_versiformis	sSH1068814.09FU	0.9973291	Peniophoraceae	1CB1CD8B-36B9-11D5-9548-00D0592D548C	81123	9	Pathotroph-Saprotroph	Plant Pathogen-Wood Saprotroph	Probable	Corticioid	White Rot	Most species are saprobic, causing rots of standing and fallen wood. Many species are adapted to xeric conditions, being able to grow on rapidly drying dead attached branches (Cannon & Kirk 2007)	Cannon PF, Kirk PM. 2007. Fungal Families of the World. CAB International, Cambridge (ISBN: 978-0851998275)	Peniophora_versiformis
ASV593	Fungi	Basidiomycota	Agaricomycetes	Polyporales	Meruliaceae	Phlebia	Phlebia_formosana	Phlebia_formosana	sSH1255403.09FU	0.9999943	Meruliaceae	9E12B0B5-1D82-4978-AF3D-6EC22C257619	89005	9	Pathotroph-Saprotroph	Plant Pathogen-Undefined Saprotroph	Probable	Corticioid-Polyporoid	NULL	Saprobic or parasitic on woody plants, causing a white rot (Cannon & Kirk 2007)	Cannon PF, Kirk PM. 2007. Fungal Families of the World. CAB International, Cambridge (ISBN: 978-0851998275)	Phlebia_formosana
ASV594	Fungi	Basidiomycota	Tremellomycetes	Tremellales	Bulleribasidiaceae	Hannaella	NA	Hannaella	NA	0.8252242	Tremellales	1CB1CE64-36B9-11D5-9548-00D0592D548C	90451	7	Pathotroph-Saprotroph-Symbiotroph	Fungal Parasite-Undefined Saprotroph	Possible	Tremelloid-Yeast	NULL	The order contains both teleomorphic and anamorphic species, most of the latter being yeasts	Sterkenburg E, et al. 2015. New Phytologist 207:1145-1158 ((https://doi.org/10.1111/nph.13426))	Hannaella
ASV595	Fungi	Ascomycota	Sordariomycetes	Diaporthales	Gnomoniaceae	Gnomoniopsis	Gnomoniopsis_paraclavulata	Gnomoniopsis_paraclavulata	sSH1271741.09FU	0.9268067	Gnomoniaceae	F36F48E8-C228-4922-8DB6-AE905CA55412	80810	9	Pathotroph-Saprotroph-Symbiotroph	Endophyte-Plant Pathogen-Undefined Saprotroph	Probable	Microfungus	NULL	Most species are saprobes or endophytes in leaves and bark, but a few are neurotrophic pathogens (Cannon & Kirk 2007)	Cannon PF, Kirk PM. 2007. Fungal Families of the World. CAB International, Cambridge (ISBN: 978-0851998275)	Gnomoniopsis_paraclavulata
ASV596	Fungi	Ascomycota	Eurotiomycetes	Chaetothyriales	Herpotrichiellaceae	Exophiala	Exophiala_mali	Exophiala_mali	sSH1107902.09FU	0.9884392	Herpotrichiellaceae	1CB1CD37-36B9-11D5-9548-00D0592D548C	80856	9	Pathotroph-Saprotroph	Animal Pathogen-Fungal Parasite-Undefined Saprotroph	Probable	Facultative Yeast-Microfungus	NULL	Mostly saprobic on plants or other fungi, isolated from soil etc., and from medical sources (Cannon & Kirk 2007)	Cannon PF, Kirk PM. 2007. Fungal Families of the World. CAB International, Cambridge (ISBN: 978-0851998275)	Exophiala_mali
ASV597	Fungi	Ascomycota	Sordariomycetes	Amphisphaeriales	Pestalotiopsidaceae	Pestalotiopsis	NA	Pestalotiopsis	NA	0.9821515	Pestalotiopsis	1CB196D2-36B9-11D5-9548-00D0592D548C	9272	13	Pathotroph	|Plant Pathogen|	Probable	Microfungus	NULL	NULL	Tedersoo L, et al. 2014. Science 346:e1256688 ((https://doi.org/10.1126/science.1256688)); Põlme S, et al. 2020. Fungal Diversity 105:1-16 ((https://doi.org/10.1007/s13225-020-00466-2))	Pestalotiopsis
ASV598	Fungi	Ascomycota	Dothideomycetes	Botryosphaeriales	Botryosphaeriaceae	Neofusicoccum	NA	Neofusicoccum	NA	0.9515268	Botryosphaeriaceae	1CB1CCD2-36B9-11D5-9548-00D0592D548C	80530	9	Pathotroph-Saprotroph-Symbiotroph	Endophyte-Plant Pathogen-Wood Saprotroph	Probable	Microfungus	NULL	Biotrophic, necrotrophic, or saprobic, especially associated with woody tissue (Cannon & Kirk 2007)	Cannon PF, Kirk PM. 2007. Fungal Families of the World. CAB International, Cambridge (ISBN: 978-0851998275)	Neofusicoccum
ASV599	Fungi	Basidiomycota	Agaricomycetes	Polyporales	Meruliaceae	Phlebia	Phlebia_acanthocystis	Phlebia_acanthocystis	sSH1255430.09FU	0.7143172	Meruliaceae	9E12B0B5-1D82-4978-AF3D-6EC22C257619	89005	9	Pathotroph-Saprotroph	Plant Pathogen-Undefined Saprotroph	Probable	Corticioid-Polyporoid	NULL	Saprobic or parasitic on woody plants, causing a white rot (Cannon & Kirk 2007)	Cannon PF, Kirk PM. 2007. Fungal Families of the World. CAB International, Cambridge (ISBN: 978-0851998275)	Phlebia_acanthocystis
ASV600	Fungi	Ascomycota	Dothideomycetes	Capnodiales	Neodevriesiaceae	Neodevriesia	Neodevriesia_strelitziae	Neodevriesia_strelitziae	sSH0960596.09FU	0.9971800	Neodevriesiaceae	F8168581-D82E-4A75-9190-C7925084B4CA	807766	9	Pathotroph-Saprotroph	Plant Pathogen-Undefined Saprotroph	Probable	NULL	NULL	Members are foliicolous, saprobic or plant pathogenic (Quaedvlieg et al. 2014)	Quaedvlieg W., et al. 2014. Persoonia 3:31-40 ((http://doi.org/10.3767/003158514X681981))	Neodevriesia_strelitziae
ASV601	Fungi	Basidiomycota	Agaricomycetes	Polyporales	Meruliaceae	Phlebia	Phlebia_tremellosa	Phlebia_tremellosa	sSH0880595.09FU	1.0000000	Meruliaceae	9E12B0B5-1D82-4978-AF3D-6EC22C257619	89005	9	Pathotroph-Saprotroph	Plant Pathogen-Undefined Saprotroph	Probable	Corticioid-Polyporoid	NULL	Saprobic or parasitic on woody plants, causing a white rot (Cannon & Kirk 2007)	Cannon PF, Kirk PM. 2007. Fungal Families of the World. CAB International, Cambridge (ISBN: 978-0851998275)	Phlebia_tremellosa
ASV602	Fungi	Basidiomycota	Agaricomycetes	Polyporales	Phanerochaetaceae	NA	NA	Phanerochaetaceae	sSH1217013.09FU	0.9999323	NA	NA	NA	NA	NA	NA	NA	NA	NA	NA	NA	Phanerochaetaceae
ASV603	Fungi	Basidiomycota	Agaricomycetes	Russulales	Peniophoraceae	Peniophora	Peniophora_laxitexta	Peniophora_laxitexta	sSH1068832.09FU	0.9160492	Peniophoraceae	1CB1CD8B-36B9-11D5-9548-00D0592D548C	81123	9	Pathotroph-Saprotroph	Plant Pathogen-Wood Saprotroph	Probable	Corticioid	White Rot	Most species are saprobic, causing rots of standing and fallen wood. Many species are adapted to xeric conditions, being able to grow on rapidly drying dead attached branches (Cannon & Kirk 2007)	Cannon PF, Kirk PM. 2007. Fungal Families of the World. CAB International, Cambridge (ISBN: 978-0851998275)	Peniophora_laxitexta
ASV604	Fungi	Basidiomycota	Agaricomycetes	Polyporales	Irpicaceae	NA	NA	Irpicaceae	sSH1142622.09FU	0.9985848	NA	NA	NA	NA	NA	NA	NA	NA	NA	NA	NA	Irpicaceae
ASV605	Fungi	Ascomycota	Dothideomycetes	Venturiales	Sympoventuriaceae	NA	NA	Sympoventuriaceae	NA	0.7494397	Sympoventuriaceae	1A5CF12B-5C15-43F8-BB6A-8479B1581BBB	563117	9	Saprotroph	Undefined Saprotroph	Probable	Microfungus	NULL	Sympoventuriaceae is represented by Sympoventuria, and can be distinguished from species of Venturiales by its saprobic life style (Zhang et al. 2011)	Zhang Y, et al. 2011 Fungal Diversity 51:249-277 ((https://doi.org/10.1007/s13225-011-0141-x))	Sympoventuriaceae
ASV606	Fungi	Ascomycota	Dothideomycetes	Pleosporales	Phaeosphaeriaceae	Didymocyrtis	NA	Didymocyrtis	sSH0942249.09FU	0.8565737	Phaeosphaeriaceae	1CB1CD8E-36B9-11D5-9548-00D0592D548C	81637	9	Pathotroph-Saprotroph	Fungal Parasite-Plant Pathogen-Plant Saprotroph	Probable	Microfungus	NULL	Necrotrophic or saprobic on a wide range of plants, especially monocotyledons; a few species parasitic on other fungi (Cannon & Kirk 2007)	Cannon PF, Kirk PM. 2007. Fungal Families of the World. CAB International, Cambridge (ISBN: 978-0851998275)	Didymocyrtis
ASV607	Fungi	Basidiomycota	Tremellomycetes	Tremellales	Rhynchogastremataceae	Papiliotrema	Papiliotrema_pseudoalba	Papiliotrema_pseudoalba	sSH0960186.09FU	0.9977137	Tremellales	1CB1CE64-36B9-11D5-9548-00D0592D548C	90451	7	Pathotroph-Saprotroph-Symbiotroph	Fungal Parasite-Undefined Saprotroph	Possible	Tremelloid-Yeast	NULL	The order contains both teleomorphic and anamorphic species, most of the latter being yeasts	Sterkenburg E, et al. 2015. New Phytologist 207:1145-1158 ((https://doi.org/10.1111/nph.13426))	Papiliotrema_pseudoalba
ASV608	Fungi	Basidiomycota	Agaricomycetes	Polyporales	Meruliaceae	Phlebia	Phlebia_brevispora	Phlebia_brevispora	sSH1167279.09FU	1.0000000	Meruliaceae	9E12B0B5-1D82-4978-AF3D-6EC22C257619	89005	9	Pathotroph-Saprotroph	Plant Pathogen-Undefined Saprotroph	Probable	Corticioid-Polyporoid	NULL	Saprobic or parasitic on woody plants, causing a white rot (Cannon & Kirk 2007)	Cannon PF, Kirk PM. 2007. Fungal Families of the World. CAB International, Cambridge (ISBN: 978-0851998275)	Phlebia_brevispora
ASV609	Fungi	Basidiomycota	Agaricomycetes	Hymenochaetales	Hymenochaetaceae	Hymenochaete	NA	Hymenochaete	NA	0.7738670	Hymenochaetaceae	CC29D6F9-5984-496D-97E7-42EB138C1FEE	536196	9	Saprotroph-Symbiotroph	Ectomycorrhizal-Wood Saprotroph	Probable	Corticioid-Polyporoid	NULL	Lignicolous, causing white rots, rarely ectomycorrhizal (Cannon & Kirk 2007)	Cannon PF, Kirk PM. 2007. Fungal Families of the World. CAB International, Cambridge (ISBN: 978-0851998275)	Hymenochaete
ASV610	Fungi	Basidiomycota	Agaricomycetes	Auriculariales	Exidiaceae	NA	NA	Exidiaceae	NA	0.9932781	NA	NA	NA	NA	NA	NA	NA	NA	NA	NA	NA	Exidiaceae
ASV611	Fungi	Ascomycota	Eurotiomycetes	Eurotiales	Aspergillaceae	NA	NA	Aspergillaceae	NA	0.9999775	Eurotiales	1CB1CE25-36B9-11D5-9548-00D0592D548C	90472	7	Saprotroph	Undefined Saprotroph	Possible	Microfungus	NULL	NULL	Sterkenburg E, et al. 2015. New Phytologist 207:1145-1158 ((https://doi.org/10.1111/nph.13426))	Aspergillaceae
ASV612	Fungi	Basidiomycota	Agaricomycetes	NA	Xenasmataceae	Xenasmatella	NA	Xenasmatella	NA	0.9999702	Xenasmatella	1CB1CC85-36B9-11D5-9548-00D0592D548C	18756	13	Saprotroph	Undefined Saprotroph-|Wood Saprotroph|	Probable	Corticioid	White Rot	As white_rot (Põlme et al. 2020); Decay wood (Põlme et al. 2020)	Tedersoo L, et al. 2014. Science 346:e1256688 ((https://doi.org/10.1126/science.1256688)); Põlme S, et al. 2020. Fungal Diversity 105:1-16 ((https://doi.org/10.1007/s13225-020-00466-2))	Xenasmatella
ASV613	Fungi	Basidiomycota	Agaricomycetes	Polyporales	Incrustoporiaceae	Skeletocutis	Skeletocutis_kuehneri	Skeletocutis_kuehneri	sSH1010839.09FU	0.9999945	Skeletocutis	1CB1A2C9-36B9-11D5-9548-00D0592D548C	18554	13	Saprotroph	|Wood Saprotroph|	Highly Probable	Polyporoid	White Rot	As white_rot (Põlme et al. 2020); Decay wood (Põlme et al. 2020)	Gilbertson RL, Ryvarden L. 1987-1987. North American Polypores. Fungiflora, Oslo (ISBN: 978-0945345060); Põlme S, et al. 2020. Fungal Diversity 105:1-16 ((https://doi.org/10.1007/s13225-020-00466-2))	Skeletocutis_kuehneri
ASV614	Fungi	Ascomycota	Sordariomycetes	Diaporthales	Diaporthaceae	Diaporthe	NA	Diaporthe	NA	0.9958564	Diaporthaceae	1CB186D0-36B9-11D5-9548-00D0592D548C	80691	9	Pathotroph-Saprotroph-Symbiotroph	Endophyte-Plant Pathogen-Plant Saprotroph	Probable	Microfungus	NULL	Most species are weak pathogens or endophytes in leaf or stem tissue, growing saprobically after the plant dies (Cannon & Kirk 2007)	Cannon PF, Kirk PM. 2007. Fungal Families of the World. CAB International, Cambridge (ISBN: 978-0851998275)	Diaporthe
ASV615	Fungi	Basidiomycota	Agaricomycetes	Russulales	Peniophoraceae	Peniophora	Peniophora_albobadia	Peniophora_albobadia	sSH1068847.09FU	0.9963390	Peniophoraceae	1CB1CD8B-36B9-11D5-9548-00D0592D548C	81123	9	Pathotroph-Saprotroph	Plant Pathogen-Wood Saprotroph	Probable	Corticioid	White Rot	Most species are saprobic, causing rots of standing and fallen wood. Many species are adapted to xeric conditions, being able to grow on rapidly drying dead attached branches (Cannon & Kirk 2007)	Cannon PF, Kirk PM. 2007. Fungal Families of the World. CAB International, Cambridge (ISBN: 978-0851998275)	Peniophora_albobadia
ASV616	Fungi	Basidiomycota	Agaricomycetes	Polyporales	Irpicaceae	Irpex	Irpex_hacksungii	Irpex_hacksungii	sSH1142629.09FU	0.9926112	Irpex	1CB18F5A-36B9-11D5-9548-00D0592D548C	17858	13	Saprotroph	|Wood Saprotroph|	Highly Probable	Corticioid	White Rot	As white_rot (Põlme et al. 2020); Decay wood (Põlme et al. 2020); White rot of dead hardwoods, rarely on conifers	Gilbertson RL, Ryvarden L. 1987-1987. North American Polypores. Fungiflora, Oslo (ISBN: 978-0945345060); Costa IPMW, et al. 2012. Mycotaxon 119:e26 ((http://mycotaxon.com/resources/checklists/costa_v119_checklist.pdf)); Põlme S, et al. 2020. Fungal Diversity 105:1-16 ((https://doi.org/10.1007/s13225-020-00466-2)); The American Phytopathological Society Common Names of Plant Diseases ((http://www.apsnet.org/publications/commonnames/Pages/default.aspx))	Irpex_hacksungii
ASV617	Fungi	Basidiomycota	Tremellomycetes	Tremellales	Rhynchogastremataceae	Papiliotrema	NA	Papiliotrema	NA	0.9927206	Tremellales	1CB1CE64-36B9-11D5-9548-00D0592D548C	90451	7	Pathotroph-Saprotroph-Symbiotroph	Fungal Parasite-Undefined Saprotroph	Possible	Tremelloid-Yeast	NULL	The order contains both teleomorphic and anamorphic species, most of the latter being yeasts	Sterkenburg E, et al. 2015. New Phytologist 207:1145-1158 ((https://doi.org/10.1111/nph.13426))	Papiliotrema
ASV618	Fungi	Ascomycota	Sordariomycetes	Hypocreales	Cordycipitaceae	Lecanicillium	Lecanicillium_fusisporum	Lecanicillium_fusisporum	sSH1259181.09FU	0.9999997	Hypocreales	1CB18E60-36B9-11D5-9548-00D0592D548C	90477	7	Saprotroph	Undefined Saprotroph	Possible	Microfungus	NULL	NULL	Sterkenburg E, et al. 2015. New Phytologist 207:1145-1158 ((https://doi.org/10.1111/nph.13426))	Lecanicillium_fusisporum
ASV619	Fungi	Ascomycota	Sordariomycetes	Hypocreales	NA	Acremonium	Acremonium_sclerotigenum	Acremonium_sclerotigenum	sSH1291669.09FU	0.9535052	Hypocreales	1CB18E60-36B9-11D5-9548-00D0592D548C	90477	7	Saprotroph	Undefined Saprotroph	Possible	Microfungus	NULL	NULL	Sterkenburg E, et al. 2015. New Phytologist 207:1145-1158 ((https://doi.org/10.1111/nph.13426))	Acremonium_sclerotigenum
ASV620	Fungi	Ascomycota	Dothideomycetes	Capnodiales	Neodevriesiaceae	NA	NA	Neodevriesiaceae	NA	0.7375043	Neodevriesiaceae	F8168581-D82E-4A75-9190-C7925084B4CA	807766	9	Pathotroph-Saprotroph	Plant Pathogen-Undefined Saprotroph	Probable	NULL	NULL	Members are foliicolous, saprobic or plant pathogenic (Quaedvlieg et al. 2014)	Quaedvlieg W., et al. 2014. Persoonia 3:31-40 ((http://doi.org/10.3767/003158514X681981))	Neodevriesiaceae
ASV621	Fungi	Ascomycota	Eurotiomycetes	Eurotiales	Aspergillaceae	Aspergillus	NA	Aspergillus	NA	0.8221244	Eurotiales	1CB1CE25-36B9-11D5-9548-00D0592D548C	90472	7	Saprotroph	Undefined Saprotroph	Possible	Microfungus	NULL	NULL	Sterkenburg E, et al. 2015. New Phytologist 207:1145-1158 ((https://doi.org/10.1111/nph.13426))	Aspergillus
ASV622	Fungi	Ascomycota	Sordariomycetes	Hypocreales	Cordycipitaceae	Leptobacillium	Leptobacillium_symbioticum	Leptobacillium_symbioticum	sSH0940224.09FU	0.9996338	Hypocreales	1CB18E60-36B9-11D5-9548-00D0592D548C	90477	7	Saprotroph	Undefined Saprotroph	Possible	Microfungus	NULL	NULL	Sterkenburg E, et al. 2015. New Phytologist 207:1145-1158 ((https://doi.org/10.1111/nph.13426))	Leptobacillium_symbioticum
ASV623	Fungi	Ascomycota	Sordariomycetes	Diaporthales	Diaporthaceae	Diaporthe	NA	Diaporthe	NA	0.7967380	Diaporthaceae	1CB186D0-36B9-11D5-9548-00D0592D548C	80691	9	Pathotroph-Saprotroph-Symbiotroph	Endophyte-Plant Pathogen-Plant Saprotroph	Probable	Microfungus	NULL	Most species are weak pathogens or endophytes in leaf or stem tissue, growing saprobically after the plant dies (Cannon & Kirk 2007)	Cannon PF, Kirk PM. 2007. Fungal Families of the World. CAB International, Cambridge (ISBN: 978-0851998275)	Diaporthe
ASV624	Fungi	Basidiomycota	Agaricomycetes	Amylocorticiales	Amylocorticiaceae	Plicaturopsis	Plicaturopsis_crispa	Plicaturopsis_crispa	sSH1001310.09FU	0.9999974	Amylocorticiaceae	F1AC6A76-C083-47A5-ACC0-FB5027C4CCF1	82170	9	Saprotroph	Undefined Saprotroph	Probable	NULL	Brown Rot; White Rot	Species live saprophytically on decaying wood or as plant parasites. Associated with brown rot or white rot (Binder et al. 2010)	Binder M, et al. 2010. Mycologia 102:865-880 ((https://doi.org/10.3852/09-288))	Plicaturopsis_crispa
ASV625	Fungi	Basidiomycota	Tremellomycetes	Tremellales	Cryptococcaceae	Cryptococcus	Cryptococcus_aureus	Cryptococcus_aureus	sSH0989469.09FU	0.8049662	Tremellales	1CB1CE64-36B9-11D5-9548-00D0592D548C	90451	7	Pathotroph-Saprotroph-Symbiotroph	Fungal Parasite-Undefined Saprotroph	Possible	Tremelloid-Yeast	NULL	The order contains both teleomorphic and anamorphic species, most of the latter being yeasts	Sterkenburg E, et al. 2015. New Phytologist 207:1145-1158 ((https://doi.org/10.1111/nph.13426))	Cryptococcus_aureus
ASV626	Fungi	Basidiomycota	Agaricomycetes	Geastrales	NA	NA	NA	Geastrales	NA	1.0000000	NA	NA	NA	NA	NA	NA	NA	NA	NA	NA	NA	Geastrales
ASV627	Fungi	Ascomycota	NA	NA	NA	NA	NA	Ascomycota	NA	0.7487147	NA	NA	NA	NA	NA	NA	NA	NA	NA	NA	NA	Ascomycota
ASV628	Fungi	Basidiomycota	Agaricomycetes	Hymenochaetales	Schizoporaceae	Hyphodontia	NA	Hyphodontia	sSH1201146.09FU	0.8558921	Schizoporaceae	1CB1CDC9-36B9-11D5-9548-00D0592D548C	80038	9	Saprotroph	Wood Saprotroph	Probable	Corticioid	White Rot	Saprobic, causing white rot of standing and fallen wood of coniferous and broadleaved trees, rarely on herbaceous stems (Cannon & Kirk 2007)	Cannon PF, Kirk PM. 2007. Fungal Families of the World. CAB International, Cambridge (ISBN: 978-0851998275)	Hyphodontia
ASV629	Fungi	Ascomycota	Eurotiomycetes	Eurotiales	Aspergillaceae	Penicillium	NA	Penicillium	NA	0.8805292	Eurotiales	1CB1CE25-36B9-11D5-9548-00D0592D548C	90472	7	Saprotroph	Undefined Saprotroph	Possible	Microfungus	NULL	NULL	Sterkenburg E, et al. 2015. New Phytologist 207:1145-1158 ((https://doi.org/10.1111/nph.13426))	Penicillium
ASV630	Fungi	Ascomycota	Eurotiomycetes	Chaetothyriales	Herpotrichiellaceae	Exophiala	NA	Exophiala	NA	0.8723245	Herpotrichiellaceae	1CB1CD37-36B9-11D5-9548-00D0592D548C	80856	9	Pathotroph-Saprotroph	Animal Pathogen-Fungal Parasite-Undefined Saprotroph	Probable	Facultative Yeast-Microfungus	NULL	Mostly saprobic on plants or other fungi, isolated from soil etc., and from medical sources (Cannon & Kirk 2007)	Cannon PF, Kirk PM. 2007. Fungal Families of the World. CAB International, Cambridge (ISBN: 978-0851998275)	Exophiala
ASV631	Fungi	Ascomycota	Dothideomycetes	Capnodiales	NA	NA	NA	Capnodiales	sSH1083917.09FU	0.9987423	NA	NA	NA	NA	NA	NA	NA	NA	NA	NA	NA	Capnodiales
ASV632	Fungi	Basidiomycota	Microbotryomycetes	Sporidiobolales	Sporidiobolaceae	Sporobolomyces	Sporobolomyces_ruberrimus	Sporobolomyces_ruberrimus	sSH0882343.09FU	0.8347044	Sporidiobolaceae	20AD224D-9EFF-4C1C-8214-59BA76CCCDF3	82101	9	Pathotroph-Saprotroph	Animal Pathogen-Undefined Saprotroph	Probable	Microfungus	NULL	Saprobic, found in a wide range of habitats and especially in aquatic systems. Some of the red yeasts in this family are widely encountered spoilage organisms and opportunistic human pathogens (Cannon & Kirk 2007)	Cannon PF, Kirk PM. 2007. Fungal Families of the World. CAB International, Cambridge (ISBN: 978-0851998275)	Sporobolomyces_ruberrimus
ASV633	Fungi	Ascomycota	Dothideomycetes	Capnodiales	Dissoconiaceae	Ramichloridium	NA	Ramichloridium	NA	0.9359771	Ramichloridium	1CB1A153-36B9-11D5-9548-00D0592D548C	9690	13	 Pathotroph-Pathotroph-Saprotroph	|Plant Pathogen|-Plant Saprotroph	Probable	Microfungus	NULL	As litter_saprotroph (Põlme et al. 2020); Decay leaf, fruit, seed (Põlme et al. 2020)	Tedersoo L, et al. 2014. Science 346:e1256688 ((https://doi.org/10.1126/science.1256688)); Põlme S, et al. 2020. Fungal Diversity 105:1-16 ((https://doi.org/10.1007/s13225-020-00466-2))	Ramichloridium
ASV634	Fungi	Ascomycota	Dothideomycetes	Capnodiales	Cladosporiaceae	Cladosporium	Cladosporium_halotolerans	Cladosporium_halotolerans	sSH2100630.09FU	0.9292768	Cladosporiaceae	6EDCD6E4-DE4D-443D-AF6B-A572F626BD45	816548	9	Pathotroph-Saprotroph-Symbiotroph	Animal Pathogen-Endophyte-Lichen Parasite-Plant Pathogen-Wood Saprotroph	Possible	Microfungus	NULL	NULL	Seehann G, et al. 1975. List of Fungi in Soft-Rot Tissue Tests. Institute fur Holzbiologie und Holzschutz, Bundesforschungsanstalt fur Forst - und Holzwirtshaft, Hamburg - Lohbrugge, Germany; Lawrey JD, Diederich P. 2016. http://www.lichenicolous.net (accessed 24 May 2017) ((http://www.lichenicolous.net)); The American Phytopathological Society Common Names of Plant Diseases ((http://www.apsnet.org/publications/commonnames/Pages/default.aspx))	Cladosporium_halotolerans
ASV635	Fungi	Basidiomycota	Exobasidiomycetes	Exobasidiales	Brachybasidiaceae	Meira	NA	Meira	sSH0916710.09FU	1.0000000	Brachybasidiaceae	1CB1CE8F-36B9-11D5-9548-00D0592D548C	80532	9	Pathotroph	Plant Pathogen	Probable	Microfungus	NULL	Biotrophic or necrotrophic on leaves of monocots, including palms, grasses, sedges, and Commelinaceae (Cannon & Kirk 2007)	Cannon PF, Kirk PM. 2007. Fungal Families of the World. CAB International, Cambridge (ISBN: 978-0851998275)	Meira
ASV636	Fungi	Basidiomycota	Agaricomycetes	Polyporales	Hyphodermataceae	Hyphoderma	Hyphoderma_nudicephalum	Hyphoderma_nudicephalum	sSH1236263.09FU	0.9999592	Hyphoderma	1CB18E22-36B9-11D5-9548-00D0592D548C	17823	13	 Saprotroph	Undefined Saprotroph-|Wood Saprotroph|	Probable	Corticioid	White Rot	As white_rot (Põlme et al. 2020); Decay wood (Põlme et al. 2020)	Tedersoo L, et al. 2014. Science 346:e1256688 ((https://doi.org/10.1126/science.1256688)); Põlme S, et al. 2020. Fungal Diversity 105:1-16 ((https://doi.org/10.1007/s13225-020-00466-2))	Hyphoderma_nudicephalum
ASV637	Fungi	Basidiomycota	Agaricomycetes	Polyporales	Phanerochaetaceae	Phaeophlebiopsis	NA	Phaeophlebiopsis	sSH1217023.09FU	0.9990091	Phaeophlebiopsis	4BE40F00-E0B2-4338-B658-D28FDAA49A02	811929	13	Saprotroph	|Wood Saprotroph|	Probable	Corticioid	White Rot	As white_rot (Põlme et al. 2020); Decay wood (Põlme et al. 2020)	Põlme S, et al. 2020. Fungal Diversity 105:1-16 ((https://doi.org/10.1007/s13225-020-00466-2))	Phaeophlebiopsis
ASV638	Fungi	Basidiomycota	Agaricomycetes	Hymenochaetales	NA	Skvortzoviella	Skvortzoviella_lenis	Skvortzoviella_lenis	sSH1022786.09FU	0.9196362	NA	NA	NA	NA	NA	NA	NA	NA	NA	NA	NA	Skvortzoviella_lenis
ASV639	Fungi	Basidiomycota	Agaricomycetes	Cantharellales	Hydnaceae	Sistotrema	Sistotrema_sernanderi	Sistotrema_sernanderi	sSH1249944.09FU	0.9999872	Sistotrema	1CB1CB70-36B9-11D5-9548-00D0592D548C	18551	13	Saprotroph-Symbiotroph	Ectomycorrhizal-|Plant Saprotroph|-Wood Saprotroph	Possible	Corticioid	White Rot	As litter_saprotroph (Põlme et al. 2020); Decay leaf, fruit, seed (Põlme et al. 2020)	Gilbertson RL, Ryvarden L. 1987-1987. North American Polypores. Fungiflora, Oslo (ISBN: 978-0945345060); Rinaldi AC, et al. 2008. Fungal Diversity 33:1-45 ((http://www.fungaldiversity.org/fdp/sfdp/33-1.pdf)) (as ECM/not ECM); Tedersoo L, et al. 2010. Mycorrhiza 20:217-263 ((https://doi.org/10.1007/s00572-009-0274-x)) (pro parte); Põlme S, et al. 2020. Fungal Diversity 105:1-16 ((https://doi.org/10.1007/s13225-020-00466-2)); http://mycorrhizas.info/ecmf.html ((http://mycorrhizas.info/ecmf.html)) (as ECM/not ECM).	Sistotrema_sernanderi
ASV640	Fungi	Basidiomycota	Agaricomycetes	NA	NA	NA	NA	Agaricomycetes	sSH1047030.09FU	1.0000000	NA	NA	NA	NA	NA	NA	NA	NA	NA	NA	NA	Agaricomycetes
ASV641	Fungi	Ascomycota	Dothideomycetes	Venturiales	Sympoventuriaceae	Scolecobasidium	Scolecobasidium_cordanae	Scolecobasidium_cordanae	sSH1263830.09FU	1.0000000	Sympoventuriaceae	1A5CF12B-5C15-43F8-BB6A-8479B1581BBB	563117	9	Saprotroph	Undefined Saprotroph	Probable	Microfungus	NULL	Sympoventuriaceae is represented by Sympoventuria, and can be distinguished from species of Venturiales by its saprobic life style (Zhang et al. 2011)	Zhang Y, et al. 2011 Fungal Diversity 51:249-277 ((https://doi.org/10.1007/s13225-011-0141-x))	Scolecobasidium_cordanae
ASV642	Fungi	Basidiomycota	Agaricomycetes	Polyporales	Phanerochaetaceae	Phanerochaete	Phanerochaete_bambusicola	Phanerochaete_bambusicola	sSH1217085.09FU	0.8607210	Phanerochaete	1CB1C9F2-36B9-11D5-9548-00D0592D548C	18245	13	Saprotroph	|Wood Saprotroph|	Highly Probable	Corticioid	White Rot	As white_rot (Põlme et al. 2020); Decay wood (Põlme et al. 2020)	Glenn JK, et al. 1983. Biochemical and Biophysical Research Communications 114:1077-1083 ((https://doi.org/10.1016/0006-291x((83))90672-1)); Põlme S, et al. 2020. Fungal Diversity 105:1-16 ((https://doi.org/10.1007/s13225-020-00466-2))	Phanerochaete_bambusicola
ASV643	Fungi	Basidiomycota	Agaricomycetes	Polyporales	Polyporaceae	Lenzites	Lenzites_betulina	Lenzites_betulina	sSH1122474.09FU	0.9998169	Polyporaceae	1CB19B17-36B9-11D5-9548-00D0592D548C	81203	9	Saprotroph	Wood Saprotroph	Probable	Polyporoid	Brown Rot-White Rot	Lignicolous, causing brown or white rot, mostly of broadleaved trees (Cannon & Kirk 2007)	Cannon PF, Kirk PM. 2007. Fungal Families of the World. CAB International, Cambridge (ISBN: 978-0851998275)	Lenzites_betulina
ASV644	Fungi	Basidiomycota	Agaricomycetes	Polyporales	Polyporaceae	Fomitella	Fomitella_supina	Fomitella_supina	sSH1248880.09FU	0.9972754	Polyporaceae	1CB19B17-36B9-11D5-9548-00D0592D548C	81203	9	Saprotroph	Wood Saprotroph	Probable	Polyporoid	Brown Rot-White Rot	Lignicolous, causing brown or white rot, mostly of broadleaved trees (Cannon & Kirk 2007)	Cannon PF, Kirk PM. 2007. Fungal Families of the World. CAB International, Cambridge (ISBN: 978-0851998275)	Fomitella_supina
ASV645	Fungi	Basidiomycota	Agaricomycetes	Polyporales	Phanerochaetaceae	Phanerochaete	Phanerochaete_burtii	Phanerochaete_burtii	sSH1216932.09FU	0.9784883	Phanerochaete	1CB1C9F2-36B9-11D5-9548-00D0592D548C	18245	13	Saprotroph	|Wood Saprotroph|	Highly Probable	Corticioid	White Rot	As white_rot (Põlme et al. 2020); Decay wood (Põlme et al. 2020)	Glenn JK, et al. 1983. Biochemical and Biophysical Research Communications 114:1077-1083 ((https://doi.org/10.1016/0006-291x((83))90672-1)); Põlme S, et al. 2020. Fungal Diversity 105:1-16 ((https://doi.org/10.1007/s13225-020-00466-2))	Phanerochaete_burtii
ASV646	Fungi	Ascomycota	Sordariomycetes	NA	NA	NA	NA	Sordariomycetes	sSH0955786.09FU	0.7874124	NA	NA	NA	NA	NA	NA	NA	NA	NA	NA	NA	Sordariomycetes
ASV647	Fungi	NA	NA	NA	NA	NA	NA	NA	NA	0.9995853	NA	NA	NA	NA	NA	NA	NA	NA	NA	NA	NA	NA
ASV648	Fungi	Ascomycota	Eurotiomycetes	Eurotiales	Aspergillaceae	Aspergillus	NA	Aspergillus	NA	0.9451915	Eurotiales	1CB1CE25-36B9-11D5-9548-00D0592D548C	90472	7	Saprotroph	Undefined Saprotroph	Possible	Microfungus	NULL	NULL	Sterkenburg E, et al. 2015. New Phytologist 207:1145-1158 ((https://doi.org/10.1111/nph.13426))	Aspergillus
ASV649	Fungi	Basidiomycota	Agaricomycetes	Polyporales	Irpicaceae	NA	NA	Irpicaceae	sSH1142622.09FU	0.7747669	NA	NA	NA	NA	NA	NA	NA	NA	NA	NA	NA	Irpicaceae
ASV650	Fungi	Ascomycota	Sordariomycetes	Xylariales	Castanediellaceae	Castanediella	NA	Castanediella	sSH1095032.09FU	0.9996155	Castanediella	772A84A0-A6BC-4190-8943-1D09465BC50D	811878	13	Pathotroph	|Plant Pathogen|	Probable	Micofungus-Microfungus	NULL	NULL	Crous PW, et al. 2015. Persoonia 34:167-266 ((https://doi.org/10.3767/003158515X688433)); Põlme S, et al. 2020. Fungal Diversity 105:1-16 ((https://doi.org/10.1007/s13225-020-00466-2))	Castanediella
ASV651	Fungi	Basidiomycota	Agaricomycetes	Auriculariales	NA	NA	NA	Auriculariales	sSH0933490.09FU	0.7580687	NA	NA	NA	NA	NA	NA	NA	NA	NA	NA	NA	Auriculariales
ASV652	Fungi	Basidiomycota	Agaricomycetes	Polyporales	Steccherinaceae	Ceriporiopsis	Ceriporiopsis_fimbriata	Ceriporiopsis_fimbriata	sSH1255438.09FU	1.0000000	Steccherinaceae	1CB1CDD9-36B9-11D5-9548-00D0592D548C	81420	9	Saprotroph	Wood Saprotroph	Probable	Corticioid-Polyporoid	White Rot	Growing on dead wood causing white rot, sometimes replacing early colonizers (Cannon & Kirk 2007)	Cannon PF, Kirk PM. 2007. Fungal Families of the World. CAB International, Cambridge (ISBN: 978-0851998275)	Ceriporiopsis_fimbriata
ASV653	Fungi	Basidiomycota	Cystobasidiomycetes	NA	Symmetrosporaceae	Symmetrospora	NA	Symmetrospora	NA	0.9999551	Symmetrospora	087AD0E3-3941-4D4D-B6AD-C4299E0B7B7F	813117	13	Saprotroph-Symbiotroph	|Epiphyte|-Plant Saprotroph	Probable	Yeast	NULL	As litter_saprotroph (Põlme et al. 2020); Decay leaf, fruit, seed (Põlme et al. 2020)	Põlme S, et al. 2020. Fungal Diversity 105:1-16 ((https://doi.org/10.1007/s13225-020-00466-2))	Symmetrospora
ASV654	Fungi	NA	NA	NA	NA	NA	NA	NA	NA	0.7930512	NA	NA	NA	NA	NA	NA	NA	NA	NA	NA	NA	NA
ASV655	Fungi	Ascomycota	Dothideomycetes	Pleosporales	Phaeosphaeriaceae	Phaeosphaeria	NA	Phaeosphaeria	NA	0.7821995	Phaeosphaeriaceae	1CB1CD8E-36B9-11D5-9548-00D0592D548C	81637	9	Pathotroph-Saprotroph	Fungal Parasite-Plant Pathogen-Plant Saprotroph	Probable	Microfungus	NULL	Necrotrophic or saprobic on a wide range of plants, especially monocotyledons; a few species parasitic on other fungi (Cannon & Kirk 2007)	Cannon PF, Kirk PM. 2007. Fungal Families of the World. CAB International, Cambridge (ISBN: 978-0851998275)	Phaeosphaeria
ASV656	Fungi	Basidiomycota	Agaricomycetes	Hymenochaetales	Hymenochaetaceae	Hymenochaete	Hymenochaete_odontoides	Hymenochaete_odontoides	sSH1027091.09FU	0.9999005	Hymenochaetaceae	CC29D6F9-5984-496D-97E7-42EB138C1FEE	536196	9	Saprotroph-Symbiotroph	Ectomycorrhizal-Wood Saprotroph	Probable	Corticioid-Polyporoid	NULL	Lignicolous, causing white rots, rarely ectomycorrhizal (Cannon & Kirk 2007)	Cannon PF, Kirk PM. 2007. Fungal Families of the World. CAB International, Cambridge (ISBN: 978-0851998275)	Hymenochaete_odontoides
ASV657	Fungi	Basidiomycota	Agaricomycetes	Trechisporales	Hydnodontaceae	Trechispora	NA	Trechispora	NA	0.7039500	Trechispora	1CB1CC1A-36B9-11D5-9548-00D0592D548C	18664	13	Saprotroph	|Wood Saprotroph|	Highly Probable	Corticioid	White Rot	As white_rot (Põlme et al. 2020); Decay wood (Põlme et al. 2020)	Gilbertson RL, Ryvarden L. 1987-1987. North American Polypores. Fungiflora, Oslo (ISBN: 978-0945345060); Rinaldi AC, et al. 2008. Fungal Diversity 33:1-45 ((http://www.fungaldiversity.org/fdp/sfdp/33-1.pdf)) (as Uncertain); Tedersoo L, et al. 2010. Mycorrhiza 20:217-263 ((https://doi.org/10.1007/s00572-009-0274-x)) (as not ECM).; Põlme S, et al. 2020. Fungal Diversity 105:1-16 ((https://doi.org/10.1007/s13225-020-00466-2))	Trechispora
ASV658	Fungi	Ascomycota	Sordariomycetes	Diaporthales	Schizoparmaceae	Coniella	Coniella_quercicola	Coniella_quercicola	sSH1288027.09FU	0.9086775	Coniella	1CB18470-36B9-11D5-9548-00D0592D548C	7753	13	Pathotroph	|Plant Pathogen|	Probable	Microfungus	NULL	NULL	Põlme S, et al. 2020. Fungal Diversity 105:1-16 ((https://doi.org/10.1007/s13225-020-00466-2)); The American Phytopathological Society Common Names of Plant Diseases ((http://www.apsnet.org/publications/commonnames/Pages/default.aspx))	Coniella_quercicola
ASV659	Fungi	Basidiomycota	Agaricomycetes	Polyporales	NA	NA	NA	Polyporales	sSH1188711.09FU	0.9998360	NA	NA	NA	NA	NA	NA	NA	NA	NA	NA	NA	Polyporales
ASV660	Fungi	Basidiomycota	Agaricomycetes	Russulales	Lachnocladiaceae	Scytinostroma	NA	Scytinostroma	NA	0.9999638	Lachnocladiaceae	1CB1CD49-36B9-11D5-9548-00D0592D548C	80924	9	Saprotroph	Wood Saprotroph	Probable	Coraloid-Corticioid	NULL	On decaying coniferous or broadleaved wood, sometimes on herbaceous stems, presumably saprobic (Cannon & Kirk 2007)	Cannon PF, Kirk PM. 2007. Fungal Families of the World. CAB International, Cambridge (ISBN: 978-0851998275)	Scytinostroma
ASV661	Fungi	Basidiomycota	Agaricomycetes	Auriculariales	Exidiaceae	Basidiodendron	NA	Basidiodendron	sSH1023643.09FU	0.9944342	Basidiodendron	1CB1C4F5-36B9-11D5-9548-00D0592D548C	17148	13	Saprotroph	Undefined Saprotroph-|Wood Saprotroph|	Probable	Corticioid	NULL	Decay wood (Põlme et al. 2020)	Tedersoo L, et al. 2014. Science 346:e1256688 ((https://doi.org/10.1126/science.1256688)); Põlme S, et al. 2020. Fungal Diversity 105:1-16 ((https://doi.org/10.1007/s13225-020-00466-2))	Basidiodendron
ASV662	Fungi	Basidiomycota	Agaricomycetes	Russulales	Peniophoraceae	Peniophora	NA	Peniophora	NA	0.8250410	Peniophoraceae	1CB1CD8B-36B9-11D5-9548-00D0592D548C	81123	9	Pathotroph-Saprotroph	Plant Pathogen-Wood Saprotroph	Probable	Corticioid	White Rot	Most species are saprobic, causing rots of standing and fallen wood. Many species are adapted to xeric conditions, being able to grow on rapidly drying dead attached branches (Cannon & Kirk 2007)	Cannon PF, Kirk PM. 2007. Fungal Families of the World. CAB International, Cambridge (ISBN: 978-0851998275)	Peniophora
ASV663	Fungi	Ascomycota	Sordariomycetes	Hypocreales	Cordycipitaceae	Lecanicillium	Lecanicillium_psalliotae	Lecanicillium_psalliotae	sSH1259024.09FU	0.9895057	Hypocreales	1CB18E60-36B9-11D5-9548-00D0592D548C	90477	7	Saprotroph	Undefined Saprotroph	Possible	Microfungus	NULL	NULL	Sterkenburg E, et al. 2015. New Phytologist 207:1145-1158 ((https://doi.org/10.1111/nph.13426))	Lecanicillium_psalliotae
ASV664	Fungi	Ascomycota	Eurotiomycetes	Eurotiales	Aspergillaceae	Aspergillus	Aspergillus_salwaensis	Aspergillus_salwaensis	sSH3215081.09FU	0.7814850	Eurotiales	1CB1CE25-36B9-11D5-9548-00D0592D548C	90472	7	Saprotroph	Undefined Saprotroph	Possible	Microfungus	NULL	NULL	Sterkenburg E, et al. 2015. New Phytologist 207:1145-1158 ((https://doi.org/10.1111/nph.13426))	Aspergillus_salwaensis
ASV665	Fungi	Ascomycota	Leotiomycetes	Helotiales	Myxotrichaceae	Oidiodendron	Oidiodendron_griseum	Oidiodendron_griseum	sSH1239545.09FU	0.8955318	Myxotrichaceae	1CB1CD78-36B9-11D5-9548-00D0592D548C	81054	9	Saprotroph-Symbiotroph	Ectomycorrhizal-Undefined Saprotroph	Probable	Microfungus	NULL	Many species are cellulolytic, occurring on paper, straw etc. Others are mycorrhizal associated with roots of Ericaceae and Epacridaceae (Cannon & Kirk 2007)	Cannon PF, Kirk PM. 2007. Fungal Families of the World. CAB International, Cambridge (ISBN: 978-0851998275)	Oidiodendron_griseum
ASV666	Fungi	Ascomycota	Dothideomycetes	Muyocopronales	Muyocopronaceae	NA	NA	Muyocopronaceae	sSH1174518.09FU	0.9999998	NA	NA	NA	NA	NA	NA	NA	NA	NA	NA	NA	Muyocopronaceae
ASV667	Fungi	Basidiomycota	Agaricomycetes	Polyporales	Fomitopsidaceae	NA	NA	Fomitopsidaceae	sSH1078920.09FU	1.0000000	Fomitopsidaceae	1CB1CD22-36B9-11D5-9548-00D0592D548C	81772	9	Pathotroph-Saprotroph	Plant Pathogen-Wood Saprotroph	Probable	Polyporoid	Brown Rot	Most species are parasitic on woody plants, causing brown rots (Cannon & Kirk 2007)	Cannon PF, Kirk PM. 2007. Fungal Families of the World. CAB International, Cambridge (ISBN: 978-0851998275)	Fomitopsidaceae
ASV668	Fungi	Ascomycota	NA	NA	NA	NA	NA	Ascomycota	sSH0936900.09FU	0.9927228	NA	NA	NA	NA	NA	NA	NA	NA	NA	NA	NA	Ascomycota
ASV669	Fungi	Basidiomycota	Agaricomycetes	Polyporales	Fomitopsidaceae	Fomitopsis	Fomitopsis_bambusae	Fomitopsis_bambusae	sSH1209290.09FU	0.7622053	Fomitopsidaceae	1CB1CD22-36B9-11D5-9548-00D0592D548C	81772	9	Pathotroph-Saprotroph	Plant Pathogen-Wood Saprotroph	Probable	Polyporoid	Brown Rot	Most species are parasitic on woody plants, causing brown rots (Cannon & Kirk 2007)	Cannon PF, Kirk PM. 2007. Fungal Families of the World. CAB International, Cambridge (ISBN: 978-0851998275)	Fomitopsis_bambusae
ASV670	Fungi	Ascomycota	Leotiomycetes	Helotiales	Helotiaceae	NA	NA	Helotiaceae	NA	0.9659051	Helotiaceae	1CB18C9C-36B9-11D5-9548-00D0592D548C	80845	9	Saprotroph-Symbiotroph	Ectomycorrhizal-Fungal Parasite-Plant Pathogen-Wood Saprotroph	Probable	Microfungus	NULL	Usually saprobic on herbaceous or woody tissues, some species fungicolous. A few species are known to form mycorrhizae (Cannon & Kirk 2007)	Cannon PF, Kirk PM. 2007. Fungal Families of the World. CAB International, Cambridge (ISBN: 978-0851998275)	Helotiaceae
ASV671	Fungi	Basidiomycota	Agaricomycetes	Cantharellales	Botryobasidiaceae	Botryobasidium	Botryobasidium_candicans	Botryobasidium_candicans	sSH0891569.09FU	0.9988580	Botryobasidiaceae	1CB1CCD1-36B9-11D5-9548-00D0592D548C	81744	9	Saprotroph	Undefined Saprotroph-Wood Saprotroph	Probable	Corticioid	NULL	Saprobic, typically on rotten wood (Cannon & Kirk 2007)	Cannon PF, Kirk PM. 2007. Fungal Families of the World. CAB International, Cambridge (ISBN: 978-0851998275)	Botryobasidium_candicans
ASV672	Fungi	Ascomycota	Leotiomycetes	Rhytismatales	Rhytismataceae	NA	NA	Rhytismataceae	NA	0.9836762	Rhytismataceae	1CB1CDBD-36B9-11D5-9548-00D0592D548C	81352	9	Pathotroph-Saprotroph-Symbiotroph	Endophyte-Leaf Saprotroph-Plant Pathogen	Probable	Microfungus	NULL	Biotrophic, necrotrophic or saprobic on leaves and bark, often initially as endophytes, causing tar spots, premature leaf fall and occasionally witches broom symptoms (Cannon & Kirk 2007)	Cannon PF, Kirk PM. 2007. Fungal Families of the World. CAB International, Cambridge (ISBN: 978-0851998275)	Rhytismataceae
ASV673	Fungi	Basidiomycota	Agaricomycetes	Polyporales	Irpicaceae	NA	NA	Irpicaceae	sSH1142622.09FU	0.9175233	NA	NA	NA	NA	NA	NA	NA	NA	NA	NA	NA	Irpicaceae
ASV674	Fungi	Ascomycota	NA	NA	NA	NA	NA	Ascomycota	NA	0.7915661	NA	NA	NA	NA	NA	NA	NA	NA	NA	NA	NA	Ascomycota
ASV675	Fungi	Basidiomycota	Agaricomycetes	Atheliales	Tylosporaceae	Amphinema	NA	Amphinema	NA	0.9999906	Amphinema	1CB1C46F-36B9-11D5-9548-00D0592D548C	17060	13	Symbiotroph	|Ectomycorrhizal|	Highly Probable	Corticioid	NULL	NULL	Rinaldi AC, et al. 2008. Fungal Diversity 33:1-45 ((http://www.fungaldiversity.org/fdp/sfdp/33-1.pdf)); Tedersoo L, et al. 2010. Mycorrhiza 20:217-263 ((https://doi.org/10.1007/s00572-009-0274-x)); Põlme S, et al. 2020. Fungal Diversity 105:1-16 ((https://doi.org/10.1007/s13225-020-00466-2)); http://mycorrhizas.info/ecmf.html ((http://mycorrhizas.info/ecmf.html))	Amphinema
ASV676	Fungi	Ascomycota	Dothideomycetes	Capnodiales	Dissoconiaceae	Dissoconium	NA	Dissoconium	NA	0.9999405	Dissoconium	1CB1C6C8-36B9-11D5-9548-00D0592D548C	11074	13	Pathotroph-Saprotroph	Plant Pathogen-|Plant Saprotroph|-Undefined Saprotroph	Probable	Microfungus	NULL	As litter_saprotroph (Põlme et al. 2020); Decay leaf, fruit, seed (Põlme et al. 2020)	Tedersoo L, et al. 2014. Science 346:e1256688 ((https://doi.org/10.1126/science.1256688)); Põlme S, et al. 2020. Fungal Diversity 105:1-16 ((https://doi.org/10.1007/s13225-020-00466-2))	Dissoconium
ASV677	Fungi	Ascomycota	Dothideomycetes	Capnodiales	Cladosporiaceae	NA	NA	Cladosporiaceae	NA	0.7891588	Cladosporiaceae	6EDCD6E4-DE4D-443D-AF6B-A572F626BD45	816548	9	Pathotroph-Saprotroph-Symbiotroph	Animal Pathogen-Endophyte-Lichen Parasite-Plant Pathogen-Wood Saprotroph	Possible	Microfungus	NULL	NULL	Seehann G, et al. 1975. List of Fungi in Soft-Rot Tissue Tests. Institute fur Holzbiologie und Holzschutz, Bundesforschungsanstalt fur Forst - und Holzwirtshaft, Hamburg - Lohbrugge, Germany; Lawrey JD, Diederich P. 2016. http://www.lichenicolous.net (accessed 24 May 2017) ((http://www.lichenicolous.net)); The American Phytopathological Society Common Names of Plant Diseases ((http://www.apsnet.org/publications/commonnames/Pages/default.aspx))	Cladosporiaceae
ASV678	Fungi	Ascomycota	Saccharomycetes	Saccharomycetales	Dipodascaceae	Yarrowia	NA	Yarrowia	NA	0.9956854	Saccharomycetales	B73A15F4-AB90-4E11-B6D7-E0BE710B986C	816369	7	Saprotroph	Undefined Saprotroph	Possible	Yeast	NULL	NULL	Sterkenburg E, et al. 2015. New Phytologist 207:1145-1158 ((https://doi.org/10.1111/nph.13426))	Yarrowia
ASV679	Fungi	NA	NA	NA	NA	NA	NA	NA	NA	0.9947884	NA	NA	NA	NA	NA	NA	NA	NA	NA	NA	NA	NA
ASV680	Fungi	NA	NA	NA	NA	NA	NA	NA	NA	0.7153399	NA	NA	NA	NA	NA	NA	NA	NA	NA	NA	NA	NA
ASV681	Fungi	Ascomycota	Dothideomycetes	Tubeufiales	Tubeufiaceae	NA	NA	Tubeufiaceae	sSH0973309.09FU	0.9999993	Tubeufiaceae	1CB1CDF3-36B9-11D5-9548-00D0592D548C	81599	9	Pathotroph-Saprotroph	Animal Pathogen-Undefined Saprotroph	Probable	NULL	NULL	Biotrophic or saprobic, especially on scale insects or other fungi. The anamorphic forms are fequently aero-aquatic (Cannon & Kirk 2007)	Cannon PF, Kirk PM. 2007. Fungal Families of the World. CAB International, Cambridge (ISBN: 978-0851998275)	Tubeufiaceae
ASV682	Fungi	Basidiomycota	Agaricomycetes	NA	NA	NA	NA	Agaricomycetes	sSH1201609.09FU	0.9996154	NA	NA	NA	NA	NA	NA	NA	NA	NA	NA	NA	Agaricomycetes
ASV683	Fungi	Basidiomycota	Agaricomycetes	NA	NA	NA	NA	Agaricomycetes	sSH1122497.09FU	0.9999998	NA	NA	NA	NA	NA	NA	NA	NA	NA	NA	NA	Agaricomycetes
ASV684	Fungi	Basidiomycota	Agaricomycetes	Geastrales	Geastraceae	Nidulariopsis	Nidulariopsis_iowensis	Nidulariopsis_iowensis	sSH1238887.09FU	0.9993786	Geastraceae	1CB1CD27-36B9-11D5-9548-00D0592D548C	80791	9	Saprotroph	Undefined Saprotroph	Probable	Gasteroid	NULL	Common name - earthstar; Terrestrial, rarely on wood or coprophilous. Most species are presumed saprobes, but at least some may be ectomycorrhizal (Cannon & Kirk 2007)	Cannon PF, Kirk PM. 2007. Fungal Families of the World. CAB International, Cambridge (ISBN: 978-0851998275)	Nidulariopsis_iowensis
ASV685	Fungi	Basidiomycota	Agaricomycetes	Polyporales	Polyporaceae	NA	NA	Polyporaceae	sSH1249074.09FU	0.9917085	Polyporaceae	1CB19B17-36B9-11D5-9548-00D0592D548C	81203	9	Saprotroph	Wood Saprotroph	Probable	Polyporoid	Brown Rot-White Rot	Lignicolous, causing brown or white rot, mostly of broadleaved trees (Cannon & Kirk 2007)	Cannon PF, Kirk PM. 2007. Fungal Families of the World. CAB International, Cambridge (ISBN: 978-0851998275)	Polyporaceae
ASV686	Fungi	Basidiomycota	Agaricomycetes	NA	NA	NA	NA	Agaricomycetes	sSH0935517.09FU	0.9999985	NA	NA	NA	NA	NA	NA	NA	NA	NA	NA	NA	Agaricomycetes
ASV687	Fungi	Basidiomycota	Agaricomycetes	Hymenochaetales	Hymenochaetaceae	Hymenochaete	NA	Hymenochaete	sSH1027104.09FU	0.9997009	Hymenochaetaceae	CC29D6F9-5984-496D-97E7-42EB138C1FEE	536196	9	Saprotroph-Symbiotroph	Ectomycorrhizal-Wood Saprotroph	Probable	Corticioid-Polyporoid	NULL	Lignicolous, causing white rots, rarely ectomycorrhizal (Cannon & Kirk 2007)	Cannon PF, Kirk PM. 2007. Fungal Families of the World. CAB International, Cambridge (ISBN: 978-0851998275)	Hymenochaete
ASV688	Fungi	Ascomycota	Dothideomycetes	Pleosporales	Didymosphaeriaceae	Paraconiothyrium	Paraconiothyrium_estuarinum	Paraconiothyrium_estuarinum	sSH1068224.09FU	0.9699963	Didymosphaeriaceae	1CB1CD0B-36B9-11D5-9548-00D0592D548C	80702	9	Pathotroph-Saprotroph-Symbiotroph	Endophyte-Lichen Parasite-Plant Pathogen-Undefined Saprotroph	Probable	Microfungus	NULL	Saprobes in both woody and herbaceous material, also parasitic on other fungi (Cannon & Kirk 2007)	Cannon PF, Kirk PM. 2007. Fungal Families of the World. CAB International, Cambridge (ISBN: 978-0851998275); Massimo NC, et al. 2015. Microbial Ecology 70:61-76 ((https://doi.org/10.1007/s00248-014-0563-6))	Paraconiothyrium_estuarinum
ASV689	Fungi	Basidiomycota	Microbotryomycetes	Sporidiobolales	Sporidiobolaceae	NA	NA	Sporidiobolaceae	sSH0882309.09FU	0.9023651	Sporidiobolaceae	20AD224D-9EFF-4C1C-8214-59BA76CCCDF3	82101	9	Pathotroph-Saprotroph	Animal Pathogen-Undefined Saprotroph	Probable	Microfungus	NULL	Saprobic, found in a wide range of habitats and especially in aquatic systems. Some of the red yeasts in this family are widely encountered spoilage organisms and opportunistic human pathogens (Cannon & Kirk 2007)	Cannon PF, Kirk PM. 2007. Fungal Families of the World. CAB International, Cambridge (ISBN: 978-0851998275)	Sporidiobolaceae
ASV690	Fungi	Basidiomycota	Agaricomycetes	Auriculariales	Exidiaceae	Basidiodendron	Basidiodendron_pelinum	Basidiodendron_pelinum	sSH1598665.09FU	0.8491567	Basidiodendron	1CB1C4F5-36B9-11D5-9548-00D0592D548C	17148	13	Saprotroph	Undefined Saprotroph-|Wood Saprotroph|	Probable	Corticioid	NULL	Decay wood (Põlme et al. 2020)	Tedersoo L, et al. 2014. Science 346:e1256688 ((https://doi.org/10.1126/science.1256688)); Põlme S, et al. 2020. Fungal Diversity 105:1-16 ((https://doi.org/10.1007/s13225-020-00466-2))	Basidiodendron_pelinum
ASV691	Fungi	Basidiomycota	Agaricomycetes	Polyporales	Irpicaceae	Trametopsis	Trametopsis_aborigena	Trametopsis_aborigena	sSH1215062.09FU	0.7433440	Trametopsis	2343CAB0-499A-4905-B0A2-6D09E1368E34	511347	13	Saprotroph	Undefined Saprotroph-|Wood Saprotroph|	Probable	Polyporoid	White Rot	As white_rot (Põlme et al. 2020); Decay wood (Põlme et al. 2020)	Tedersoo L, et al. 2014. Science 346:e1256688 ((https://doi.org/10.1126/science.1256688)); Põlme S, et al. 2020. Fungal Diversity 105:1-16 ((https://doi.org/10.1007/s13225-020-00466-2))	Trametopsis_aborigena
ASV692	Fungi	Ascomycota	Dothideomycetes	Mycosphaerellales	Mycosphaerellaceae	Phaeophleospora	Phaeophleospora_hymenocallidicola	Phaeophleospora_hymenocallidicola	sSH0963610.09FU	0.9194865	Mycosphaerellaceae	1CB1CD75-36B9-11D5-9548-00D0592D548C	81043	9	Pathotroph-Saprotroph	Plant Pathogen-Undefined Saprotroph	Probable	Microfungus	NULL	Biotrophic, necrotrophic or saprobic on various plant tissues (Cannon & Kirk 2007)	Cannon PF, Kirk PM. 2007. Fungal Families of the World. CAB International, Cambridge (ISBN: 978-0851998275)	Phaeophleospora_hymenocallidicola
ASV693	Fungi	Basidiomycota	Agaricomycetes	Russulales	Peniophoraceae	Peniophora	Peniophora_bicornis	Peniophora_bicornis	sSH1068927.09FU	0.9611981	Peniophoraceae	1CB1CD8B-36B9-11D5-9548-00D0592D548C	81123	9	Pathotroph-Saprotroph	Plant Pathogen-Wood Saprotroph	Probable	Corticioid	White Rot	Most species are saprobic, causing rots of standing and fallen wood. Many species are adapted to xeric conditions, being able to grow on rapidly drying dead attached branches (Cannon & Kirk 2007)	Cannon PF, Kirk PM. 2007. Fungal Families of the World. CAB International, Cambridge (ISBN: 978-0851998275)	Peniophora_bicornis
ASV694	Fungi	Ascomycota	Dothideomycetes	Capnodiales	Cladosporiaceae	Toxicocladosporium	NA	Toxicocladosporium	NA	0.7676822	Cladosporiaceae	6EDCD6E4-DE4D-443D-AF6B-A572F626BD45	816548	9	Pathotroph-Saprotroph-Symbiotroph	Animal Pathogen-Endophyte-Lichen Parasite-Plant Pathogen-Wood Saprotroph	Possible	Microfungus	NULL	NULL	Seehann G, et al. 1975. List of Fungi in Soft-Rot Tissue Tests. Institute fur Holzbiologie und Holzschutz, Bundesforschungsanstalt fur Forst - und Holzwirtshaft, Hamburg - Lohbrugge, Germany; Lawrey JD, Diederich P. 2016. http://www.lichenicolous.net (accessed 24 May 2017) ((http://www.lichenicolous.net)); The American Phytopathological Society Common Names of Plant Diseases ((http://www.apsnet.org/publications/commonnames/Pages/default.aspx))	Toxicocladosporium
ASV695	Fungi	NA	NA	NA	NA	NA	NA	NA	NA	0.8454537	NA	NA	NA	NA	NA	NA	NA	NA	NA	NA	NA	NA
ASV696	Fungi	Ascomycota	Dothideomycetes	Venturiales	Cylindrosympodiaceae	Cylindrosympodium	NA	Cylindrosympodium	sSH1043666.09FU	0.9998689	Cylindrosympodium	422DCED4-AA78-4CA9-B307-41B5027C0A91	11257	13	Pathotroph-Saprotroph	|Plant Pathogen|-Plant Saprotroph	Probable	Microfungus	NULL	As litter_saprotroph (Põlme et al. 2020); Decay leaf, fruit, seed (Põlme et al. 2020)	Tedersoo L, et al. 2014. Science 346:e1256688 ((https://doi.org/10.1126/science.1256688)); Põlme S, et al. 2020. Fungal Diversity 105:1-16 ((https://doi.org/10.1007/s13225-020-00466-2))	Cylindrosympodium
ASV697	Fungi	Ascomycota	Dothideomycetes	Capnodiales	NA	NA	NA	Capnodiales	sSH1083917.09FU	0.9994683	NA	NA	NA	NA	NA	NA	NA	NA	NA	NA	NA	Capnodiales
ASV698	Fungi	Ascomycota	Dothideomycetes	NA	NA	NA	NA	Dothideomycetes	NA	0.7638908	NA	NA	NA	NA	NA	NA	NA	NA	NA	NA	NA	Dothideomycetes
ASV699	Fungi	Ascomycota	Dothideomycetes	Pleosporales	Didymellaceae	NA	NA	Didymellaceae	NA	0.9999913	Didymellaceae	F971F4FB-F68A-481E-B5F1-2BF2B753AA5D	508292	9	Pathotroph-Saprotroph	Animal Pathogen-Plant Pathogen-Undefined Saprotroph	Possible	Microfungus	NULL	NULL	Tedersoo L, et al. 2014. Science 346:e1256688 ((https://doi.org/10.1126/science.1256688))	Didymellaceae
ASV700	Fungi	NA	NA	NA	NA	NA	NA	NA	NA	1.0000000	NA	NA	NA	NA	NA	NA	NA	NA	NA	NA	NA	NA
ASV701	Fungi	Basidiomycota	Tremellomycetes	Tremellales	Bulleribasidiaceae	Dioszegia	Dioszegia_zsoltii	Dioszegia_zsoltii	sSH1004025.09FU	0.9681873	Tremellales	1CB1CE64-36B9-11D5-9548-00D0592D548C	90451	7	Pathotroph-Saprotroph-Symbiotroph	Fungal Parasite-Undefined Saprotroph	Possible	Tremelloid-Yeast	NULL	The order contains both teleomorphic and anamorphic species, most of the latter being yeasts	Sterkenburg E, et al. 2015. New Phytologist 207:1145-1158 ((https://doi.org/10.1111/nph.13426))	Dioszegia_zsoltii
ASV702	Fungi	NA	NA	NA	NA	NA	NA	NA	NA	0.8160407	NA	NA	NA	NA	NA	NA	NA	NA	NA	NA	NA	NA
ASV703	Fungi	Basidiomycota	Agaricomycetes	Auriculariales	Exidiaceae	Exidia	Exidia_glandulosa	Exidia_glandulosa	sSH1090624.09FU	0.9997320	Exidia	1CB18A1B-36B9-11D5-9548-00D0592D548C	17572	13	Saprotroph-Symbiotroph	Endophyte-Plant Saprotroph-Undefined Saprotroph-|Wood Saprotroph|	Probable	Tremelloid	NULL	As foliar_endophyte (Põlme et al. 2020); As litter_saprotroph (Põlme et al. 2020); Decay wood, leaf, fruit, seed (Põlme et al. 2020)	Tedersoo L, et al. 2014. Science 346:e1256688 ((https://doi.org/10.1126/science.1256688)); David AS, et al. 2016. Microbial Ecology 71:912-926 ((https://doi.org/10.1007/s00248-015-0712-6)); Põlme S, et al. 2020. Fungal Diversity 105:1-16 ((https://doi.org/10.1007/s13225-020-00466-2))	Exidia_glandulosa
ASV704	Fungi	Ascomycota	Sordariomycetes	Hypocreales	NA	NA	NA	Hypocreales	NA	0.9745011	Hypocreales	1CB18E60-36B9-11D5-9548-00D0592D548C	90477	7	Saprotroph	Undefined Saprotroph	Possible	Microfungus	NULL	NULL	Sterkenburg E, et al. 2015. New Phytologist 207:1145-1158 ((https://doi.org/10.1111/nph.13426))	Hypocreales
ASV705	Fungi	Basidiomycota	Agaricomycetes	Cantharellales	NA	NA	NA	Cantharellales	sSH1285382.09FU	0.9090401	NA	NA	NA	NA	NA	NA	NA	NA	NA	NA	NA	Cantharellales
ASV706	Fungi	Ascomycota	Eurotiomycetes	Eurotiales	Aspergillaceae	Penicillium	Penicillium_coffeae	Penicillium_coffeae	sSH1227789.09FU	0.9982167	Eurotiales	1CB1CE25-36B9-11D5-9548-00D0592D548C	90472	7	Saprotroph	Undefined Saprotroph	Possible	Microfungus	NULL	NULL	Sterkenburg E, et al. 2015. New Phytologist 207:1145-1158 ((https://doi.org/10.1111/nph.13426))	Penicillium_coffeae
ASV707	Fungi	Basidiomycota	Agaricomycetes	Hymenochaetales	Rickenellaceae	Resinicium	Resinicium_rimulosum	Resinicium_rimulosum	sSH1252025.09FU	0.9998979	Resinicium	1CB1CAE9-36B9-11D5-9548-00D0592D548C	18453	13	Saprotroph	Undefined Saprotroph-|Wood Saprotroph|	Probable	Corticioid	White Rot	As white_rot (Põlme et al. 2020); Decay wood (Põlme et al. 2020)	Tedersoo L, et al. 2014. Science 346:e1256688 ((https://doi.org/10.1126/science.1256688)); Põlme S, et al. 2020. Fungal Diversity 105:1-16 ((https://doi.org/10.1007/s13225-020-00466-2))	Resinicium_rimulosum
ASV708	Fungi	Basidiomycota	Agaricomycetes	Corticiales	Vuilleminiaceae	Vuilleminia	NA	Vuilleminia	sSH1265472.09FU	0.9999999	Vuilleminia	1CB1CC74-36B9-11D5-9548-00D0592D548C	18743	13	Pathotroph-Saprotroph	Plant Pathogen-Undefined Saprotroph-|Wood Saprotroph|	Probable	Corticioid	White Rot	As white_rot (Põlme et al. 2020); As wood_pathogen (Põlme et al. 2020); Decay wood (Põlme et al. 2020)	Tedersoo L, et al. 2014. Science 346:e1256688 ((https://doi.org/10.1126/science.1256688)); Põlme S, et al. 2020. Fungal Diversity 105:1-16 ((https://doi.org/10.1007/s13225-020-00466-2))	Vuilleminia
ASV709	Fungi	Ascomycota	Sordariomycetes	Hypocreales	Niessliaceae	Niesslia	Niesslia_tenuis	Niesslia_tenuis	sSH1078503.09FU	0.9977072	Hypocreales	1CB18E60-36B9-11D5-9548-00D0592D548C	90477	7	Saprotroph	Undefined Saprotroph	Possible	Microfungus	NULL	NULL	Sterkenburg E, et al. 2015. New Phytologist 207:1145-1158 ((https://doi.org/10.1111/nph.13426))	Niesslia_tenuis
ASV710	Fungi	Ascomycota	Dothideomycetes	Pleosporales	Phaeosphaeriaceae	Phaeosphaeria	NA	Phaeosphaeria	NA	0.8443595	Phaeosphaeriaceae	1CB1CD8E-36B9-11D5-9548-00D0592D548C	81637	9	Pathotroph-Saprotroph	Fungal Parasite-Plant Pathogen-Plant Saprotroph	Probable	Microfungus	NULL	Necrotrophic or saprobic on a wide range of plants, especially monocotyledons; a few species parasitic on other fungi (Cannon & Kirk 2007)	Cannon PF, Kirk PM. 2007. Fungal Families of the World. CAB International, Cambridge (ISBN: 978-0851998275)	Phaeosphaeria
ASV711	Fungi	Ascomycota	Dothideomycetes	Pleosporales	Didymellaceae	Phoma	NA	Phoma	sSH0983508.09FU	0.9999691	Didymellaceae	F971F4FB-F68A-481E-B5F1-2BF2B753AA5D	508292	9	Pathotroph-Saprotroph	Animal Pathogen-Plant Pathogen-Undefined Saprotroph	Possible	Microfungus	NULL	NULL	Tedersoo L, et al. 2014. Science 346:e1256688 ((https://doi.org/10.1126/science.1256688))	Phoma
ASV712	Fungi	Basidiomycota	Agaricomycetes	Hymenochaetales	Rickenellaceae	Peniophorella	NA	Peniophorella	sSH1298981.09FU	0.8930207	Peniophorella	0CB5C5A6-62A5-4579-B5A2-76797F4EBA35	18202	13	Saprotroph	Undefined Saprotroph-|Wood Saprotroph|	Probable	Corticioid	White Rot	As white_rot (Põlme et al. 2020); Decay wood (Põlme et al. 2020)	Tedersoo L, et al. 2014. Science 346:e1256688 ((https://doi.org/10.1126/science.1256688)); Põlme S, et al. 2020. Fungal Diversity 105:1-16 ((https://doi.org/10.1007/s13225-020-00466-2))	Peniophorella
ASV713	Fungi	Ascomycota	Dothideomycetes	NA	NA	Radulidium	Radulidium_subulatum	Radulidium_subulatum	NA	0.7172328	Radulidium	988F46F7-CD82-46AD-A417-6F4D2199FDBE	504566	13	Pathotroph-Saprotroph	Fungal Parasite-|Undefined Saprotroph|	Probable	Microfungus	NULL	As mycoparasite (Põlme et al. 2020)	Põlme S, et al. 2020. Fungal Diversity 105:1-16 ((https://doi.org/10.1007/s13225-020-00466-2))	Radulidium_subulatum
ASV714	Fungi	Basidiomycota	Agaricomycetes	Cantharellales	Botryobasidiaceae	Botryobasidium	NA	Botryobasidium	sSH0880482.09FU	0.7429393	Botryobasidiaceae	1CB1CCD1-36B9-11D5-9548-00D0592D548C	81744	9	Saprotroph	Undefined Saprotroph-Wood Saprotroph	Probable	Corticioid	NULL	Saprobic, typically on rotten wood (Cannon & Kirk 2007)	Cannon PF, Kirk PM. 2007. Fungal Families of the World. CAB International, Cambridge (ISBN: 978-0851998275)	Botryobasidium
ASV715	Fungi	Basidiomycota	Agaricomycetes	Trechisporales	Hydnodontaceae	Trechispora	NA	Trechispora	sSH1260042.09FU	0.9999976	Trechispora	1CB1CC1A-36B9-11D5-9548-00D0592D548C	18664	13	Saprotroph	|Wood Saprotroph|	Highly Probable	Corticioid	White Rot	As white_rot (Põlme et al. 2020); Decay wood (Põlme et al. 2020)	Gilbertson RL, Ryvarden L. 1987-1987. North American Polypores. Fungiflora, Oslo (ISBN: 978-0945345060); Rinaldi AC, et al. 2008. Fungal Diversity 33:1-45 ((http://www.fungaldiversity.org/fdp/sfdp/33-1.pdf)) (as Uncertain); Tedersoo L, et al. 2010. Mycorrhiza 20:217-263 ((https://doi.org/10.1007/s00572-009-0274-x)) (as not ECM).; Põlme S, et al. 2020. Fungal Diversity 105:1-16 ((https://doi.org/10.1007/s13225-020-00466-2))	Trechispora
ASV716	Fungi	Ascomycota	Dothideomycetes	Pleosporales	Phaeosphaeriaceae	Phaeosphaeria	NA	Phaeosphaeria	NA	0.7000688	Phaeosphaeriaceae	1CB1CD8E-36B9-11D5-9548-00D0592D548C	81637	9	Pathotroph-Saprotroph	Fungal Parasite-Plant Pathogen-Plant Saprotroph	Probable	Microfungus	NULL	Necrotrophic or saprobic on a wide range of plants, especially monocotyledons; a few species parasitic on other fungi (Cannon & Kirk 2007)	Cannon PF, Kirk PM. 2007. Fungal Families of the World. CAB International, Cambridge (ISBN: 978-0851998275)	Phaeosphaeria
ASV717	Fungi	Basidiomycota	Exobasidiomycetes	Exobasidiales	Graphiolaceae	Graphiola	Graphiola_phoenicis	Graphiola_phoenicis	sSH0962225.09FU	1.0000000	Graphiola phoenicis	1CB18BF3-36B9-11D5-9548-00D0592D548C	184246	20	Pathotroph	Plant Pathogen	Probable	NULL	NULL	NULL	The American Phytopathological Society Common Names of Plant Diseases ((http://www.apsnet.org/publications/commonnames/Pages/default.aspx))	Graphiola_phoenicis
ASV718	Fungi	Basidiomycota	Agaricomycetes	Trechisporales	Hydnodontaceae	NA	NA	Hydnodontaceae	sSH1260076.09FU	1.0000000	NA	NA	NA	NA	NA	NA	NA	NA	NA	NA	NA	Hydnodontaceae
ASV719	Fungi	Basidiomycota	Agaricomycetes	Russulales	NA	NA	NA	Russulales	sSH1115526.09FU	0.8022992	NA	NA	NA	NA	NA	NA	NA	NA	NA	NA	NA	Russulales
ASV720	Fungi	Ascomycota	Lecanoromycetes	Ostropales	Stictidaceae	Stictis	NA	Stictis	sSH0929561.09FU	0.9682772	Stictidaceae	1CB1A605-36B9-11D5-9548-00D0592D548C	81429	9	Symbiotroph	Lichenized-Wood Saprotroph	Probable	Microfungus-Thallus	NULL	Saprobic on wood and stems, a few species lichenized or lignicolous (Cannon & Kirk 2007)	Cannon PF, Kirk PM. 2007. Fungal Families of the World. CAB International, Cambridge (ISBN: 978-0851998275)	Stictis
ASV721	Fungi	Basidiomycota	Agaricomycetes	Hymenochaetales	Hymenochaetaceae	Fuscoporia	Fuscoporia_septiseta	Fuscoporia_septiseta	sSH0918149.09FU	0.9631540	Hymenochaetaceae	CC29D6F9-5984-496D-97E7-42EB138C1FEE	536196	9	Saprotroph-Symbiotroph	Ectomycorrhizal-Wood Saprotroph	Probable	Corticioid-Polyporoid	NULL	Lignicolous, causing white rots, rarely ectomycorrhizal (Cannon & Kirk 2007)	Cannon PF, Kirk PM. 2007. Fungal Families of the World. CAB International, Cambridge (ISBN: 978-0851998275)	Fuscoporia_septiseta
ASV722	Fungi	Basidiomycota	Agaricomycetes	NA	Xenasmataceae	Xenasmatella	NA	Xenasmatella	NA	0.8984071	Xenasmatella	1CB1CC85-36B9-11D5-9548-00D0592D548C	18756	13	Saprotroph	Undefined Saprotroph-|Wood Saprotroph|	Probable	Corticioid	White Rot	As white_rot (Põlme et al. 2020); Decay wood (Põlme et al. 2020)	Tedersoo L, et al. 2014. Science 346:e1256688 ((https://doi.org/10.1126/science.1256688)); Põlme S, et al. 2020. Fungal Diversity 105:1-16 ((https://doi.org/10.1007/s13225-020-00466-2))	Xenasmatella
ASV723	Fungi	Ascomycota	Saccharomycetes	Saccharomycetales	Metschnikowiaceae	Metschnikowia	NA	Metschnikowia	NA	0.7066752	Saccharomycetales	B73A15F4-AB90-4E11-B6D7-E0BE710B986C	816369	7	Saprotroph	Undefined Saprotroph	Possible	Yeast	NULL	NULL	Sterkenburg E, et al. 2015. New Phytologist 207:1145-1158 ((https://doi.org/10.1111/nph.13426))	Metschnikowia
ASV724	Fungi	Ascomycota	Sordariomycetes	Hypocreales	NA	NA	NA	Hypocreales	NA	0.9714700	Hypocreales	1CB18E60-36B9-11D5-9548-00D0592D548C	90477	7	Saprotroph	Undefined Saprotroph	Possible	Microfungus	NULL	NULL	Sterkenburg E, et al. 2015. New Phytologist 207:1145-1158 ((https://doi.org/10.1111/nph.13426))	Hypocreales
ASV725	Fungi	Ascomycota	Sordariomycetes	Xylariales	NA	NA	NA	Xylariales	NA	0.8957733	NA	NA	NA	NA	NA	NA	NA	NA	NA	NA	NA	Xylariales
ASV726	Fungi	Ascomycota	Eurotiomycetes	Eurotiales	Aspergillaceae	Aspergillus	NA	Aspergillus	NA	0.8786562	Eurotiales	1CB1CE25-36B9-11D5-9548-00D0592D548C	90472	7	Saprotroph	Undefined Saprotroph	Possible	Microfungus	NULL	NULL	Sterkenburg E, et al. 2015. New Phytologist 207:1145-1158 ((https://doi.org/10.1111/nph.13426))	Aspergillus
ASV727	Fungi	Ascomycota	Dothideomycetes	Pleosporales	Sporormiaceae	Sporormiella	NA	Sporormiella	sSH0999591.09FU	0.9851494	Sporormiaceae	1CB1CDD8-36B9-11D5-9548-00D0592D548C	81414	9	Saprotroph	Dung Saprotroph-Plant Saprotroph	Probable	Microfungus	NULL	Saprobic, associated with dung and rotting vegetation (Cannon & Kirk 2007)	Cannon PF, Kirk PM. 2007. Fungal Families of the World. CAB International, Cambridge (ISBN: 978-0851998275)	Sporormiella
ASV728	Fungi	Ascomycota	Dothideomycetes	Capnodiales	Cladosporiaceae	Toxicocladosporium	NA	Toxicocladosporium	NA	0.7402396	Cladosporiaceae	6EDCD6E4-DE4D-443D-AF6B-A572F626BD45	816548	9	Pathotroph-Saprotroph-Symbiotroph	Animal Pathogen-Endophyte-Lichen Parasite-Plant Pathogen-Wood Saprotroph	Possible	Microfungus	NULL	NULL	Seehann G, et al. 1975. List of Fungi in Soft-Rot Tissue Tests. Institute fur Holzbiologie und Holzschutz, Bundesforschungsanstalt fur Forst - und Holzwirtshaft, Hamburg - Lohbrugge, Germany; Lawrey JD, Diederich P. 2016. http://www.lichenicolous.net (accessed 24 May 2017) ((http://www.lichenicolous.net)); The American Phytopathological Society Common Names of Plant Diseases ((http://www.apsnet.org/publications/commonnames/Pages/default.aspx))	Toxicocladosporium
ASV729	Fungi	Basidiomycota	Agaricomycetes	Auriculariales	Exidiaceae	Basidiodendron	Basidiodendron_pelinum	Basidiodendron_pelinum	sSH1598665.09FU	0.7445304	Basidiodendron	1CB1C4F5-36B9-11D5-9548-00D0592D548C	17148	13	Saprotroph	Undefined Saprotroph-|Wood Saprotroph|	Probable	Corticioid	NULL	Decay wood (Põlme et al. 2020)	Tedersoo L, et al. 2014. Science 346:e1256688 ((https://doi.org/10.1126/science.1256688)); Põlme S, et al. 2020. Fungal Diversity 105:1-16 ((https://doi.org/10.1007/s13225-020-00466-2))	Basidiodendron_pelinum
ASV730	Fungi	Ascomycota	Dothideomycetes	Capnodiales	Cladosporiaceae	Cladosporium	NA	Cladosporium	NA	0.7385530	Cladosporiaceae	6EDCD6E4-DE4D-443D-AF6B-A572F626BD45	816548	9	Pathotroph-Saprotroph-Symbiotroph	Animal Pathogen-Endophyte-Lichen Parasite-Plant Pathogen-Wood Saprotroph	Possible	Microfungus	NULL	NULL	Seehann G, et al. 1975. List of Fungi in Soft-Rot Tissue Tests. Institute fur Holzbiologie und Holzschutz, Bundesforschungsanstalt fur Forst - und Holzwirtshaft, Hamburg - Lohbrugge, Germany; Lawrey JD, Diederich P. 2016. http://www.lichenicolous.net (accessed 24 May 2017) ((http://www.lichenicolous.net)); The American Phytopathological Society Common Names of Plant Diseases ((http://www.apsnet.org/publications/commonnames/Pages/default.aspx))	Cladosporium
ASV731	Fungi	Basidiomycota	Agaricomycetes	Trechisporales	Hydnodontaceae	Trechispora	NA	Trechispora	sSH1164647.09FU	0.8163789	Trechispora	1CB1CC1A-36B9-11D5-9548-00D0592D548C	18664	13	Saprotroph	|Wood Saprotroph|	Highly Probable	Corticioid	White Rot	As white_rot (Põlme et al. 2020); Decay wood (Põlme et al. 2020)	Gilbertson RL, Ryvarden L. 1987-1987. North American Polypores. Fungiflora, Oslo (ISBN: 978-0945345060); Rinaldi AC, et al. 2008. Fungal Diversity 33:1-45 ((http://www.fungaldiversity.org/fdp/sfdp/33-1.pdf)) (as Uncertain); Tedersoo L, et al. 2010. Mycorrhiza 20:217-263 ((https://doi.org/10.1007/s00572-009-0274-x)) (as not ECM).; Põlme S, et al. 2020. Fungal Diversity 105:1-16 ((https://doi.org/10.1007/s13225-020-00466-2))	Trechispora
ASV732	Fungi	Basidiomycota	Agaricomycetes	Polyporales	Meruliaceae	Hydnophlebia	NA	Hydnophlebia	NA	0.8582990	Meruliaceae	9E12B0B5-1D82-4978-AF3D-6EC22C257619	89005	9	Pathotroph-Saprotroph	Plant Pathogen-Undefined Saprotroph	Probable	Corticioid-Polyporoid	NULL	Saprobic or parasitic on woody plants, causing a white rot (Cannon & Kirk 2007)	Cannon PF, Kirk PM. 2007. Fungal Families of the World. CAB International, Cambridge (ISBN: 978-0851998275)	Hydnophlebia
ASV733	Fungi	Ascomycota	Sordariomycetes	Sordariales	NA	NA	NA	Sordariales	sSH1094821.09FU	0.8958813	NA	NA	NA	NA	NA	NA	NA	NA	NA	NA	NA	Sordariales
ASV734	Fungi	Ascomycota	Dothideomycetes	Coniosporiales	Coniosporiaceae	Coniosporium	NA	Coniosporium	sSH0931315.09FU	0.9940107	Coniosporium	1CB1C57D-36B9-11D5-9548-00D0592D548C	512506	13	Pathotroph-Saprotroph	Animal Parasite-Animal Pathogen-|Plant Pathogen|-Undefined Saprotroph	Possible	Microfungus	NULL	Species are repeatedly isolated from human skin and nails and eventually causing mild cutaneous infections (Li et al. 2008); The genus comprises environmental fungi forming black spots or patches on plant leaves, bamboo surface, rotten wood, and recently particularly on rock surfaces	Li DM, et al. 2008. Studies in Mycology 61:131-136 ((https://doi.org/10.3114/sim.2008.61.13)); Põlme S, et al. 2020. Fungal Diversity 105:1-16 ((https://doi.org/10.1007/s13225-020-00466-2))	Coniosporium
ASV735	Fungi	Basidiomycota	Agaricomycetes	Auriculariales	Exidiaceae	Exidia	NA	Exidia	NA	0.7634804	Exidia	1CB18A1B-36B9-11D5-9548-00D0592D548C	17572	13	Saprotroph-Symbiotroph	Endophyte-Plant Saprotroph-Undefined Saprotroph-|Wood Saprotroph|	Probable	Tremelloid	NULL	As foliar_endophyte (Põlme et al. 2020); As litter_saprotroph (Põlme et al. 2020); Decay wood, leaf, fruit, seed (Põlme et al. 2020)	Tedersoo L, et al. 2014. Science 346:e1256688 ((https://doi.org/10.1126/science.1256688)); David AS, et al. 2016. Microbial Ecology 71:912-926 ((https://doi.org/10.1007/s00248-015-0712-6)); Põlme S, et al. 2020. Fungal Diversity 105:1-16 ((https://doi.org/10.1007/s13225-020-00466-2))	Exidia
ASV736	Fungi	Ascomycota	Dothideomycetes	Dothideales	Saccotheciaceae	Aureobasidium	NA	Aureobasidium	sSH1240439.09FU	0.8371213	Aureobasidium	1CB17EF4-36B9-11D5-9548-00D0592D548C	7297	13	Pathotroph-Saprotroph-Symbiotroph	Animal Pathogen-Endophyte-Epiphyte-|Plant Pathogen|-Plant Saprotroph-Undefined Saprotroph	Possible	Dimorphic-Facultative Yeast	NULL	As foliar_endophyte (Põlme et al. 2020); As litter_saprotroph (Põlme et al. 2020); Causes sooty mold (Põlme et al. 2020); Decay leaf, fruit, seed, roots, animal material, sugar-rich substrates (Põlme et al. 2020)	Costa IPMW, et al. 2012. Mycotaxon 119:e26 ((http://mycotaxon.com/resources/checklists/costa_v119_checklist.pdf)); Tedersoo L, et al. 2014. Science 346:e1256688 ((https://doi.org/10.1126/science.1256688)); Irinyia L, et al. 2016. Fungal Biology 120:125-136 ((https://doi.org/10.1016/j.funbio.2015.04.007)); Põlme S, et al. 2020. Fungal Diversity 105:1-16 ((https://doi.org/10.1007/s13225-020-00466-2))	Aureobasidium
ASV737	Fungi	Ascomycota	Dothideomycetes	Pleosporales	Didymellaceae	Neoascochyta	Neoascochyta_triticicola	Neoascochyta_triticicola	sSH2738016.09FU	0.9726437	Didymellaceae	F971F4FB-F68A-481E-B5F1-2BF2B753AA5D	508292	9	Pathotroph-Saprotroph	Animal Pathogen-Plant Pathogen-Undefined Saprotroph	Possible	Microfungus	NULL	NULL	Tedersoo L, et al. 2014. Science 346:e1256688 ((https://doi.org/10.1126/science.1256688))	Neoascochyta_triticicola
ASV738	Fungi	Basidiomycota	Agaricomycetes	Auriculariales	Hyaloriaceae	Myxarium	NA	Myxarium	sSH1199174.09FU	0.9985990	Myxarium	1CB19502-36B9-11D5-9548-00D0592D548C	18106	13	Saprotroph	Undefined Saprotroph-|Wood Saprotroph|	Probable	Tremelloid	NULL	Decay wood (Põlme et al. 2020)	Tedersoo L, et al. 2014. Science 346:e1256688 ((https://doi.org/10.1126/science.1256688)); Põlme S, et al. 2020. Fungal Diversity 105:1-16 ((https://doi.org/10.1007/s13225-020-00466-2))	Myxarium
ASV739	Fungi	Ascomycota	Sordariomycetes	Hypocreales	Nectriaceae	Fusarium	Fusarium_lateritium	Fusarium_lateritium	sSH1095290.09FU	0.9984633	Nectriaceae	1CB1CD7A-36B9-11D5-9548-00D0592D548C	81059	9	Pathotroph-Saprotroph-Symbiotroph	Animal Pathogen-Endophyte-Fungal Parasite-Lichen Parasite-Plant Pathogen-Wood Saprotroph	Possible	Microfungus	NULL	Fusarium species are amongst the economically significant plant pathogens (Cannon & Kirk 2007)	Cannon PF, Kirk PM. 2007. Fungal Families of the World. CAB International, Cambridge (ISBN: 978-0851998275); Hirooka Y, et al. 2012. Studies in Mycology 711-210 ((https://doi.org/10.3114/sim0001)); Tedersoo L, et al. 2014. Science 346:e1256688 ((https://doi.org/10.1126/science.1256688)); The American Phytopathological Society Common Names of Plant Diseases ((http://www.apsnet.org/publications/commonnames/Pages/default.aspx)); https://www.cdc.gov ((https://www.cdc.gov))	Fusarium_lateritium
ASV740	Fungi	Basidiomycota	Agaricomycetes	Polyporales	Irpicaceae	Ceriporia	Ceriporia_purpurea	Ceriporia_purpurea	sSH1197843.09FU	0.7650085	Ceriporia	1CB1C611-36B9-11D5-9548-00D0592D548C	17267	13	Saprotroph	|Wood Saprotroph|	Highly Probable	Corticioid	White Rot	As white_rot (Põlme et al. 2020); Decay wood (Põlme et al. 2020)	Tedersoo L, et al. 2014. Science 346:e1256688 ((https://doi.org/10.1126/science.1256688)); Põlme S, et al. 2020. Fungal Diversity 105:1-16 ((https://doi.org/10.1007/s13225-020-00466-2))	Ceriporia_purpurea
ASV741	Fungi	Basidiomycota	Tremellomycetes	Tremellales	Rhynchogastremataceae	Papiliotrema	Papiliotrema_fusca	Papiliotrema_fusca	sSH0960201.09FU	0.9993263	Tremellales	1CB1CE64-36B9-11D5-9548-00D0592D548C	90451	7	Pathotroph-Saprotroph-Symbiotroph	Fungal Parasite-Undefined Saprotroph	Possible	Tremelloid-Yeast	NULL	The order contains both teleomorphic and anamorphic species, most of the latter being yeasts	Sterkenburg E, et al. 2015. New Phytologist 207:1145-1158 ((https://doi.org/10.1111/nph.13426))	Papiliotrema_fusca
ASV742	Fungi	Ascomycota	Leotiomycetes	Erysiphales	Erysiphaceae	Erysiphe	Erysiphe_medicaginis	Erysiphe_medicaginis	sSH1186736.09FU	0.9999963	Erysiphaceae	1CB1CD1B-36B9-11D5-9548-00D0592D548C	80754	9	Pathotroph	Plant Pathogen	Probable	Microfungus	NULL	Biotrophic, with affected plant tissues damaged but usually not killing outright (Cannon & Kirk 2007); Common name - powdery mildew	Cannon PF, Kirk PM. 2007. Fungal Families of the World. CAB International, Cambridge (ISBN: 978-0851998275)	Erysiphe_medicaginis
ASV743	Fungi	Basidiomycota	Agaricomycetes	Auriculariales	NA	Sclerotrema	Sclerotrema_griseobrunneum	Sclerotrema_griseobrunneum	sSH1090375.09FU	0.9483766	Sclerotrema	0D0F8E13-C4D9-4EE0-958A-5799C0DF8153	818036	13	Saprotroph	|Wood Saprotroph|	Probable	Corticioid	NULL	Decay wood (Põlme et al. 2020)	Põlme S, et al. 2020. Fungal Diversity 105:1-16 ((https://doi.org/10.1007/s13225-020-00466-2))	Sclerotrema_griseobrunneum
ASV744	Fungi	Basidiomycota	Agaricomycetes	Cantharellales	Hydnaceae	Sistotrema	NA	Sistotrema	NA	0.7642722	Sistotrema	1CB1CB70-36B9-11D5-9548-00D0592D548C	18551	13	Saprotroph-Symbiotroph	Ectomycorrhizal-|Plant Saprotroph|-Wood Saprotroph	Possible	Corticioid	White Rot	As litter_saprotroph (Põlme et al. 2020); Decay leaf, fruit, seed (Põlme et al. 2020)	Gilbertson RL, Ryvarden L. 1987-1987. North American Polypores. Fungiflora, Oslo (ISBN: 978-0945345060); Rinaldi AC, et al. 2008. Fungal Diversity 33:1-45 ((http://www.fungaldiversity.org/fdp/sfdp/33-1.pdf)) (as ECM/not ECM); Tedersoo L, et al. 2010. Mycorrhiza 20:217-263 ((https://doi.org/10.1007/s00572-009-0274-x)) (pro parte); Põlme S, et al. 2020. Fungal Diversity 105:1-16 ((https://doi.org/10.1007/s13225-020-00466-2)); http://mycorrhizas.info/ecmf.html ((http://mycorrhizas.info/ecmf.html)) (as ECM/not ECM).	Sistotrema
ASV745	Fungi	Basidiomycota	Agaricomycetes	Polyporales	Meruliaceae	Climacodon	Climacodon_pulcherrimus	Climacodon_pulcherrimus	sSH0896630.09FU	1.0000000	Meruliaceae	9E12B0B5-1D82-4978-AF3D-6EC22C257619	89005	9	Pathotroph-Saprotroph	Plant Pathogen-Undefined Saprotroph	Probable	Corticioid-Polyporoid	NULL	Saprobic or parasitic on woody plants, causing a white rot (Cannon & Kirk 2007)	Cannon PF, Kirk PM. 2007. Fungal Families of the World. CAB International, Cambridge (ISBN: 978-0851998275)	Climacodon_pulcherrimus
ASV746	Fungi	Basidiomycota	Agaricomycetes	Russulales	Lachnocladiaceae	Scytinostroma	NA	Scytinostroma	sSH1235897.09FU	0.8021268	Lachnocladiaceae	1CB1CD49-36B9-11D5-9548-00D0592D548C	80924	9	Saprotroph	Wood Saprotroph	Probable	Coraloid-Corticioid	NULL	On decaying coniferous or broadleaved wood, sometimes on herbaceous stems, presumably saprobic (Cannon & Kirk 2007)	Cannon PF, Kirk PM. 2007. Fungal Families of the World. CAB International, Cambridge (ISBN: 978-0851998275)	Scytinostroma
ASV747	Fungi	Ascomycota	Eurotiomycetes	Eurotiales	Aspergillaceae	Aspergillus	Aspergillus_penicillioides	Aspergillus_penicillioides	sSH1224971.09FU	0.9970610	Eurotiales	1CB1CE25-36B9-11D5-9548-00D0592D548C	90472	7	Saprotroph	Undefined Saprotroph	Possible	Microfungus	NULL	NULL	Sterkenburg E, et al. 2015. New Phytologist 207:1145-1158 ((https://doi.org/10.1111/nph.13426))	Aspergillus_penicillioides
ASV748	Fungi	Ascomycota	Eurotiomycetes	Eurotiales	Aspergillaceae	Penicillium	NA	Penicillium	NA	0.8643379	Eurotiales	1CB1CE25-36B9-11D5-9548-00D0592D548C	90472	7	Saprotroph	Undefined Saprotroph	Possible	Microfungus	NULL	NULL	Sterkenburg E, et al. 2015. New Phytologist 207:1145-1158 ((https://doi.org/10.1111/nph.13426))	Penicillium
ASV749	Fungi	Basidiomycota	Agaricomycetes	Auriculariales	Exidiaceae	Basidiodendron	Basidiodendron_pelinum	Basidiodendron_pelinum	sSH1598665.09FU	0.9925788	Basidiodendron	1CB1C4F5-36B9-11D5-9548-00D0592D548C	17148	13	Saprotroph	Undefined Saprotroph-|Wood Saprotroph|	Probable	Corticioid	NULL	Decay wood (Põlme et al. 2020)	Tedersoo L, et al. 2014. Science 346:e1256688 ((https://doi.org/10.1126/science.1256688)); Põlme S, et al. 2020. Fungal Diversity 105:1-16 ((https://doi.org/10.1007/s13225-020-00466-2))	Basidiodendron_pelinum
ASV750	Fungi	Ascomycota	Sordariomycetes	Hypocreales	Stachybotryaceae	NA	NA	Stachybotryaceae	sSH1074043.09FU	0.9999355	Hypocreales	1CB18E60-36B9-11D5-9548-00D0592D548C	90477	7	Saprotroph	Undefined Saprotroph	Possible	Microfungus	NULL	NULL	Sterkenburg E, et al. 2015. New Phytologist 207:1145-1158 ((https://doi.org/10.1111/nph.13426))	Stachybotryaceae
ASV751	Fungi	Basidiomycota	Agaricomycetes	Hymenochaetales	Schizoporaceae	Xylodon	Xylodon_subflaviporus	Xylodon_subflaviporus	sSH1236554.09FU	0.9651416	Schizoporaceae	1CB1CDC9-36B9-11D5-9548-00D0592D548C	80038	9	Saprotroph	Wood Saprotroph	Probable	Corticioid	White Rot	Saprobic, causing white rot of standing and fallen wood of coniferous and broadleaved trees, rarely on herbaceous stems (Cannon & Kirk 2007)	Cannon PF, Kirk PM. 2007. Fungal Families of the World. CAB International, Cambridge (ISBN: 978-0851998275)	Xylodon_subflaviporus
ASV752	Fungi	Ascomycota	Sordariomycetes	Hypocreales	Cordycipitaceae	NA	NA	Cordycipitaceae	sSH1258986.09FU	0.9999812	Hypocreales	1CB18E60-36B9-11D5-9548-00D0592D548C	90477	7	Saprotroph	Undefined Saprotroph	Possible	Microfungus	NULL	NULL	Sterkenburg E, et al. 2015. New Phytologist 207:1145-1158 ((https://doi.org/10.1111/nph.13426))	Cordycipitaceae
ASV753	Fungi	Ascomycota	Dothideomycetes	Mycosphaerellales	Teratosphaeriaceae	Hortaea	Hortaea_werneckii	Hortaea_werneckii	sSH1000031.09FU	0.9999999	Teratosphaeriaceae	87A3FDCC-E75C-4F2E-B987-C7579847CE32	504465	9	Pathotroph-Saprotroph	Animal Pathogen-Plant Pathogen-Undefined Saprotroph	Probable	NULL	NULL	Includes numerous saprobic, extremophilic, human opportunistic, and plant pathogenic fungi (Quaedvlieg et al. 2014)	Quaedvlieg W, et al. 2014. Persoonia 3:31-40 ((https://doi.org/10.3767/003158514X681981))	Hortaea_werneckii
ASV754	Fungi	Ascomycota	Orbiliomycetes	Orbiliales	Orbiliaceae	NA	NA	Orbiliaceae	sSH0896800.09FU	0.8180561	Orbiliaceae	1CB19716-36B9-11D5-9548-00D0592D548C	81091	9	Saprotroph	Wood Saprotroph	Probable	Microfungus	NULL	Saprobic, found especially on wood in both wet and dry habitats. Many species are nematophagous, forming adhesive knobs, nets or ring-like traps in the presence of a food source; perhaps a strategy for life in low-nitrogen environments. There have been reports of associations with algae for a few species, but an established lichen association appears not to exist (Cannon & Kirk 2007)	Cannon PF, Kirk PM. 2007. Fungal Families of the World. CAB International, Cambridge (ISBN: 978-0851998275)	Orbiliaceae
ASV755	Fungi	Ascomycota	Dothideomycetes	Tubeufiales	Tubeufiaceae	NA	NA	Tubeufiaceae	sSH0973313.09FU	0.9999946	Tubeufiaceae	1CB1CDF3-36B9-11D5-9548-00D0592D548C	81599	9	Pathotroph-Saprotroph	Animal Pathogen-Undefined Saprotroph	Probable	NULL	NULL	Biotrophic or saprobic, especially on scale insects or other fungi. The anamorphic forms are fequently aero-aquatic (Cannon & Kirk 2007)	Cannon PF, Kirk PM. 2007. Fungal Families of the World. CAB International, Cambridge (ISBN: 978-0851998275)	Tubeufiaceae
ASV756	Fungi	Basidiomycota	Agaricomycetes	Agaricales	Pleurotaceae	Pleurotus	NA	Pleurotus	NA	0.9646484	Pleurotaceae	1CB1CDA3-36B9-11D5-9548-00D0592D548C	81191	9	Pathotroph-Saprotroph	Endophyte-Plant Pathogen-Wood Saprotroph	Probable	Agaricoid	White Rot	Sapwood rot on Pistacia; Saprobic on woody substrata, more rarely associated with roots of herbaceous plants. Many species are known to derive nutrition from nematodes, the hyphae with adhesive knobs or toxigenic secretory appendages (Cannon & Kirk 2007)	Cannon PF, Kirk PM. 2007. Fungal Families of the World. CAB International, Cambridge (ISBN: 978-0851998275); Costa IPMW, et al. 2012. Mycotaxon 119:e26 ((http://mycotaxon.com/resources/checklists/costa_v119_checklist.pdf)); The American Phytopathological Society Common Names of Plant Diseases ((http://www.apsnet.org/publications/commonnames/Pages/default.aspx))	Pleurotus
ASV757	Fungi	Basidiomycota	Agaricomycetes	Polyporales	Meruliaceae	NA	NA	Meruliaceae	sSH1125497.09FU	0.9999964	Meruliaceae	9E12B0B5-1D82-4978-AF3D-6EC22C257619	89005	9	Pathotroph-Saprotroph	Plant Pathogen-Undefined Saprotroph	Probable	Corticioid-Polyporoid	NULL	Saprobic or parasitic on woody plants, causing a white rot (Cannon & Kirk 2007)	Cannon PF, Kirk PM. 2007. Fungal Families of the World. CAB International, Cambridge (ISBN: 978-0851998275)	Meruliaceae
ASV758	Fungi	Ascomycota	Dothideomycetes	Pleosporales	Phaeosphaeriaceae	Phaeosphaeria	NA	Phaeosphaeria	NA	0.9945749	Phaeosphaeriaceae	1CB1CD8E-36B9-11D5-9548-00D0592D548C	81637	9	Pathotroph-Saprotroph	Fungal Parasite-Plant Pathogen-Plant Saprotroph	Probable	Microfungus	NULL	Necrotrophic or saprobic on a wide range of plants, especially monocotyledons; a few species parasitic on other fungi (Cannon & Kirk 2007)	Cannon PF, Kirk PM. 2007. Fungal Families of the World. CAB International, Cambridge (ISBN: 978-0851998275)	Phaeosphaeria
ASV759	Fungi	Basidiomycota	Agaricomycetes	Polyporales	Meruliaceae	Phlebia	Phlebia_serialis	Phlebia_serialis	sSH0880599.09FU	0.8925780	Meruliaceae	9E12B0B5-1D82-4978-AF3D-6EC22C257619	89005	9	Pathotroph-Saprotroph	Plant Pathogen-Undefined Saprotroph	Probable	Corticioid-Polyporoid	NULL	Saprobic or parasitic on woody plants, causing a white rot (Cannon & Kirk 2007)	Cannon PF, Kirk PM. 2007. Fungal Families of the World. CAB International, Cambridge (ISBN: 978-0851998275)	Phlebia_serialis
ASV760	Fungi	Basidiomycota	Agaricomycetes	Polyporales	NA	NA	NA	Polyporales	sSH1197610.09FU	0.9999932	NA	NA	NA	NA	NA	NA	NA	NA	NA	NA	NA	Polyporales
ASV761	Fungi	Basidiomycota	Agaricomycetes	Hymenochaetales	Tubulicrinaceae	Tubulicrinis	Tubulicrinis_angustus	Tubulicrinis_angustus	sSH1104479.09FU	1.0000000	Tubulicrinis	1CB1A87B-36B9-11D5-9548-00D0592D548C	18693	13	Saprotroph	Undefined Saprotroph-|Wood Saprotroph|	Probable	Corticioid	White Rot	As white_rot (Põlme et al. 2020); Decay wood (Põlme et al. 2020)	Tedersoo L, et al. 2014. Science 346:e1256688 ((https://doi.org/10.1126/science.1256688)); Põlme S, et al. 2020. Fungal Diversity 105:1-16 ((https://doi.org/10.1007/s13225-020-00466-2))	Tubulicrinis_angustus
ASV762	Fungi	Basidiomycota	Agaricomycetes	Agaricales	NA	NA	NA	Agaricales	sSH1286543.09FU	1.0000000	Agaricales	715D162F-5F0E-40C8-A7DC-79D488D3F937	90508	7	Pathotroph-Saprotroph-Symbiotroph	Bryophyte Parasite-Dung Saprotroph-Ectomycorrhizal-Fungal Parasite-Leaf Saprotroph-Plant Parasite-Undefined Saprotroph-Wood Saprotroph	Possible	Agaricoid-Gasteroid-Microfungus-Secotioid-Yeast	NULL	Mushrooms and toadstools, Gill fungi, Agarics... lignicolous, sometimes muscicolous or fungicolous, saprobic, mycorrhizal, rarely parasitic on plants or fungi (Kirk et al. 2008)	Kirk PM et al. 2008. Dictionary of the Fungi. Tenth Edition. CAB International, Wallingford (ISBN: 978-0851998268)	Agaricales
ASV763	Fungi	Basidiomycota	Agaricomycetes	Russulales	Lachnocladiaceae	Dichostereum	NA	Dichostereum	sSH1171802.09FU	1.0000000	Lachnocladiaceae	1CB1CD49-36B9-11D5-9548-00D0592D548C	80924	9	Saprotroph	Wood Saprotroph	Probable	Coraloid-Corticioid	NULL	On decaying coniferous or broadleaved wood, sometimes on herbaceous stems, presumably saprobic (Cannon & Kirk 2007)	Cannon PF, Kirk PM. 2007. Fungal Families of the World. CAB International, Cambridge (ISBN: 978-0851998275)	Dichostereum
ASV764	Fungi	Basidiomycota	NA	NA	NA	NA	NA	Basidiomycota	sSH1144590.09FU	0.7140035	NA	NA	NA	NA	NA	NA	NA	NA	NA	NA	NA	Basidiomycota
ASV765	Fungi	Basidiomycota	Agaricomycetes	Agaricales	Amanitaceae	Amanita	Amanita_orientigemmata	Amanita_orientigemmata	sSH1165954.09FU	0.9881730	Agaricales	715D162F-5F0E-40C8-A7DC-79D488D3F937	90508	7	Pathotroph-Saprotroph-Symbiotroph	Bryophyte Parasite-Dung Saprotroph-Ectomycorrhizal-Fungal Parasite-Leaf Saprotroph-Plant Parasite-Undefined Saprotroph-Wood Saprotroph	Possible	Agaricoid-Gasteroid-Microfungus-Secotioid-Yeast	NULL	Mushrooms and toadstools, Gill fungi, Agarics... lignicolous, sometimes muscicolous or fungicolous, saprobic, mycorrhizal, rarely parasitic on plants or fungi (Kirk et al. 2008)	Kirk PM et al. 2008. Dictionary of the Fungi. Tenth Edition. CAB International, Wallingford (ISBN: 978-0851998268)	Amanita_orientigemmata
ASV766	Fungi	Basidiomycota	Agaricomycetes	NA	NA	NA	NA	Agaricomycetes	NA	0.8070904	NA	NA	NA	NA	NA	NA	NA	NA	NA	NA	NA	Agaricomycetes
ASV767	Fungi	Basidiomycota	Agaricomycetes	Hymenochaetales	Hymenochaetaceae	Fuscoporia	NA	Fuscoporia	sSH0944650.09FU	0.8457640	Hymenochaetaceae	CC29D6F9-5984-496D-97E7-42EB138C1FEE	536196	9	Saprotroph-Symbiotroph	Ectomycorrhizal-Wood Saprotroph	Probable	Corticioid-Polyporoid	NULL	Lignicolous, causing white rots, rarely ectomycorrhizal (Cannon & Kirk 2007)	Cannon PF, Kirk PM. 2007. Fungal Families of the World. CAB International, Cambridge (ISBN: 978-0851998275)	Fuscoporia
ASV768	Fungi	Basidiomycota	Agaricomycetes	Atheliales	Tylosporaceae	Tylospora	NA	Tylospora	sSH1235568.09FU	0.9963804	Tylospora	2B8F7E76-C050-43AF-BCD8-28E67E6A8F4F	18702	13	Symbiotroph	|Ectomycorrhizal|	Highly Probable	Corticioid	NULL	NULL	Rinaldi AC, et al. 2008. Fungal Diversity 33:1-45 ((http://www.fungaldiversity.org/fdp/sfdp/33-1.pdf)); Tedersoo L, et al. 2010. Mycorrhiza 20:217-263 ((https://doi.org/10.1007/s00572-009-0274-x)); Põlme S, et al. 2020. Fungal Diversity 105:1-16 ((https://doi.org/10.1007/s13225-020-00466-2)); http://mycorrhizas.info/ecmf.html ((http://mycorrhizas.info/ecmf.html))	Tylospora
ASV769	Fungi	Basidiomycota	Agaricomycetes	Sistotremastrales	Sistotremastraceae	Sistotremastrum	Sistotremastrum_suecicum	Sistotremastrum_suecicum	sSH0896637.09FU	0.9997276	Sistotremastrum	091F1714-D38C-4FB2-A0F9-84225773BCBE	18553	13	Saprotroph	Undefined Saprotroph-|Wood Saprotroph|	Probable	Corticioid	White Rot	As white_rot (Põlme et al. 2020); Decay wood (Põlme et al. 2020)	Tedersoo L, et al. 2014. Science 346:e1256688 ((https://doi.org/10.1126/science.1256688)); Põlme S, et al. 2020. Fungal Diversity 105:1-16 ((https://doi.org/10.1007/s13225-020-00466-2))	Sistotremastrum_suecicum
ASV770	Fungi	Ascomycota	Lecanoromycetes	Caliciales	Caliciaceae	Amandinea	Amandinea_lecideina	Amandinea_lecideina	sSH0913124.09FU	0.9906825	Caliciaceae	1CB1CCD4-36B9-11D5-9548-00D0592D548C	80543	9	Pathotroph-Saprotroph-Symbiotroph	Lichenized	Probable	Thallus	NULL	Almost all lichen-forming with Trebouxia photobionts on bark and dead wood, rarely saprobic or lichenicolous (Cannon & Kirk 2007)	Cannon PF, Kirk PM. 2007. Fungal Families of the World. CAB International, Cambridge (ISBN: 978-0851998275)	Amandinea_lecideina
ASV771	Fungi	Basidiomycota	Agaricomycetes	Russulales	Lachnocladiaceae	Scytinostroma	Scytinostroma_mediterraneense	Scytinostroma_mediterraneense	sSH0903080.09FU	0.9467199	Lachnocladiaceae	1CB1CD49-36B9-11D5-9548-00D0592D548C	80924	9	Saprotroph	Wood Saprotroph	Probable	Coraloid-Corticioid	NULL	On decaying coniferous or broadleaved wood, sometimes on herbaceous stems, presumably saprobic (Cannon & Kirk 2007)	Cannon PF, Kirk PM. 2007. Fungal Families of the World. CAB International, Cambridge (ISBN: 978-0851998275)	Scytinostroma_mediterraneense
ASV772	Fungi	Basidiomycota	Agaricomycetes	Russulales	Stereaceae	NA	NA	Stereaceae	sSH0935519.09FU	0.9368220	Stereaceae	1CB1CDDC-36B9-11D5-9548-00D0592D548C	81424	9	Saprotroph	Undefined Saprotroph-Wood Saprotroph	Probable	Corticioid-Polyporoid	NULL	Lignicolous or terrestrial (in leaf litter); typically saprobic (Cannon & Kirk 2007)	Cannon PF, Kirk PM. 2007. Fungal Families of the World. CAB International, Cambridge (ISBN: 978-0851998275)	Stereaceae
ASV773	Fungi	Ascomycota	Dothideomycetes	Mycosphaerellales	Mycosphaerellaceae	Pseudocercospora	NA	Pseudocercospora	NA	0.9997621	Mycosphaerellaceae	1CB1CD75-36B9-11D5-9548-00D0592D548C	81043	9	Pathotroph-Saprotroph	Plant Pathogen-Undefined Saprotroph	Probable	Microfungus	NULL	Biotrophic, necrotrophic or saprobic on various plant tissues (Cannon & Kirk 2007)	Cannon PF, Kirk PM. 2007. Fungal Families of the World. CAB International, Cambridge (ISBN: 978-0851998275)	Pseudocercospora
ASV774	Fungi	Basidiomycota	Agaricomycetes	Polyporales	Fomitopsidaceae	Fomitopsis	NA	Fomitopsis	NA	0.7552287	Fomitopsidaceae	1CB1CD22-36B9-11D5-9548-00D0592D548C	81772	9	Pathotroph-Saprotroph	Plant Pathogen-Wood Saprotroph	Probable	Polyporoid	Brown Rot	Most species are parasitic on woody plants, causing brown rots (Cannon & Kirk 2007)	Cannon PF, Kirk PM. 2007. Fungal Families of the World. CAB International, Cambridge (ISBN: 978-0851998275)	Fomitopsis
ASV775	Fungi	Ascomycota	Dothideomycetes	Pleosporales	Pleosporaceae	Curvularia	Curvularia_micropus	Curvularia_micropus	sSH1068510.09FU	0.8278232	Pleosporaceae	1CB1CDA2-36B9-11D5-9548-00D0592D548C	81188	9	Pathotroph-Saprotroph	Endophyte-Lichen Parasite-Plant Pathogen-Undefined Saprotroph	Probable	Microfungus	NULL	Necrotrophic pathogens and saprobes, especially associated with grasses. Many species are seed-borne (Cannon & Kirk 2007)	Cannon PF, Kirk PM. 2007. Fungal Families of the World. CAB International, Cambridge (ISBN: 978-0851998275); David AS, et al. 2016. Microbial Ecology 71:912-926 ((https://doi.org/10.1007/s00248-015-0712-6)); Lawrey JD, Diederich P. 2016. http://www.lichenicolous.net (accessed 24 May 2017) ((http://www.lichenicolous.net))	Curvularia_micropus
ASV776	Fungi	Ascomycota	Sordariomycetes	Diaporthales	Gnomoniaceae	Ophiognomonia	Ophiognomonia_rosae	Ophiognomonia_rosae	sSH1271727.09FU	0.9777150	Gnomoniaceae	F36F48E8-C228-4922-8DB6-AE905CA55412	80810	9	Pathotroph-Saprotroph-Symbiotroph	Endophyte-Plant Pathogen-Undefined Saprotroph	Probable	Microfungus	NULL	Most species are saprobes or endophytes in leaves and bark, but a few are neurotrophic pathogens (Cannon & Kirk 2007)	Cannon PF, Kirk PM. 2007. Fungal Families of the World. CAB International, Cambridge (ISBN: 978-0851998275)	Ophiognomonia_rosae
ASV777	Fungi	Ascomycota	Leotiomycetes	Erysiphales	Erysiphaceae	Erysiphe	NA	Erysiphe	sSH3616884.09FU	0.9837981	Erysiphaceae	1CB1CD1B-36B9-11D5-9548-00D0592D548C	80754	9	Pathotroph	Plant Pathogen	Probable	Microfungus	NULL	Biotrophic, with affected plant tissues damaged but usually not killing outright (Cannon & Kirk 2007); Common name - powdery mildew	Cannon PF, Kirk PM. 2007. Fungal Families of the World. CAB International, Cambridge (ISBN: 978-0851998275)	Erysiphe
ASV778	Fungi	Basidiomycota	Agaricomycetes	NA	Xenasmataceae	Xenasmatella	NA	Xenasmatella	sSH1201617.09FU	0.9635680	Xenasmatella	1CB1CC85-36B9-11D5-9548-00D0592D548C	18756	13	Saprotroph	Undefined Saprotroph-|Wood Saprotroph|	Probable	Corticioid	White Rot	As white_rot (Põlme et al. 2020); Decay wood (Põlme et al. 2020)	Tedersoo L, et al. 2014. Science 346:e1256688 ((https://doi.org/10.1126/science.1256688)); Põlme S, et al. 2020. Fungal Diversity 105:1-16 ((https://doi.org/10.1007/s13225-020-00466-2))	Xenasmatella
ASV779	Fungi	Basidiomycota	Agaricomycetes	Polyporales	Meruliaceae	Phlebia	Phlebia_formosana	Phlebia_formosana	sSH1255403.09FU	1.0000000	Meruliaceae	9E12B0B5-1D82-4978-AF3D-6EC22C257619	89005	9	Pathotroph-Saprotroph	Plant Pathogen-Undefined Saprotroph	Probable	Corticioid-Polyporoid	NULL	Saprobic or parasitic on woody plants, causing a white rot (Cannon & Kirk 2007)	Cannon PF, Kirk PM. 2007. Fungal Families of the World. CAB International, Cambridge (ISBN: 978-0851998275)	Phlebia_formosana
ASV780	Fungi	Ascomycota	Eurotiomycetes	Chaetothyriales	Herpotrichiellaceae	Melanchlenus	NA	Melanchlenus	sSH1279111.09FU	0.9271778	Herpotrichiellaceae	1CB1CD37-36B9-11D5-9548-00D0592D548C	80856	9	Pathotroph-Saprotroph	Animal Pathogen-Fungal Parasite-Undefined Saprotroph	Probable	Facultative Yeast-Microfungus	NULL	Mostly saprobic on plants or other fungi, isolated from soil etc., and from medical sources (Cannon & Kirk 2007)	Cannon PF, Kirk PM. 2007. Fungal Families of the World. CAB International, Cambridge (ISBN: 978-0851998275)	Melanchlenus
ASV781	Fungi	Basidiomycota	Agaricomycetes	Agaricales	Marasmiaceae	Marasmius	Marasmius_palmivorus	Marasmius_palmivorus	sSH1095138.09FU	0.9652317	Marasmiaceae	FD8F4798-F0FB-492E-B5E9-971374378CD8	80977	9	Pathotroph-Saprotroph-Symbiotroph	Endophyte-Plant Pathogen-Undefined Saprotroph	Probable	Agaricoid	NULL	Species in Moniliophthora are devastating pathogens of tree crops, causing witches broom disease; Saprobic on litter and dead wood, or parasitic on woody plants - often one of the most prominent fungal components of tropical forests, playing a major role in nutrient cycling (Cannon & Kirk 2007)	Cannon PF, Kirk PM. 2007. Fungal Families of the World. CAB International, Cambridge (ISBN: 978-0851998275); David AS, et al. 2016. Microbial Ecology 71:912-926 ((https://doi.org/10.1007/s00248-015-0712-6))	Marasmius_palmivorus
ASV782	Fungi	Ascomycota	Dothideomycetes	Pleosporales	Periconiaceae	Periconia	Periconia_celtidis	Periconia_celtidis	sSH0949764.09FU	0.9711392	Periconia	1CB197FE-36B9-11D5-9548-00D0592D548C	9263	13	Pathotroph-Saprotroph-Symbiotroph	Endophyte-|Plant Pathogen|-Wood Saprotroph	Possible	Microfungus	Soft Rot	 Asteraceae, Musaceae (Costa et al. 2012); As foliar_endophyte (Põlme et al. 2020); Dark Septate Endophyte, known from plant roots (Mandyam et al. 2010); Endophyte Host ; Decay leaf, fruit, seed (Põlme et al. 2020)	Duncan CG, Eslyn WE. 1966. Mycologia 58:642-645 ((https://doi.org/10.2307/3757045)); Costa IPMW, et al. 2012. Mycotaxon 119:e26 ((http://mycotaxon.com/resources/checklists/costa_v119_checklist.pdf)); Põlme S, et al. 2020. Fungal Diversity 105:1-16 ((https://doi.org/10.1007/s13225-020-00466-2)); Mandyam K, et al. 2012. Mycorrhiza 22:109-119 ((https://doi.org/10.1007/s00572-011-0386-y)); Knapp DG, et al. 2012. PLOS ONE 7:e32570 (( https://doi.org/10.1371/journal.pone.0032570)); The American Phytopathological Society Common Names of Plant Diseases ((http://www.apsnet.org/publications/commonnames/Pages/default.aspx))	Periconia_celtidis
ASV783	Fungi	Basidiomycota	Agaricomycetes	Atheliales	NA	NA	NA	Atheliales	sSH0904294.09FU	0.9996803	NA	NA	NA	NA	NA	NA	NA	NA	NA	NA	NA	Atheliales
ASV784	Fungi	Basidiomycota	Microbotryomycetes	Sporidiobolales	Sporidiobolaceae	Sporobolomyces	Sporobolomyces_musae	Sporobolomyces_musae	sSH2149879.09FU	0.9727367	Sporidiobolaceae	20AD224D-9EFF-4C1C-8214-59BA76CCCDF3	82101	9	Pathotroph-Saprotroph	Animal Pathogen-Undefined Saprotroph	Probable	Microfungus	NULL	Saprobic, found in a wide range of habitats and especially in aquatic systems. Some of the red yeasts in this family are widely encountered spoilage organisms and opportunistic human pathogens (Cannon & Kirk 2007)	Cannon PF, Kirk PM. 2007. Fungal Families of the World. CAB International, Cambridge (ISBN: 978-0851998275)	Sporobolomyces_musae
ASV785	Fungi	Basidiomycota	Agaricomycetes	NA	NA	NA	NA	Agaricomycetes	NA	1.0000000	NA	NA	NA	NA	NA	NA	NA	NA	NA	NA	NA	Agaricomycetes
ASV786	Fungi	Basidiomycota	Agaricomycetes	Russulales	Peniophoraceae	Peniophora	Peniophora_cinerea	Peniophora_cinerea	sSH1068907.09FU	0.9910586	Peniophoraceae	1CB1CD8B-36B9-11D5-9548-00D0592D548C	81123	9	Pathotroph-Saprotroph	Plant Pathogen-Wood Saprotroph	Probable	Corticioid	White Rot	Most species are saprobic, causing rots of standing and fallen wood. Many species are adapted to xeric conditions, being able to grow on rapidly drying dead attached branches (Cannon & Kirk 2007)	Cannon PF, Kirk PM. 2007. Fungal Families of the World. CAB International, Cambridge (ISBN: 978-0851998275)	Peniophora_cinerea
ASV787	Fungi	Basidiomycota	Agaricomycetes	Cantharellales	Ceratobasidiaceae	Ceratobasidium	NA	Ceratobasidium	sSH1263221.09FU	0.8426009	Ceratobasidiaceae	1CB1CCDC-36B9-11D5-9548-00D0592D548C	80572	9	Pathotroph-Saprotroph-Symbiotroph	Endomycorrhizal-Plant Pathogen-Undefined Saprotroph	Possible	Microfungus	NULL	Best known as plant pathogens, but also saprobic. Species are endomycorrhizal with a wide range of plant roots - especially of Orchidaceae but also even bryophytes (Cannon & Kirk 2007)	Cannon PF, Kirk PM. 2007. Fungal Families of the World. CAB International, Cambridge (ISBN: 978-0851998275)	Ceratobasidium
ASV788	Fungi	Ascomycota	Dothideomycetes	Pleosporales	Phaeosphaeriaceae	Phaeoseptoriella	NA	Phaeoseptoriella	sSH1092075.09FU	0.9999992	Phaeosphaeriaceae	1CB1CD8E-36B9-11D5-9548-00D0592D548C	81637	9	Pathotroph-Saprotroph	Fungal Parasite-Plant Pathogen-Plant Saprotroph	Probable	Microfungus	NULL	Necrotrophic or saprobic on a wide range of plants, especially monocotyledons; a few species parasitic on other fungi (Cannon & Kirk 2007)	Cannon PF, Kirk PM. 2007. Fungal Families of the World. CAB International, Cambridge (ISBN: 978-0851998275)	Phaeoseptoriella
ASV789	Fungi	Ascomycota	Eurotiomycetes	Eurotiales	Aspergillaceae	Aspergillus	NA	Aspergillus	sSH1083085.09FU	0.9998728	Eurotiales	1CB1CE25-36B9-11D5-9548-00D0592D548C	90472	7	Saprotroph	Undefined Saprotroph	Possible	Microfungus	NULL	NULL	Sterkenburg E, et al. 2015. New Phytologist 207:1145-1158 ((https://doi.org/10.1111/nph.13426))	Aspergillus
ASV790	Fungi	Basidiomycota	Agaricomycetes	Agaricales	Tricholomataceae	Xeromphalina	Xeromphalina_campanelloides	Xeromphalina_campanelloides	sSH1209590.09FU	0.9593829	Tricholomataceae	008764C7-3F16-4577-B343-C50EF7B78211	81487	9	Pathotroph-Symbiotroph	Ectomycorrhizal-Fungal Parasite	Probable	Agaricoid	NULL	Tricholoma species are ectomycorrhizal, occurring in coniferous and broadleaved forests (Cannon & Kirk 2007); T. sclerotoideum is parasitic on Helvella spp.	Cannon PF, Kirk PM. 2007. Fungal Families of the World. CAB International, Cambridge (ISBN: 978-0851998275)	Xeromphalina_campanelloides
ASV791	Fungi	Ascomycota	Saccharomycetes	Saccharomycetales	Metschnikowiaceae	Clavispora	Clavispora_lusitaniae	Clavispora_lusitaniae	NA	0.9993797	Saccharomycetales	B73A15F4-AB90-4E11-B6D7-E0BE710B986C	816369	7	Saprotroph	Undefined Saprotroph	Possible	Yeast	NULL	NULL	Sterkenburg E, et al. 2015. New Phytologist 207:1145-1158 ((https://doi.org/10.1111/nph.13426))	Clavispora_lusitaniae
ASV792	Fungi	Ascomycota	Dothideomycetes	Pleosporales	Pleosporaceae	Stemphylium	NA	Stemphylium	sSH0885124.09FU	0.9423564	Pleosporaceae	1CB1CDA2-36B9-11D5-9548-00D0592D548C	81188	9	Pathotroph-Saprotroph	Endophyte-Lichen Parasite-Plant Pathogen-Undefined Saprotroph	Probable	Microfungus	NULL	Necrotrophic pathogens and saprobes, especially associated with grasses. Many species are seed-borne (Cannon & Kirk 2007)	Cannon PF, Kirk PM. 2007. Fungal Families of the World. CAB International, Cambridge (ISBN: 978-0851998275); David AS, et al. 2016. Microbial Ecology 71:912-926 ((https://doi.org/10.1007/s00248-015-0712-6)); Lawrey JD, Diederich P. 2016. http://www.lichenicolous.net (accessed 24 May 2017) ((http://www.lichenicolous.net))	Stemphylium
ASV793	Fungi	Ascomycota	Dothideomycetes	Venturiales	Sympoventuriaceae	NA	NA	Sympoventuriaceae	sSH1117325.09FU	1.0000000	Sympoventuriaceae	1A5CF12B-5C15-43F8-BB6A-8479B1581BBB	563117	9	Saprotroph	Undefined Saprotroph	Probable	Microfungus	NULL	Sympoventuriaceae is represented by Sympoventuria, and can be distinguished from species of Venturiales by its saprobic life style (Zhang et al. 2011)	Zhang Y, et al. 2011 Fungal Diversity 51:249-277 ((https://doi.org/10.1007/s13225-011-0141-x))	Sympoventuriaceae
ASV794	Fungi	Ascomycota	Sordariomycetes	Hypocreales	NA	NA	NA	Hypocreales	sSH1254878.09FU	1.0000000	Hypocreales	1CB18E60-36B9-11D5-9548-00D0592D548C	90477	7	Saprotroph	Undefined Saprotroph	Possible	Microfungus	NULL	NULL	Sterkenburg E, et al. 2015. New Phytologist 207:1145-1158 ((https://doi.org/10.1111/nph.13426))	Hypocreales
ASV795	Fungi	Basidiomycota	Agaricomycetes	Agaricales	NA	Chondrostereum	Chondrostereum_purpureum	Chondrostereum_purpureum	sSH1259912.09FU	0.9999341	Agaricales	715D162F-5F0E-40C8-A7DC-79D488D3F937	90508	7	Pathotroph-Saprotroph-Symbiotroph	Bryophyte Parasite-Dung Saprotroph-Ectomycorrhizal-Fungal Parasite-Leaf Saprotroph-Plant Parasite-Undefined Saprotroph-Wood Saprotroph	Possible	Agaricoid-Gasteroid-Microfungus-Secotioid-Yeast	NULL	Mushrooms and toadstools, Gill fungi, Agarics... lignicolous, sometimes muscicolous or fungicolous, saprobic, mycorrhizal, rarely parasitic on plants or fungi (Kirk et al. 2008)	Kirk PM et al. 2008. Dictionary of the Fungi. Tenth Edition. CAB International, Wallingford (ISBN: 978-0851998268)	Chondrostereum_purpureum
ASV796	Fungi	Ascomycota	Sordariomycetes	Phomatosporales	Phomatosporaceae	Phomatospora	NA	Phomatospora	sSH1074692.09FU	0.8577370	Phomatospora	1CB1CA05-36B9-11D5-9548-00D0592D548C	4015	13	Saprotroph	Dung Saprotroph-Plant Saprotroph-|Wood Saprotroph|	Highly Probable	Microfungus	NULL	As litter_saprotroph (Põlme et al. 2020); Decay wood, leaf, fruit, seed (Põlme et al. 2020)	Richardson MJ. 1972. Transactions of the British Mycological Society 58:37-48 ((https://doi.org/10.1016/S0007-1536(72)80069-X)); Põlme S, et al. 2020. Fungal Diversity 105:1-16 ((https://doi.org/10.1007/s13225-020-00466-2))	Phomatospora
ASV797	Fungi	Basidiomycota	Agaricomycetes	Auriculariales	Hyaloriaceae	NA	NA	Hyaloriaceae	sSH1281127.09FU	0.9999978	NA	NA	NA	NA	NA	NA	NA	NA	NA	NA	NA	Hyaloriaceae
ASV798	Fungi	Basidiomycota	Agaricomycetes	Polyporales	Meruliaceae	Mycoaciella	Mycoaciella_efibulata	Mycoaciella_efibulata	sSH1125527.09FU	0.9999940	Meruliaceae	9E12B0B5-1D82-4978-AF3D-6EC22C257619	89005	9	Pathotroph-Saprotroph	Plant Pathogen-Undefined Saprotroph	Probable	Corticioid-Polyporoid	NULL	Saprobic or parasitic on woody plants, causing a white rot (Cannon & Kirk 2007)	Cannon PF, Kirk PM. 2007. Fungal Families of the World. CAB International, Cambridge (ISBN: 978-0851998275)	Mycoaciella_efibulata
ASV799	Fungi	Ascomycota	Saccharomycetes	Saccharomycetales	NA	Candida	Candida_melibiosica	Candida_melibiosica	sSH1146835.09FU	0.8877728	Saccharomycetales	B73A15F4-AB90-4E11-B6D7-E0BE710B986C	816369	7	Saprotroph	Undefined Saprotroph	Possible	Yeast	NULL	NULL	Sterkenburg E, et al. 2015. New Phytologist 207:1145-1158 ((https://doi.org/10.1111/nph.13426))	Candida_melibiosica
ASV800	Fungi	Basidiomycota	NA	NA	NA	NA	NA	Basidiomycota	sSH0895956.09FU	0.9997203	NA	NA	NA	NA	NA	NA	NA	NA	NA	NA	NA	Basidiomycota
ASV801	Fungi	Basidiomycota	Exobasidiomycetes	Microstromatales	NA	NA	NA	Microstromatales	NA	0.9999815	NA	NA	NA	NA	NA	NA	NA	NA	NA	NA	NA	Microstromatales
ASV802	Fungi	Ascomycota	Leotiomycetes	Helotiales	Sclerotiniaceae	NA	NA	Sclerotiniaceae	NA	0.9955033	Sclerotiniaceae	1CB1A350-36B9-11D5-9548-00D0592D548C	81363	9	Pathotroph	Plant Pathogen	Probable	Microfungus	NULL	Primarily necrotrophs, infecting roots, leaves, fruits, seeds, etc. and causing moulds, damping off etc. Sclerotia often overwinter and can survive for long periods in soil (Cannon & Kirk 2007)	Cannon PF, Kirk PM. 2007. Fungal Families of the World. CAB International, Cambridge (ISBN: 978-0851998275)	Sclerotiniaceae
ASV803	Fungi	Ascomycota	Dothideomycetes	NA	NA	NA	NA	Dothideomycetes	sSH1084280.09FU	0.9996924	NA	NA	NA	NA	NA	NA	NA	NA	NA	NA	NA	Dothideomycetes
ASV804	Fungi	Ascomycota	NA	NA	NA	NA	NA	Ascomycota	NA	0.8563252	NA	NA	NA	NA	NA	NA	NA	NA	NA	NA	NA	Ascomycota
ASV805	Fungi	Ascomycota	Dothideomycetes	Pleosporales	Halotthiaceae	Sulcosporium	Sulcosporium_thailandicum	Sulcosporium_thailandicum	sSH1001768.09FU	0.9999996	Sulcosporium	E046210E-0D31-4152-B455-EF7872E6F9DD	551328	13	Saprotroph	|Wood Saprotroph|	Probable	Microfungus	NULL	Decay wood (Põlme et al. 2020)	Põlme S, et al. 2020. Fungal Diversity 105:1-16 ((https://doi.org/10.1007/s13225-020-00466-2))	Sulcosporium_thailandicum
ASV806	Fungi	Basidiomycota	Agaricomycetes	Hymenochaetales	Schizoporaceae	NA	NA	Schizoporaceae	sSH1274591.09FU	0.9994150	Schizoporaceae	1CB1CDC9-36B9-11D5-9548-00D0592D548C	80038	9	Saprotroph	Wood Saprotroph	Probable	Corticioid	White Rot	Saprobic, causing white rot of standing and fallen wood of coniferous and broadleaved trees, rarely on herbaceous stems (Cannon & Kirk 2007)	Cannon PF, Kirk PM. 2007. Fungal Families of the World. CAB International, Cambridge (ISBN: 978-0851998275)	Schizoporaceae
ASV807	Fungi	Basidiomycota	Agaricomycetes	Hymenochaetales	NA	Skvortzovia	Skvortzovia_furfurella	Skvortzovia_furfurella	sSH1327993.09FU	1.0000000	Skvortzovia	A047BE52-9557-40F8-96C4-FE4378E1D7D6	14446	13	Saprotroph	Undefined Saprotroph-|Wood Saprotroph|	Probable	Corticioid	White Rot	As white_rot (Põlme et al. 2020); Decay wood (Põlme et al. 2020)	Tedersoo L, et al. 2014. Science 346:e1256688 ((https://doi.org/10.1126/science.1256688)); Põlme S, et al. 2020. Fungal Diversity 105:1-16 ((https://doi.org/10.1007/s13225-020-00466-2))	Skvortzovia_furfurella
ASV808	Fungi	Basidiomycota	Agaricomycetes	Polyporales	NA	NA	NA	Polyporales	sSH1224743.09FU	0.9998315	NA	NA	NA	NA	NA	NA	NA	NA	NA	NA	NA	Polyporales
ASV809	Fungi	NA	NA	NA	NA	NA	NA	NA	NA	0.7573521	NA	NA	NA	NA	NA	NA	NA	NA	NA	NA	NA	NA
ASV810	Fungi	Ascomycota	Dothideomycetes	Pleosporales	NA	NA	NA	Pleosporales	NA	0.9611232	NA	NA	NA	NA	NA	NA	NA	NA	NA	NA	NA	Pleosporales
ASV811	Fungi	Basidiomycota	Exobasidiomycetes	Entylomatales	Entylomataceae	Tilletiopsis	Tilletiopsis_lilacina	Tilletiopsis_lilacina	sSH1048835.09FU	0.9988577	Tilletiopsis	1CB1A754-36B9-11D5-9548-00D0592D548C	10237	13	Pathotroph-Saprotroph	Endophyte-Fungal Parasite-|Plant Pathogen|-Plant Saprotroph-Undefined Saprotroph	Probable	Microfungus-Yeast	NULL	As litter_saprotroph (Põlme et al. 2020); As mycoparasite (Põlme et al. 2020); Decay leaf, fruit, seed (Põlme et al. 2020); Isolated from leaves...dead leaves (Nyland 1950)	Nyland G. 1950. Mycologia 42:487-496 ((ttps://doi.org/10.1080/00275514.1950.12017853)); Põlme S, et al. 2020. Fungal Diversity 105:1-16 ((https://doi.org/10.1007/s13225-020-00466-2))	Tilletiopsis_lilacina
ASV812	Fungi	Basidiomycota	Agaricomycetes	Trechisporales	Hydnodontaceae	Subulicystidium	NA	Subulicystidium	NA	1.0000000	Subulicystidium	1CB1CBCE-36B9-11D5-9548-00D0592D548C	18619	13	Saprotroph	Undefined Saprotroph-|Wood Saprotroph|	Probable	Corticioid	White Rot	As white_rot (Põlme et al. 2020); Decay wood (Põlme et al. 2020)	Tedersoo L, et al. 2014. Science 346:e1256688 ((https://doi.org/10.1126/science.1256688)); Põlme S, et al. 2020. Fungal Diversity 105:1-16 ((https://doi.org/10.1007/s13225-020-00466-2))	Subulicystidium
ASV813	Fungi	Ascomycota	Sordariomycetes	Glomerellales	Plectosphaerellaceae	Plectosphaerella	NA	Plectosphaerella	NA	0.9991878	Plectosphaerella	1CB1CA3C-36B9-11D5-9548-00D0592D548C	4197	13	Pathotroph-Saprotroph-Symbiotroph	Endophyte-|Plant Pathogen|-Plant Saprotroph	Probable	Microfungus	NULL	As litter_saprotroph (Põlme et al. 2020); Decay leaf, fruit, seed, animal material (Põlme et al. 2020); Plectosporium was introduced by Palm et al. (1995) for Fusarium tabacinum, the anamorph of Plectosphaerella cucumerina (Carlucci et al. 2012)	Palm et al. 1995. Mycologia 87:397-406 ((https://doi.org/10.1080/00275514.1995.12026545)); Carlucci et al. 2012. Persoonia 28:34-48 ((https://doi.org/10.3767/003158512X638251)); David AS, et al. 2016. Microbial Ecology 71:912-926 ((https://doi.org/10.1007/s00248-015-0712-6)); Li et al. 2017. Mycobiology 45:110-113 ((https://doi.org/10.5941/MYCO.2017.45.2.110)); Põlme S, et al. 2020. Fungal Diversity 105:1-16 ((https://doi.org/10.1007/s13225-020-00466-2))	Plectosphaerella
ASV814	Fungi	Ascomycota	Dothideomycetes	Pleosporales	Phaeosphaeriaceae	Phaeosphaeria	NA	Phaeosphaeria	NA	0.9313661	Phaeosphaeriaceae	1CB1CD8E-36B9-11D5-9548-00D0592D548C	81637	9	Pathotroph-Saprotroph	Fungal Parasite-Plant Pathogen-Plant Saprotroph	Probable	Microfungus	NULL	Necrotrophic or saprobic on a wide range of plants, especially monocotyledons; a few species parasitic on other fungi (Cannon & Kirk 2007)	Cannon PF, Kirk PM. 2007. Fungal Families of the World. CAB International, Cambridge (ISBN: 978-0851998275)	Phaeosphaeria
ASV815	Fungi	Ascomycota	Dothideomycetes	Mycosphaerellales	Mycosphaerellaceae	Zasmidium	Zasmidium_angulare	Zasmidium_angulare	sSH2784122.09FU	0.7457106	Mycosphaerellaceae	1CB1CD75-36B9-11D5-9548-00D0592D548C	81043	9	Pathotroph-Saprotroph	Plant Pathogen-Undefined Saprotroph	Probable	Microfungus	NULL	Biotrophic, necrotrophic or saprobic on various plant tissues (Cannon & Kirk 2007)	Cannon PF, Kirk PM. 2007. Fungal Families of the World. CAB International, Cambridge (ISBN: 978-0851998275)	Zasmidium_angulare
ASV816	Fungi	Basidiomycota	Agaricomycetes	Russulales	NA	NA	NA	Russulales	sSH0935484.09FU	0.9680108	NA	NA	NA	NA	NA	NA	NA	NA	NA	NA	NA	Russulales
ASV817	Fungi	Basidiomycota	Agaricomycetes	Russulales	Peniophoraceae	Peniophora	Peniophora_parvocystidiata	Peniophora_parvocystidiata	sSH1068901.09FU	0.9999600	Peniophoraceae	1CB1CD8B-36B9-11D5-9548-00D0592D548C	81123	9	Pathotroph-Saprotroph	Plant Pathogen-Wood Saprotroph	Probable	Corticioid	White Rot	Most species are saprobic, causing rots of standing and fallen wood. Many species are adapted to xeric conditions, being able to grow on rapidly drying dead attached branches (Cannon & Kirk 2007)	Cannon PF, Kirk PM. 2007. Fungal Families of the World. CAB International, Cambridge (ISBN: 978-0851998275)	Peniophora_parvocystidiata
ASV818	Fungi	Ascomycota	Sordariomycetes	Hypocreales	Cylindriaceae	Cylindrium	NA	Cylindrium	NA	0.7315512	Hypocreales	1CB18E60-36B9-11D5-9548-00D0592D548C	90477	7	Saprotroph	Undefined Saprotroph	Possible	Microfungus	NULL	NULL	Sterkenburg E, et al. 2015. New Phytologist 207:1145-1158 ((https://doi.org/10.1111/nph.13426))	Cylindrium
ASV819	Fungi	Basidiomycota	Agaricomycetes	Auriculariales	NA	NA	NA	Auriculariales	NA	0.9984405	NA	NA	NA	NA	NA	NA	NA	NA	NA	NA	NA	Auriculariales
ASV820	Fungi	Basidiomycota	Microbotryomycetes	Sporidiobolales	Sporidiobolaceae	Sporobolomyces	Sporobolomyces_primogenomicus	Sporobolomyces_primogenomicus	sSH0882313.09FU	0.9088837	Sporidiobolaceae	20AD224D-9EFF-4C1C-8214-59BA76CCCDF3	82101	9	Pathotroph-Saprotroph	Animal Pathogen-Undefined Saprotroph	Probable	Microfungus	NULL	Saprobic, found in a wide range of habitats and especially in aquatic systems. Some of the red yeasts in this family are widely encountered spoilage organisms and opportunistic human pathogens (Cannon & Kirk 2007)	Cannon PF, Kirk PM. 2007. Fungal Families of the World. CAB International, Cambridge (ISBN: 978-0851998275)	Sporobolomyces_primogenomicus
ASV821	Fungi	Basidiomycota	Cystobasidiomycetes	Cystobasidiales	Cystobasidiaceae	Cystobasidium	Cystobasidium_benthicum	Cystobasidium_benthicum	NA	0.9042738	Cystobasidium	089EE3BE-975C-47BF-8DD0-494C299F8F10	17446	13	Pathotroph	|Fungal Parasite|	Highly Probable	Dimorphic-Facultative Yeast	NULL	As mycoparasite (Põlme et al. 2020); Decay fungal material (Põlme et al. 2020); Host - Thelebolales (Põlme et al. 2020)	Kurtzman CP, et al. (eds.) 2011. The Yeasts, a Taxonomic Study. Fifth Edition. Vols 1-3. Elsevier, San Diego (ISBN: 9780444521491); Põlme S, et al. 2020. Fungal Diversity 105:1-16 ((https://doi.org/10.1007/s13225-020-00466-2))	Cystobasidium_benthicum
ASV822	Fungi	Ascomycota	Eurotiomycetes	Eurotiales	Aspergillaceae	Aspergillus	NA	Aspergillus	NA	0.9996697	Eurotiales	1CB1CE25-36B9-11D5-9548-00D0592D548C	90472	7	Saprotroph	Undefined Saprotroph	Possible	Microfungus	NULL	NULL	Sterkenburg E, et al. 2015. New Phytologist 207:1145-1158 ((https://doi.org/10.1111/nph.13426))	Aspergillus
ASV823	Fungi	Ascomycota	Saccharomycetes	Saccharomycetales	Metschnikowiaceae	Metschnikowia	NA	Metschnikowia	NA	0.8661445	Saccharomycetales	B73A15F4-AB90-4E11-B6D7-E0BE710B986C	816369	7	Saprotroph	Undefined Saprotroph	Possible	Yeast	NULL	NULL	Sterkenburg E, et al. 2015. New Phytologist 207:1145-1158 ((https://doi.org/10.1111/nph.13426))	Metschnikowia
ASV824	Fungi	Basidiomycota	Agaricomycetes	Polyporales	Phanerochaetaceae	Bjerkandera	Bjerkandera_adusta	Bjerkandera_adusta	sSH1177901.09FU	0.9905270	Bjerkandera	1CB1C50E-36B9-11D5-9548-00D0592D548C	17160	13	Pathotroph-Saprotroph-Symbiotroph	Endophyte-Plant Pathogen-|Wood Saprotroph|	Highly Probable	Polyporoid	White Rot	As root_endophyte_dark_septate (Põlme et al. 2020); As white_rot (Põlme et al. 2020); As wood_pathogen (Põlme et al. 2020); Decay wood (Põlme et al. 2020)	Gilbertson RL, Ryvarden L. 1987-1987. North American Polypores. Fungiflora, Oslo (ISBN: 978-0945345060); Põlme S, et al. 2020. Fungal Diversity 105:1-16 ((https://doi.org/10.1007/s13225-020-00466-2))	Bjerkandera_adusta
ASV825	Fungi	Basidiomycota	Agaricomycetes	Russulales	Bondarzewiaceae	Heterobasidion	Heterobasidion_irregulare	Heterobasidion_irregulare	sSH1236129.09FU	0.9826990	Bondarzewiaceae	1CB1CCCF-36B9-11D5-9548-00D0592D548C	80527	9	Pathotroph-Saprotroph	Plant Pathogen-Wood Saprotroph	Probable	Polyporoid	White Rot	Parasitic or saprobic on wood of gymnosperms and angiosperms, causing white rot (Cannon & Kirk 2007)	Cannon PF, Kirk PM. 2007. Fungal Families of the World. CAB International, Cambridge (ISBN: 978-0851998275)	Heterobasidion_irregulare
ASV826	Fungi	Basidiomycota	Agaricomycetes	Auriculariales	Auriculariaceae	NA	NA	Auriculariaceae	NA	0.7648127	Auriculariaceae	1CB1CCC3-36B9-11D5-9548-00D0592D548C	80505	9	Pathotroph-Saprotroph	Plant Parasite-Wood Saprotroph	Probable	Auriculariod	NULL	Saprobic, occasionally weakly parasitic, on wood of both gymnosperms and angiosperms (Cannon & Kirk 2007)	Cannon PF, Kirk PM. 2007. Fungal Families of the World. CAB International, Cambridge (ISBN: 978-0851998275)	Auriculariaceae
ASV827	Fungi	Ascomycota	Lecanoromycetes	Ostropales	Stictidaceae	NA	NA	Stictidaceae	NA	0.7772730	Stictidaceae	1CB1A605-36B9-11D5-9548-00D0592D548C	81429	9	Symbiotroph	Lichenized-Wood Saprotroph	Probable	Microfungus-Thallus	NULL	Saprobic on wood and stems, a few species lichenized or lignicolous (Cannon & Kirk 2007)	Cannon PF, Kirk PM. 2007. Fungal Families of the World. CAB International, Cambridge (ISBN: 978-0851998275)	Stictidaceae
ASV828	Fungi	Ascomycota	Dothideomycetes	Capnodiales	Cladosporiaceae	Verrucocladosporium	NA	Verrucocladosporium	NA	0.9994433	Cladosporiaceae	6EDCD6E4-DE4D-443D-AF6B-A572F626BD45	816548	9	Pathotroph-Saprotroph-Symbiotroph	Animal Pathogen-Endophyte-Lichen Parasite-Plant Pathogen-Wood Saprotroph	Possible	Microfungus	NULL	NULL	Seehann G, et al. 1975. List of Fungi in Soft-Rot Tissue Tests. Institute fur Holzbiologie und Holzschutz, Bundesforschungsanstalt fur Forst - und Holzwirtshaft, Hamburg - Lohbrugge, Germany; Lawrey JD, Diederich P. 2016. http://www.lichenicolous.net (accessed 24 May 2017) ((http://www.lichenicolous.net)); The American Phytopathological Society Common Names of Plant Diseases ((http://www.apsnet.org/publications/commonnames/Pages/default.aspx))	Verrucocladosporium
ASV829	Fungi	Ascomycota	Dothideomycetes	Mycosphaerellales	Mycosphaerellaceae	Cercospora	NA	Cercospora	NA	0.9905728	Mycosphaerellaceae	1CB1CD75-36B9-11D5-9548-00D0592D548C	81043	9	Pathotroph-Saprotroph	Plant Pathogen-Undefined Saprotroph	Probable	Microfungus	NULL	Biotrophic, necrotrophic or saprobic on various plant tissues (Cannon & Kirk 2007)	Cannon PF, Kirk PM. 2007. Fungal Families of the World. CAB International, Cambridge (ISBN: 978-0851998275)	Cercospora
ASV830	Fungi	Ascomycota	Dothideomycetes	Pleosporales	Cucurbitariaceae	Parafenestella	NA	Parafenestella	sSH0894090.09FU	0.7579660	Cucurbitariaceae	E7FBF69C-E136-452E-91BC-894D30ABD816	816502	9	Pathotroph-Saprotroph	Plant Pathogen-Wood Saprotroph	Probable	Microfungus	NULL	Necrotrophic or saprobic on woody plants (Cannon & Kirk 2007)	Cannon PF, Kirk PM. 2007. Fungal Families of the World. CAB International, Cambridge (ISBN: 978-0851998275); Tedersoo L, et al. 2014. Science 346:e1256688 ((https://doi.org/10.1126/science.1256688))	Parafenestella
ASV831	Fungi	Ascomycota	Dothideomycetes	Pleosporales	Massarinaceae	Stagonospora	Stagonospora_duoseptata	Stagonospora_duoseptata	sSH0952860.09FU	0.9999447	Massarinaceae	4068CDF9-F69E-41F5-BB5F-1834BD4F01F1	80979	9	Pathotroph-Saprotroph	Plant Pathogen-Undefined Saprotroph	Probable	Microfungus	NULL	NULL	Kirk PM et al. 2008. Dictionary of the Fungi. Tenth Edition. CAB International, Wallingford (ISBN: 978-0851998268)	Stagonospora_duoseptata
ASV832	Fungi	Ascomycota	Lecanoromycetes	Lecanorales	Ramalinaceae	Bacidina	NA	Bacidina	NA	0.7304995	Ramalinaceae	A63C70A9-735A-4DF4-B71D-3A45FEBF7316	81242	9	Symbiotroph	Lichenized	Probable	Thallus	NULL	Lichenized with green algae, on rocks , branches etc., often forming extensive carpets of thalli; often prominent in maritime communities (Cannon & Kirk 2007)	Cannon PF, Kirk PM. 2007. Fungal Families of the World. CAB International, Cambridge (ISBN: 978-0851998275)	Bacidina
ASV833	Fungi	Basidiomycota	Agaricomycetes	Auriculariales	Exidiaceae	Basidiodendron	NA	Basidiodendron	sSH1003529.09FU	0.7697427	Basidiodendron	1CB1C4F5-36B9-11D5-9548-00D0592D548C	17148	13	Saprotroph	Undefined Saprotroph-|Wood Saprotroph|	Probable	Corticioid	NULL	Decay wood (Põlme et al. 2020)	Tedersoo L, et al. 2014. Science 346:e1256688 ((https://doi.org/10.1126/science.1256688)); Põlme S, et al. 2020. Fungal Diversity 105:1-16 ((https://doi.org/10.1007/s13225-020-00466-2))	Basidiodendron
ASV834	Fungi	Ascomycota	Dothideomycetes	Pleosporales	NA	NA	NA	Pleosporales	sSH0966397.09FU	0.9900426	NA	NA	NA	NA	NA	NA	NA	NA	NA	NA	NA	Pleosporales
ASV835	Fungi	Ascomycota	Dothideomycetes	Tubeufiales	NA	NA	NA	Tubeufiales	sSH0973324.09FU	1.0000000	NA	NA	NA	NA	NA	NA	NA	NA	NA	NA	NA	Tubeufiales
ASV836	Fungi	Basidiomycota	Tremellomycetes	Tremellales	Bulleribasidiaceae	Vishniacozyma	Vishniacozyma_tephrensis	Vishniacozyma_tephrensis	sSH0994194.09FU	0.9999987	Tremellales	1CB1CE64-36B9-11D5-9548-00D0592D548C	90451	7	Pathotroph-Saprotroph-Symbiotroph	Fungal Parasite-Undefined Saprotroph	Possible	Tremelloid-Yeast	NULL	The order contains both teleomorphic and anamorphic species, most of the latter being yeasts	Sterkenburg E, et al. 2015. New Phytologist 207:1145-1158 ((https://doi.org/10.1111/nph.13426))	Vishniacozyma_tephrensis
ASV837	Fungi	Basidiomycota	Cystobasidiomycetes	NA	NA	NA	NA	Cystobasidiomycetes	NA	0.9365605	NA	NA	NA	NA	NA	NA	NA	NA	NA	NA	NA	Cystobasidiomycetes
ASV838	Fungi	Basidiomycota	Agaricomycetes	Cantharellales	Hydnaceae	Sistotrema	Sistotrema_brinkmannii	Sistotrema_brinkmannii	sSH1208562.09FU	0.9837538	Sistotrema	1CB1CB70-36B9-11D5-9548-00D0592D548C	18551	13	Saprotroph-Symbiotroph	Ectomycorrhizal-|Plant Saprotroph|-Wood Saprotroph	Possible	Corticioid	White Rot	As litter_saprotroph (Põlme et al. 2020); Decay leaf, fruit, seed (Põlme et al. 2020)	Gilbertson RL, Ryvarden L. 1987-1987. North American Polypores. Fungiflora, Oslo (ISBN: 978-0945345060); Rinaldi AC, et al. 2008. Fungal Diversity 33:1-45 ((http://www.fungaldiversity.org/fdp/sfdp/33-1.pdf)) (as ECM/not ECM); Tedersoo L, et al. 2010. Mycorrhiza 20:217-263 ((https://doi.org/10.1007/s00572-009-0274-x)) (pro parte); Põlme S, et al. 2020. Fungal Diversity 105:1-16 ((https://doi.org/10.1007/s13225-020-00466-2)); http://mycorrhizas.info/ecmf.html ((http://mycorrhizas.info/ecmf.html)) (as ECM/not ECM).	Sistotrema_brinkmannii
ASV839	Fungi	Basidiomycota	Agaricomycetes	Polyporales	Incrustoporiaceae	Skeletocutis	Skeletocutis_papyracea	Skeletocutis_papyracea	sSH1257597.09FU	0.9900456	Skeletocutis	1CB1A2C9-36B9-11D5-9548-00D0592D548C	18554	13	Saprotroph	|Wood Saprotroph|	Highly Probable	Polyporoid	White Rot	As white_rot (Põlme et al. 2020); Decay wood (Põlme et al. 2020)	Gilbertson RL, Ryvarden L. 1987-1987. North American Polypores. Fungiflora, Oslo (ISBN: 978-0945345060); Põlme S, et al. 2020. Fungal Diversity 105:1-16 ((https://doi.org/10.1007/s13225-020-00466-2))	Skeletocutis_papyracea
ASV840	Fungi	Basidiomycota	Agaricomycetes	Atheliales	Tylosporaceae	Amphinema	NA	Amphinema	sSH0954400.09FU	1.0000000	Amphinema	1CB1C46F-36B9-11D5-9548-00D0592D548C	17060	13	Symbiotroph	|Ectomycorrhizal|	Highly Probable	Corticioid	NULL	NULL	Rinaldi AC, et al. 2008. Fungal Diversity 33:1-45 ((http://www.fungaldiversity.org/fdp/sfdp/33-1.pdf)); Tedersoo L, et al. 2010. Mycorrhiza 20:217-263 ((https://doi.org/10.1007/s00572-009-0274-x)); Põlme S, et al. 2020. Fungal Diversity 105:1-16 ((https://doi.org/10.1007/s13225-020-00466-2)); http://mycorrhizas.info/ecmf.html ((http://mycorrhizas.info/ecmf.html))	Amphinema
ASV841	Fungi	Basidiomycota	Agaricomycetes	Cantharellales	Hydnaceae	Sistotrema	NA	Sistotrema	sSH1060722.09FU	0.7356377	Sistotrema	1CB1CB70-36B9-11D5-9548-00D0592D548C	18551	13	Saprotroph-Symbiotroph	Ectomycorrhizal-|Plant Saprotroph|-Wood Saprotroph	Possible	Corticioid	White Rot	As litter_saprotroph (Põlme et al. 2020); Decay leaf, fruit, seed (Põlme et al. 2020)	Gilbertson RL, Ryvarden L. 1987-1987. North American Polypores. Fungiflora, Oslo (ISBN: 978-0945345060); Rinaldi AC, et al. 2008. Fungal Diversity 33:1-45 ((http://www.fungaldiversity.org/fdp/sfdp/33-1.pdf)) (as ECM/not ECM); Tedersoo L, et al. 2010. Mycorrhiza 20:217-263 ((https://doi.org/10.1007/s00572-009-0274-x)) (pro parte); Põlme S, et al. 2020. Fungal Diversity 105:1-16 ((https://doi.org/10.1007/s13225-020-00466-2)); http://mycorrhizas.info/ecmf.html ((http://mycorrhizas.info/ecmf.html)) (as ECM/not ECM).	Sistotrema
ASV842	Fungi	Basidiomycota	Exobasidiomycetes	Tilletiales	Tilletiaceae	Tilletia	Tilletia_setariae-parviflorae	Tilletia_setariae-parviflorae	sSH1231188.09FU	0.9570786	Tilletiaceae	1CB1CDEA-36B9-11D5-9548-00D0592D548C	81912	9	Pathotroph	Plant Pathogen	Probable	Smut	NULL	Biotrophic in ovaries, more rarely leaf and stem tissue, of grasses. Erratomyces occurs on legumes and appears to be a basal representative of the family (Cannon & Kirk 2007)	Cannon PF, Kirk PM. 2007. Fungal Families of the World. CAB International, Cambridge (ISBN: 978-0851998275)	Tilletia_setariae-parviflorae
ASV843	Fungi	Ascomycota	Dothideomycetes	Pleosporales	Phaeosphaeriaceae	Phaeosphaeria	NA	Phaeosphaeria	NA	0.9940318	Phaeosphaeriaceae	1CB1CD8E-36B9-11D5-9548-00D0592D548C	81637	9	Pathotroph-Saprotroph	Fungal Parasite-Plant Pathogen-Plant Saprotroph	Probable	Microfungus	NULL	Necrotrophic or saprobic on a wide range of plants, especially monocotyledons; a few species parasitic on other fungi (Cannon & Kirk 2007)	Cannon PF, Kirk PM. 2007. Fungal Families of the World. CAB International, Cambridge (ISBN: 978-0851998275)	Phaeosphaeria
ASV844	Fungi	Basidiomycota	Agaricomycetes	Polyporales	Dacryobolaceae	Dacryobolus	Dacryobolus_sudans	Dacryobolus_sudans	sSH1308333.09FU	1.0000000	Dacryobolus	45A06CC3-C802-4507-B54A-DCBFCDCE37A2	17458	13	Saprotroph	|Wood Saprotroph|	Probable	Corticioid	Brown Rot	As brown-rot (Põlme et al. 2020); Decay wood (Põlme et al. 2020)	Tedersoo L, et al. 2014. Science 346:e1256688 ((https://doi.org/10.1126/science.1256688)); Põlme S, et al. 2020. Fungal Diversity 105:1-16 ((https://doi.org/10.1007/s13225-020-00466-2))	Dacryobolus_sudans
ASV845	Fungi	Ascomycota	Dothideomycetes	Pleosporales	Lophiostomataceae	Neovaginatispora	Neovaginatispora_clematidis	Neovaginatispora_clematidis	sSH1001834.09FU	0.9904306	Lophiostomataceae	F85D3FE2-22E2-4D83-BF7A-A99B43591A8A	816418	9	Pathotroph-Saprotroph	Plant Pathogen-Undefined Saprotroph	Probable	Microfungus	NULL	Saprobic or necrotrophic on herbaceous and woody stems (Cannon & Kirk 2007)	Cannon PF, Kirk PM. 2007. Fungal Families of the World. CAB International, Cambridge (ISBN: 978-0851998275)	Neovaginatispora_clematidis
ASV846	Fungi	Ascomycota	Sordariomycetes	Diaporthales	Valsaceae	Cytospora	Cytospora_brevispora	Cytospora_brevispora	sSH1886327.09FU	0.9123819	Valsaceae	1CB1CDFB-36B9-11D5-9548-00D0592D548C	81514	9	Pathotroph-Saprotroph-Symbiotroph	Endophyte-Plant Pathogen-Undefined Saprotroph	Probable	Microfungus	NULL	Saprobes, endophytes and weak to virulent parasites of woody plants (Cannon & Kirk 2007)	Cannon PF, Kirk PM. 2007. Fungal Families of the World. CAB International, Cambridge (ISBN: 978-0851998275)	Cytospora_brevispora
ASV847	Fungi	Ascomycota	Dothideomycetes	NA	NA	NA	NA	Dothideomycetes	NA	0.9547575	NA	NA	NA	NA	NA	NA	NA	NA	NA	NA	NA	Dothideomycetes
ASV848	Fungi	Basidiomycota	Agaricomycetes	Hymenochaetales	NA	NA	NA	Hymenochaetales	NA	1.0000000	NA	NA	NA	NA	NA	NA	NA	NA	NA	NA	NA	Hymenochaetales
ASV849	Fungi	Basidiomycota	Agaricomycetes	Agaricales	Pleurotaceae	Hohenbuehelia	Hohenbuehelia_thornii	Hohenbuehelia_thornii	sSH1873810.09FU	0.9977044	Pleurotaceae	1CB1CDA3-36B9-11D5-9548-00D0592D548C	81191	9	Pathotroph-Saprotroph	Endophyte-Plant Pathogen-Wood Saprotroph	Probable	Agaricoid	White Rot	Sapwood rot on Pistacia; Saprobic on woody substrata, more rarely associated with roots of herbaceous plants. Many species are known to derive nutrition from nematodes, the hyphae with adhesive knobs or toxigenic secretory appendages (Cannon & Kirk 2007)	Cannon PF, Kirk PM. 2007. Fungal Families of the World. CAB International, Cambridge (ISBN: 978-0851998275); Costa IPMW, et al. 2012. Mycotaxon 119:e26 ((http://mycotaxon.com/resources/checklists/costa_v119_checklist.pdf)); The American Phytopathological Society Common Names of Plant Diseases ((http://www.apsnet.org/publications/commonnames/Pages/default.aspx))	Hohenbuehelia_thornii
ASV850	Fungi	Basidiomycota	Agaricomycetes	Cantharellales	Hydnaceae	Sistotrema	NA	Sistotrema	NA	0.9404006	Sistotrema	1CB1CB70-36B9-11D5-9548-00D0592D548C	18551	13	Saprotroph-Symbiotroph	Ectomycorrhizal-|Plant Saprotroph|-Wood Saprotroph	Possible	Corticioid	White Rot	As litter_saprotroph (Põlme et al. 2020); Decay leaf, fruit, seed (Põlme et al. 2020)	Gilbertson RL, Ryvarden L. 1987-1987. North American Polypores. Fungiflora, Oslo (ISBN: 978-0945345060); Rinaldi AC, et al. 2008. Fungal Diversity 33:1-45 ((http://www.fungaldiversity.org/fdp/sfdp/33-1.pdf)) (as ECM/not ECM); Tedersoo L, et al. 2010. Mycorrhiza 20:217-263 ((https://doi.org/10.1007/s00572-009-0274-x)) (pro parte); Põlme S, et al. 2020. Fungal Diversity 105:1-16 ((https://doi.org/10.1007/s13225-020-00466-2)); http://mycorrhizas.info/ecmf.html ((http://mycorrhizas.info/ecmf.html)) (as ECM/not ECM).	Sistotrema
ASV851	Fungi	Ascomycota	Sordariomycetes	Hypocreales	Bionectriaceae	Clonostachys	Clonostachys_rosea	Clonostachys_rosea	sSH1077172.09FU	0.8221338	Bionectriaceae	1CB1CCCB-36B9-11D5-9548-00D0592D548C	82088	9	Pathotroph-Saprotroph	Algal Parasite-Bryophyte Parasite-Fungal Parasite-Undefined Saprotroph	Probable	Microfungus	NULL	Associated with plant material, especially on wood and herbaceous debris, or with algae, bryophyte or other fungi, rarely pathogenic (Cannon & Kirk 2007)	Cannon PF, Kirk PM. 2007. Fungal Families of the World. CAB International, Cambridge (ISBN: 978-0851998275)	Clonostachys_rosea
ASV852	Fungi	Basidiomycota	Agaricomycetes	Auriculariales	Aporpiaceae	Elmerina	Elmerina_caryae	Elmerina_caryae	sSH1300748.09FU	1.0000000	Elmerina	1CB186F5-36B9-11D5-9548-00D0592D548C	17548	13	Saprotroph	Undefined Saprotroph-|Wood Saprotroph|	Probable	Corticioid	White Rot	As white_rot (Põlme et al. 2020); Decay wood (Põlme et al. 2020)	Tedersoo L, et al. 2014. Science 346:e1256688 ((https://doi.org/10.1126/science.1256688)); Põlme S, et al. 2020. Fungal Diversity 105:1-16 ((https://doi.org/10.1007/s13225-020-00466-2))	Elmerina_caryae
ASV853	Fungi	Basidiomycota	Agaricomycetes	Sistotremastrales	Sistotremastraceae	Sistotremastrum	Sistotremastrum_guttuliferum	Sistotremastrum_guttuliferum	sSH0893878.09FU	0.9997642	Sistotremastrum	091F1714-D38C-4FB2-A0F9-84225773BCBE	18553	13	Saprotroph	Undefined Saprotroph-|Wood Saprotroph|	Probable	Corticioid	White Rot	As white_rot (Põlme et al. 2020); Decay wood (Põlme et al. 2020)	Tedersoo L, et al. 2014. Science 346:e1256688 ((https://doi.org/10.1126/science.1256688)); Põlme S, et al. 2020. Fungal Diversity 105:1-16 ((https://doi.org/10.1007/s13225-020-00466-2))	Sistotremastrum_guttuliferum
ASV854	Fungi	Ascomycota	Dothideomycetes	Capnodiales	Neodevriesiaceae	Neodevriesia	NA	Neodevriesia	sSH0960604.09FU	0.7453567	Neodevriesiaceae	F8168581-D82E-4A75-9190-C7925084B4CA	807766	9	Pathotroph-Saprotroph	Plant Pathogen-Undefined Saprotroph	Probable	NULL	NULL	Members are foliicolous, saprobic or plant pathogenic (Quaedvlieg et al. 2014)	Quaedvlieg W., et al. 2014. Persoonia 3:31-40 ((http://doi.org/10.3767/003158514X681981))	Neodevriesia
ASV855	Fungi	Basidiomycota	Cystobasidiomycetes	NA	Symmetrosporaceae	Symmetrospora	NA	Symmetrospora	sSH3798115.09FU	0.9997722	Symmetrospora	087AD0E3-3941-4D4D-B6AD-C4299E0B7B7F	813117	13	Saprotroph-Symbiotroph	|Epiphyte|-Plant Saprotroph	Probable	Yeast	NULL	As litter_saprotroph (Põlme et al. 2020); Decay leaf, fruit, seed (Põlme et al. 2020)	Põlme S, et al. 2020. Fungal Diversity 105:1-16 ((https://doi.org/10.1007/s13225-020-00466-2))	Symmetrospora
ASV856	Fungi	Basidiomycota	Agaricomycetes	Polyporales	Phanerochaetaceae	Phlebiopsis	Phlebiopsis_gigantea	Phlebiopsis_gigantea	NA	0.9999051	Phlebiopsis	1CB1C9FB-36B9-11D5-9548-00D0592D548C	25478	13	Saprotroph	Undefined Saprotroph-|Wood Saprotroph|	Probable	Corticioid	White Rot	As white_rot (Põlme et al. 2020); Decay wood (Põlme et al. 2020)	Tedersoo L, et al. 2014. Science 346:e1256688 ((https://doi.org/10.1126/science.1256688)); Põlme S, et al. 2020. Fungal Diversity 105:1-16 ((https://doi.org/10.1007/s13225-020-00466-2))	Phlebiopsis_gigantea
ASV857	Fungi	Ascomycota	Leotiomycetes	Helotiales	Mollisiaceae	Phialocephala	NA	Phialocephala	NA	0.7049627	Phialocephala	1CB19925-36B9-11D5-9548-00D0592D548C	9336	13	Saprotroph-Symbiotroph	Endophyte-|Undefined Saprotroph|	Highly Probable	Microfungus	NULL	As root_endophyte (Põlme et al. 2020); As root_endophyte_dark_septate (Põlme et al. 2020); As soil_saprotroph (Põlme et al. 2020); Dark Septate Endophyte, known from plant roots.; Decay roots, soil (Põlme et al. 2020)	Newsham KK. 2011. New Phytologist 190:783-793 ((https://doi.org/10.1111/j.1469-8137.2010.03611.x)) (as dark septate root endophytes); Põlme S, et al. 2020. Fungal Diversity 105:1-16 ((https://doi.org/10.1007/s13225-020-00466-2))	Phialocephala
ASV858	Fungi	Basidiomycota	Agaricomycetes	Trechisporales	Hydnodontaceae	Trechispora	NA	Trechispora	sSH1260126.09FU	0.9884432	Trechispora	1CB1CC1A-36B9-11D5-9548-00D0592D548C	18664	13	Saprotroph	|Wood Saprotroph|	Highly Probable	Corticioid	White Rot	As white_rot (Põlme et al. 2020); Decay wood (Põlme et al. 2020)	Gilbertson RL, Ryvarden L. 1987-1987. North American Polypores. Fungiflora, Oslo (ISBN: 978-0945345060); Rinaldi AC, et al. 2008. Fungal Diversity 33:1-45 ((http://www.fungaldiversity.org/fdp/sfdp/33-1.pdf)) (as Uncertain); Tedersoo L, et al. 2010. Mycorrhiza 20:217-263 ((https://doi.org/10.1007/s00572-009-0274-x)) (as not ECM).; Põlme S, et al. 2020. Fungal Diversity 105:1-16 ((https://doi.org/10.1007/s13225-020-00466-2))	Trechispora
ASV859	Fungi	Basidiomycota	Agaricomycetes	NA	NA	NA	NA	Agaricomycetes	NA	0.9982871	NA	NA	NA	NA	NA	NA	NA	NA	NA	NA	NA	Agaricomycetes
ASV860	Fungi	Ascomycota	Dothideomycetes	Pleosporales	Pleosporaceae	Curvularia	Curvularia_xishuangbannaensis	Curvularia_xishuangbannaensis	sSH3803098.09FU	0.8685277	Pleosporaceae	1CB1CDA2-36B9-11D5-9548-00D0592D548C	81188	9	Pathotroph-Saprotroph	Endophyte-Lichen Parasite-Plant Pathogen-Undefined Saprotroph	Probable	Microfungus	NULL	Necrotrophic pathogens and saprobes, especially associated with grasses. Many species are seed-borne (Cannon & Kirk 2007)	Cannon PF, Kirk PM. 2007. Fungal Families of the World. CAB International, Cambridge (ISBN: 978-0851998275); David AS, et al. 2016. Microbial Ecology 71:912-926 ((https://doi.org/10.1007/s00248-015-0712-6)); Lawrey JD, Diederich P. 2016. http://www.lichenicolous.net (accessed 24 May 2017) ((http://www.lichenicolous.net))	Curvularia_xishuangbannaensis
ASV861	Fungi	Basidiomycota	Agaricomycetes	Polyporales	Meruliaceae	Phlebia	Phlebia_acanthocystis	Phlebia_acanthocystis	NA	0.9998346	Meruliaceae	9E12B0B5-1D82-4978-AF3D-6EC22C257619	89005	9	Pathotroph-Saprotroph	Plant Pathogen-Undefined Saprotroph	Probable	Corticioid-Polyporoid	NULL	Saprobic or parasitic on woody plants, causing a white rot (Cannon & Kirk 2007)	Cannon PF, Kirk PM. 2007. Fungal Families of the World. CAB International, Cambridge (ISBN: 978-0851998275)	Phlebia_acanthocystis
ASV862	Fungi	Basidiomycota	Exobasidiomycetes	NA	NA	NA	NA	Exobasidiomycetes	sSH1252391.09FU	0.9995636	NA	NA	NA	NA	NA	NA	NA	NA	NA	NA	NA	Exobasidiomycetes
ASV863	Fungi	Ascomycota	Dothideomycetes	Pleosporales	NA	NA	NA	Pleosporales	sSH0993030.09FU	0.8201403	NA	NA	NA	NA	NA	NA	NA	NA	NA	NA	NA	Pleosporales
ASV864	Fungi	Basidiomycota	Agaricomycetes	Hymenochaetales	Hymenochaetaceae	Hymenochaete	Hymenochaete_curtisii	Hymenochaete_curtisii	sSH1027062.09FU	0.9974509	Hymenochaetaceae	CC29D6F9-5984-496D-97E7-42EB138C1FEE	536196	9	Saprotroph-Symbiotroph	Ectomycorrhizal-Wood Saprotroph	Probable	Corticioid-Polyporoid	NULL	Lignicolous, causing white rots, rarely ectomycorrhizal (Cannon & Kirk 2007)	Cannon PF, Kirk PM. 2007. Fungal Families of the World. CAB International, Cambridge (ISBN: 978-0851998275)	Hymenochaete_curtisii
ASV865	Fungi	Basidiomycota	Agaricomycetes	Polyporales	Meruliaceae	Mycoacia	Mycoacia_fuscoatra	Mycoacia_fuscoatra	sSH1264944.09FU	0.9999967	Meruliaceae	9E12B0B5-1D82-4978-AF3D-6EC22C257619	89005	9	Pathotroph-Saprotroph	Plant Pathogen-Undefined Saprotroph	Probable	Corticioid-Polyporoid	NULL	Saprobic or parasitic on woody plants, causing a white rot (Cannon & Kirk 2007)	Cannon PF, Kirk PM. 2007. Fungal Families of the World. CAB International, Cambridge (ISBN: 978-0851998275)	Mycoacia_fuscoatra
ASV866	Fungi	Basidiomycota	Agaricomycetes	Polyporales	Meripilaceae	Physisporinus	Physisporinus_vitreus	Physisporinus_vitreus	sSH1257021.09FU	0.9999520	Meripilaceae	1CB1CD64-36B9-11D5-9548-00D0592D548C	80007	9	Pathotroph-Saprotroph	Plant Pathogen-Undefined Saprotroph	Probable	Polyporoid	NULL	Saprobic or parasitic on hardwood trees, often growing from buried roots and causing white rot (Cannon & Kirk 2007)	Cannon PF, Kirk PM. 2007. Fungal Families of the World. CAB International, Cambridge (ISBN: 978-0851998275)	Physisporinus_vitreus
ASV867	Fungi	Basidiomycota	Agaricomycetes	Cantharellales	Hydnaceae	Sistotrema	Sistotrema_porulosum	Sistotrema_porulosum	sSH1208568.09FU	0.9999839	Sistotrema	1CB1CB70-36B9-11D5-9548-00D0592D548C	18551	13	Saprotroph-Symbiotroph	Ectomycorrhizal-|Plant Saprotroph|-Wood Saprotroph	Possible	Corticioid	White Rot	As litter_saprotroph (Põlme et al. 2020); Decay leaf, fruit, seed (Põlme et al. 2020)	Gilbertson RL, Ryvarden L. 1987-1987. North American Polypores. Fungiflora, Oslo (ISBN: 978-0945345060); Rinaldi AC, et al. 2008. Fungal Diversity 33:1-45 ((http://www.fungaldiversity.org/fdp/sfdp/33-1.pdf)) (as ECM/not ECM); Tedersoo L, et al. 2010. Mycorrhiza 20:217-263 ((https://doi.org/10.1007/s00572-009-0274-x)) (pro parte); Põlme S, et al. 2020. Fungal Diversity 105:1-16 ((https://doi.org/10.1007/s13225-020-00466-2)); http://mycorrhizas.info/ecmf.html ((http://mycorrhizas.info/ecmf.html)) (as ECM/not ECM).	Sistotrema_porulosum
ASV868	Fungi	Ascomycota	Saccharomycetes	Saccharomycetales	Trichomonascaceae	Blastobotrys	NA	Blastobotrys	sSH0998061.09FU	0.9999998	Saccharomycetales	B73A15F4-AB90-4E11-B6D7-E0BE710B986C	816369	7	Saprotroph	Undefined Saprotroph	Possible	Yeast	NULL	NULL	Sterkenburg E, et al. 2015. New Phytologist 207:1145-1158 ((https://doi.org/10.1111/nph.13426))	Blastobotrys
ASV869	Fungi	Basidiomycota	Exobasidiomycetes	Exobasidiales	Brachybasidiaceae	Meira	NA	Meira	sSH0916710.09FU	1.0000000	Brachybasidiaceae	1CB1CE8F-36B9-11D5-9548-00D0592D548C	80532	9	Pathotroph	Plant Pathogen	Probable	Microfungus	NULL	Biotrophic or necrotrophic on leaves of monocots, including palms, grasses, sedges, and Commelinaceae (Cannon & Kirk 2007)	Cannon PF, Kirk PM. 2007. Fungal Families of the World. CAB International, Cambridge (ISBN: 978-0851998275)	Meira
ASV870	Fungi	Ascomycota	Saccharomycetes	Saccharomycetales	Metschnikowiaceae	Metschnikowia	NA	Metschnikowia	NA	0.7933915	Saccharomycetales	B73A15F4-AB90-4E11-B6D7-E0BE710B986C	816369	7	Saprotroph	Undefined Saprotroph	Possible	Yeast	NULL	NULL	Sterkenburg E, et al. 2015. New Phytologist 207:1145-1158 ((https://doi.org/10.1111/nph.13426))	Metschnikowia
ASV871	Fungi	NA	NA	NA	NA	NA	NA	NA	sSH1077781.09FU	0.8439935	NA	NA	NA	NA	NA	NA	NA	NA	NA	NA	NA	NA
ASV872	Fungi	Ascomycota	Dothideomycetes	Pleosporales	Didymosphaeriaceae	Paraconiothyrium	Paraconiothyrium_estuarinum	Paraconiothyrium_estuarinum	sSH1068224.09FU	0.9898261	Didymosphaeriaceae	1CB1CD0B-36B9-11D5-9548-00D0592D548C	80702	9	Pathotroph-Saprotroph-Symbiotroph	Endophyte-Lichen Parasite-Plant Pathogen-Undefined Saprotroph	Probable	Microfungus	NULL	Saprobes in both woody and herbaceous material, also parasitic on other fungi (Cannon & Kirk 2007)	Cannon PF, Kirk PM. 2007. Fungal Families of the World. CAB International, Cambridge (ISBN: 978-0851998275); Massimo NC, et al. 2015. Microbial Ecology 70:61-76 ((https://doi.org/10.1007/s00248-014-0563-6))	Paraconiothyrium_estuarinum
ASV873	Fungi	NA	NA	NA	NA	NA	NA	NA	NA	0.8237319	NA	NA	NA	NA	NA	NA	NA	NA	NA	NA	NA	NA
ASV874	Fungi	NA	NA	NA	NA	NA	NA	NA	NA	0.7232868	NA	NA	NA	NA	NA	NA	NA	NA	NA	NA	NA	NA
ASV875	Fungi	NA	NA	NA	NA	NA	NA	NA	NA	0.8491206	NA	NA	NA	NA	NA	NA	NA	NA	NA	NA	NA	NA
ASV876	Fungi	Ascomycota	Eurotiomycetes	Eurotiales	Aspergillaceae	Penicillium	NA	Penicillium	NA	0.9498435	Eurotiales	1CB1CE25-36B9-11D5-9548-00D0592D548C	90472	7	Saprotroph	Undefined Saprotroph	Possible	Microfungus	NULL	NULL	Sterkenburg E, et al. 2015. New Phytologist 207:1145-1158 ((https://doi.org/10.1111/nph.13426))	Penicillium
ASV877	Fungi	Ascomycota	Dothideomycetes	Pleosporales	NA	NA	NA	Pleosporales	NA	1.0000000	NA	NA	NA	NA	NA	NA	NA	NA	NA	NA	NA	Pleosporales
ASV878	Fungi	Ascomycota	Dothideomycetes	Pleosporales	NA	Pseudorobillarda	NA	Pseudorobillarda	sSH0945263.09FU	0.9904134	Pseudorobillarda	9656EB28-92AD-4DDF-8E40-1961377B8D6F	9607	13	Pathotroph-Saprotroph	Lichen Parasite-|Wood Saprotroph|	Probable	Microfungus	NULL	Decay wood (Põlme et al. 2020)	Põlme S, et al. 2020. Fungal Diversity 105:1-16 ((https://doi.org/10.1007/s13225-020-00466-2))	Pseudorobillarda
ASV879	Fungi	Basidiomycota	Agaricomycetes	Polyporales	Dacryobolaceae	Dacryobolus	Dacryobolus_angiospermarum	Dacryobolus_angiospermarum	sSH0982100.09FU	1.0000000	Dacryobolus	45A06CC3-C802-4507-B54A-DCBFCDCE37A2	17458	13	Saprotroph	|Wood Saprotroph|	Probable	Corticioid	Brown Rot	As brown-rot (Põlme et al. 2020); Decay wood (Põlme et al. 2020)	Tedersoo L, et al. 2014. Science 346:e1256688 ((https://doi.org/10.1126/science.1256688)); Põlme S, et al. 2020. Fungal Diversity 105:1-16 ((https://doi.org/10.1007/s13225-020-00466-2))	Dacryobolus_angiospermarum
ASV880	Fungi	Basidiomycota	Microbotryomycetes	NA	NA	Curvibasidium	Curvibasidium_nothofagi	Curvibasidium_nothofagi	sSH4353328.09FU	0.9890765	Curvibasidium	8D75B8D4-E5F1-489F-8195-04882306F62D	28863	13	Saprotroph-Symbiotroph	Epiphyte-Plant Saprotroph-Undefined Saprotroph-|Wood Saprotroph|	Possible	Dimorphic-Microfungus	NULL	As litter_saprotroph (Põlme et al. 2020); Decay wood, leaf, fruit, seed, soil (Põlme et al. 2020)	Sampaio JP, et al. 2004. International Journal of Systematic and Evolutionary Microbiology 54:1401-1407 ((https://doi.org/10.1099/ijs.0.03037-0)); Põlme S, et al. 2020. Fungal Diversity 105:1-16 ((https://doi.org/10.1007/s13225-020-00466-2))	Curvibasidium_nothofagi
ASV881	Fungi	Basidiomycota	Ustilaginomycetes	Ustilaginales	Ustilaginaceae	Ustilago	NA	Ustilago	sSH1146197.09FU	0.9581004	Ustilaginaceae	1CB1CDFA-36B9-11D5-9548-00D0592D548C	81513	9	Pathotroph	Plant Pathogen	Probable	Smut	NULL	Biotrophic in living tissue of Gramineae and Cyperaceae (Cannon & Kirk 2007)	Cannon PF, Kirk PM. 2007. Fungal Families of the World. CAB International, Cambridge (ISBN: 978-0851998275)	Ustilago
ASV882	Fungi	Ascomycota	NA	NA	NA	NA	NA	Ascomycota	NA	0.8743835	NA	NA	NA	NA	NA	NA	NA	NA	NA	NA	NA	Ascomycota
ASV883	Fungi	Basidiomycota	Agaricomycetes	Polyporales	Fomitopsidaceae	NA	NA	Fomitopsidaceae	sSH1209279.09FU	0.9999999	Fomitopsidaceae	1CB1CD22-36B9-11D5-9548-00D0592D548C	81772	9	Pathotroph-Saprotroph	Plant Pathogen-Wood Saprotroph	Probable	Polyporoid	Brown Rot	Most species are parasitic on woody plants, causing brown rots (Cannon & Kirk 2007)	Cannon PF, Kirk PM. 2007. Fungal Families of the World. CAB International, Cambridge (ISBN: 978-0851998275)	Fomitopsidaceae
ASV884	Fungi	Ascomycota	NA	NA	NA	NA	NA	Ascomycota	sSH0918638.09FU	0.9986445	NA	NA	NA	NA	NA	NA	NA	NA	NA	NA	NA	Ascomycota
ASV885	Fungi	Basidiomycota	Tremellomycetes	Cystofilobasidiales	Mrakiaceae	Udeniomyces	Udeniomyces_megalosporus	Udeniomyces_megalosporus	sSH1135888.09FU	0.9998513	Udeniomyces megalosporus	677A580A-BCC7-4D01-898F-513D1684B96E	363101	20	Saprotroph	Litter Saprotroph	Probable	Yeast	NULL	Isolated from dead leaves of Oryza sativa, Miscanthus sinensis and Sasa sp. in Japan (Nakase & Suzuki 1986; Bullera megalospora)	Nakase T, Suzuki M. 1986. Journal of General and Applied Microbiology Tokyo 32:225-240 ((https://doi.org/10.2323/jgam.32.225))	Udeniomyces_megalosporus
ASV886	Fungi	Basidiomycota	Agaricomycetes	Polyporales	Fomitopsidaceae	Melanoporia	Melanoporia_nigra	Melanoporia_nigra	sSH1172205.09FU	0.9999999	Fomitopsidaceae	1CB1CD22-36B9-11D5-9548-00D0592D548C	81772	9	Pathotroph-Saprotroph	Plant Pathogen-Wood Saprotroph	Probable	Polyporoid	Brown Rot	Most species are parasitic on woody plants, causing brown rots (Cannon & Kirk 2007)	Cannon PF, Kirk PM. 2007. Fungal Families of the World. CAB International, Cambridge (ISBN: 978-0851998275)	Melanoporia_nigra
ASV887	Fungi	Basidiomycota	Agaricomycetes	Amylocorticiales	Amylocorticiaceae	Amyloxenasma	Amyloxenasma_allantosporum	Amyloxenasma_allantosporum	sSH1067548.09FU	0.9999999	Amylocorticiaceae	F1AC6A76-C083-47A5-ACC0-FB5027C4CCF1	82170	9	Saprotroph	Undefined Saprotroph	Probable	NULL	Brown Rot; White Rot	Species live saprophytically on decaying wood or as plant parasites. Associated with brown rot or white rot (Binder et al. 2010)	Binder M, et al. 2010. Mycologia 102:865-880 ((https://doi.org/10.3852/09-288))	Amyloxenasma_allantosporum
ASV888	Fungi	Basidiomycota	Agaricomycetes	Russulales	NA	Confertobasidium	Confertobasidium_olivaceoalbum	Confertobasidium_olivaceoalbum	sSH1287488.09FU	0.9571904	Confertobasidium	3EB70ED7-384D-4456-9ACF-06A337FDF73C	17350	13	Saprotroph	Undefined Saprotroph-|Wood Saprotroph|	Probable	Corticioid	White Rot	As white_rot (Põlme et al. 2020); Decay wood (Põlme et al. 2020)	Tedersoo L, et al. 2014. Science 346:e1256688 ((https://doi.org/10.1126/science.1256688)); Põlme S, et al. 2020. Fungal Diversity 105:1-16 ((https://doi.org/10.1007/s13225-020-00466-2))	Confertobasidium_olivaceoalbum
ASV889	Fungi	Ascomycota	Sordariomycetes	Hypocreales	Nectriaceae	Nectria	Nectria_pseudotrichia	Nectria_pseudotrichia	sSH1268680.09FU	0.9999997	Nectriaceae	1CB1CD7A-36B9-11D5-9548-00D0592D548C	81059	9	Pathotroph-Saprotroph-Symbiotroph	Animal Pathogen-Endophyte-Fungal Parasite-Lichen Parasite-Plant Pathogen-Wood Saprotroph	Possible	Microfungus	NULL	Fusarium species are amongst the economically significant plant pathogens (Cannon & Kirk 2007)	Cannon PF, Kirk PM. 2007. Fungal Families of the World. CAB International, Cambridge (ISBN: 978-0851998275); Hirooka Y, et al. 2012. Studies in Mycology 711-210 ((https://doi.org/10.3114/sim0001)); Tedersoo L, et al. 2014. Science 346:e1256688 ((https://doi.org/10.1126/science.1256688)); The American Phytopathological Society Common Names of Plant Diseases ((http://www.apsnet.org/publications/commonnames/Pages/default.aspx)); https://www.cdc.gov ((https://www.cdc.gov))	Nectria_pseudotrichia
ASV890	Fungi	Ascomycota	Dothideomycetes	Mycosphaerellales	Teratosphaeriaceae	Constantinomyces	Constantinomyces_macerans	Constantinomyces_macerans	sSH1084442.09FU	0.9986381	Teratosphaeriaceae	87A3FDCC-E75C-4F2E-B987-C7579847CE32	504465	9	Pathotroph-Saprotroph	Animal Pathogen-Plant Pathogen-Undefined Saprotroph	Probable	NULL	NULL	Includes numerous saprobic, extremophilic, human opportunistic, and plant pathogenic fungi (Quaedvlieg et al. 2014)	Quaedvlieg W, et al. 2014. Persoonia 3:31-40 ((https://doi.org/10.3767/003158514X681981))	Constantinomyces_macerans
ASV891	Fungi	NA	NA	NA	NA	NA	NA	NA	NA	0.8539850	NA	NA	NA	NA	NA	NA	NA	NA	NA	NA	NA	NA
ASV892	Fungi	Ascomycota	Leotiomycetes	Helotiales	Chaetomellaceae	Synchaetomella	Synchaetomella_acerina	Synchaetomella_acerina	sSH1649265.09FU	0.9974560	Synchaetomella	E226007B-AD48-4A27-84DC-1B9C42AD71D8	28991	13	Saprotroph	|Plant Saprotroph|	Probable	Microfungus	NULL	As litter_saprotroph (Põlme et al. 2020); Decay leaf, fruit, seed (Põlme et al. 2020)	Põlme S, et al. 2020. Fungal Diversity 105:1-16 ((https://doi.org/10.1007/s13225-020-00466-2))	Synchaetomella_acerina
ASV893	Fungi	NA	NA	NA	NA	NA	NA	NA	NA	0.7066754	NA	NA	NA	NA	NA	NA	NA	NA	NA	NA	NA	NA
ASV894	Fungi	Basidiomycota	Agaricomycetes	Cantharellales	Cantharellaceae	Craterellus	NA	Craterellus	sSH0886349.09FU	0.7836076	Craterellus	1CB1C596-36B9-11D5-9548-00D0592D548C	17398	13	Symbiotroph	|Ectomycorrhizal|	Highly Probable	Agaricoid	NULL	NULL	Rinaldi AC, et al. 2008. Fungal Diversity 33:1-45 ((http://www.fungaldiversity.org/fdp/sfdp/33-1.pdf)); Tedersoo L, et al. 2010. Mycorrhiza 20:217-263 ((https://doi.org/10.1007/s00572-009-0274-x)); Põlme S, et al. 2020. Fungal Diversity 105:1-16 ((https://doi.org/10.1007/s13225-020-00466-2)); http://mycorrhizas.info/ecmf.html ((http://mycorrhizas.info/ecmf.html))	Craterellus
ASV895	Fungi	Basidiomycota	Tremellomycetes	Tremellales	Bulleribasidiaceae	Hannaella	Hannaella_sinensis	Hannaella_sinensis	sSH1003194.09FU	0.9997928	Tremellales	1CB1CE64-36B9-11D5-9548-00D0592D548C	90451	7	Pathotroph-Saprotroph-Symbiotroph	Fungal Parasite-Undefined Saprotroph	Possible	Tremelloid-Yeast	NULL	The order contains both teleomorphic and anamorphic species, most of the latter being yeasts	Sterkenburg E, et al. 2015. New Phytologist 207:1145-1158 ((https://doi.org/10.1111/nph.13426))	Hannaella_sinensis
ASV896	Fungi	Basidiomycota	Agaricomycetes	Polyporales	Fomitopsidaceae	Fibroporia	Fibroporia_radiculosa	Fibroporia_radiculosa	sSH1053032.09FU	0.9999996	Fomitopsidaceae	1CB1CD22-36B9-11D5-9548-00D0592D548C	81772	9	Pathotroph-Saprotroph	Plant Pathogen-Wood Saprotroph	Probable	Polyporoid	Brown Rot	Most species are parasitic on woody plants, causing brown rots (Cannon & Kirk 2007)	Cannon PF, Kirk PM. 2007. Fungal Families of the World. CAB International, Cambridge (ISBN: 978-0851998275)	Fibroporia_radiculosa
ASV897	Fungi	Basidiomycota	Agaricomycetes	Atheliales	NA	NA	NA	Atheliales	NA	0.9999998	NA	NA	NA	NA	NA	NA	NA	NA	NA	NA	NA	Atheliales
ASV898	Fungi	Ascomycota	Dothideomycetes	NA	NA	NA	NA	Dothideomycetes	NA	1.0000000	NA	NA	NA	NA	NA	NA	NA	NA	NA	NA	NA	Dothideomycetes
ASV899	Fungi	Ascomycota	Dothideomycetes	Mycosphaerellales	Teratosphaeriaceae	NA	NA	Teratosphaeriaceae	sSH1084360.09FU	0.8113967	Teratosphaeriaceae	87A3FDCC-E75C-4F2E-B987-C7579847CE32	504465	9	Pathotroph-Saprotroph	Animal Pathogen-Plant Pathogen-Undefined Saprotroph	Probable	NULL	NULL	Includes numerous saprobic, extremophilic, human opportunistic, and plant pathogenic fungi (Quaedvlieg et al. 2014)	Quaedvlieg W, et al. 2014. Persoonia 3:31-40 ((https://doi.org/10.3767/003158514X681981))	Teratosphaeriaceae
ASV900	Fungi	Basidiomycota	Agaricostilbomycetes	Agaricostilbales	Agaricostilbaceae	Sterigmatomyces	Sterigmatomyces_halophilus	Sterigmatomyces_halophilus	NA	0.9616720	Agaricostilbaceae	1CB1CCAC-36B9-11D5-9548-00D0592D548C	82058	9	Saprotroph	Undefined Saprotroph	Possible	NULL	NULL	Probably saprobic, usually associated with dead palm tissues (Cannon & Kirk 2007)	Cannon PF, Kirk PM. 2007. Fungal Families of the World. CAB International, Cambridge (ISBN: 978-0851998275)	Sterigmatomyces_halophilus
ASV901	Fungi	Ascomycota	Saccharomycetes	Saccharomycetales	Phaffomycetaceae	Cyberlindnera	Cyberlindnera_jadinii	Cyberlindnera_jadinii	sSH0972076.09FU	1.0000000	Saccharomycetales	B73A15F4-AB90-4E11-B6D7-E0BE710B986C	816369	7	Saprotroph	Undefined Saprotroph	Possible	Yeast	NULL	NULL	Sterkenburg E, et al. 2015. New Phytologist 207:1145-1158 ((https://doi.org/10.1111/nph.13426))	Cyberlindnera_jadinii
ASV902	Fungi	Basidiomycota	Agaricomycetes	Polyporales	Incrustoporiaceae	Skeletocutis	Skeletocutis_lilacina	Skeletocutis_lilacina	sSH1175127.09FU	1.0000000	Skeletocutis	1CB1A2C9-36B9-11D5-9548-00D0592D548C	18554	13	Saprotroph	|Wood Saprotroph|	Highly Probable	Polyporoid	White Rot	As white_rot (Põlme et al. 2020); Decay wood (Põlme et al. 2020)	Gilbertson RL, Ryvarden L. 1987-1987. North American Polypores. Fungiflora, Oslo (ISBN: 978-0945345060); Põlme S, et al. 2020. Fungal Diversity 105:1-16 ((https://doi.org/10.1007/s13225-020-00466-2))	Skeletocutis_lilacina
ASV903	Fungi	Basidiomycota	Agaricomycetes	Polyporales	NA	NA	NA	Polyporales	NA	0.8648509	NA	NA	NA	NA	NA	NA	NA	NA	NA	NA	NA	Polyporales
ASV904	Fungi	Basidiomycota	Agaricomycetes	NA	NA	NA	NA	Agaricomycetes	sSH1210330.09FU	0.9989395	NA	NA	NA	NA	NA	NA	NA	NA	NA	NA	NA	Agaricomycetes
ASV905	Fungi	Ascomycota	Dothideomycetes	Pleosporales	Lophiostomataceae	NA	NA	Lophiostomataceae	NA	0.9945457	Lophiostomataceae	F85D3FE2-22E2-4D83-BF7A-A99B43591A8A	816418	9	Pathotroph-Saprotroph	Plant Pathogen-Undefined Saprotroph	Probable	Microfungus	NULL	Saprobic or necrotrophic on herbaceous and woody stems (Cannon & Kirk 2007)	Cannon PF, Kirk PM. 2007. Fungal Families of the World. CAB International, Cambridge (ISBN: 978-0851998275)	Lophiostomataceae
ASV906	Fungi	Ascomycota	Dothideomycetes	Acrospermales	Acrospermaceae	Oomyces	NA	Oomyces	NA	0.8664357	Acrospermaceae	1CB1CCAA-36B9-11D5-9548-00D0592D548C	80430	9	Saprotroph	Stem Saprotroph-Wood Saprotroph	Probable	NULL	NULL	NULL	Cannon PF, Kirk PM. 2007. Fungal Families of the World. CAB International, Cambridge (ISBN: 978-0851998275)	Oomyces
ASV907	Fungi	Ascomycota	NA	NA	NA	NA	NA	Ascomycota	NA	0.9566708	NA	NA	NA	NA	NA	NA	NA	NA	NA	NA	NA	Ascomycota
ASV908	Fungi	Ascomycota	Lecanoromycetes	Caliciales	Physciaceae	NA	NA	Physciaceae	sSH1133948.09FU	0.9346661	Physciaceae	1CB1CD99-36B9-11D5-9548-00D0592D548C	81166	9	Symbiotroph	Lichenized	Highly Probable	Thallus	NULL	Lichenized with green algae, often on nitrogen-rich substrata (Cannon & Kirk 2007)	Cannon PF, Kirk PM. 2007. Fungal Families of the World. CAB International, Cambridge (ISBN: 978-0851998275)	Physciaceae
ASV909	Fungi	Basidiomycota	Agaricomycetes	Corticiales	Corticiaceae	Limonomyces	Limonomyces_roseipellis	Limonomyces_roseipellis	sSH1219907.09FU	0.9049871	Corticiaceae	1CB1CCF9-36B9-11D5-9548-00D0592D548C	80648	9	Pathotroph-Saprotroph	Lichen Parasite-Plant Pathogen-Wood Saprotroph	Possible	Corticioid-Microfungus	NULL	Saprobes or pathogens on a wide range of mainly woody substrata; a few species are lichenicolous and some are grass pathogens (Cannon & Kirk 2007)	Cannon PF, Kirk PM. 2007. Fungal Families of the World. CAB International, Cambridge (ISBN: 978-0851998275)	Limonomyces_roseipellis
ASV910	Fungi	Basidiomycota	Agaricomycetes	Hymenochaetales	Tubulicrinaceae	Tubulicrinis	Tubulicrinis_accedens	Tubulicrinis_accedens	sSH1260157.09FU	0.9994716	Tubulicrinis	1CB1A87B-36B9-11D5-9548-00D0592D548C	18693	13	Saprotroph	Undefined Saprotroph-|Wood Saprotroph|	Probable	Corticioid	White Rot	As white_rot (Põlme et al. 2020); Decay wood (Põlme et al. 2020)	Tedersoo L, et al. 2014. Science 346:e1256688 ((https://doi.org/10.1126/science.1256688)); Põlme S, et al. 2020. Fungal Diversity 105:1-16 ((https://doi.org/10.1007/s13225-020-00466-2))	Tubulicrinis_accedens
ASV911	Fungi	Basidiomycota	Agaricomycetes	Cantharellales	Hydnaceae	Sistotrema	NA	Sistotrema	sSH1193636.09FU	0.9999994	Sistotrema	1CB1CB70-36B9-11D5-9548-00D0592D548C	18551	13	Saprotroph-Symbiotroph	Ectomycorrhizal-|Plant Saprotroph|-Wood Saprotroph	Possible	Corticioid	White Rot	As litter_saprotroph (Põlme et al. 2020); Decay leaf, fruit, seed (Põlme et al. 2020)	Gilbertson RL, Ryvarden L. 1987-1987. North American Polypores. Fungiflora, Oslo (ISBN: 978-0945345060); Rinaldi AC, et al. 2008. Fungal Diversity 33:1-45 ((http://www.fungaldiversity.org/fdp/sfdp/33-1.pdf)) (as ECM/not ECM); Tedersoo L, et al. 2010. Mycorrhiza 20:217-263 ((https://doi.org/10.1007/s00572-009-0274-x)) (pro parte); Põlme S, et al. 2020. Fungal Diversity 105:1-16 ((https://doi.org/10.1007/s13225-020-00466-2)); http://mycorrhizas.info/ecmf.html ((http://mycorrhizas.info/ecmf.html)) (as ECM/not ECM).	Sistotrema
ASV912	Fungi	Basidiomycota	Tremellomycetes	Tremellales	Bulleribasidiaceae	Vishniacozyma	NA	Vishniacozyma	NA	0.9650610	Tremellales	1CB1CE64-36B9-11D5-9548-00D0592D548C	90451	7	Pathotroph-Saprotroph-Symbiotroph	Fungal Parasite-Undefined Saprotroph	Possible	Tremelloid-Yeast	NULL	The order contains both teleomorphic and anamorphic species, most of the latter being yeasts	Sterkenburg E, et al. 2015. New Phytologist 207:1145-1158 ((https://doi.org/10.1111/nph.13426))	Vishniacozyma
ASV913	Fungi	Basidiomycota	Agaricomycetes	Trechisporales	Hydnodontaceae	Trechispora	NA	Trechispora	sSH1281256.09FU	0.9996311	Trechispora	1CB1CC1A-36B9-11D5-9548-00D0592D548C	18664	13	Saprotroph	|Wood Saprotroph|	Highly Probable	Corticioid	White Rot	As white_rot (Põlme et al. 2020); Decay wood (Põlme et al. 2020)	Gilbertson RL, Ryvarden L. 1987-1987. North American Polypores. Fungiflora, Oslo (ISBN: 978-0945345060); Rinaldi AC, et al. 2008. Fungal Diversity 33:1-45 ((http://www.fungaldiversity.org/fdp/sfdp/33-1.pdf)) (as Uncertain); Tedersoo L, et al. 2010. Mycorrhiza 20:217-263 ((https://doi.org/10.1007/s00572-009-0274-x)) (as not ECM).; Põlme S, et al. 2020. Fungal Diversity 105:1-16 ((https://doi.org/10.1007/s13225-020-00466-2))	Trechispora
ASV914	Fungi	Basidiomycota	Agaricomycetes	Polyporales	Meruliaceae	Phlebia	Phlebia_radiata	Phlebia_radiata	sSH1167289.09FU	0.9728914	Meruliaceae	9E12B0B5-1D82-4978-AF3D-6EC22C257619	89005	9	Pathotroph-Saprotroph	Plant Pathogen-Undefined Saprotroph	Probable	Corticioid-Polyporoid	NULL	Saprobic or parasitic on woody plants, causing a white rot (Cannon & Kirk 2007)	Cannon PF, Kirk PM. 2007. Fungal Families of the World. CAB International, Cambridge (ISBN: 978-0851998275)	Phlebia_radiata
ASV915	Fungi	Basidiomycota	Agaricomycetes	Agaricales	Mycenaceae	Mycena	NA	Mycena	NA	0.9045703	Mycenaceae	8AE7A7D8-5A42-428C-A1CF-0125BA948485	505549	9	Saprotroph	Leaf Saprotroph-Wood Saprotroph	Probable	Agaricoid	NULL	Saprobes, most species as early colonizers of dead wood and leaves. A few species of Favolaschia and Mycena have been described as mycorrhizal with terrestrial orchids, but the associations need confirmation (Cannon & Kirk 2007)	Cannon PF, Kirk PM. 2007. Fungal Families of the World. CAB International, Cambridge (ISBN: 978-0851998275)	Mycena
ASV916	Fungi	Basidiomycota	Agaricomycetes	Polyporales	Meruliaceae	NA	NA	Meruliaceae	NA	0.7385190	Meruliaceae	9E12B0B5-1D82-4978-AF3D-6EC22C257619	89005	9	Pathotroph-Saprotroph	Plant Pathogen-Undefined Saprotroph	Probable	Corticioid-Polyporoid	NULL	Saprobic or parasitic on woody plants, causing a white rot (Cannon & Kirk 2007)	Cannon PF, Kirk PM. 2007. Fungal Families of the World. CAB International, Cambridge (ISBN: 978-0851998275)	Meruliaceae
ASV917	Fungi	Ascomycota	Sordariomycetes	Xylariales	Sporocadaceae	Seimatosporium	NA	Seimatosporium	sSH1264542.09FU	0.9884238	Seimatosporium	1CB1A392-36B9-11D5-9548-00D0592D548C	9865	13	Pathotroph	|Plant Pathogen|	Probable	Microfungus	NULL	Some species causing leaf spot disease (www.apsnet.org)	Tedersoo L, et al. 2014. Science 346:e1256688 ((https://doi.org/10.1126/science.1256688)); Põlme S, et al. 2020. Fungal Diversity 105:1-16 ((https://doi.org/10.1007/s13225-020-00466-2)); The American Phytopathological Society Common Names of Plant Diseases ((http://www.apsnet.org/publications/commonnames/Pages/default.aspx))	Seimatosporium
ASV918	Fungi	Basidiomycota	Agaricomycetes	Hymenochaetales	Rickenellaceae	Peniophorella	Peniophorella_odontiiformis	Peniophorella_odontiiformis	sSH1124815.09FU	0.9993416	Peniophorella	0CB5C5A6-62A5-4579-B5A2-76797F4EBA35	18202	13	Saprotroph	Undefined Saprotroph-|Wood Saprotroph|	Probable	Corticioid	White Rot	As white_rot (Põlme et al. 2020); Decay wood (Põlme et al. 2020)	Tedersoo L, et al. 2014. Science 346:e1256688 ((https://doi.org/10.1126/science.1256688)); Põlme S, et al. 2020. Fungal Diversity 105:1-16 ((https://doi.org/10.1007/s13225-020-00466-2))	Peniophorella_odontiiformis
ASV919	Fungi	Ascomycota	Sordariomycetes	Amphisphaeriales	Pestalotiopsidaceae	Neopestalotiopsis	NA	Neopestalotiopsis	NA	0.9134082	Neopestalotiopsis	58011663-82AF-4B2A-93DC-EDA0011F6089	809759	13	Pathotroph	|Plant Pathogen|	Probable	Microfungus	NULL	NULL	Põlme S, et al. 2020. Fungal Diversity 105:1-16 ((https://doi.org/10.1007/s13225-020-00466-2))	Neopestalotiopsis
ASV920	Fungi	Basidiomycota	Agaricomycetes	Polyporales	Phanerochaetaceae	Bjerkandera	Bjerkandera_adusta	Bjerkandera_adusta	sSH1177901.09FU	0.9865532	Bjerkandera	1CB1C50E-36B9-11D5-9548-00D0592D548C	17160	13	Pathotroph-Saprotroph-Symbiotroph	Endophyte-Plant Pathogen-|Wood Saprotroph|	Highly Probable	Polyporoid	White Rot	As root_endophyte_dark_septate (Põlme et al. 2020); As white_rot (Põlme et al. 2020); As wood_pathogen (Põlme et al. 2020); Decay wood (Põlme et al. 2020)	Gilbertson RL, Ryvarden L. 1987-1987. North American Polypores. Fungiflora, Oslo (ISBN: 978-0945345060); Põlme S, et al. 2020. Fungal Diversity 105:1-16 ((https://doi.org/10.1007/s13225-020-00466-2))	Bjerkandera_adusta
ASV921	Fungi	Basidiomycota	Agaricomycetes	Polyporales	Phanerochaetaceae	Crepatura	NA	Crepatura	sSH1217099.09FU	0.7072289	Crepatura	889559A6-2401-4708-965C-8828C992089C	830230	13	Saprotroph	|Wood Saprotroph|	Probable	Microfungus	White Rot	As white-rot (Pomle et al. 2020); Decay wood (Põlme et al. 2020)	Põlme S, et al. 2020. Fungal Diversity 105:1-16 ((https://doi.org/10.1007/s13225-020-00466-2))	Crepatura
ASV922	Fungi	Basidiomycota	Agaricomycetes	NA	Xenasmataceae	Xenasmatella	NA	Xenasmatella	NA	0.9999375	Xenasmatella	1CB1CC85-36B9-11D5-9548-00D0592D548C	18756	13	Saprotroph	Undefined Saprotroph-|Wood Saprotroph|	Probable	Corticioid	White Rot	As white_rot (Põlme et al. 2020); Decay wood (Põlme et al. 2020)	Tedersoo L, et al. 2014. Science 346:e1256688 ((https://doi.org/10.1126/science.1256688)); Põlme S, et al. 2020. Fungal Diversity 105:1-16 ((https://doi.org/10.1007/s13225-020-00466-2))	Xenasmatella
ASV923	Fungi	Ascomycota	Sordariomycetes	Xylariales	Diatrypaceae	NA	NA	Diatrypaceae	NA	0.9483717	Diatrypaceae	1CB1CD09-36B9-11D5-9548-00D0592D548C	80692	9	Pathotroph-Saprotroph	Plant Pathogen-Plant Saprotroph	Probable	Microfungus	NULL	Saprobes and (usually) weak parasites in wood and bark (Cannon & Kirk 2007)	Cannon PF, Kirk PM. 2007. Fungal Families of the World. CAB International, Cambridge (ISBN: 978-0851998275)	Diatrypaceae
ASV924	Fungi	Basidiomycota	Agaricomycetes	Polyporales	Polyporaceae	Funalia	Funalia_floccosa	Funalia_floccosa	sSH1248998.09FU	0.9999807	Polyporaceae	1CB19B17-36B9-11D5-9548-00D0592D548C	81203	9	Saprotroph	Wood Saprotroph	Probable	Polyporoid	Brown Rot-White Rot	Lignicolous, causing brown or white rot, mostly of broadleaved trees (Cannon & Kirk 2007)	Cannon PF, Kirk PM. 2007. Fungal Families of the World. CAB International, Cambridge (ISBN: 978-0851998275)	Funalia_floccosa
ASV925	Fungi	Ascomycota	Eurotiomycetes	Eurotiales	Aspergillaceae	Penicillium	NA	Penicillium	NA	0.9775047	Eurotiales	1CB1CE25-36B9-11D5-9548-00D0592D548C	90472	7	Saprotroph	Undefined Saprotroph	Possible	Microfungus	NULL	NULL	Sterkenburg E, et al. 2015. New Phytologist 207:1145-1158 ((https://doi.org/10.1111/nph.13426))	Penicillium
ASV926	Fungi	Ascomycota	Sordariomycetes	Sordariales	Cephalothecaceae	Phialemonium	Phialemonium_inflatum	Phialemonium_inflatum	sSH0971256.09FU	0.9999446	Cephalothecaceae	1CB1CE98-36B9-11D5-9548-00D0592D548C	80571	9	Saprotroph	Fungal Parasite-Wood Saprotroph	Probable	Microfungus	NULL	Typically saprobic, fruiting on very rotten wood or other fungi (Cannon & Kirk 2007)	Cannon PF, Kirk PM. 2007. Fungal Families of the World. CAB International, Cambridge (ISBN: 978-0851998275)	Phialemonium_inflatum
ASV927	Fungi	NA	NA	NA	NA	NA	NA	NA	NA	0.8670155	NA	NA	NA	NA	NA	NA	NA	NA	NA	NA	NA	NA
ASV928	Fungi	Ascomycota	Saccharomycetes	Saccharomycetales	Metschnikowiaceae	Metschnikowia	NA	Metschnikowia	NA	0.7495397	Saccharomycetales	B73A15F4-AB90-4E11-B6D7-E0BE710B986C	816369	7	Saprotroph	Undefined Saprotroph	Possible	Yeast	NULL	NULL	Sterkenburg E, et al. 2015. New Phytologist 207:1145-1158 ((https://doi.org/10.1111/nph.13426))	Metschnikowia
ASV929	Fungi	Ascomycota	Saccharomycetes	Saccharomycetales	NA	NA	NA	Saccharomycetales	NA	0.7058816	Saccharomycetales	B73A15F4-AB90-4E11-B6D7-E0BE710B986C	816369	7	Saprotroph	Undefined Saprotroph	Possible	Yeast	NULL	NULL	Sterkenburg E, et al. 2015. New Phytologist 207:1145-1158 ((https://doi.org/10.1111/nph.13426))	Saccharomycetales
ASV930	Fungi	Ascomycota	Eurotiomycetes	Chaetothyriales	Trichomeriaceae	Knufia	NA	Knufia	sSH1070852.09FU	0.9780263	Trichomeriaceae	B366E4F5-4360-49B3-BA47-86698B5D3511	800935	9	Symbiotroph	Epiphyte	Probable	Microfungus	NULL	Foliar epiphytes with the appearance of sooty moulds, mostly occurring on the surface of living leaves and apparently gaining their nutrients from insect exudates (Chomnunti et al. 2012)	Chomnunti P, et al. 2012. Fungal Diversity 56:63-76 ((https://doi.org/10.1007/s13225-012-0197-2))	Knufia
ASV931	Fungi	Ascomycota	Sordariomycetes	Hypocreales	Bionectriaceae	Nectriella	NA	Nectriella	sSH1073951.09FU	0.9267710	Bionectriaceae	1CB1CCCB-36B9-11D5-9548-00D0592D548C	82088	9	Pathotroph-Saprotroph	Algal Parasite-Bryophyte Parasite-Fungal Parasite-Undefined Saprotroph	Probable	Microfungus	NULL	Associated with plant material, especially on wood and herbaceous debris, or with algae, bryophyte or other fungi, rarely pathogenic (Cannon & Kirk 2007)	Cannon PF, Kirk PM. 2007. Fungal Families of the World. CAB International, Cambridge (ISBN: 978-0851998275)	Nectriella
ASV932	Fungi	Basidiomycota	Agaricomycetes	Agaricales	NA	NA	NA	Agaricales	sSH1168862.09FU	1.0000000	Agaricales	715D162F-5F0E-40C8-A7DC-79D488D3F937	90508	7	Pathotroph-Saprotroph-Symbiotroph	Bryophyte Parasite-Dung Saprotroph-Ectomycorrhizal-Fungal Parasite-Leaf Saprotroph-Plant Parasite-Undefined Saprotroph-Wood Saprotroph	Possible	Agaricoid-Gasteroid-Microfungus-Secotioid-Yeast	NULL	Mushrooms and toadstools, Gill fungi, Agarics... lignicolous, sometimes muscicolous or fungicolous, saprobic, mycorrhizal, rarely parasitic on plants or fungi (Kirk et al. 2008)	Kirk PM et al. 2008. Dictionary of the Fungi. Tenth Edition. CAB International, Wallingford (ISBN: 978-0851998268)	Agaricales
ASV933	Fungi	Ascomycota	Orbiliomycetes	Orbiliales	Orbiliaceae	NA	NA	Orbiliaceae	sSH0896800.09FU	0.8892199	Orbiliaceae	1CB19716-36B9-11D5-9548-00D0592D548C	81091	9	Saprotroph	Wood Saprotroph	Probable	Microfungus	NULL	Saprobic, found especially on wood in both wet and dry habitats. Many species are nematophagous, forming adhesive knobs, nets or ring-like traps in the presence of a food source; perhaps a strategy for life in low-nitrogen environments. There have been reports of associations with algae for a few species, but an established lichen association appears not to exist (Cannon & Kirk 2007)	Cannon PF, Kirk PM. 2007. Fungal Families of the World. CAB International, Cambridge (ISBN: 978-0851998275)	Orbiliaceae
ASV934	Fungi	Ascomycota	Sordariomycetes	Xylariales	Diatrypaceae	Peroneutypa	Peroneutypa_longiasca	Peroneutypa_longiasca	sSH2113113.09FU	0.9814249	Diatrypaceae	1CB1CD09-36B9-11D5-9548-00D0592D548C	80692	9	Pathotroph-Saprotroph	Plant Pathogen-Plant Saprotroph	Probable	Microfungus	NULL	Saprobes and (usually) weak parasites in wood and bark (Cannon & Kirk 2007)	Cannon PF, Kirk PM. 2007. Fungal Families of the World. CAB International, Cambridge (ISBN: 978-0851998275)	Peroneutypa_longiasca
ASV935	Fungi	Ascomycota	Sordariomycetes	Hypocreales	Stachybotryaceae	NA	NA	Stachybotryaceae	sSH1074217.09FU	0.7420836	Hypocreales	1CB18E60-36B9-11D5-9548-00D0592D548C	90477	7	Saprotroph	Undefined Saprotroph	Possible	Microfungus	NULL	NULL	Sterkenburg E, et al. 2015. New Phytologist 207:1145-1158 ((https://doi.org/10.1111/nph.13426))	Stachybotryaceae
ASV936	Fungi	Ascomycota	Sordariomycetes	Chaetosphaeriales	Chaetosphaeriaceae	Arcuatospora	NA	Arcuatospora	NA	0.9272771	Chaetosphaeriaceae	A2975E8A-801C-4A1F-9099-3C1B24D8A295	82100	9	Saprotroph	Plant Saprotroph-Wood Saprotroph	Probable	Microfungus	NULL	Saprobes associated with decaying woody and herbaceous plant material, including timber and timber products in damp buildings (Cannon & Kirk 2007)	Cannon PF, Kirk PM. 2007. Fungal Families of the World. CAB International, Cambridge (ISBN: 978-0851998275)	Arcuatospora
ASV937	Fungi	Ascomycota	Dothideomycetes	Myriangiales	Elsinoaceae	Elsinoe	NA	Elsinoe	NA	0.9980975	Elsinoaceae	1CB1CD15-36B9-11D5-9548-00D0592D548C	82022	9	Pathotroph	Plant Pathogen	Probable	Microfungus	NULL	Biotrophic or necrotrophic on leaves, stems and fruits of a wide range of plants (Cannon & Kirk 2007)	Cannon PF, Kirk PM. 2007. Fungal Families of the World. CAB International, Cambridge (ISBN: 978-0851998275)	Elsinoe
ASV938	Fungi	Ascomycota	Dothideomycetes	Mycosphaerellales	Teratosphaeriaceae	Capnobotryella	Capnobotryella_renispora	Capnobotryella_renispora	sSH0991894.09FU	0.9993645	Teratosphaeriaceae	87A3FDCC-E75C-4F2E-B987-C7579847CE32	504465	9	Pathotroph-Saprotroph	Animal Pathogen-Plant Pathogen-Undefined Saprotroph	Probable	NULL	NULL	Includes numerous saprobic, extremophilic, human opportunistic, and plant pathogenic fungi (Quaedvlieg et al. 2014)	Quaedvlieg W, et al. 2014. Persoonia 3:31-40 ((https://doi.org/10.3767/003158514X681981))	Capnobotryella_renispora
ASV939	Fungi	Basidiomycota	Agaricomycetes	Polyporales	Meripilaceae	NA	NA	Meripilaceae	sSH1197623.09FU	1.0000000	Meripilaceae	1CB1CD64-36B9-11D5-9548-00D0592D548C	80007	9	Pathotroph-Saprotroph	Plant Pathogen-Undefined Saprotroph	Probable	Polyporoid	NULL	Saprobic or parasitic on hardwood trees, often growing from buried roots and causing white rot (Cannon & Kirk 2007)	Cannon PF, Kirk PM. 2007. Fungal Families of the World. CAB International, Cambridge (ISBN: 978-0851998275)	Meripilaceae
ASV940	Fungi	Basidiomycota	Microbotryomycetes	NA	Colacogloeaceae	Colacogloea	NA	Colacogloea	NA	0.9846324	Colacogloea	F5CFE2B8-00C6-4B32-BCA8-33AC9F0179BD	25562	13	Pathotroph	|Fungal Parasite|	Probable	Dimorphic-Facultative Yeast	NULL	As mycoparasite (Põlme et al. 2020); Decay fungal material (Põlme et al. 2020)	Tedersoo L, et al. 2014. Science 346:e1256688 ((https://doi.org/10.1126/science.1256688)); Põlme S, et al. 2020. Fungal Diversity 105:1-16 ((https://doi.org/10.1007/s13225-020-00466-2))	Colacogloea
ASV941	Fungi	Ascomycota	Orbiliomycetes	Orbiliales	Orbiliaceae	Orbilia	Orbilia_rectispora	Orbilia_rectispora	sSH0952400.09FU	0.9605592	Orbiliaceae	1CB19716-36B9-11D5-9548-00D0592D548C	81091	9	Saprotroph	Wood Saprotroph	Probable	Microfungus	NULL	Saprobic, found especially on wood in both wet and dry habitats. Many species are nematophagous, forming adhesive knobs, nets or ring-like traps in the presence of a food source; perhaps a strategy for life in low-nitrogen environments. There have been reports of associations with algae for a few species, but an established lichen association appears not to exist (Cannon & Kirk 2007)	Cannon PF, Kirk PM. 2007. Fungal Families of the World. CAB International, Cambridge (ISBN: 978-0851998275)	Orbilia_rectispora
ASV942	Fungi	Ascomycota	NA	NA	NA	NA	NA	Ascomycota	NA	0.8781645	NA	NA	NA	NA	NA	NA	NA	NA	NA	NA	NA	Ascomycota
ASV943	Fungi	NA	NA	NA	NA	NA	NA	NA	NA	0.7412714	NA	NA	NA	NA	NA	NA	NA	NA	NA	NA	NA	NA
ASV944	Fungi	Ascomycota	Dothideomycetes	NA	NA	NA	NA	Dothideomycetes	sSH1258167.09FU	0.9999383	NA	NA	NA	NA	NA	NA	NA	NA	NA	NA	NA	Dothideomycetes
ASV945	Fungi	Basidiomycota	Agaricomycetes	Cantharellales	NA	NA	NA	Cantharellales	sSH1267228.09FU	0.7788350	NA	NA	NA	NA	NA	NA	NA	NA	NA	NA	NA	Cantharellales
ASV946	Fungi	Basidiomycota	Agaricomycetes	Atheliales	NA	NA	NA	Atheliales	sSH0904294.09FU	0.9998535	NA	NA	NA	NA	NA	NA	NA	NA	NA	NA	NA	Atheliales
ASV947	Fungi	NA	NA	NA	NA	NA	NA	NA	NA	0.9486579	NA	NA	NA	NA	NA	NA	NA	NA	NA	NA	NA	NA
ASV948	Fungi	Basidiomycota	Exobasidiomycetes	Exobasidiales	Brachybasidiaceae	NA	NA	Brachybasidiaceae	sSH1176571.09FU	0.8396155	Brachybasidiaceae	1CB1CE8F-36B9-11D5-9548-00D0592D548C	80532	9	Pathotroph	Plant Pathogen	Probable	Microfungus	NULL	Biotrophic or necrotrophic on leaves of monocots, including palms, grasses, sedges, and Commelinaceae (Cannon & Kirk 2007)	Cannon PF, Kirk PM. 2007. Fungal Families of the World. CAB International, Cambridge (ISBN: 978-0851998275)	Brachybasidiaceae
ASV949	Fungi	Ascomycota	Dothideomycetes	Venturiales	Sympoventuriaceae	NA	NA	Sympoventuriaceae	sSH0949406.09FU	0.7312364	Sympoventuriaceae	1A5CF12B-5C15-43F8-BB6A-8479B1581BBB	563117	9	Saprotroph	Undefined Saprotroph	Probable	Microfungus	NULL	Sympoventuriaceae is represented by Sympoventuria, and can be distinguished from species of Venturiales by its saprobic life style (Zhang et al. 2011)	Zhang Y, et al. 2011 Fungal Diversity 51:249-277 ((https://doi.org/10.1007/s13225-011-0141-x))	Sympoventuriaceae
ASV950	Fungi	Ascomycota	Dothideomycetes	NA	NA	NA	NA	Dothideomycetes	NA	0.9998184	NA	NA	NA	NA	NA	NA	NA	NA	NA	NA	NA	Dothideomycetes
ASV951	Fungi	Ascomycota	Dothideomycetes	Capnodiales	Neodevriesiaceae	NA	NA	Neodevriesiaceae	sSH0960686.09FU	0.9561481	Neodevriesiaceae	F8168581-D82E-4A75-9190-C7925084B4CA	807766	9	Pathotroph-Saprotroph	Plant Pathogen-Undefined Saprotroph	Probable	NULL	NULL	Members are foliicolous, saprobic or plant pathogenic (Quaedvlieg et al. 2014)	Quaedvlieg W., et al. 2014. Persoonia 3:31-40 ((http://doi.org/10.3767/003158514X681981))	Neodevriesiaceae
ASV952	Fungi	Ascomycota	Dothideomycetes	Pleosporales	Acrocalymmaceae	Acrocalymma	Acrocalymma_pterocarpi	Acrocalymma_pterocarpi	sSH0989073.09FU	0.7168055	Acrocalymma	1CB1C441-36B9-11D5-9548-00D0592D548C	11008	13	Saprotroph	Undefined Saprotroph-|Wood Saprotroph|	Probable	Microfungus	NULL	Decay wood (Põlme et al. 2020)	Tedersoo L, et al. 2014. Science 346:e1256688 ((https://doi.org/10.1126/science.1256688)); Põlme S, et al. 2020. Fungal Diversity 105:1-16 ((https://doi.org/10.1007/s13225-020-00466-2))	Acrocalymma_pterocarpi
ASV953	Fungi	Basidiomycota	Agaricomycetes	Polyporales	Irpicaceae	Gloeoporus	Gloeoporus_taxicola	Gloeoporus_taxicola	sSH1049352.09FU	0.9999605	Gloeoporus	1CB18B7F-36B9-11D5-9548-00D0592D548C	17670	13	Saprotroph	|Wood Saprotroph|	Highly Probable	Corticioid-Polyporoid	White Rot	As white_rot (Põlme et al. 2020); Decay wood (Põlme et al. 2020)	Gilbertson RL, Ryvarden L. 1987-1987. North American Polypores. Fungiflora, Oslo (ISBN: 978-0945345060); Põlme S, et al. 2020. Fungal Diversity 105:1-16 ((https://doi.org/10.1007/s13225-020-00466-2))	Gloeoporus_taxicola
ASV954	Fungi	NA	NA	NA	NA	NA	NA	NA	NA	0.8349965	NA	NA	NA	NA	NA	NA	NA	NA	NA	NA	NA	NA
ASV955	Fungi	Basidiomycota	Agaricomycetes	Hymenochaetales	Schizoporaceae	Lyomyces	NA	Lyomyces	sSH1215078.09FU	0.9999999	Schizoporaceae	1CB1CDC9-36B9-11D5-9548-00D0592D548C	80038	9	Saprotroph	Wood Saprotroph	Probable	Corticioid	White Rot	Saprobic, causing white rot of standing and fallen wood of coniferous and broadleaved trees, rarely on herbaceous stems (Cannon & Kirk 2007)	Cannon PF, Kirk PM. 2007. Fungal Families of the World. CAB International, Cambridge (ISBN: 978-0851998275)	Lyomyces
ASV956	Fungi	Basidiomycota	Tremellomycetes	Filobasidiales	Filobasidiaceae	Heterocephalacria	NA	Heterocephalacria	sSH0888531.09FU	0.9999972	Heterocephalacria	A6C196B9-EF3D-48A5-9CDF-BB05FD6D5B16	17746	13	Pathotroph	|Lichen Parasite|	Probable	Yeast	NULL	Decay fungal material, algal material (Põlme et al. 2020)	Põlme S, et al. 2020. Fungal Diversity 105:1-16 ((https://doi.org/10.1007/s13225-020-00466-2))	Heterocephalacria
ASV957	Fungi	Basidiomycota	Agaricomycetes	Agaricales	NA	NA	NA	Agaricales	NA	0.7642811	Agaricales	715D162F-5F0E-40C8-A7DC-79D488D3F937	90508	7	Pathotroph-Saprotroph-Symbiotroph	Bryophyte Parasite-Dung Saprotroph-Ectomycorrhizal-Fungal Parasite-Leaf Saprotroph-Plant Parasite-Undefined Saprotroph-Wood Saprotroph	Possible	Agaricoid-Gasteroid-Microfungus-Secotioid-Yeast	NULL	Mushrooms and toadstools, Gill fungi, Agarics... lignicolous, sometimes muscicolous or fungicolous, saprobic, mycorrhizal, rarely parasitic on plants or fungi (Kirk et al. 2008)	Kirk PM et al. 2008. Dictionary of the Fungi. Tenth Edition. CAB International, Wallingford (ISBN: 978-0851998268)	Agaricales
ASV958	Fungi	Ascomycota	Dothideomycetes	NA	NA	NA	NA	Dothideomycetes	sSH1004279.09FU	0.9375163	NA	NA	NA	NA	NA	NA	NA	NA	NA	NA	NA	Dothideomycetes
ASV959	Fungi	Ascomycota	Leotiomycetes	Helotiales	Mollisiaceae	Mollisia	NA	Mollisia	NA	1.0000000	Mollisia	1CB193E8-36B9-11D5-9548-00D0592D548C	3239	13	Pathotroph-Saprotroph-Symbiotroph	Endophyte-|Plant Pathogen|-Plant Saprotroph	Probable	Microfungus-Pezizoid	Soft Rot	As foliar_endophyte (Põlme et al. 2020); As litter_saprotroph (Põlme et al. 2020); Dark Septate Endophyte, known from plant roots.; Decay leaf, fruit, seed (Põlme et al. 2020)	James TY, et al. 2006. Nature 443:818-822 ((https://doi.org/10.1038/nature05110)); Tedersoo L, et al. 2014. Science 346:1256688 ((https://doi.org/10.1126/science.1256688)) (as Plant Pathogen); Põlme S, et al. 2020. Fungal Diversity 105:1-16 ((https://doi.org/10.1007/s13225-020-00466-2))	Mollisia
ASV960	Fungi	Basidiomycota	Agaricomycetes	Agaricales	Nidulariaceae	Cyathus	Cyathus_gracilis	Cyathus_gracilis	sSH0886368.09FU	0.9861683	Nidulariaceae	1CB1CD7D-36B9-11D5-9548-00D0592D548C	81878	9	 Saprotroph	Dung Saprotroph-Plant Saprotroph	Probable	Gasteroid	NULL	Common name - birds nest fungus; Saprobic on dead plant material or dung, especially common on dead grass stems (Cannon & Kirk 2007)	Cannon PF, Kirk PM. 2007. Fungal Families of the World. CAB International, Cambridge ((https://isbnsearch.org/isbn/9780851998275))	Cyathus_gracilis
ASV961	Fungi	Basidiomycota	Agaricomycetes	Polyporales	Irpicaceae	Ceriporia	Ceriporia_arbuscula	Ceriporia_arbuscula	sSH1158392.09FU	0.8659296	Ceriporia	1CB1C611-36B9-11D5-9548-00D0592D548C	17267	13	Saprotroph	|Wood Saprotroph|	Highly Probable	Corticioid	White Rot	As white_rot (Põlme et al. 2020); Decay wood (Põlme et al. 2020)	Tedersoo L, et al. 2014. Science 346:e1256688 ((https://doi.org/10.1126/science.1256688)); Põlme S, et al. 2020. Fungal Diversity 105:1-16 ((https://doi.org/10.1007/s13225-020-00466-2))	Ceriporia_arbuscula
ASV962	Fungi	Basidiomycota	Agaricomycetes	Polyporales	Fomitopsidaceae	Antrodiopsis	Antrodiopsis_oleracea	Antrodiopsis_oleracea	sSH1108829.09FU	1.0000000	Fomitopsidaceae	1CB1CD22-36B9-11D5-9548-00D0592D548C	81772	9	Pathotroph-Saprotroph	Plant Pathogen-Wood Saprotroph	Probable	Polyporoid	Brown Rot	Most species are parasitic on woody plants, causing brown rots (Cannon & Kirk 2007)	Cannon PF, Kirk PM. 2007. Fungal Families of the World. CAB International, Cambridge (ISBN: 978-0851998275)	Antrodiopsis_oleracea
ASV963	Fungi	Basidiomycota	Agaricomycetes	Thelephorales	Thelephoraceae	Amaurodon	NA	Amaurodon	NA	0.9999999	Thelephoraceae	1CB1CDE7-36B9-11D5-9548-00D0592D548C	81463	9	Saprotroph-Symbiotroph	Ectomycorrhizal-Undefined Saprotroph	Probable	Clavarioid	NULL	On the ground, on soil, a few on wood. At least some speices ectomycorrhizal (Cannon & Kirk 2007)	Cannon PF, Kirk PM. 2007. Fungal Families of the World. CAB International, Cambridge (ISBN: 978-0851998275)	Amaurodon
ASV964	Fungi	Ascomycota	Sordariomycetes	Hypocreales	Niessliaceae	Niesslia	NA	Niesslia	sSH1290942.09FU	0.9983679	Hypocreales	1CB18E60-36B9-11D5-9548-00D0592D548C	90477	7	Saprotroph	Undefined Saprotroph	Possible	Microfungus	NULL	NULL	Sterkenburg E, et al. 2015. New Phytologist 207:1145-1158 ((https://doi.org/10.1111/nph.13426))	Niesslia
ASV965	Fungi	Ascomycota	Sordariomycetes	Hypocreales	Hypocreaceae	Hypomyces	NA	Hypomyces	sSH1076417.09FU	0.8106125	Hypocreales	1CB18E60-36B9-11D5-9548-00D0592D548C	90477	7	Saprotroph	Undefined Saprotroph	Possible	Microfungus	NULL	NULL	Sterkenburg E, et al. 2015. New Phytologist 207:1145-1158 ((https://doi.org/10.1111/nph.13426))	Hypomyces
ASV966	Fungi	Ascomycota	Leotiomycetes	Helotiales	NA	NA	NA	Helotiales	sSH0977021.09FU	0.7935991	NA	NA	NA	NA	NA	NA	NA	NA	NA	NA	NA	Helotiales
ASV967	Fungi	Basidiomycota	Agaricomycetes	Polyporales	Irpicaceae	Ceriporia	Ceriporia_reticulata	Ceriporia_reticulata	sSH0889287.09FU	0.9786278	Ceriporia	1CB1C611-36B9-11D5-9548-00D0592D548C	17267	13	Saprotroph	|Wood Saprotroph|	Highly Probable	Corticioid	White Rot	As white_rot (Põlme et al. 2020); Decay wood (Põlme et al. 2020)	Tedersoo L, et al. 2014. Science 346:e1256688 ((https://doi.org/10.1126/science.1256688)); Põlme S, et al. 2020. Fungal Diversity 105:1-16 ((https://doi.org/10.1007/s13225-020-00466-2))	Ceriporia_reticulata
ASV968	Fungi	Basidiomycota	Tremellomycetes	Tremellales	Bulleraceae	Fonsecazyma	NA	Fonsecazyma	NA	0.9998399	Tremellales	1CB1CE64-36B9-11D5-9548-00D0592D548C	90451	7	Pathotroph-Saprotroph-Symbiotroph	Fungal Parasite-Undefined Saprotroph	Possible	Tremelloid-Yeast	NULL	The order contains both teleomorphic and anamorphic species, most of the latter being yeasts	Sterkenburg E, et al. 2015. New Phytologist 207:1145-1158 ((https://doi.org/10.1111/nph.13426))	Fonsecazyma
ASV969	Fungi	Basidiomycota	Agaricomycetes	Polyporales	Steccherinaceae	NA	NA	Steccherinaceae	sSH0882736.09FU	0.9999997	Steccherinaceae	1CB1CDD9-36B9-11D5-9548-00D0592D548C	81420	9	Saprotroph	Wood Saprotroph	Probable	Corticioid-Polyporoid	White Rot	Growing on dead wood causing white rot, sometimes replacing early colonizers (Cannon & Kirk 2007)	Cannon PF, Kirk PM. 2007. Fungal Families of the World. CAB International, Cambridge (ISBN: 978-0851998275)	Steccherinaceae
ASV970	Fungi	Basidiomycota	Agaricomycetes	Hymenochaetales	NA	NA	NA	Hymenochaetales	sSH1238044.09FU	0.9999466	NA	NA	NA	NA	NA	NA	NA	NA	NA	NA	NA	Hymenochaetales
ASV971	Fungi	Ascomycota	Dothideomycetes	NA	NA	NA	NA	Dothideomycetes	sSH1084280.09FU	0.9999812	NA	NA	NA	NA	NA	NA	NA	NA	NA	NA	NA	Dothideomycetes
ASV972	Fungi	Ascomycota	Sordariomycetes	Hypocreales	Bionectriaceae	Paracylindrocarpon	NA	Paracylindrocarpon	sSH0885376.09FU	0.8279196	Bionectriaceae	1CB1CCCB-36B9-11D5-9548-00D0592D548C	82088	9	Pathotroph-Saprotroph	Algal Parasite-Bryophyte Parasite-Fungal Parasite-Undefined Saprotroph	Probable	Microfungus	NULL	Associated with plant material, especially on wood and herbaceous debris, or with algae, bryophyte or other fungi, rarely pathogenic (Cannon & Kirk 2007)	Cannon PF, Kirk PM. 2007. Fungal Families of the World. CAB International, Cambridge (ISBN: 978-0851998275)	Paracylindrocarpon
ASV973	Fungi	Ascomycota	Dothideomycetes	NA	NA	NA	NA	Dothideomycetes	sSH0952890.09FU	0.7828094	NA	NA	NA	NA	NA	NA	NA	NA	NA	NA	NA	Dothideomycetes
ASV974	Fungi	Basidiomycota	Agaricomycetes	Russulales	Stereaceae	Xylobolus	Xylobolus_subpileatus	Xylobolus_subpileatus	sSH0935456.09FU	0.9999999	Stereaceae	1CB1CDDC-36B9-11D5-9548-00D0592D548C	81424	9	Saprotroph	Undefined Saprotroph-Wood Saprotroph	Probable	Corticioid-Polyporoid	NULL	Lignicolous or terrestrial (in leaf litter); typically saprobic (Cannon & Kirk 2007)	Cannon PF, Kirk PM. 2007. Fungal Families of the World. CAB International, Cambridge (ISBN: 978-0851998275)	Xylobolus_subpileatus
ASV975	Fungi	Ascomycota	Dothideomycetes	Botryosphaeriales	Phyllostictaceae	Phyllosticta	Phyllosticta_capitalensis	Phyllosticta_capitalensis	NA	0.9988500	Phyllostictaceae	6FD93B78-3F56-46D4-A170-836895DE49B1	81162	9	Pathotroph-Saprotroph-Symbiotroph	Endophyte-Plant Pathogen-Wood Saprotroph	Probable	Microfungus	Soft Rot	NULL	Seehann G, et al. 1975. List of Fungi in Soft-Rot Tissue Tests. Institute fur Holzbiologie und Holzschutz, Bundesforschungsanstalt fur Forst - und Holzwirtshaft, Hamburg - Lohbrugge, Germany; Tedersoo L, et al. 2014. Science 346:e1256688 ((https://doi.org/10.1126/science.1256688)); Christian N, et al. 2016. Microbial Ecology 72:621-632 ((https://doi.org/10.1007/s00248-016-0804-y))	Phyllosticta_capitalensis
ASV976	Fungi	Ascomycota	Eurotiomycetes	Eurotiales	Aspergillaceae	Aspergillus	NA	Aspergillus	NA	0.9991711	Eurotiales	1CB1CE25-36B9-11D5-9548-00D0592D548C	90472	7	Saprotroph	Undefined Saprotroph	Possible	Microfungus	NULL	NULL	Sterkenburg E, et al. 2015. New Phytologist 207:1145-1158 ((https://doi.org/10.1111/nph.13426))	Aspergillus
ASV977	Fungi	Basidiomycota	Agaricomycetes	Polyporales	Meripilaceae	NA	NA	Meripilaceae	sSH1197604.09FU	0.9997762	Meripilaceae	1CB1CD64-36B9-11D5-9548-00D0592D548C	80007	9	Pathotroph-Saprotroph	Plant Pathogen-Undefined Saprotroph	Probable	Polyporoid	NULL	Saprobic or parasitic on hardwood trees, often growing from buried roots and causing white rot (Cannon & Kirk 2007)	Cannon PF, Kirk PM. 2007. Fungal Families of the World. CAB International, Cambridge (ISBN: 978-0851998275)	Meripilaceae
ASV978	Fungi	Basidiomycota	Agaricomycetes	Auriculariales	Exidiaceae	NA	NA	Exidiaceae	NA	0.8873403	NA	NA	NA	NA	NA	NA	NA	NA	NA	NA	NA	Exidiaceae
ASV979	Fungi	Ascomycota	Eurotiomycetes	Eurotiales	Aspergillaceae	Penicillium	Penicillium_sublateritium	Penicillium_sublateritium	sSH0884165.09FU	0.9999351	Eurotiales	1CB1CE25-36B9-11D5-9548-00D0592D548C	90472	7	Saprotroph	Undefined Saprotroph	Possible	Microfungus	NULL	NULL	Sterkenburg E, et al. 2015. New Phytologist 207:1145-1158 ((https://doi.org/10.1111/nph.13426))	Penicillium_sublateritium
ASV980	Fungi	Basidiomycota	Agaricomycetes	Cantharellales	Hydnaceae	Sistotrema	NA	Sistotrema	sSH1303984.09FU	0.8143947	Sistotrema	1CB1CB70-36B9-11D5-9548-00D0592D548C	18551	13	Saprotroph-Symbiotroph	Ectomycorrhizal-|Plant Saprotroph|-Wood Saprotroph	Possible	Corticioid	White Rot	As litter_saprotroph (Põlme et al. 2020); Decay leaf, fruit, seed (Põlme et al. 2020)	Gilbertson RL, Ryvarden L. 1987-1987. North American Polypores. Fungiflora, Oslo (ISBN: 978-0945345060); Rinaldi AC, et al. 2008. Fungal Diversity 33:1-45 ((http://www.fungaldiversity.org/fdp/sfdp/33-1.pdf)) (as ECM/not ECM); Tedersoo L, et al. 2010. Mycorrhiza 20:217-263 ((https://doi.org/10.1007/s00572-009-0274-x)) (pro parte); Põlme S, et al. 2020. Fungal Diversity 105:1-16 ((https://doi.org/10.1007/s13225-020-00466-2)); http://mycorrhizas.info/ecmf.html ((http://mycorrhizas.info/ecmf.html)) (as ECM/not ECM).	Sistotrema
ASV981	Fungi	Basidiomycota	Agaricomycetes	Auriculariales	NA	NA	NA	Auriculariales	sSH0933490.09FU	0.7753673	NA	NA	NA	NA	NA	NA	NA	NA	NA	NA	NA	Auriculariales
ASV982	Fungi	Ascomycota	Dothideomycetes	Acrospermales	Acrospermaceae	Acrospermum	NA	Acrospermum	sSH0996345.09FU	0.9998069	Acrospermaceae	1CB1CCAA-36B9-11D5-9548-00D0592D548C	80430	9	Saprotroph	Stem Saprotroph-Wood Saprotroph	Probable	NULL	NULL	NULL	Cannon PF, Kirk PM. 2007. Fungal Families of the World. CAB International, Cambridge (ISBN: 978-0851998275)	Acrospermum
ASV983	Fungi	Ascomycota	Eurotiomycetes	Chaetothyriales	Trichomeriaceae	Knufia	NA	Knufia	NA	0.8500286	Trichomeriaceae	B366E4F5-4360-49B3-BA47-86698B5D3511	800935	9	Symbiotroph	Epiphyte	Probable	Microfungus	NULL	Foliar epiphytes with the appearance of sooty moulds, mostly occurring on the surface of living leaves and apparently gaining their nutrients from insect exudates (Chomnunti et al. 2012)	Chomnunti P, et al. 2012. Fungal Diversity 56:63-76 ((https://doi.org/10.1007/s13225-012-0197-2))	Knufia
ASV984	Fungi	Basidiomycota	Agaricomycetes	Cantharellales	Hydnaceae	Sistotrema	NA	Sistotrema	sSH1308315.09FU	0.9999961	Sistotrema	1CB1CB70-36B9-11D5-9548-00D0592D548C	18551	13	Saprotroph-Symbiotroph	Ectomycorrhizal-|Plant Saprotroph|-Wood Saprotroph	Possible	Corticioid	White Rot	As litter_saprotroph (Põlme et al. 2020); Decay leaf, fruit, seed (Põlme et al. 2020)	Gilbertson RL, Ryvarden L. 1987-1987. North American Polypores. Fungiflora, Oslo (ISBN: 978-0945345060); Rinaldi AC, et al. 2008. Fungal Diversity 33:1-45 ((http://www.fungaldiversity.org/fdp/sfdp/33-1.pdf)) (as ECM/not ECM); Tedersoo L, et al. 2010. Mycorrhiza 20:217-263 ((https://doi.org/10.1007/s00572-009-0274-x)) (pro parte); Põlme S, et al. 2020. Fungal Diversity 105:1-16 ((https://doi.org/10.1007/s13225-020-00466-2)); http://mycorrhizas.info/ecmf.html ((http://mycorrhizas.info/ecmf.html)) (as ECM/not ECM).	Sistotrema
ASV985	Fungi	Ascomycota	Eurotiomycetes	Eurotiales	Aspergillaceae	Penicillium	NA	Penicillium	NA	0.9829602	Eurotiales	1CB1CE25-36B9-11D5-9548-00D0592D548C	90472	7	Saprotroph	Undefined Saprotroph	Possible	Microfungus	NULL	NULL	Sterkenburg E, et al. 2015. New Phytologist 207:1145-1158 ((https://doi.org/10.1111/nph.13426))	Penicillium
ASV986	Fungi	Ascomycota	Sordariomycetes	Trichosphaeriales	Trichosphaeriaceae	Nigrospora	Nigrospora_philosophiae-doctoris	Nigrospora_philosophiae-doctoris	sSH2728742.09FU	0.9677187	Nigrospora	1CB19645-36B9-11D5-9548-00D0592D548C	9124	13	Saprotroph	|Plant Saprotroph|-Undefined Saprotroph	Probable	Microfungus	NULL	As litter_saprotroph (Põlme et al. 2020); Decay leaf, fruit, seed (Põlme et al. 2020)	Tedersoo L, et al. 2014. Science 346:e1256688 ((https://doi.org/10.1126/science.1256688)); Põlme S, et al. 2020. Fungal Diversity 105:1-16 ((https://doi.org/10.1007/s13225-020-00466-2))	Nigrospora_philosophiae-doctoris
ASV987	Fungi	NA	NA	NA	NA	NA	NA	NA	NA	0.7555423	NA	NA	NA	NA	NA	NA	NA	NA	NA	NA	NA	NA
ASV988	Fungi	Ascomycota	Dothideomycetes	Mycosphaerellales	Teratosphaeriaceae	NA	NA	Teratosphaeriaceae	sSH1084321.09FU	0.9559538	Teratosphaeriaceae	87A3FDCC-E75C-4F2E-B987-C7579847CE32	504465	9	Pathotroph-Saprotroph	Animal Pathogen-Plant Pathogen-Undefined Saprotroph	Probable	NULL	NULL	Includes numerous saprobic, extremophilic, human opportunistic, and plant pathogenic fungi (Quaedvlieg et al. 2014)	Quaedvlieg W, et al. 2014. Persoonia 3:31-40 ((https://doi.org/10.3767/003158514X681981))	Teratosphaeriaceae
ASV989	Fungi	Basidiomycota	Agaricomycetes	Hymenochaetales	Hyphodontiaceae	Kneiffiella	NA	Kneiffiella	sSH1101015.09FU	0.9999998	Kneiffiella	521B67D7-C6CE-4635-BDE1-314C8DF4C6B6	17877	13	Saprotroph	|Wood Saprotroph|	Probable	Corticioid	White Rot	As white_rot (Põlme et al. 2020); Decay wood (Põlme et al. 2020)	Põlme S, et al. 2020. Fungal Diversity 105:1-16 ((https://doi.org/10.1007/s13225-020-00466-2))	Kneiffiella
ASV990	Fungi	Basidiomycota	Tremellomycetes	Tremellales	Cuniculitremaceae	Kockovaella	NA	Kockovaella	sSH0997034.09FU	0.7860332	Tremellales	1CB1CE64-36B9-11D5-9548-00D0592D548C	90451	7	Pathotroph-Saprotroph-Symbiotroph	Fungal Parasite-Undefined Saprotroph	Possible	Tremelloid-Yeast	NULL	The order contains both teleomorphic and anamorphic species, most of the latter being yeasts	Sterkenburg E, et al. 2015. New Phytologist 207:1145-1158 ((https://doi.org/10.1111/nph.13426))	Kockovaella
ASV991	Fungi	Basidiomycota	Cystobasidiomycetes	Cystobasidiales	Cystobasidiaceae	Cystobasidium	Cystobasidium_minuta	Cystobasidium_minuta	sSH1223467.09FU	0.9938856	Cystobasidium	089EE3BE-975C-47BF-8DD0-494C299F8F10	17446	13	Pathotroph	|Fungal Parasite|	Highly Probable	Dimorphic-Facultative Yeast	NULL	As mycoparasite (Põlme et al. 2020); Decay fungal material (Põlme et al. 2020); Host - Thelebolales (Põlme et al. 2020)	Kurtzman CP, et al. (eds.) 2011. The Yeasts, a Taxonomic Study. Fifth Edition. Vols 1-3. Elsevier, San Diego (ISBN: 9780444521491); Põlme S, et al. 2020. Fungal Diversity 105:1-16 ((https://doi.org/10.1007/s13225-020-00466-2))	Cystobasidium_minuta
ASV992	Fungi	Ascomycota	Saccharomycetes	Saccharomycetales	Metschnikowiaceae	Metschnikowia	NA	Metschnikowia	NA	0.8801677	Saccharomycetales	B73A15F4-AB90-4E11-B6D7-E0BE710B986C	816369	7	Saprotroph	Undefined Saprotroph	Possible	Yeast	NULL	NULL	Sterkenburg E, et al. 2015. New Phytologist 207:1145-1158 ((https://doi.org/10.1111/nph.13426))	Metschnikowia
ASV993	Fungi	Ascomycota	Dothideomycetes	Capnodiales	Neodevriesiaceae	Neodevriesia	NA	Neodevriesia	sSH0960646.09FU	0.9412309	Neodevriesiaceae	F8168581-D82E-4A75-9190-C7925084B4CA	807766	9	Pathotroph-Saprotroph	Plant Pathogen-Undefined Saprotroph	Probable	NULL	NULL	Members are foliicolous, saprobic or plant pathogenic (Quaedvlieg et al. 2014)	Quaedvlieg W., et al. 2014. Persoonia 3:31-40 ((http://doi.org/10.3767/003158514X681981))	Neodevriesia
ASV994	Fungi	Ascomycota	Eurotiomycetes	Eurotiales	Aspergillaceae	Penicillium	Penicillium_decumbens	Penicillium_decumbens	sSH1226460.09FU	0.8993508	Eurotiales	1CB1CE25-36B9-11D5-9548-00D0592D548C	90472	7	Saprotroph	Undefined Saprotroph	Possible	Microfungus	NULL	NULL	Sterkenburg E, et al. 2015. New Phytologist 207:1145-1158 ((https://doi.org/10.1111/nph.13426))	Penicillium_decumbens
ASV995	Fungi	Ascomycota	Dothideomycetes	Venturiales	Venturiaceae	Fraxinicola	Fraxinicola_europaea	Fraxinicola_europaea	sSH0989234.09FU	0.9468370	Venturiaceae	1CB1CDFC-36B9-11D5-9548-00D0592D548C	81516	9	Pathotroph-Saprotroph-Symbiotroph	Endophyte-Plant Pathogen-Undefined Saprotroph	Probable	Microfungus	NULL	Mostly endophytes and weak parasites of aerial plant parts, including bark and wood, leaf and fruit tissue; rarely biotrophic. Little is known except for the important pathogens (Cannon & Kirk 2007)	Cannon PF, Kirk PM. 2007. Fungal Families of the World. CAB International, Cambridge (ISBN: 978-0851998275)	Fraxinicola_europaea
ASV996	Fungi	Basidiomycota	Agaricomycetes	Russulales	Peniophoraceae	Peniophora	Peniophora_bicornis	Peniophora_bicornis	sSH1068927.09FU	0.9999997	Peniophoraceae	1CB1CD8B-36B9-11D5-9548-00D0592D548C	81123	9	Pathotroph-Saprotroph	Plant Pathogen-Wood Saprotroph	Probable	Corticioid	White Rot	Most species are saprobic, causing rots of standing and fallen wood. Many species are adapted to xeric conditions, being able to grow on rapidly drying dead attached branches (Cannon & Kirk 2007)	Cannon PF, Kirk PM. 2007. Fungal Families of the World. CAB International, Cambridge (ISBN: 978-0851998275)	Peniophora_bicornis
ASV997	Fungi	Ascomycota	Dothideomycetes	Capnodiales	Cladosporiaceae	Toxicocladosporium	NA	Toxicocladosporium	NA	0.9141170	Cladosporiaceae	6EDCD6E4-DE4D-443D-AF6B-A572F626BD45	816548	9	Pathotroph-Saprotroph-Symbiotroph	Animal Pathogen-Endophyte-Lichen Parasite-Plant Pathogen-Wood Saprotroph	Possible	Microfungus	NULL	NULL	Seehann G, et al. 1975. List of Fungi in Soft-Rot Tissue Tests. Institute fur Holzbiologie und Holzschutz, Bundesforschungsanstalt fur Forst - und Holzwirtshaft, Hamburg - Lohbrugge, Germany; Lawrey JD, Diederich P. 2016. http://www.lichenicolous.net (accessed 24 May 2017) ((http://www.lichenicolous.net)); The American Phytopathological Society Common Names of Plant Diseases ((http://www.apsnet.org/publications/commonnames/Pages/default.aspx))	Toxicocladosporium
ASV998	Fungi	Ascomycota	Eurotiomycetes	Eurotiales	Aspergillaceae	Aspergillus	Aspergillus_glabripes	Aspergillus_glabripes	sSH1228780.09FU	0.7295798	Eurotiales	1CB1CE25-36B9-11D5-9548-00D0592D548C	90472	7	Saprotroph	Undefined Saprotroph	Possible	Microfungus	NULL	NULL	Sterkenburg E, et al. 2015. New Phytologist 207:1145-1158 ((https://doi.org/10.1111/nph.13426))	Aspergillus_glabripes
ASV999	Fungi	Basidiomycota	Agaricomycetes	Auriculariales	NA	NA	NA	Auriculariales	sSH1252520.09FU	0.9723329	NA	NA	NA	NA	NA	NA	NA	NA	NA	NA	NA	Auriculariales
ASV1000	Fungi	Basidiomycota	Tremellomycetes	Tremellales	Bulleraceae	Fonsecazyma	Fonsecazyma_mujuensis	Fonsecazyma_mujuensis	sSH1020764.09FU	1.0000000	Tremellales	1CB1CE64-36B9-11D5-9548-00D0592D548C	90451	7	Pathotroph-Saprotroph-Symbiotroph	Fungal Parasite-Undefined Saprotroph	Possible	Tremelloid-Yeast	NULL	The order contains both teleomorphic and anamorphic species, most of the latter being yeasts	Sterkenburg E, et al. 2015. New Phytologist 207:1145-1158 ((https://doi.org/10.1111/nph.13426))	Fonsecazyma_mujuensis
ASV1001	Fungi	Basidiomycota	Agaricomycetes	Agaricales	Psathyrellaceae	Coprinopsis	Coprinopsis_urticicola	Coprinopsis_urticicola	sSH1204426.09FU	0.8189827	Psathyrellaceae	F36155B5-ADC2-4C2C-83F3-2D3778EA9B7F	82127	9	Saprotroph	Dung Saprotroph-Plant Saprotroph-Wood Saprotroph	Probable	Agaricoid	NULL	Saprobic, in grass, on dung, rotten wood and similar substrata (Cannon & Kirk 2007)	Cannon PF, Kirk PM. 2007. Fungal Families of the World. CAB International, Cambridge (ISBN: 978-0851998275)	Coprinopsis_urticicola
ASV1002	Fungi	Basidiomycota	Agaricomycetes	Agaricales	Lyophyllaceae	Sphagnurus	Sphagnurus_paluster	Sphagnurus_paluster	sSH1149345.09FU	0.9999879	Lyophyllaceae	D430CD68-3D0F-4B65-A514-B079A244738F	80005	9	Pathotroph-Saprotroph-Symbiotroph	Ectomycorrhizal-Fungal Pathogen-Undefined Saprotroph	Possible	Agaricoid	NULL	NULL	Kirk PM et al. 2008. Dictionary of the Fungi. Tenth Edition. CAB International, Wallingford (ISBN: 978-0851998268)	Sphagnurus_paluster
ASV1003	Fungi	Basidiomycota	Agaricomycetes	Polyporales	Fomitopsidaceae	Phaeolus	Phaeolus_schweinitzii	Phaeolus_schweinitzii	sSH1307704.09FU	0.8927055	Fomitopsidaceae	1CB1CD22-36B9-11D5-9548-00D0592D548C	81772	9	Pathotroph-Saprotroph	Plant Pathogen-Wood Saprotroph	Probable	Polyporoid	Brown Rot	Most species are parasitic on woody plants, causing brown rots (Cannon & Kirk 2007)	Cannon PF, Kirk PM. 2007. Fungal Families of the World. CAB International, Cambridge (ISBN: 978-0851998275)	Phaeolus_schweinitzii
ASV1004	Fungi	Basidiomycota	Agaricomycetes	Gloeophyllales	Gloeophyllaceae	Gloeophyllum	Gloeophyllum_sepiarium	Gloeophyllum_sepiarium	sSH1931335.09FU	0.9997767	Gloeophyllum	1CB1C76B-36B9-11D5-9548-00D0592D548C	17669	13	Saprotroph	|Wood Saprotroph|	Highly Probable	Polyporoid	Brown Rot	As brown-rot (Põlme et al. 2020); Decay wood (Põlme et al. 2020)	Gilbertson RL, Ryvarden L. 1987-1987. North American Polypores. Fungiflora, Oslo (ISBN: 978-0945345060); Põlme S, et al. 2020. Fungal Diversity 105:1-16 ((https://doi.org/10.1007/s13225-020-00466-2))	Gloeophyllum_sepiarium
ASV1005	Fungi	Ascomycota	Dothideomycetes	Venturiales	NA	NA	NA	Venturiales	NA	0.9942414	NA	NA	NA	NA	NA	NA	NA	NA	NA	NA	NA	Venturiales
ASV1006	Fungi	Ascomycota	Dothideomycetes	Pleosporales	Nigrogranaceae	Nigrograna	Nigrograna_magnoliae	Nigrograna_magnoliae	sSH0992880.09FU	0.9887423	Nigrograna	A0739130-F33E-49DB-95DE-CD2F6A718EFE	564794	13	Pathotroph-Saprotroph	|Animal Parasite|-Animal Pathogen-Undefined Saprotroph	Probable	Microfungus	NULL	As animal_decomposer (Põlme et al. 2020); Decay animal material (Põlme et al. 2020)	Tedersoo L, et al. 2014. Science 346:e1256688 ((https://doi.org/10.1126/science.1256688)); Põlme S, et al. 2020. Fungal Diversity 105:1-16 ((https://doi.org/10.1007/s13225-020-00466-2))	Nigrograna_magnoliae
ASV1007	Fungi	Ascomycota	Dothideomycetes	Pleosporales	Cucurbitariaceae	NA	NA	Cucurbitariaceae	sSH0979552.09FU	0.9602967	Cucurbitariaceae	E7FBF69C-E136-452E-91BC-894D30ABD816	816502	9	Pathotroph-Saprotroph	Plant Pathogen-Wood Saprotroph	Probable	Microfungus	NULL	Necrotrophic or saprobic on woody plants (Cannon & Kirk 2007)	Cannon PF, Kirk PM. 2007. Fungal Families of the World. CAB International, Cambridge (ISBN: 978-0851998275); Tedersoo L, et al. 2014. Science 346:e1256688 ((https://doi.org/10.1126/science.1256688))	Cucurbitariaceae
ASV1008	Fungi	Ascomycota	Leotiomycetes	Helotiales	Vibrisseaceae	Vibrissea	Vibrissea_flavovirens	Vibrissea_flavovirens	sSH0936132.09FU	0.9615986	Vibrisseaceae	1CB1CDFF-36B9-11D5-9548-00D0592D548C	82072	9	Saprotroph-Symbiotroph	Endophyte-Undefined Saprotroph-Wood Saprotroph	Possible	Microfungus	NULL	Saprobic, usually on wood and bark immersed in fresh water. Some species may be root endophytes (Cannon & Kirk 2007)	Cannon PF, Kirk PM. 2007. Fungal Families of the World. CAB International, Cambridge (ISBN: 978-0851998275)	Vibrissea_flavovirens
ASV1009	Fungi	Basidiomycota	Agaricomycetes	Polyporales	Meripilaceae	Physisporinus	Physisporinus_vitreus	Physisporinus_vitreus	sSH1257021.09FU	0.9999915	Meripilaceae	1CB1CD64-36B9-11D5-9548-00D0592D548C	80007	9	Pathotroph-Saprotroph	Plant Pathogen-Undefined Saprotroph	Probable	Polyporoid	NULL	Saprobic or parasitic on hardwood trees, often growing from buried roots and causing white rot (Cannon & Kirk 2007)	Cannon PF, Kirk PM. 2007. Fungal Families of the World. CAB International, Cambridge (ISBN: 978-0851998275)	Physisporinus_vitreus
ASV1010	Fungi	Ascomycota	Eurotiomycetes	Phaeomoniellales	NA	NA	NA	Phaeomoniellales	sSH1057917.09FU	0.9996989	NA	NA	NA	NA	NA	NA	NA	NA	NA	NA	NA	Phaeomoniellales
ASV1011	Fungi	Ascomycota	Eurotiomycetes	Chaetothyriales	Herpotrichiellaceae	Cladophialophora	NA	Cladophialophora	sSH1069940.09FU	0.9091978	Herpotrichiellaceae	1CB1CD37-36B9-11D5-9548-00D0592D548C	80856	9	Pathotroph-Saprotroph	Animal Pathogen-Fungal Parasite-Undefined Saprotroph	Probable	Facultative Yeast-Microfungus	NULL	Mostly saprobic on plants or other fungi, isolated from soil etc., and from medical sources (Cannon & Kirk 2007)	Cannon PF, Kirk PM. 2007. Fungal Families of the World. CAB International, Cambridge (ISBN: 978-0851998275)	Cladophialophora
ASV1012	Fungi	Ascomycota	Eurotiomycetes	Chaetothyriales	NA	Anthracina	Anthracina_ramosa	Anthracina_ramosa	sSH1088790.09FU	0.9996765	NA	NA	NA	NA	NA	NA	NA	NA	NA	NA	NA	Anthracina_ramosa
ASV1013	Fungi	Basidiomycota	Microbotryomycetes	Sporidiobolales	Sporidiobolaceae	Rhodotorula	Rhodotorula_paludigena	Rhodotorula_paludigena	NA	0.9999941	Sporidiobolaceae	20AD224D-9EFF-4C1C-8214-59BA76CCCDF3	82101	9	Pathotroph-Saprotroph	Animal Pathogen-Undefined Saprotroph	Probable	Microfungus	NULL	Saprobic, found in a wide range of habitats and especially in aquatic systems. Some of the red yeasts in this family are widely encountered spoilage organisms and opportunistic human pathogens (Cannon & Kirk 2007)	Cannon PF, Kirk PM. 2007. Fungal Families of the World. CAB International, Cambridge (ISBN: 978-0851998275)	Rhodotorula_paludigena
ASV1014	Fungi	Ascomycota	NA	NA	NA	NA	NA	Ascomycota	NA	0.9998751	NA	NA	NA	NA	NA	NA	NA	NA	NA	NA	NA	Ascomycota
ASV1015	Fungi	Basidiomycota	Agaricomycetes	Hymenochaetales	Tubulicrinaceae	Tubulicrinis	Tubulicrinis_calothrix	Tubulicrinis_calothrix	sSH0891985.09FU	1.0000000	Tubulicrinis	1CB1A87B-36B9-11D5-9548-00D0592D548C	18693	13	Saprotroph	Undefined Saprotroph-|Wood Saprotroph|	Probable	Corticioid	White Rot	As white_rot (Põlme et al. 2020); Decay wood (Põlme et al. 2020)	Tedersoo L, et al. 2014. Science 346:e1256688 ((https://doi.org/10.1126/science.1256688)); Põlme S, et al. 2020. Fungal Diversity 105:1-16 ((https://doi.org/10.1007/s13225-020-00466-2))	Tubulicrinis_calothrix
ASV1016	Fungi	Basidiomycota	Wallemiomycetes	Wallemiales	Wallemiaceae	Wallemia	Wallemia_sebi	Wallemia_sebi	sSH0958501.09FU	0.9819196	Wallemia	1AFF3730-16EA-11D6-BEBB-00508BCA8DE8	10428	13	Saprotroph	|Undefined Saprotroph|	Probable	Microfungus	NULL	Decay sugar-rich substrates (Põlme et al. 2020)	Tedersoo L, et al. 2014. Science 346:e1256688 ((https://doi.org/10.1126/science.1256688)); Põlme S, et al. 2020. Fungal Diversity 105:1-16 ((https://doi.org/10.1007/s13225-020-00466-2))	Wallemia_sebi
ASV1017	Fungi	Ascomycota	Orbiliomycetes	Orbiliales	Orbiliaceae	NA	NA	Orbiliaceae	NA	0.9999882	Orbiliaceae	1CB19716-36B9-11D5-9548-00D0592D548C	81091	9	Saprotroph	Wood Saprotroph	Probable	Microfungus	NULL	Saprobic, found especially on wood in both wet and dry habitats. Many species are nematophagous, forming adhesive knobs, nets or ring-like traps in the presence of a food source; perhaps a strategy for life in low-nitrogen environments. There have been reports of associations with algae for a few species, but an established lichen association appears not to exist (Cannon & Kirk 2007)	Cannon PF, Kirk PM. 2007. Fungal Families of the World. CAB International, Cambridge (ISBN: 978-0851998275)	Orbiliaceae
ASV1018	Fungi	Ascomycota	Leotiomycetes	Helotiales	NA	NA	NA	Helotiales	NA	1.0000000	NA	NA	NA	NA	NA	NA	NA	NA	NA	NA	NA	Helotiales
ASV1019	Fungi	Ascomycota	Dothideomycetes	Capnodiales	Paradevriesiaceae	Paradevriesia	Paradevriesia_americana	Paradevriesia_americana	sSH0993996.09FU	0.9999998	NA	NA	NA	NA	NA	NA	NA	NA	NA	NA	NA	Paradevriesia_americana
ASV1020	Fungi	Ascomycota	Dothideomycetes	Mycosphaerellales	Teratosphaeriaceae	Xenoteratosphaeria	NA	Xenoteratosphaeria	sSH1000036.09FU	0.7239922	Teratosphaeriaceae	87A3FDCC-E75C-4F2E-B987-C7579847CE32	504465	9	Pathotroph-Saprotroph	Animal Pathogen-Plant Pathogen-Undefined Saprotroph	Probable	NULL	NULL	Includes numerous saprobic, extremophilic, human opportunistic, and plant pathogenic fungi (Quaedvlieg et al. 2014)	Quaedvlieg W, et al. 2014. Persoonia 3:31-40 ((https://doi.org/10.3767/003158514X681981))	Xenoteratosphaeria
ASV1021	Fungi	Ascomycota	NA	NA	NA	NA	NA	Ascomycota	NA	0.7621099	NA	NA	NA	NA	NA	NA	NA	NA	NA	NA	NA	Ascomycota
ASV1022	Fungi	Ascomycota	Dothideomycetes	Pleosporales	Phaeosphaeriaceae	Wojnowiciella	NA	Wojnowiciella	sSH1092070.09FU	0.8893523	Phaeosphaeriaceae	1CB1CD8E-36B9-11D5-9548-00D0592D548C	81637	9	Pathotroph-Saprotroph	Fungal Parasite-Plant Pathogen-Plant Saprotroph	Probable	Microfungus	NULL	Necrotrophic or saprobic on a wide range of plants, especially monocotyledons; a few species parasitic on other fungi (Cannon & Kirk 2007)	Cannon PF, Kirk PM. 2007. Fungal Families of the World. CAB International, Cambridge (ISBN: 978-0851998275)	Wojnowiciella
ASV1023	Fungi	Ascomycota	Leotiomycetes	Helotiales	NA	NA	NA	Helotiales	sSH0963023.09FU	0.8687872	NA	NA	NA	NA	NA	NA	NA	NA	NA	NA	NA	Helotiales
ASV1024	Fungi	Ascomycota	Eurotiomycetes	Chaetothyriales	Cyphellophoraceae	Cyphellophora	Cyphellophora_livistonae	Cyphellophora_livistonae	sSH1205942.09FU	0.7712737	Cyphellophoraceae	E47C91B2-59D9-4C3C-AC54-9038AE2E4FE1	803682	9	Pathotroph-Saprotroph	Animal Pathogen-Undefined Saprotroph	Probable	Facultative Yeast-Microfungus	NULL	Consult the current literature for updated names on this group that included the Black Yeasts; Some species are likely opportunistic human pathogen (Irinyi et al. 2015)	Tedersoo L, et al. 2014. Science 346:e1256688 ((https://doi.org/10.1126/science.1256688)); Irinyi L, et al. 2015. Medical Mycology 53:313-337 ((https://doi.org/10.1093/mmy/myv008))	Cyphellophora_livistonae
ASV1025	Fungi	NA	NA	NA	NA	NA	NA	NA	NA	0.8265862	NA	NA	NA	NA	NA	NA	NA	NA	NA	NA	NA	NA
ASV1026	Fungi	Basidiomycota	Agaricomycetes	Polyporales	Meruliaceae	Mycoacia	NA	Mycoacia	sSH1182795.09FU	0.9999978	Meruliaceae	9E12B0B5-1D82-4978-AF3D-6EC22C257619	89005	9	Pathotroph-Saprotroph	Plant Pathogen-Undefined Saprotroph	Probable	Corticioid-Polyporoid	NULL	Saprobic or parasitic on woody plants, causing a white rot (Cannon & Kirk 2007)	Cannon PF, Kirk PM. 2007. Fungal Families of the World. CAB International, Cambridge (ISBN: 978-0851998275)	Mycoacia
ASV1027	Fungi	Basidiomycota	Agaricomycetes	Polyporales	Polyporaceae	Fomes	Fomes_fasciatus	Fomes_fasciatus	sSH1312611.09FU	0.9998077	Polyporaceae	1CB19B17-36B9-11D5-9548-00D0592D548C	81203	9	Saprotroph	Wood Saprotroph	Probable	Polyporoid	Brown Rot-White Rot	Lignicolous, causing brown or white rot, mostly of broadleaved trees (Cannon & Kirk 2007)	Cannon PF, Kirk PM. 2007. Fungal Families of the World. CAB International, Cambridge (ISBN: 978-0851998275)	Fomes_fasciatus
ASV1028	Fungi	Ascomycota	Leotiomycetes	Helotiales	NA	Cystodendron	NA	Cystodendron	sSH1241019.09FU	0.9452974	Cystodendron	33C663AA-4F4C-4390-A795-E59C1D666EF8	7893	13	Pathotroph	|Plant Pathogen|	Probable	Microfungus	NULL	NULL	Tedersoo L, et al. 2014. Science 346:e1256688 ((https://doi.org/10.1126/science.1256688)); Põlme S, et al. 2020. Fungal Diversity 105:1-16 ((https://doi.org/10.1007/s13225-020-00466-2))	Cystodendron
ASV1029	Fungi	NA	NA	NA	NA	NA	NA	NA	NA	0.7009031	NA	NA	NA	NA	NA	NA	NA	NA	NA	NA	NA	NA
ASV1030	Fungi	Ascomycota	Dothideomycetes	Pleosporales	Delitschiaceae	NA	NA	Delitschiaceae	sSH1238227.09FU	0.9809791	NA	NA	NA	NA	NA	NA	NA	NA	NA	NA	NA	Delitschiaceae
ASV1031	Fungi	Basidiomycota	Dacrymycetes	Dacrymycetales	Dacrymycetaceae	Calocera	NA	Calocera	sSH0995593.09FU	0.9894212	Dacrymycetaceae	1CB1CD05-36B9-11D5-9548-00D0592D548C	81853	9	Saprotroph	Wood Saprotroph	Probable	Tremelloid	NULL	Saprobic on rotten coniderous or broadleaved wood and bark (Cannon & Kirk 2007)	Cannon PF, Kirk PM. 2007. Fungal Families of the World. CAB International, Cambridge (ISBN: 978-0851998275)	Calocera
ASV1032	Fungi	Ascomycota	Dothideomycetes	Venturiales	Venturiaceae	Venturia	NA	Venturia	NA	1.0000000	Venturiaceae	1CB1CDFC-36B9-11D5-9548-00D0592D548C	81516	9	Pathotroph-Saprotroph-Symbiotroph	Endophyte-Plant Pathogen-Undefined Saprotroph	Probable	Microfungus	NULL	Mostly endophytes and weak parasites of aerial plant parts, including bark and wood, leaf and fruit tissue; rarely biotrophic. Little is known except for the important pathogens (Cannon & Kirk 2007)	Cannon PF, Kirk PM. 2007. Fungal Families of the World. CAB International, Cambridge (ISBN: 978-0851998275)	Venturia
ASV1033	Fungi	Ascomycota	NA	NA	NA	NA	NA	Ascomycota	sSH1205810.09FU	1.0000000	NA	NA	NA	NA	NA	NA	NA	NA	NA	NA	NA	Ascomycota
ASV1034	Fungi	Basidiomycota	Exobasidiomycetes	Microstromatales	NA	Pseudomicrostroma	Pseudomicrostroma_glucosiphilum	Pseudomicrostroma_glucosiphilum	sSH1264924.09FU	0.9761799	Pseudomicrostroma	D3490073-D0A5-43F9-8D8F-6611E329FCEE	812674	13	Pathotroph-Symbiotroph	Epiphyte-|Plant Pathogen|	Probable	Dimorphic	NULL	Host - Juglandaceae (Põlme et al. 2020)	Põlme S, et al. 2020. Fungal Diversity 105:1-16 ((https://doi.org/10.1007/s13225-020-00466-2))	Pseudomicrostroma_glucosiphilum
ASV1035	Fungi	Ascomycota	Sordariomycetes	Coniochaetales	Coniochaetaceae	Coniochaeta	Coniochaeta_gigantospora	Coniochaeta_gigantospora	sSH0905787.09FU	0.8688390	Coniochaetaceae	1CB1CCF3-36B9-11D5-9548-00D0592D548C	80629	9	Pathotroph-Saprotroph-Symbiotroph	Animal Pathogen-Dung Saprotroph-Endophyte-Lichen Parasite-Plant Pathogen-Undefined Saprotroph	Possible	Microfungus	NULL	Saprobic on wood and bark (especially in dry habitats), coprophilous or isolated from soil and similar substrata (Cannon & Kirk 2007)	Cannon PF, Kirk PM. 2007. Fungal Families of the World. CAB International, Cambridge (ISBN: 978-0851998275); Damm U, et al. 2010. Persoonia 24:60-80 ((http://doi.org/10.3767/003158510X500705)); Irinyi L, et al. 2015. Medical Mycology 53:313-337 ((https://doi.org/10.1093/mmy/myv008)); Lawrey JD, Diederich P. 2016. http://www.lichenicolous.net (accessed 24 May 2017) ((http://www.lichenicolous.net))	Coniochaeta_gigantospora
ASV1036	Fungi	Ascomycota	Leotiomycetes	Rhytismatales	Rhytismataceae	Lophodermium	NA	Lophodermium	sSH0997375.09FU	0.9836535	Rhytismataceae	1CB1CDBD-36B9-11D5-9548-00D0592D548C	81352	9	Pathotroph-Saprotroph-Symbiotroph	Endophyte-Leaf Saprotroph-Plant Pathogen	Probable	Microfungus	NULL	Biotrophic, necrotrophic or saprobic on leaves and bark, often initially as endophytes, causing tar spots, premature leaf fall and occasionally witches broom symptoms (Cannon & Kirk 2007)	Cannon PF, Kirk PM. 2007. Fungal Families of the World. CAB International, Cambridge (ISBN: 978-0851998275)	Lophodermium
ASV1037	Fungi	Ascomycota	Pezizomycetes	Pezizales	Sarcoscyphaceae	NA	NA	Sarcoscyphaceae	sSH0983121.09FU	1.0000000	NA	NA	NA	NA	NA	NA	NA	NA	NA	NA	NA	Sarcoscyphaceae
ASV1038	Fungi	Basidiomycota	Agaricomycetes	Hymenochaetales	Rickenellaceae	Peniophorella	Peniophorella_pubera	Peniophorella_pubera	sSH1124822.09FU	0.9999999	Peniophorella	0CB5C5A6-62A5-4579-B5A2-76797F4EBA35	18202	13	Saprotroph	Undefined Saprotroph-|Wood Saprotroph|	Probable	Corticioid	White Rot	As white_rot (Põlme et al. 2020); Decay wood (Põlme et al. 2020)	Tedersoo L, et al. 2014. Science 346:e1256688 ((https://doi.org/10.1126/science.1256688)); Põlme S, et al. 2020. Fungal Diversity 105:1-16 ((https://doi.org/10.1007/s13225-020-00466-2))	Peniophorella_pubera
ASV1039	Fungi	Ascomycota	Sordariomycetes	Xylariales	Bartaliniaceae	Bartalinia	NA	Bartalinia	NA	0.8634824	Bartaliniaceae	FFAD63AC-F775-4DD6-9713-F1E7A3B980F7	551183	9	Saprotroph-Symbiotroph	Endophyte-Soil Saprotroph	Probable	Microfungus	NULL	NULL	Roux C, van Warmelo KT. 1990. Mycological Research 94:109-116 ((https://doi.org/10.1016/S0953-7562(09)81270-7)); Tedersoo L, et al. 2014. Science 346:e1256688 ((https://doi.org/10.1126/science.1256688)); Massimo NC, et al. 2015. Microbial Ecology 70:61-76 ((https://doi.org/10.1007/s00248-014-0563-6))	Bartalinia
ASV1040	Fungi	Basidiomycota	Agaricomycetes	Agaricales	Omphalotaceae	Gymnopus	NA	Gymnopus	NA	0.9999967	Omphalotaceae	78880629-B2DA-4EE9-B0E8-1DF58A0F98B9	81085	9	Saprotroph	Wood Saprotroph	Probable	Agaricoid	White Rot	Saprobic, causing white rots of dead wood (Cannon & Kirk 2007)	Cannon PF, Kirk PM. 2007. Fungal Families of the World. CAB International, Cambridge (ISBN: 978-0851998275)	Gymnopus
ASV1041	Fungi	Basidiomycota	Agaricomycetes	Auriculariales	NA	NA	NA	Auriculariales	NA	1.0000000	NA	NA	NA	NA	NA	NA	NA	NA	NA	NA	NA	Auriculariales
ASV1042	Fungi	Basidiomycota	Agaricomycetes	NA	Xenasmataceae	Xenasmatella	NA	Xenasmatella	sSH0895808.09FU	0.9986390	Xenasmatella	1CB1CC85-36B9-11D5-9548-00D0592D548C	18756	13	Saprotroph	Undefined Saprotroph-|Wood Saprotroph|	Probable	Corticioid	White Rot	As white_rot (Põlme et al. 2020); Decay wood (Põlme et al. 2020)	Tedersoo L, et al. 2014. Science 346:e1256688 ((https://doi.org/10.1126/science.1256688)); Põlme S, et al. 2020. Fungal Diversity 105:1-16 ((https://doi.org/10.1007/s13225-020-00466-2))	Xenasmatella
ASV1043	Fungi	Ascomycota	Sordariomycetes	Diaporthales	Valsaceae	Cytospora	Cytospora_myrtagena	Cytospora_myrtagena	sSH1198567.09FU	0.9877236	Valsaceae	1CB1CDFB-36B9-11D5-9548-00D0592D548C	81514	9	Pathotroph-Saprotroph-Symbiotroph	Endophyte-Plant Pathogen-Undefined Saprotroph	Probable	Microfungus	NULL	Saprobes, endophytes and weak to virulent parasites of woody plants (Cannon & Kirk 2007)	Cannon PF, Kirk PM. 2007. Fungal Families of the World. CAB International, Cambridge (ISBN: 978-0851998275)	Cytospora_myrtagena
ASV1044	Fungi	Ascomycota	Sordariomycetes	Hypocreales	Nectriaceae	Fusarium	Fusarium_oxysporum	Fusarium_oxysporum	sSH1087535.09FU	0.9622139	Nectriaceae	1CB1CD7A-36B9-11D5-9548-00D0592D548C	81059	9	Pathotroph-Saprotroph-Symbiotroph	Animal Pathogen-Endophyte-Fungal Parasite-Lichen Parasite-Plant Pathogen-Wood Saprotroph	Possible	Microfungus	NULL	Fusarium species are amongst the economically significant plant pathogens (Cannon & Kirk 2007)	Cannon PF, Kirk PM. 2007. Fungal Families of the World. CAB International, Cambridge (ISBN: 978-0851998275); Hirooka Y, et al. 2012. Studies in Mycology 711-210 ((https://doi.org/10.3114/sim0001)); Tedersoo L, et al. 2014. Science 346:e1256688 ((https://doi.org/10.1126/science.1256688)); The American Phytopathological Society Common Names of Plant Diseases ((http://www.apsnet.org/publications/commonnames/Pages/default.aspx)); https://www.cdc.gov ((https://www.cdc.gov))	Fusarium_oxysporum
ASV1045	Fungi	Ascomycota	Dothideomycetes	Tubeufiales	Tubeufiaceae	Helicoma	NA	Helicoma	sSH1306088.09FU	0.9773858	Tubeufiaceae	1CB1CDF3-36B9-11D5-9548-00D0592D548C	81599	9	Pathotroph-Saprotroph	Animal Pathogen-Undefined Saprotroph	Probable	NULL	NULL	Biotrophic or saprobic, especially on scale insects or other fungi. The anamorphic forms are fequently aero-aquatic (Cannon & Kirk 2007)	Cannon PF, Kirk PM. 2007. Fungal Families of the World. CAB International, Cambridge (ISBN: 978-0851998275)	Helicoma
ASV1046	Fungi	Basidiomycota	NA	NA	NA	NA	NA	Basidiomycota	sSH0961949.09FU	0.9999641	NA	NA	NA	NA	NA	NA	NA	NA	NA	NA	NA	Basidiomycota
ASV1047	Fungi	Basidiomycota	Agaricomycetes	Russulales	Auriscalpiaceae	Artomyces	Artomyces_pyxidatus	Artomyces_pyxidatus	NA	0.9999998	Auriscalpiaceae	1CB1CCC4-36B9-11D5-9548-00D0592D548C	80506	9	Pathotroph-Saprotroph	Plant Pathogen-Wood Saprotroph	Probable	Hydnoid	White Rot	Saprobic or parasitic, on wood of gymnosperms and angiosperms, producing white rots (Cannon & Kirk 2007)	Cannon PF, Kirk PM. 2007. Fungal Families of the World. CAB International, Cambridge (ISBN: 978-0851998275)	Artomyces_pyxidatus
ASV1048	Fungi	Ascomycota	Sordariomycetes	Xylariales	Castanediellaceae	Castanediella	NA	Castanediella	sSH1095031.09FU	0.9691248	Castanediella	772A84A0-A6BC-4190-8943-1D09465BC50D	811878	13	Pathotroph	|Plant Pathogen|	Probable	Micofungus-Microfungus	NULL	NULL	Crous PW, et al. 2015. Persoonia 34:167-266 ((https://doi.org/10.3767/003158515X688433)); Põlme S, et al. 2020. Fungal Diversity 105:1-16 ((https://doi.org/10.1007/s13225-020-00466-2))	Castanediella
ASV1049	Fungi	Basidiomycota	Agaricomycetes	Polyporales	Meruliaceae	NA	NA	Meruliaceae	sSH1255417.09FU	1.0000000	Meruliaceae	9E12B0B5-1D82-4978-AF3D-6EC22C257619	89005	9	Pathotroph-Saprotroph	Plant Pathogen-Undefined Saprotroph	Probable	Corticioid-Polyporoid	NULL	Saprobic or parasitic on woody plants, causing a white rot (Cannon & Kirk 2007)	Cannon PF, Kirk PM. 2007. Fungal Families of the World. CAB International, Cambridge (ISBN: 978-0851998275)	Meruliaceae
ASV1050	Fungi	Ascomycota	Dothideomycetes	Mycosphaerellales	Mycosphaerellaceae	Ramularia	NA	Ramularia	sSH0995233.09FU	0.9960510	Mycosphaerellaceae	1CB1CD75-36B9-11D5-9548-00D0592D548C	81043	9	Pathotroph-Saprotroph	Plant Pathogen-Undefined Saprotroph	Probable	Microfungus	NULL	Biotrophic, necrotrophic or saprobic on various plant tissues (Cannon & Kirk 2007)	Cannon PF, Kirk PM. 2007. Fungal Families of the World. CAB International, Cambridge (ISBN: 978-0851998275)	Ramularia
ASV1051	Fungi	Ascomycota	Sordariomycetes	Hypocreales	Cylindriaceae	Cylindrium	NA	Cylindrium	NA	0.9150322	Hypocreales	1CB18E60-36B9-11D5-9548-00D0592D548C	90477	7	Saprotroph	Undefined Saprotroph	Possible	Microfungus	NULL	NULL	Sterkenburg E, et al. 2015. New Phytologist 207:1145-1158 ((https://doi.org/10.1111/nph.13426))	Cylindrium
ASV1052	Fungi	Basidiomycota	Agaricomycetes	Polyporales	Irpicaceae	Flavodon	NA	Flavodon	sSH1217027.09FU	0.8407971	Flavodon	1CB1C73B-36B9-11D5-9548-00D0592D548C	17604	13	Saprotroph	Undefined Saprotroph-|Wood Saprotroph|	Probable	Corticioid	White Rot	As white_rot (Põlme et al. 2020); Decay wood (Põlme et al. 2020)	Tedersoo L, et al. 2014. Science 346:e1256688 ((https://doi.org/10.1126/science.1256688)); Põlme S, et al. 2020. Fungal Diversity 105:1-16 ((https://doi.org/10.1007/s13225-020-00466-2))	Flavodon
ASV1053	Fungi	Basidiomycota	Agaricomycetes	Cantharellales	Botryobasidiaceae	Botryobasidium	NA	Botryobasidium	sSH0958248.09FU	0.9999999	Botryobasidiaceae	1CB1CCD1-36B9-11D5-9548-00D0592D548C	81744	9	Saprotroph	Undefined Saprotroph-Wood Saprotroph	Probable	Corticioid	NULL	Saprobic, typically on rotten wood (Cannon & Kirk 2007)	Cannon PF, Kirk PM. 2007. Fungal Families of the World. CAB International, Cambridge (ISBN: 978-0851998275)	Botryobasidium
ASV1054	Fungi	Ascomycota	Leotiomycetes	Helotiales	NA	NA	NA	Helotiales	NA	1.0000000	NA	NA	NA	NA	NA	NA	NA	NA	NA	NA	NA	Helotiales
ASV1055	Fungi	Ascomycota	Sordariomycetes	Amphisphaeriales	Pestalotiopsidaceae	Pestalotiopsis	NA	Pestalotiopsis	NA	0.9871065	Pestalotiopsis	1CB196D2-36B9-11D5-9548-00D0592D548C	9272	13	Pathotroph	|Plant Pathogen|	Probable	Microfungus	NULL	NULL	Tedersoo L, et al. 2014. Science 346:e1256688 ((https://doi.org/10.1126/science.1256688)); Põlme S, et al. 2020. Fungal Diversity 105:1-16 ((https://doi.org/10.1007/s13225-020-00466-2))	Pestalotiopsis
ASV1056	Fungi	NA	NA	NA	NA	NA	NA	NA	sSH1164887.09FU	0.9997088	NA	NA	NA	NA	NA	NA	NA	NA	NA	NA	NA	NA
ASV1057	Fungi	NA	NA	NA	NA	NA	NA	NA	NA	0.8769547	NA	NA	NA	NA	NA	NA	NA	NA	NA	NA	NA	NA
ASV1058	Fungi	Ascomycota	Sordariomycetes	Hypocreales	NA	NA	NA	Hypocreales	NA	0.9605963	Hypocreales	1CB18E60-36B9-11D5-9548-00D0592D548C	90477	7	Saprotroph	Undefined Saprotroph	Possible	Microfungus	NULL	NULL	Sterkenburg E, et al. 2015. New Phytologist 207:1145-1158 ((https://doi.org/10.1111/nph.13426))	Hypocreales
ASV1059	Fungi	Ascomycota	Eurotiomycetes	Eurotiales	Aspergillaceae	Penicillium	NA	Penicillium	NA	0.9580018	Eurotiales	1CB1CE25-36B9-11D5-9548-00D0592D548C	90472	7	Saprotroph	Undefined Saprotroph	Possible	Microfungus	NULL	NULL	Sterkenburg E, et al. 2015. New Phytologist 207:1145-1158 ((https://doi.org/10.1111/nph.13426))	Penicillium
ASV1060	Fungi	Basidiomycota	Tremellomycetes	Tremellales	NA	NA	NA	Tremellales	sSH0994193.09FU	0.9681089	Tremellales	1CB1CE64-36B9-11D5-9548-00D0592D548C	90451	7	Pathotroph-Saprotroph-Symbiotroph	Fungal Parasite-Undefined Saprotroph	Possible	Tremelloid-Yeast	NULL	The order contains both teleomorphic and anamorphic species, most of the latter being yeasts	Sterkenburg E, et al. 2015. New Phytologist 207:1145-1158 ((https://doi.org/10.1111/nph.13426))	Tremellales
ASV1061	Fungi	Ascomycota	Dothideomycetes	NA	NA	NA	NA	Dothideomycetes	sSH1022857.09FU	0.9525231	NA	NA	NA	NA	NA	NA	NA	NA	NA	NA	NA	Dothideomycetes
ASV1062	Fungi	Ascomycota	Dothideomycetes	Pleosporales	Cucurbitariaceae	Neocucurbitaria	Neocucurbitaria_irregularis	Neocucurbitaria_irregularis	sSH0894151.09FU	0.8759047	Cucurbitariaceae	E7FBF69C-E136-452E-91BC-894D30ABD816	816502	9	Pathotroph-Saprotroph	Plant Pathogen-Wood Saprotroph	Probable	Microfungus	NULL	Necrotrophic or saprobic on woody plants (Cannon & Kirk 2007)	Cannon PF, Kirk PM. 2007. Fungal Families of the World. CAB International, Cambridge (ISBN: 978-0851998275); Tedersoo L, et al. 2014. Science 346:e1256688 ((https://doi.org/10.1126/science.1256688))	Neocucurbitaria_irregularis
ASV1063	Fungi	Ascomycota	Dothideomycetes	Pleosporales	NA	Cryptocoryneum	NA	Cryptocoryneum	sSH1081418.09FU	0.9954094	Cryptocoryneum	1CB1C5A5-36B9-11D5-9548-00D0592D548C	7827	13	Saprotroph	|Wood Saprotroph|	Probable	Microfungus	NULL	Decay wood (Põlme et al. 2020)	Põlme S, et al. 2020. Fungal Diversity 105:1-16 ((https://doi.org/10.1007/s13225-020-00466-2))	Cryptocoryneum
ASV1064	Fungi	Basidiomycota	Agaricomycetes	Auriculariales	NA	Oliveonia	NA	Oliveonia	sSH1090418.09FU	0.7475335	Oliveonia	F8197E1C-0484-41C7-9C08-6BDDA1E7782C	18145	13	Saprotroph	Undefined Saprotroph-|Wood Saprotroph|	Probable	Corticioid	NULL	Decay wood (Põlme et al. 2020)	Tedersoo L, et al. 2014. Science 346:e1256688 ((https://doi.org/10.1126/science.1256688)); Põlme S, et al. 2020. Fungal Diversity 105:1-16 ((https://doi.org/10.1007/s13225-020-00466-2))	Oliveonia
ASV1065	Fungi	Basidiomycota	Pucciniomycetes	Pucciniales	Pucciniaceae	Puccinia	Puccinia_coronata	Puccinia_coronata	sSH1173196.09FU	0.7611286	Pucciniaceae	1CB1CDB1-36B9-11D5-9548-00D0592D548C	81311	9	Pathotroph	Plant Pathogen	Probable	Rust	NULL	Biotrophic, heteroecious or autoecious, associated with leaf and stem tissue of a very wide range of plants (Cannon & Kirk 2007)	Cannon PF, Kirk PM. 2007. Fungal Families of the World. CAB International, Cambridge (ISBN: 978-0851998275)	Puccinia_coronata
ASV1066	Fungi	Basidiomycota	Pucciniomycetes	Pucciniales	Cronartiaceae	NA	NA	Cronartiaceae	NA	0.9946687	Cronartiaceae	1CB1CCFF-36B9-11D5-9548-00D0592D548C	80659	9	Pathotroph	Plant Pathogen	Probable	Microfungus	NULL	Common Name - Blister Rust, Rust Fungus; Most species are heteroecious, with the aecial stages forming on stems and cones of Pinus species and uredinia and telia on a range of dicotyledonous plants (Cannon & Kirk 2007)	Cannon PF, Kirk PM. 2007. Fungal Families of the World. CAB International, Cambridge (ISBN: 978-0851998275)	Cronartiaceae
ASV1067	Fungi	Basidiomycota	Agaricostilbomycetes	Agaricostilbales	Agaricostilbaceae	Pseudobensingtonia	NA	Pseudobensingtonia	sSH1158354.09FU	0.9968646	Agaricostilbaceae	1CB1CCAC-36B9-11D5-9548-00D0592D548C	82058	9	Saprotroph	Undefined Saprotroph	Possible	NULL	NULL	Probably saprobic, usually associated with dead palm tissues (Cannon & Kirk 2007)	Cannon PF, Kirk PM. 2007. Fungal Families of the World. CAB International, Cambridge (ISBN: 978-0851998275)	Pseudobensingtonia
ASV1068	Fungi	Basidiomycota	Agaricomycetes	Cantharellales	Hydnaceae	Sistotrema	NA	Sistotrema	NA	0.9530111	Sistotrema	1CB1CB70-36B9-11D5-9548-00D0592D548C	18551	13	Saprotroph-Symbiotroph	Ectomycorrhizal-|Plant Saprotroph|-Wood Saprotroph	Possible	Corticioid	White Rot	As litter_saprotroph (Põlme et al. 2020); Decay leaf, fruit, seed (Põlme et al. 2020)	Gilbertson RL, Ryvarden L. 1987-1987. North American Polypores. Fungiflora, Oslo (ISBN: 978-0945345060); Rinaldi AC, et al. 2008. Fungal Diversity 33:1-45 ((http://www.fungaldiversity.org/fdp/sfdp/33-1.pdf)) (as ECM/not ECM); Tedersoo L, et al. 2010. Mycorrhiza 20:217-263 ((https://doi.org/10.1007/s00572-009-0274-x)) (pro parte); Põlme S, et al. 2020. Fungal Diversity 105:1-16 ((https://doi.org/10.1007/s13225-020-00466-2)); http://mycorrhizas.info/ecmf.html ((http://mycorrhizas.info/ecmf.html)) (as ECM/not ECM).	Sistotrema
ASV1069	Fungi	Basidiomycota	Agaricomycetes	Agaricales	Tricholomataceae	Tricholomopsis	Tricholomopsis_rutilans	Tricholomopsis_rutilans	NA	0.8942582	Tricholomataceae	008764C7-3F16-4577-B343-C50EF7B78211	81487	9	Pathotroph-Symbiotroph	Ectomycorrhizal-Fungal Parasite	Probable	Agaricoid	NULL	Tricholoma species are ectomycorrhizal, occurring in coniferous and broadleaved forests (Cannon & Kirk 2007); T. sclerotoideum is parasitic on Helvella spp.	Cannon PF, Kirk PM. 2007. Fungal Families of the World. CAB International, Cambridge (ISBN: 978-0851998275)	Tricholomopsis_rutilans
ASV1070	Fungi	Ascomycota	Dothideomycetes	Pleosporales	Torulaceae	Torula	NA	Torula	NA	0.9984078	Torula	1CB1A797-36B9-11D5-9548-00D0592D548C	10248	13	Saprotroph-Symbiotroph	|Endophyte|-Plant Saprotroph-Wood Saprotroph	Probable	Facultative Yeast-Microfungus	Soft Rot	As foliar_endophyte (Põlme et al. 2020); Decay wood, leaf, fruit, seed (Põlme et al. 2020); Yeast can be propagated for long periods in wood sugar solutions (Fink & Lechner 1936)	Fink H, Lechner R. 1936. Biochemische Zeitschrift 286:83-90 ((https://archive.org/details/sim_biochemische-zeitschrift-beitraege-zur-chemischen_1936_286)); Crous PW, et al. 2015. IMA Fungus 6: 163-198 ((https://doi.org/10.5598/imafungus.2015.06.01.11)); Põlme S, et al. 2020. Fungal Diversity 105:1-16 ((https://doi.org/10.1007/s13225-020-00466-2))	Torula
ASV1071	Fungi	Basidiomycota	Agaricomycetes	Agaricales	Entolomataceae	Entoloma	NA	Entoloma	sSH1048528.09FU	1.0000000	Entolomataceae	1CB1895F-36B9-11D5-9548-00D0592D548C	81675	9	Pathotroph-Saprotroph-Symbiotroph	Ectomycorrhizal-Fungal Parasite-Soil Saprotroph-Undefined Saprotroph	Possible	Agaricoid	NULL	Saprobic or ectomycorrhizal, in both broadleaved and coniferous forests; a few species associated with other substrata such as dung and mosses (Cannon & Kirk 2007)	Cannon PF, Kirk PM. 2007. Fungal Families of the World. CAB International, Cambridge (ISBN: 978-0851998275); List compiled by John Plischke III ((https://goodmushroom.weebly.com/uploads/5/7/1/7/57176535/fungi_on_fungi_pdf_lq.pdf))	Entoloma
ASV1072	Fungi	NA	NA	NA	NA	NA	NA	NA	NA	0.7096343	NA	NA	NA	NA	NA	NA	NA	NA	NA	NA	NA	NA
ASV1073	Fungi	Ascomycota	Leotiomycetes	Helotiales	Hyaloscyphaceae	Lachnum	NA	Lachnum	NA	0.8877544	Hyaloscyphaceae	1CB18D86-36B9-11D5-9548-00D0592D548C	80871	9	Saprotroph	Plant Saprotroph-Wood Saprotroph	Probable	Microfungus	NULL	Saprobic on woody and herbaceous material (Cannon & Kirk 2007)	Cannon PF, Kirk PM. 2007. Fungal Families of the World. CAB International, Cambridge (ISBN: 978-0851998275)	Lachnum
ASV1074	Fungi	Basidiomycota	Ustilaginomycetes	Ustilaginales	Ustilaginaceae	Farysia	Farysia_itapuensis	Farysia_itapuensis	sSH1069296.09FU	0.9994233	Ustilaginaceae	1CB1CDFA-36B9-11D5-9548-00D0592D548C	81513	9	Pathotroph	Plant Pathogen	Probable	Smut	NULL	Biotrophic in living tissue of Gramineae and Cyperaceae (Cannon & Kirk 2007)	Cannon PF, Kirk PM. 2007. Fungal Families of the World. CAB International, Cambridge (ISBN: 978-0851998275)	Farysia_itapuensis
ASV1075	Fungi	Ascomycota	Orbiliomycetes	Orbiliales	NA	NA	NA	Orbiliales	NA	0.9677449	NA	NA	NA	NA	NA	NA	NA	NA	NA	NA	NA	Orbiliales
ASV1076	Fungi	Ascomycota	Leotiomycetes	Helotiales	NA	NA	NA	Helotiales	NA	0.8188987	NA	NA	NA	NA	NA	NA	NA	NA	NA	NA	NA	Helotiales
ASV1077	Fungi	Ascomycota	Orbiliomycetes	Orbiliales	Orbiliaceae	Orbilia	NA	Orbilia	sSH0902500.09FU	0.9989058	Orbiliaceae	1CB19716-36B9-11D5-9548-00D0592D548C	81091	9	Saprotroph	Wood Saprotroph	Probable	Microfungus	NULL	Saprobic, found especially on wood in both wet and dry habitats. Many species are nematophagous, forming adhesive knobs, nets or ring-like traps in the presence of a food source; perhaps a strategy for life in low-nitrogen environments. There have been reports of associations with algae for a few species, but an established lichen association appears not to exist (Cannon & Kirk 2007)	Cannon PF, Kirk PM. 2007. Fungal Families of the World. CAB International, Cambridge (ISBN: 978-0851998275)	Orbilia
ASV1078	Fungi	Ascomycota	Sordariomycetes	NA	NA	NA	NA	Sordariomycetes	sSH1259355.09FU	0.9971133	NA	NA	NA	NA	NA	NA	NA	NA	NA	NA	NA	Sordariomycetes
ASV1079	Fungi	Ascomycota	Sordariomycetes	Xylariales	Diatrypaceae	Monosporascus	NA	Monosporascus	sSH0921519.09FU	0.7698039	Diatrypaceae	1CB1CD09-36B9-11D5-9548-00D0592D548C	80692	9	Pathotroph-Saprotroph	Plant Pathogen-Plant Saprotroph	Probable	Microfungus	NULL	Saprobes and (usually) weak parasites in wood and bark (Cannon & Kirk 2007)	Cannon PF, Kirk PM. 2007. Fungal Families of the World. CAB International, Cambridge (ISBN: 978-0851998275)	Monosporascus
ASV1080	Fungi	Ascomycota	Dothideomycetes	Acrospermales	Acrospermaceae	Acrospermum	NA	Acrospermum	sSH0996352.09FU	0.7137661	Acrospermaceae	1CB1CCAA-36B9-11D5-9548-00D0592D548C	80430	9	Saprotroph	Stem Saprotroph-Wood Saprotroph	Probable	NULL	NULL	NULL	Cannon PF, Kirk PM. 2007. Fungal Families of the World. CAB International, Cambridge (ISBN: 978-0851998275)	Acrospermum
ASV1081	Fungi	Ascomycota	Orbiliomycetes	Orbiliales	Orbiliaceae	Retiarius	Retiarius_bovicornutus	Retiarius_bovicornutus	sSH1164902.09FU	0.9949117	Orbiliaceae	1CB19716-36B9-11D5-9548-00D0592D548C	81091	9	Saprotroph	Wood Saprotroph	Probable	Microfungus	NULL	Saprobic, found especially on wood in both wet and dry habitats. Many species are nematophagous, forming adhesive knobs, nets or ring-like traps in the presence of a food source; perhaps a strategy for life in low-nitrogen environments. There have been reports of associations with algae for a few species, but an established lichen association appears not to exist (Cannon & Kirk 2007)	Cannon PF, Kirk PM. 2007. Fungal Families of the World. CAB International, Cambridge (ISBN: 978-0851998275)	Retiarius_bovicornutus
ASV1082	Fungi	Ascomycota	Lecanoromycetes	Lecanorales	Pilocarpaceae	Leimonis	Leimonis_erratica	Leimonis_erratica	sSH1203133.09FU	0.9999963	Lecanorales	1CB1CE34-36B9-11D5-9548-00D0592D548C	90480	7	Pathotroph-Symbiotroph	Lichen Parasite-Lichenized	Probable	Microfungus-Thallus	NULL	Lichenized with green algae, occasionally lichenicolous, on rocks, mosses and wood (Cannon & Kirk 2007); ...an order of mostly lichen-forming fungi (Kirk et al. 2008)	Cannon PF, Kirk PM. 2007. Fungal Families of the World. CAB International, Cambridge (ISBN: 978-0851998275); Kirk PM et al. 2008. Dictionary of the Fungi. Tenth Edition. CAB International, Wallingford (ISBN: 978-0851998268); Esslinger TL. 2014. North Dakota State University ((http://www.ndsu.edu/pubweb/~esslinge/chcklst/chcklst7.htm))	Leimonis_erratica
ASV1083	Fungi	Ascomycota	Sordariomycetes	Xylariales	Diatrypaceae	Diatrype	Diatrype_stigma	Diatrype_stigma	sSH0888303.09FU	0.9998399	Diatrypaceae	1CB1CD09-36B9-11D5-9548-00D0592D548C	80692	9	Pathotroph-Saprotroph	Plant Pathogen-Plant Saprotroph	Probable	Microfungus	NULL	Saprobes and (usually) weak parasites in wood and bark (Cannon & Kirk 2007)	Cannon PF, Kirk PM. 2007. Fungal Families of the World. CAB International, Cambridge (ISBN: 978-0851998275)	Diatrype_stigma
ASV1084	Fungi	Ascomycota	NA	NA	NA	NA	NA	Ascomycota	sSH1148262.09FU	0.9973207	NA	NA	NA	NA	NA	NA	NA	NA	NA	NA	NA	Ascomycota
ASV1085	Fungi	Basidiomycota	Agaricomycetes	Cantharellales	Ceratobasidiaceae	NA	NA	Ceratobasidiaceae	sSH1252579.09FU	0.9964380	Ceratobasidiaceae	1CB1CCDC-36B9-11D5-9548-00D0592D548C	80572	9	Pathotroph-Saprotroph-Symbiotroph	Endomycorrhizal-Plant Pathogen-Undefined Saprotroph	Possible	Microfungus	NULL	Best known as plant pathogens, but also saprobic. Species are endomycorrhizal with a wide range of plant roots - especially of Orchidaceae but also even bryophytes (Cannon & Kirk 2007)	Cannon PF, Kirk PM. 2007. Fungal Families of the World. CAB International, Cambridge (ISBN: 978-0851998275)	Ceratobasidiaceae
ASV1086	Fungi	Basidiomycota	Agaricomycetes	NA	NA	NA	NA	Agaricomycetes	NA	0.8336481	NA	NA	NA	NA	NA	NA	NA	NA	NA	NA	NA	Agaricomycetes
ASV1087	Fungi	Basidiomycota	Agaricomycetes	Cantharellales	Botryobasidiaceae	Botryobasidium	NA	Botryobasidium	sSH1137941.09FU	0.9813368	Botryobasidiaceae	1CB1CCD1-36B9-11D5-9548-00D0592D548C	81744	9	Saprotroph	Undefined Saprotroph-Wood Saprotroph	Probable	Corticioid	NULL	Saprobic, typically on rotten wood (Cannon & Kirk 2007)	Cannon PF, Kirk PM. 2007. Fungal Families of the World. CAB International, Cambridge (ISBN: 978-0851998275)	Botryobasidium
ASV1088	Fungi	Basidiomycota	Agaricomycetes	Polyporales	Steccherinaceae	Steccherinum	NA	Steccherinum	sSH0882737.09FU	0.9207764	Steccherinaceae	1CB1CDD9-36B9-11D5-9548-00D0592D548C	81420	9	Saprotroph	Wood Saprotroph	Probable	Corticioid-Polyporoid	White Rot	Growing on dead wood causing white rot, sometimes replacing early colonizers (Cannon & Kirk 2007)	Cannon PF, Kirk PM. 2007. Fungal Families of the World. CAB International, Cambridge (ISBN: 978-0851998275)	Steccherinum
ASV1089	Fungi	Ascomycota	Eurotiomycetes	Chaetothyriales	Cyphellophoraceae	Cyphellophora	NA	Cyphellophora	NA	0.9755672	Cyphellophoraceae	E47C91B2-59D9-4C3C-AC54-9038AE2E4FE1	803682	9	Pathotroph-Saprotroph	Animal Pathogen-Undefined Saprotroph	Probable	Facultative Yeast-Microfungus	NULL	Consult the current literature for updated names on this group that included the Black Yeasts; Some species are likely opportunistic human pathogen (Irinyi et al. 2015)	Tedersoo L, et al. 2014. Science 346:e1256688 ((https://doi.org/10.1126/science.1256688)); Irinyi L, et al. 2015. Medical Mycology 53:313-337 ((https://doi.org/10.1093/mmy/myv008))	Cyphellophora
ASV1090	Fungi	Basidiomycota	Agaricomycetes	Polyporales	NA	NA	NA	Polyporales	sSH0893714.09FU	0.9788810	NA	NA	NA	NA	NA	NA	NA	NA	NA	NA	NA	Polyporales
ASV1091	Fungi	Basidiomycota	Agaricomycetes	Agaricales	Psathyrellaceae	Coprinellus	Coprinellus_radians	Coprinellus_radians	sSH1130939.09FU	0.9037576	Psathyrellaceae	F36155B5-ADC2-4C2C-83F3-2D3778EA9B7F	82127	9	Saprotroph	Dung Saprotroph-Plant Saprotroph-Wood Saprotroph	Probable	Agaricoid	NULL	Saprobic, in grass, on dung, rotten wood and similar substrata (Cannon & Kirk 2007)	Cannon PF, Kirk PM. 2007. Fungal Families of the World. CAB International, Cambridge (ISBN: 978-0851998275)	Coprinellus_radians
ASV1092	Fungi	Basidiomycota	Agaricomycetes	Agaricales	NA	Disporotrichum	Disporotrichum_dimorphosporum	Disporotrichum_dimorphosporum	sSH1118018.09FU	1.0000000	Agaricales	715D162F-5F0E-40C8-A7DC-79D488D3F937	90508	7	Pathotroph-Saprotroph-Symbiotroph	Bryophyte Parasite-Dung Saprotroph-Ectomycorrhizal-Fungal Parasite-Leaf Saprotroph-Plant Parasite-Undefined Saprotroph-Wood Saprotroph	Possible	Agaricoid-Gasteroid-Microfungus-Secotioid-Yeast	NULL	Mushrooms and toadstools, Gill fungi, Agarics... lignicolous, sometimes muscicolous or fungicolous, saprobic, mycorrhizal, rarely parasitic on plants or fungi (Kirk et al. 2008)	Kirk PM et al. 2008. Dictionary of the Fungi. Tenth Edition. CAB International, Wallingford (ISBN: 978-0851998268)	Disporotrichum_dimorphosporum
ASV1093	Fungi	Ascomycota	Sordariomycetes	Xylariales	NA	NA	NA	Xylariales	sSH1288987.09FU	0.9999116	NA	NA	NA	NA	NA	NA	NA	NA	NA	NA	NA	Xylariales
ASV1094	Fungi	Ascomycota	Dothideomycetes	Neodactylariales	Neodactylariaceae	Neodactylaria	Neodactylaria_obpyriformis	Neodactylaria_obpyriformis	sSH1463470.09FU	0.9975536	NA	NA	NA	NA	NA	NA	NA	NA	NA	NA	NA	Neodactylaria_obpyriformis
ASV1095	Fungi	Basidiomycota	Microbotryomycetes	Sporidiobolales	Sporidiobolaceae	Rhodosporidiobolus	Rhodosporidiobolus_colostri	Rhodosporidiobolus_colostri	sSH1008712.09FU	0.8160885	Sporidiobolaceae	20AD224D-9EFF-4C1C-8214-59BA76CCCDF3	82101	9	Pathotroph-Saprotroph	Animal Pathogen-Undefined Saprotroph	Probable	Microfungus	NULL	Saprobic, found in a wide range of habitats and especially in aquatic systems. Some of the red yeasts in this family are widely encountered spoilage organisms and opportunistic human pathogens (Cannon & Kirk 2007)	Cannon PF, Kirk PM. 2007. Fungal Families of the World. CAB International, Cambridge (ISBN: 978-0851998275)	Rhodosporidiobolus_colostri
ASV1096	Fungi	Basidiomycota	Agaricomycetes	Russulales	Peniophoraceae	NA	NA	Peniophoraceae	sSH1304514.09FU	0.7476589	Peniophoraceae	1CB1CD8B-36B9-11D5-9548-00D0592D548C	81123	9	Pathotroph-Saprotroph	Plant Pathogen-Wood Saprotroph	Probable	Corticioid	White Rot	Most species are saprobic, causing rots of standing and fallen wood. Many species are adapted to xeric conditions, being able to grow on rapidly drying dead attached branches (Cannon & Kirk 2007)	Cannon PF, Kirk PM. 2007. Fungal Families of the World. CAB International, Cambridge (ISBN: 978-0851998275)	Peniophoraceae
ASV1097	Fungi	Ascomycota	Sordariomycetes	NA	Junewangiaceae	NA	NA	Junewangiaceae	NA	0.9999929	NA	NA	NA	NA	NA	NA	NA	NA	NA	NA	NA	Junewangiaceae
ASV1098	Fungi	Basidiomycota	Agaricomycetes	Cantharellales	Hydnaceae	Burgoa	NA	Burgoa	sSH1249961.09FU	0.9819082	Burgoa	3D022F63-75EE-4255-A657-0A099AF78896	7457	13	Pathotroph	|Lichen Parasite|	Probable	Microfungus	NULL	Decay fungal material, algal material (Põlme et al. 2020)	Põlme S, et al. 2020. Fungal Diversity 105:1-16 ((https://doi.org/10.1007/s13225-020-00466-2))	Burgoa
ASV1099	Fungi	Ascomycota	Sordariomycetes	Conioscyphales	Conioscyphaceae	Conioscypha	NA	Conioscypha	NA	0.9999905	Conioscypha	19FE0F55-FE27-4567-BEEF-2479768DD78A	7754	13	Saprotroph	|Wood Saprotroph|	Possible	Microfungus	NULL	Decay wood (Põlme et al. 2020)	Charuwan C, et al. 2017. Mycoscience 58:424-431 ((https://doi.org/10.1016/j.myc.2017.06.003)); Põlme S, et al. 2020. Fungal Diversity 105:1-16 ((https://doi.org/10.1007/s13225-020-00466-2))	Conioscypha
ASV1100	Fungi	Basidiomycota	Agaricomycetes	Polyporales	Phanerochaetaceae	Terana	Terana_coerulea	Terana_coerulea	NA	0.9132650	Terana	F4B40FCE-274E-4A3C-93B6-F89ECFF7B9DC	18635	13	Saprotroph	Undefined Saprotroph-|Wood Saprotroph|	Probable	Corticioid	White Rot	As white_rot (Põlme et al. 2020); Decay wood (Põlme et al. 2020)	Tedersoo L, et al. 2014. Science 346:e1256688 ((https://doi.org/10.1126/science.1256688)); Põlme S, et al. 2020. Fungal Diversity 105:1-16 ((https://doi.org/10.1007/s13225-020-00466-2))	Terana_coerulea
ASV1101	Fungi	Ascomycota	Dothideomycetes	Pleosporales	Phaeosphaeriaceae	Leptospora	Leptospora_macarangae	Leptospora_macarangae	sSH0895935.09FU	0.9453321	Phaeosphaeriaceae	1CB1CD8E-36B9-11D5-9548-00D0592D548C	81637	9	Pathotroph-Saprotroph	Fungal Parasite-Plant Pathogen-Plant Saprotroph	Probable	Microfungus	NULL	Necrotrophic or saprobic on a wide range of plants, especially monocotyledons; a few species parasitic on other fungi (Cannon & Kirk 2007)	Cannon PF, Kirk PM. 2007. Fungal Families of the World. CAB International, Cambridge (ISBN: 978-0851998275)	Leptospora_macarangae
ASV1102	Fungi	Basidiomycota	Agaricomycetes	Hymenochaetales	Schizoporaceae	Hyphodontia	Hyphodontia_arguta	Hyphodontia_arguta	sSH0917758.09FU	0.8800484	Schizoporaceae	1CB1CDC9-36B9-11D5-9548-00D0592D548C	80038	9	Saprotroph	Wood Saprotroph	Probable	Corticioid	White Rot	Saprobic, causing white rot of standing and fallen wood of coniferous and broadleaved trees, rarely on herbaceous stems (Cannon & Kirk 2007)	Cannon PF, Kirk PM. 2007. Fungal Families of the World. CAB International, Cambridge (ISBN: 978-0851998275)	Hyphodontia_arguta
ASV1103	Fungi	Ascomycota	Sordariomycetes	Hypocreales	NA	Acremonium	NA	Acremonium	sSH1310864.09FU	0.9784699	Hypocreales	1CB18E60-36B9-11D5-9548-00D0592D548C	90477	7	Saprotroph	Undefined Saprotroph	Possible	Microfungus	NULL	NULL	Sterkenburg E, et al. 2015. New Phytologist 207:1145-1158 ((https://doi.org/10.1111/nph.13426))	Acremonium
ASV1104	Fungi	Basidiomycota	Agaricomycetes	Cantharellales	NA	NA	NA	Cantharellales	NA	0.8759625	NA	NA	NA	NA	NA	NA	NA	NA	NA	NA	NA	Cantharellales
ASV1105	Fungi	Basidiomycota	Agaricomycetes	Russulales	Lachnocladiaceae	Asterostroma	Asterostroma_muscicola	Asterostroma_muscicola	sSH1126985.09FU	0.9999321	Lachnocladiaceae	1CB1CD49-36B9-11D5-9548-00D0592D548C	80924	9	Saprotroph	Wood Saprotroph	Probable	Coraloid-Corticioid	NULL	On decaying coniferous or broadleaved wood, sometimes on herbaceous stems, presumably saprobic (Cannon & Kirk 2007)	Cannon PF, Kirk PM. 2007. Fungal Families of the World. CAB International, Cambridge (ISBN: 978-0851998275)	Asterostroma_muscicola
ASV1106	Fungi	NA	NA	NA	NA	NA	NA	NA	NA	0.8696620	NA	NA	NA	NA	NA	NA	NA	NA	NA	NA	NA	NA
ASV1107	Fungi	Ascomycota	Sordariomycetes	Hypocreales	NA	NA	NA	Hypocreales	NA	0.9755507	Hypocreales	1CB18E60-36B9-11D5-9548-00D0592D548C	90477	7	Saprotroph	Undefined Saprotroph	Possible	Microfungus	NULL	NULL	Sterkenburg E, et al. 2015. New Phytologist 207:1145-1158 ((https://doi.org/10.1111/nph.13426))	Hypocreales
ASV1108	Fungi	Basidiomycota	Agaricomycetes	Hymenochaetales	Schizoporaceae	Xylodon	NA	Xylodon	NA	0.9999999	Schizoporaceae	1CB1CDC9-36B9-11D5-9548-00D0592D548C	80038	9	Saprotroph	Wood Saprotroph	Probable	Corticioid	White Rot	Saprobic, causing white rot of standing and fallen wood of coniferous and broadleaved trees, rarely on herbaceous stems (Cannon & Kirk 2007)	Cannon PF, Kirk PM. 2007. Fungal Families of the World. CAB International, Cambridge (ISBN: 978-0851998275)	Xylodon
ASV1109	Fungi	Ascomycota	Dothideomycetes	Myriangiales	Myriangiaceae	Myriangium	NA	Myriangium	NA	0.9988719	Myriangium	1CB194EA-36B9-11D5-9548-00D0592D548C	3361	13	Pathotroph-Saprotroph	|Animal Parasite|-Animal Pathogen-Undefined Saprotroph	Probable	Microfungus	NULL	As animal_decomposer (Põlme et al. 2020); Decay animal material (Põlme et al. 2020); Host - scale_insects (Põlme et al. 2020)	Tedersoo L, et al. 2014. Science 346:e1256688 ((https://doi.org/10.1126/science.1256688)); Põlme S, et al. 2020. Fungal Diversity 105:1-16 ((https://doi.org/10.1007/s13225-020-00466-2))	Myriangium
ASV1110	Fungi	Ascomycota	Leotiomycetes	Helotiales	NA	NA	NA	Helotiales	sSH1079144.09FU	0.9742208	NA	NA	NA	NA	NA	NA	NA	NA	NA	NA	NA	Helotiales
ASV1111	Fungi	Basidiomycota	Agaricomycetes	Polyporales	NA	NA	NA	Polyporales	NA	0.9999198	NA	NA	NA	NA	NA	NA	NA	NA	NA	NA	NA	Polyporales
ASV1112	Fungi	Ascomycota	Dothideomycetes	NA	NA	NA	NA	Dothideomycetes	sSH0964455.09FU	0.9210184	NA	NA	NA	NA	NA	NA	NA	NA	NA	NA	NA	Dothideomycetes
ASV1113	Fungi	Ascomycota	Dothideomycetes	NA	NA	NA	NA	Dothideomycetes	sSH0993813.09FU	0.7597152	NA	NA	NA	NA	NA	NA	NA	NA	NA	NA	NA	Dothideomycetes
ASV1114	Fungi	Basidiomycota	Agaricomycetes	Hymenochaetales	Rickenellaceae	Peniophorella	NA	Peniophorella	NA	0.9999977	Peniophorella	0CB5C5A6-62A5-4579-B5A2-76797F4EBA35	18202	13	Saprotroph	Undefined Saprotroph-|Wood Saprotroph|	Probable	Corticioid	White Rot	As white_rot (Põlme et al. 2020); Decay wood (Põlme et al. 2020)	Tedersoo L, et al. 2014. Science 346:e1256688 ((https://doi.org/10.1126/science.1256688)); Põlme S, et al. 2020. Fungal Diversity 105:1-16 ((https://doi.org/10.1007/s13225-020-00466-2))	Peniophorella
ASV1115	Fungi	Basidiomycota	Agaricomycetes	Russulales	Peniophoraceae	NA	NA	Peniophoraceae	sSH1068849.09FU	0.9999934	Peniophoraceae	1CB1CD8B-36B9-11D5-9548-00D0592D548C	81123	9	Pathotroph-Saprotroph	Plant Pathogen-Wood Saprotroph	Probable	Corticioid	White Rot	Most species are saprobic, causing rots of standing and fallen wood. Many species are adapted to xeric conditions, being able to grow on rapidly drying dead attached branches (Cannon & Kirk 2007)	Cannon PF, Kirk PM. 2007. Fungal Families of the World. CAB International, Cambridge (ISBN: 978-0851998275)	Peniophoraceae
ASV1116	Fungi	Ascomycota	Dothideomycetes	NA	NA	NA	NA	Dothideomycetes	NA	0.9545016	NA	NA	NA	NA	NA	NA	NA	NA	NA	NA	NA	Dothideomycetes
ASV1117	Fungi	Ascomycota	NA	NA	NA	NA	NA	Ascomycota	sSH1324472.09FU	0.9954929	NA	NA	NA	NA	NA	NA	NA	NA	NA	NA	NA	Ascomycota
ASV1118	Fungi	Ascomycota	Dothideomycetes	NA	NA	NA	NA	Dothideomycetes	NA	0.9999961	NA	NA	NA	NA	NA	NA	NA	NA	NA	NA	NA	Dothideomycetes
ASV1119	Fungi	Ascomycota	Dothideomycetes	Capnodiales	Neodevriesiaceae	NA	NA	Neodevriesiaceae	NA	0.7663586	Neodevriesiaceae	F8168581-D82E-4A75-9190-C7925084B4CA	807766	9	Pathotroph-Saprotroph	Plant Pathogen-Undefined Saprotroph	Probable	NULL	NULL	Members are foliicolous, saprobic or plant pathogenic (Quaedvlieg et al. 2014)	Quaedvlieg W., et al. 2014. Persoonia 3:31-40 ((http://doi.org/10.3767/003158514X681981))	Neodevriesiaceae
ASV1120	Fungi	Ascomycota	Sordariomycetes	Glomerellales	Glomerellaceae	Colletotrichum	Colletotrichum_gloeosporioides	Colletotrichum_gloeosporioides	NA	0.7812690	Glomerellaceae	AB0867BB-F14D-4E04-9D64-56A135F63096	504454	9	Pathotroph-Symbiotroph	Endophyte-Plant Pathogen	Probable	Microfungus	NULL	Species are hemibiotic, with an initial endophytic (symptomless) phase that leads to a necrotic phase were significant damage may be caused to the host (Cannon & Kirk 2007)	Cannon PF, Kirk PM. 2007. Fungal Families of the World. CAB International, Cambridge (ISBN: 978-0851998275)	Colletotrichum_gloeosporioides
ASV1121	Fungi	Ascomycota	Leotiomycetes	Helotiales	Vibrisseaceae	NA	NA	Vibrisseaceae	NA	0.7501137	Vibrisseaceae	1CB1CDFF-36B9-11D5-9548-00D0592D548C	82072	9	Saprotroph-Symbiotroph	Endophyte-Undefined Saprotroph-Wood Saprotroph	Possible	Microfungus	NULL	Saprobic, usually on wood and bark immersed in fresh water. Some species may be root endophytes (Cannon & Kirk 2007)	Cannon PF, Kirk PM. 2007. Fungal Families of the World. CAB International, Cambridge (ISBN: 978-0851998275)	Vibrisseaceae
ASV1122	Fungi	Ascomycota	Eurotiomycetes	Eurotiales	Aspergillaceae	Talaromyces	Talaromyces_aerius	Talaromyces_aerius	sSH2062065.09FU	0.9380397	Eurotiales	1CB1CE25-36B9-11D5-9548-00D0592D548C	90472	7	Saprotroph	Undefined Saprotroph	Possible	Microfungus	NULL	NULL	Sterkenburg E, et al. 2015. New Phytologist 207:1145-1158 ((https://doi.org/10.1111/nph.13426))	Talaromyces_aerius
ASV1123	Fungi	Basidiomycota	Cystobasidiomycetes	Erythrobasidiales	Erythrobasidiaceae	Erythrobasidium	NA	Erythrobasidium	sSH0918862.09FU	0.9387875	Erythrobasidium	10CFACC8-EC30-446D-8655-EE8E62F117D9	11244	13	Pathotroph-Saprotroph	|Fungal Parasite|-Undefined Saprotroph	Possible	Yeast	NULL	As mycoparasite (Põlme et al. 2020); Decay fungal material (Põlme et al. 2020)	Sugiyama J, Hamamoto M. 1998. The Yeasts 4:654-655 ((https://doi.org/10.1016/B978-044481312-1/50086-1)); Põlme S, et al. 2020. Fungal Diversity 105:1-16 ((https://doi.org/10.1007/s13225-020-00466-2))	Erythrobasidium
ASV1124	Fungi	Basidiomycota	Agaricomycetes	Russulales	Stereaceae	NA	NA	Stereaceae	sSH0935501.09FU	0.9999999	Stereaceae	1CB1CDDC-36B9-11D5-9548-00D0592D548C	81424	9	Saprotroph	Undefined Saprotroph-Wood Saprotroph	Probable	Corticioid-Polyporoid	NULL	Lignicolous or terrestrial (in leaf litter); typically saprobic (Cannon & Kirk 2007)	Cannon PF, Kirk PM. 2007. Fungal Families of the World. CAB International, Cambridge (ISBN: 978-0851998275)	Stereaceae
ASV1125	Fungi	Ascomycota	Sordariomycetes	Diaporthales	Diaporthaceae	Diaporthe	NA	Diaporthe	NA	0.9657254	Diaporthaceae	1CB186D0-36B9-11D5-9548-00D0592D548C	80691	9	Pathotroph-Saprotroph-Symbiotroph	Endophyte-Plant Pathogen-Plant Saprotroph	Probable	Microfungus	NULL	Most species are weak pathogens or endophytes in leaf or stem tissue, growing saprobically after the plant dies (Cannon & Kirk 2007)	Cannon PF, Kirk PM. 2007. Fungal Families of the World. CAB International, Cambridge (ISBN: 978-0851998275)	Diaporthe
ASV1126	Fungi	Basidiomycota	Agaricomycetes	Polyporales	Phanerochaetaceae	Bjerkandera	Bjerkandera_adusta	Bjerkandera_adusta	sSH1177901.09FU	0.9512112	Bjerkandera	1CB1C50E-36B9-11D5-9548-00D0592D548C	17160	13	Pathotroph-Saprotroph-Symbiotroph	Endophyte-Plant Pathogen-|Wood Saprotroph|	Highly Probable	Polyporoid	White Rot	As root_endophyte_dark_septate (Põlme et al. 2020); As white_rot (Põlme et al. 2020); As wood_pathogen (Põlme et al. 2020); Decay wood (Põlme et al. 2020)	Gilbertson RL, Ryvarden L. 1987-1987. North American Polypores. Fungiflora, Oslo (ISBN: 978-0945345060); Põlme S, et al. 2020. Fungal Diversity 105:1-16 ((https://doi.org/10.1007/s13225-020-00466-2))	Bjerkandera_adusta
ASV1127	Fungi	Ascomycota	Dothideomycetes	Pleosporales	NA	NA	NA	Pleosporales	sSH1291799.09FU	0.9955288	NA	NA	NA	NA	NA	NA	NA	NA	NA	NA	NA	Pleosporales
ASV1128	Fungi	Basidiomycota	Agaricomycetes	Trechisporales	NA	Sertulicium	Sertulicium_vernale	Sertulicium_vernale	sSH0893872.09FU	0.8071457	NA	NA	NA	NA	NA	NA	NA	NA	NA	NA	NA	Sertulicium_vernale
ASV1129	Fungi	Ascomycota	Dothideomycetes	Capnodiales	Neodevriesiaceae	Neodevriesia	NA	Neodevriesia	NA	0.9998892	Neodevriesiaceae	F8168581-D82E-4A75-9190-C7925084B4CA	807766	9	Pathotroph-Saprotroph	Plant Pathogen-Undefined Saprotroph	Probable	NULL	NULL	Members are foliicolous, saprobic or plant pathogenic (Quaedvlieg et al. 2014)	Quaedvlieg W., et al. 2014. Persoonia 3:31-40 ((http://doi.org/10.3767/003158514X681981))	Neodevriesia
ASV1130	Fungi	Basidiomycota	Agaricomycetes	Russulales	NA	Baltazaria	Baltazaria_galactina	Baltazaria_galactina	sSH1235903.09FU	0.8368467	Baltazaria	94E34520-47D8-4F18-9E11-2019CE2823E4	825233	13	Saprotroph	|Plant Saprotroph|	Probable	Clavarioid	NULL	As litter_saprotroph (Põlme et al. 2020); Decay leaf, fruit, seed (Põlme et al. 2020)	Põlme S, et al. 2020. Fungal Diversity 105:1-16 ((https://doi.org/10.1007/s13225-020-00466-2))	Baltazaria_galactina
ASV1131	Fungi	Ascomycota	Sordariomycetes	Diaporthales	Valsaceae	NA	NA	Valsaceae	sSH1198391.09FU	0.8703469	Valsaceae	1CB1CDFB-36B9-11D5-9548-00D0592D548C	81514	9	Pathotroph-Saprotroph-Symbiotroph	Endophyte-Plant Pathogen-Undefined Saprotroph	Probable	Microfungus	NULL	Saprobes, endophytes and weak to virulent parasites of woody plants (Cannon & Kirk 2007)	Cannon PF, Kirk PM. 2007. Fungal Families of the World. CAB International, Cambridge (ISBN: 978-0851998275)	Valsaceae
ASV1132	Fungi	Ascomycota	Dothideomycetes	Pleosporales	NA	NA	NA	Pleosporales	NA	1.0000000	NA	NA	NA	NA	NA	NA	NA	NA	NA	NA	NA	Pleosporales
ASV1133	Fungi	NA	NA	NA	NA	NA	NA	NA	NA	0.7558109	NA	NA	NA	NA	NA	NA	NA	NA	NA	NA	NA	NA
ASV1134	Fungi	Ascomycota	Sordariomycetes	Diaporthales	Valsaceae	NA	NA	Valsaceae	NA	0.9970332	Valsaceae	1CB1CDFB-36B9-11D5-9548-00D0592D548C	81514	9	Pathotroph-Saprotroph-Symbiotroph	Endophyte-Plant Pathogen-Undefined Saprotroph	Probable	Microfungus	NULL	Saprobes, endophytes and weak to virulent parasites of woody plants (Cannon & Kirk 2007)	Cannon PF, Kirk PM. 2007. Fungal Families of the World. CAB International, Cambridge (ISBN: 978-0851998275)	Valsaceae
ASV1135	Fungi	Basidiomycota	Agaricostilbomycetes	Agaricostilbales	Chionosphaeraceae	Kurtzmanomyces	NA	Kurtzmanomyces	sSH1164905.09FU	0.9665156	Chionosphaeraceae	1CB1CCE4-36B9-11D5-9548-00D0592D548C	82032	9	Pathotroph-Saprotroph	Fungal Parasite-Undefined Saprotroph	Possible	Microfungus	NULL	Species appear to be mycoparasitic, associated with fungi of bark beetle galleries, wood-inhabiting Xylariaceae or lichens. Others are found erumpent from bark or decaying wood and may be sabrobic (Cannon & Kirk 2007)	Cannon PF, Kirk PM. 2007. Fungal Families of the World. CAB International, Cambridge (ISBN: 978-0851998275)	Kurtzmanomyces
ASV1136	Fungi	Ascomycota	Eurotiomycetes	Chaetothyriales	Herpotrichiellaceae	Exophiala	Exophiala_oligosperma	Exophiala_oligosperma	sSH1098747.09FU	0.8366108	Herpotrichiellaceae	1CB1CD37-36B9-11D5-9548-00D0592D548C	80856	9	Pathotroph-Saprotroph	Animal Pathogen-Fungal Parasite-Undefined Saprotroph	Probable	Facultative Yeast-Microfungus	NULL	Mostly saprobic on plants or other fungi, isolated from soil etc., and from medical sources (Cannon & Kirk 2007)	Cannon PF, Kirk PM. 2007. Fungal Families of the World. CAB International, Cambridge (ISBN: 978-0851998275)	Exophiala_oligosperma
ASV1137	Fungi	Basidiomycota	Microbotryomycetes	NA	Colacogloeaceae	Colacogloea	Colacogloea_cycloclastica	Colacogloea_cycloclastica	sSH1318576.09FU	1.0000000	Colacogloea	F5CFE2B8-00C6-4B32-BCA8-33AC9F0179BD	25562	13	Pathotroph	|Fungal Parasite|	Probable	Dimorphic-Facultative Yeast	NULL	As mycoparasite (Põlme et al. 2020); Decay fungal material (Põlme et al. 2020)	Tedersoo L, et al. 2014. Science 346:e1256688 ((https://doi.org/10.1126/science.1256688)); Põlme S, et al. 2020. Fungal Diversity 105:1-16 ((https://doi.org/10.1007/s13225-020-00466-2))	Colacogloea_cycloclastica
ASV1138	Fungi	Ascomycota	Sordariomycetes	NA	NA	NA	NA	Sordariomycetes	sSH0996097.09FU	0.9034512	NA	NA	NA	NA	NA	NA	NA	NA	NA	NA	NA	Sordariomycetes
ASV1139	Fungi	Ascomycota	Dothideomycetes	Venturiales	Sympoventuriaceae	Ochroconis	NA	Ochroconis	NA	0.7052414	Sympoventuriaceae	1A5CF12B-5C15-43F8-BB6A-8479B1581BBB	563117	9	Saprotroph	Undefined Saprotroph	Probable	Microfungus	NULL	Sympoventuriaceae is represented by Sympoventuria, and can be distinguished from species of Venturiales by its saprobic life style (Zhang et al. 2011)	Zhang Y, et al. 2011 Fungal Diversity 51:249-277 ((https://doi.org/10.1007/s13225-011-0141-x))	Ochroconis
ASV1140	Fungi	Ascomycota	Eurotiomycetes	Eurotiales	Aspergillaceae	Penicillium	NA	Penicillium	NA	0.7363360	Eurotiales	1CB1CE25-36B9-11D5-9548-00D0592D548C	90472	7	Saprotroph	Undefined Saprotroph	Possible	Microfungus	NULL	NULL	Sterkenburg E, et al. 2015. New Phytologist 207:1145-1158 ((https://doi.org/10.1111/nph.13426))	Penicillium
ASV1141	Fungi	NA	NA	NA	NA	NA	NA	NA	NA	0.9689418	NA	NA	NA	NA	NA	NA	NA	NA	NA	NA	NA	NA
ASV1142	Fungi	Ascomycota	Dothideomycetes	Capnodiales	NA	NA	NA	Capnodiales	sSH1103658.09FU	0.9319957	NA	NA	NA	NA	NA	NA	NA	NA	NA	NA	NA	Capnodiales
ASV1143	Fungi	Ascomycota	Eurotiomycetes	Eurotiales	Aspergillaceae	Talaromyces	NA	Talaromyces	NA	0.9837087	Eurotiales	1CB1CE25-36B9-11D5-9548-00D0592D548C	90472	7	Saprotroph	Undefined Saprotroph	Possible	Microfungus	NULL	NULL	Sterkenburg E, et al. 2015. New Phytologist 207:1145-1158 ((https://doi.org/10.1111/nph.13426))	Talaromyces
ASV1144	Fungi	Basidiomycota	Agaricomycetes	Agaricales	NA	NA	NA	Agaricales	sSH1095229.09FU	0.9978373	Agaricales	715D162F-5F0E-40C8-A7DC-79D488D3F937	90508	7	Pathotroph-Saprotroph-Symbiotroph	Bryophyte Parasite-Dung Saprotroph-Ectomycorrhizal-Fungal Parasite-Leaf Saprotroph-Plant Parasite-Undefined Saprotroph-Wood Saprotroph	Possible	Agaricoid-Gasteroid-Microfungus-Secotioid-Yeast	NULL	Mushrooms and toadstools, Gill fungi, Agarics... lignicolous, sometimes muscicolous or fungicolous, saprobic, mycorrhizal, rarely parasitic on plants or fungi (Kirk et al. 2008)	Kirk PM et al. 2008. Dictionary of the Fungi. Tenth Edition. CAB International, Wallingford (ISBN: 978-0851998268)	Agaricales
ASV1145	Fungi	NA	NA	NA	NA	NA	NA	NA	sSH1020015.09FU	0.7127626	NA	NA	NA	NA	NA	NA	NA	NA	NA	NA	NA	NA
ASV1146	Fungi	Ascomycota	Eurotiomycetes	Eurotiales	Aspergillaceae	Aspergillus	Aspergillus_penicillioides	Aspergillus_penicillioides	sSH1228777.09FU	0.7524085	Eurotiales	1CB1CE25-36B9-11D5-9548-00D0592D548C	90472	7	Saprotroph	Undefined Saprotroph	Possible	Microfungus	NULL	NULL	Sterkenburg E, et al. 2015. New Phytologist 207:1145-1158 ((https://doi.org/10.1111/nph.13426))	Aspergillus_penicillioides
ASV1147	Fungi	NA	NA	NA	NA	NA	NA	NA	sSH0884008.09FU	0.9781582	NA	NA	NA	NA	NA	NA	NA	NA	NA	NA	NA	NA
ASV1148	Fungi	Ascomycota	Dothideomycetes	Pleosporales	Sporormiaceae	Preussia	Preussia_africana	Preussia_africana	sSH1148135.09FU	0.9977388	Sporormiaceae	1CB1CDD8-36B9-11D5-9548-00D0592D548C	81414	9	Saprotroph	Dung Saprotroph-Plant Saprotroph	Probable	Microfungus	NULL	Saprobic, associated with dung and rotting vegetation (Cannon & Kirk 2007)	Cannon PF, Kirk PM. 2007. Fungal Families of the World. CAB International, Cambridge (ISBN: 978-0851998275)	Preussia_africana
ASV1149	Fungi	Basidiomycota	Agaricomycetes	Auriculariales	Hyaloriaceae	Myxarium	Myxarium_hyalinum	Myxarium_hyalinum	sSH0975361.09FU	0.9999713	Myxarium	1CB19502-36B9-11D5-9548-00D0592D548C	18106	13	Saprotroph	Undefined Saprotroph-|Wood Saprotroph|	Probable	Tremelloid	NULL	Decay wood (Põlme et al. 2020)	Tedersoo L, et al. 2014. Science 346:e1256688 ((https://doi.org/10.1126/science.1256688)); Põlme S, et al. 2020. Fungal Diversity 105:1-16 ((https://doi.org/10.1007/s13225-020-00466-2))	Myxarium_hyalinum
ASV1150	Fungi	Basidiomycota	Tremellomycetes	Trichosporonales	Trichosporonaceae	Trichosporon	Trichosporon_lactis	Trichosporon_lactis	sSH1019614.09FU	0.9939374	Trichosporon	1CB1CC33-36B9-11D5-9548-00D0592D548C	10296	13	Pathotroph-Saprotroph	|Animal Parasite|-Animal Pathogen-Undefined Saprotroph	Probable	Yeast	NULL	As animal_decomposer (Põlme et al. 2020); Decay animal material (Põlme et al. 2020); Likely opportunistic human pathogen (Irinyi et al. 2015)	Irinyi L, et al. 2015. Medical Mycology 53:313-337 ((https://doi.org/10.1093/mmy/myv008)); Põlme S, et al. 2020. Fungal Diversity 105:1-16 ((https://doi.org/10.1007/s13225-020-00466-2)); https://www.cdc.gov ((https://www.cdc.gov))	Trichosporon_lactis
ASV1151	Fungi	Basidiomycota	Agaricomycetes	Hymenochaetales	Schizoporaceae	Xylodon	NA	Xylodon	sSH1236631.09FU	0.7442316	Schizoporaceae	1CB1CDC9-36B9-11D5-9548-00D0592D548C	80038	9	Saprotroph	Wood Saprotroph	Probable	Corticioid	White Rot	Saprobic, causing white rot of standing and fallen wood of coniferous and broadleaved trees, rarely on herbaceous stems (Cannon & Kirk 2007)	Cannon PF, Kirk PM. 2007. Fungal Families of the World. CAB International, Cambridge (ISBN: 978-0851998275)	Xylodon
ASV1152	Fungi	Basidiomycota	Agaricomycetes	Polyporales	NA	NA	NA	Polyporales	sSH0970967.09FU	0.9332674	NA	NA	NA	NA	NA	NA	NA	NA	NA	NA	NA	Polyporales
ASV1153	Fungi	Basidiomycota	Agaricomycetes	Sebacinales	Serendipitaceae	Serendipita	NA	Serendipita	sSH1159451.09FU	0.9973470	Serendipita	9597D21B-8566-4B87-B888-F7D578F17392	22442	13	Saprotroph-Symbiotroph	Ectomycorrhizal-|Endophyte|-Ericoid Mycorrhizal-Orchid Mycorrhizal-Undefined Saprotroph	Highly Probable	Microfungus	NULL	As root_endophyte (Põlme et al. 2020); As soil_saprotroph (Põlme et al. 2020); Decay soil (Põlme et al. 2020)	Tedersoo L, et al. 2010. Mycorrhiza 20:217-263 ((https://doi.org/10.1007/s00572-009-0274-x)) (pro parte); Weiß M, et al. 2016. New Phytologist 211:20-40 ((https://doi.org/10.1111/nph.13977)); Põlme S, et al. 2020. Fungal Diversity 105:1-16 ((https://doi.org/10.1007/s13225-020-00466-2))	Serendipita
ASV1154	Fungi	Basidiomycota	Agaricostilbomycetes	Agaricostilbales	Chionosphaeraceae	Ballistosporomyces	Ballistosporomyces_xanthus	Ballistosporomyces_xanthus	sSH0919558.09FU	0.7848303	Chionosphaeraceae	1CB1CCE4-36B9-11D5-9548-00D0592D548C	82032	9	Pathotroph-Saprotroph	Fungal Parasite-Undefined Saprotroph	Possible	Microfungus	NULL	Species appear to be mycoparasitic, associated with fungi of bark beetle galleries, wood-inhabiting Xylariaceae or lichens. Others are found erumpent from bark or decaying wood and may be sabrobic (Cannon & Kirk 2007)	Cannon PF, Kirk PM. 2007. Fungal Families of the World. CAB International, Cambridge (ISBN: 978-0851998275)	Ballistosporomyces_xanthus
ASV1155	Fungi	Ascomycota	Eurotiomycetes	Chaetothyriales	Herpotrichiellaceae	Capronia	NA	Capronia	sSH0898015.09FU	0.9449692	Herpotrichiellaceae	1CB1CD37-36B9-11D5-9548-00D0592D548C	80856	9	Pathotroph-Saprotroph	Animal Pathogen-Fungal Parasite-Undefined Saprotroph	Probable	Facultative Yeast-Microfungus	NULL	Mostly saprobic on plants or other fungi, isolated from soil etc., and from medical sources (Cannon & Kirk 2007)	Cannon PF, Kirk PM. 2007. Fungal Families of the World. CAB International, Cambridge (ISBN: 978-0851998275)	Capronia
ASV1156	Fungi	Basidiomycota	Agaricomycetes	Agaricales	Tricholomataceae	Calyptella	Calyptella_capula	Calyptella_capula	sSH1054949.09FU	0.9999031	Tricholomataceae	008764C7-3F16-4577-B343-C50EF7B78211	81487	9	Pathotroph-Symbiotroph	Ectomycorrhizal-Fungal Parasite	Probable	Agaricoid	NULL	Tricholoma species are ectomycorrhizal, occurring in coniferous and broadleaved forests (Cannon & Kirk 2007); T. sclerotoideum is parasitic on Helvella spp.	Cannon PF, Kirk PM. 2007. Fungal Families of the World. CAB International, Cambridge (ISBN: 978-0851998275)	Calyptella_capula
ASV1157	Fungi	Basidiomycota	Agaricomycetes	Agaricales	Tricholomataceae	NA	NA	Tricholomataceae	sSH1201847.09FU	0.9998504	Tricholomataceae	008764C7-3F16-4577-B343-C50EF7B78211	81487	9	Pathotroph-Symbiotroph	Ectomycorrhizal-Fungal Parasite	Probable	Agaricoid	NULL	Tricholoma species are ectomycorrhizal, occurring in coniferous and broadleaved forests (Cannon & Kirk 2007); T. sclerotoideum is parasitic on Helvella spp.	Cannon PF, Kirk PM. 2007. Fungal Families of the World. CAB International, Cambridge (ISBN: 978-0851998275)	Tricholomataceae
ASV1158	Fungi	Ascomycota	NA	NA	NA	NA	NA	Ascomycota	NA	0.9761212	NA	NA	NA	NA	NA	NA	NA	NA	NA	NA	NA	Ascomycota
ASV1159	Fungi	Basidiomycota	Agaricomycetes	Agaricales	Strophariaceae	Psilocybe	NA	Psilocybe	NA	0.7057216	Strophariaceae	1CB1A641-36B9-11D5-9548-00D0592D548C	81444	9	Pathotroph-Saprotroph	Dung Saprotroph-Plant Parasite-Soil Saprotroph-Undefined Saprotroph-Wood Saprotroph	Probable	Agaricoid	NULL	Very variable ecology; Pholiota species are lignicolous and can act as weak parasites while most other taxa are either sparobes in grassy habitats or are found in dung. Species are not ectomycorrhizal (Cannon & Kirk 2007)	Cannon PF, Kirk PM. 2007. Fungal Families of the World. CAB International, Cambridge (ISBN: 978-0851998275)	Psilocybe
ASV1160	Fungi	Basidiomycota	Agaricomycetes	Agaricales	Mycenaceae	Mycena	NA	Mycena	sSH1280594.09FU	0.8326044	Mycenaceae	8AE7A7D8-5A42-428C-A1CF-0125BA948485	505549	9	Saprotroph	Leaf Saprotroph-Wood Saprotroph	Probable	Agaricoid	NULL	Saprobes, most species as early colonizers of dead wood and leaves. A few species of Favolaschia and Mycena have been described as mycorrhizal with terrestrial orchids, but the associations need confirmation (Cannon & Kirk 2007)	Cannon PF, Kirk PM. 2007. Fungal Families of the World. CAB International, Cambridge (ISBN: 978-0851998275)	Mycena
ASV1161	Fungi	Basidiomycota	Agaricomycetes	Thelephorales	Bankeraceae	Phellodon	Phellodon_fuligineoalbus	Phellodon_fuligineoalbus	sSH1301952.09FU	0.9297415	Bankeraceae	1CB1CCC6-36B9-11D5-9548-00D0592D548C	80513	9	Symbiotroph	Ectomycorrhizal	Probable	Hydnoid	NULL	Terrestrial, ectomycorrhizal with gymnosperm and angiosperm trees, typically Pinaceae or Fagaceae (Cannon & Kirk 2007)	Cannon PF, Kirk PM. 2007. Fungal Families of the World. CAB International, Cambridge (ISBN: 978-0851998275)	Phellodon_fuligineoalbus
ASV1162	Fungi	Basidiomycota	Agaricomycetes	Agaricales	NA	NA	NA	Agaricales	sSH1275357.09FU	0.9484010	Agaricales	715D162F-5F0E-40C8-A7DC-79D488D3F937	90508	7	Pathotroph-Saprotroph-Symbiotroph	Bryophyte Parasite-Dung Saprotroph-Ectomycorrhizal-Fungal Parasite-Leaf Saprotroph-Plant Parasite-Undefined Saprotroph-Wood Saprotroph	Possible	Agaricoid-Gasteroid-Microfungus-Secotioid-Yeast	NULL	Mushrooms and toadstools, Gill fungi, Agarics... lignicolous, sometimes muscicolous or fungicolous, saprobic, mycorrhizal, rarely parasitic on plants or fungi (Kirk et al. 2008)	Kirk PM et al. 2008. Dictionary of the Fungi. Tenth Edition. CAB International, Wallingford (ISBN: 978-0851998268)	Agaricales
ASV1163	Fungi	Ascomycota	Dothideomycetes	Pleosporales	Phaeosphaeriaceae	Neosetophoma	Neosetophoma_guiyangensis	Neosetophoma_guiyangensis	sSH1092021.09FU	0.9997026	Phaeosphaeriaceae	1CB1CD8E-36B9-11D5-9548-00D0592D548C	81637	9	Pathotroph-Saprotroph	Fungal Parasite-Plant Pathogen-Plant Saprotroph	Probable	Microfungus	NULL	Necrotrophic or saprobic on a wide range of plants, especially monocotyledons; a few species parasitic on other fungi (Cannon & Kirk 2007)	Cannon PF, Kirk PM. 2007. Fungal Families of the World. CAB International, Cambridge (ISBN: 978-0851998275)	Neosetophoma_guiyangensis
ASV1164	Fungi	Basidiomycota	Atractiellomycetes	Atractiellales	Phleogenaceae	NA	NA	Phleogenaceae	sSH0913647.09FU	0.8637332	NA	NA	NA	NA	NA	NA	NA	NA	NA	NA	NA	Phleogenaceae
ASV1165	Fungi	Ascomycota	NA	NA	NA	NA	NA	Ascomycota	sSH1034699.09FU	0.9999998	NA	NA	NA	NA	NA	NA	NA	NA	NA	NA	NA	Ascomycota
ASV1166	Fungi	Basidiomycota	Agaricomycetes	Cantharellales	NA	NA	NA	Cantharellales	sSH0911245.09FU	0.9988709	NA	NA	NA	NA	NA	NA	NA	NA	NA	NA	NA	Cantharellales
ASV1167	Fungi	Ascomycota	Eurotiomycetes	Chaetothyriales	Herpotrichiellaceae	Cladophialophora	Cladophialophora_minourae	Cladophialophora_minourae	sSH1069482.09FU	0.9999991	Herpotrichiellaceae	1CB1CD37-36B9-11D5-9548-00D0592D548C	80856	9	Pathotroph-Saprotroph	Animal Pathogen-Fungal Parasite-Undefined Saprotroph	Probable	Facultative Yeast-Microfungus	NULL	Mostly saprobic on plants or other fungi, isolated from soil etc., and from medical sources (Cannon & Kirk 2007)	Cannon PF, Kirk PM. 2007. Fungal Families of the World. CAB International, Cambridge (ISBN: 978-0851998275)	Cladophialophora_minourae
ASV1168	Fungi	Ascomycota	Sordariomycetes	Xylariales	Xylariaceae	Linosporopsis	Linosporopsis_ochracea	Linosporopsis_ochracea	sSH0900943.09FU	0.7618827	Xylariaceae	1CB1ABFB-36B9-11D5-9548-00D0592D548C	81528	9	Pathotroph-Saprotroph-Symbiotroph	Dung Saprotroph-Endophyte-Plant Pathogen-Undefined Saprotroph	Probable	Xylarioid	NULL	Saprobes or weak pathogens, many endophytes, mainly in wood and bark, occasionally in soil and dung (Cannon & Kirk 2007)	Cannon PF, Kirk PM. 2007. Fungal Families of the World. CAB International, Cambridge (ISBN: 978-0851998275)	Linosporopsis_ochracea
ASV1169	Fungi	NA	NA	NA	NA	NA	NA	NA	NA	0.9474732	NA	NA	NA	NA	NA	NA	NA	NA	NA	NA	NA	NA
ASV1170	Fungi	Ascomycota	Sordariomycetes	Xylariales	Xylariaceae	NA	NA	Xylariaceae	sSH1076152.09FU	0.9892448	Xylariaceae	1CB1ABFB-36B9-11D5-9548-00D0592D548C	81528	9	Pathotroph-Saprotroph-Symbiotroph	Dung Saprotroph-Endophyte-Plant Pathogen-Undefined Saprotroph	Probable	Xylarioid	NULL	Saprobes or weak pathogens, many endophytes, mainly in wood and bark, occasionally in soil and dung (Cannon & Kirk 2007)	Cannon PF, Kirk PM. 2007. Fungal Families of the World. CAB International, Cambridge (ISBN: 978-0851998275)	Xylariaceae
ASV1171	Fungi	Ascomycota	Sordariomycetes	Xylariales	NA	NA	NA	Xylariales	NA	0.9993984	NA	NA	NA	NA	NA	NA	NA	NA	NA	NA	NA	Xylariales
ASV1172	Fungi	Ascomycota	Dothideomycetes	Tubeufiales	Tubeufiaceae	NA	NA	Tubeufiaceae	sSH0958917.09FU	0.9999974	Tubeufiaceae	1CB1CDF3-36B9-11D5-9548-00D0592D548C	81599	9	Pathotroph-Saprotroph	Animal Pathogen-Undefined Saprotroph	Probable	NULL	NULL	Biotrophic or saprobic, especially on scale insects or other fungi. The anamorphic forms are fequently aero-aquatic (Cannon & Kirk 2007)	Cannon PF, Kirk PM. 2007. Fungal Families of the World. CAB International, Cambridge (ISBN: 978-0851998275)	Tubeufiaceae
ASV1173	Fungi	Ascomycota	Sordariomycetes	Phyllachorales	Telimenaceae	NA	NA	Telimenaceae	sSH0992875.09FU	0.9376256	NA	NA	NA	NA	NA	NA	NA	NA	NA	NA	NA	Telimenaceae
ASV1174	Fungi	Ascomycota	Sordariomycetes	NA	NA	NA	NA	Sordariomycetes	sSH0949205.09FU	0.9999942	NA	NA	NA	NA	NA	NA	NA	NA	NA	NA	NA	Sordariomycetes
ASV1175	Fungi	Ascomycota	NA	NA	NA	NA	NA	Ascomycota	NA	0.7111762	NA	NA	NA	NA	NA	NA	NA	NA	NA	NA	NA	Ascomycota
ASV1176	Fungi	Ascomycota	Dothideomycetes	Venturiales	Venturiaceae	Pseudoanungitea	NA	Pseudoanungitea	NA	0.9990273	Venturiaceae	1CB1CDFC-36B9-11D5-9548-00D0592D548C	81516	9	Pathotroph-Saprotroph-Symbiotroph	Endophyte-Plant Pathogen-Undefined Saprotroph	Probable	Microfungus	NULL	Mostly endophytes and weak parasites of aerial plant parts, including bark and wood, leaf and fruit tissue; rarely biotrophic. Little is known except for the important pathogens (Cannon & Kirk 2007)	Cannon PF, Kirk PM. 2007. Fungal Families of the World. CAB International, Cambridge (ISBN: 978-0851998275)	Pseudoanungitea
ASV1177	Fungi	Ascomycota	Orbiliomycetes	Orbiliales	Orbiliaceae	NA	NA	Orbiliaceae	NA	0.9999989	Orbiliaceae	1CB19716-36B9-11D5-9548-00D0592D548C	81091	9	Saprotroph	Wood Saprotroph	Probable	Microfungus	NULL	Saprobic, found especially on wood in both wet and dry habitats. Many species are nematophagous, forming adhesive knobs, nets or ring-like traps in the presence of a food source; perhaps a strategy for life in low-nitrogen environments. There have been reports of associations with algae for a few species, but an established lichen association appears not to exist (Cannon & Kirk 2007)	Cannon PF, Kirk PM. 2007. Fungal Families of the World. CAB International, Cambridge (ISBN: 978-0851998275)	Orbiliaceae
ASV1178	Fungi	Ascomycota	Sordariomycetes	Sordariales	Chaetomiaceae	Zopfiella	NA	Zopfiella	NA	0.9892399	Chaetomiaceae	1CB1CCE0-36B9-11D5-9548-00D0592D548C	80582	9	Pathotroph-Saprotroph-Symbiotroph	Animal Pathogen-Dung Saprotroph-Endophyte-Epiphyte-Plant Saprotroph-Wood Saprotroph	Possible	Microfungus	Soft Rot	Saprobic, acting as key decay organisms of plant materials and plant-derived commodities (Cannon & Kirk 2007); Epiphyte detection method-culture (Massimo et al. 2015); Endophyte detection method-culture (Busby et al. 2016, David et al. 2016); Likely opportunistic human pathogen (Irinyi et al. 2015)	Seehann G, et al. 1975. List of Fungi in Soft-Rot Tissue Tests. Institute fur Holzbiologie und Holzschutz, Bundesforschungsanstalt fur Forst - und Holzwirtshaft, Hamburg - Lohbrugge, Germany; Cannon PF, Kirk PM. 2007. Fungal Families of the World. CAB International, Cambridge ((https://isbnsearch.org/isbn/9780851998275));  Bills GF, et al. 2013. Current Opinion in Microbiology 16:549-565 ((https://doi.org/10.1016/j.mib.2013.08.001)); Tedersoo L, et al. 2014. Science 346:e1256688 ((https://doi.org/10.1126/science.1256688)); Irinyi L, et al. 2015. Medical Mycology 53:313-337 ((https://doi.org/10.1093/mmy/myv008)); Massimo NC, et al. 2015. Microbial Ecology 70:61-76 ((https://doi.org/10.1007/s00248-014-0563-6)); Busby PE, et al. 2016. New Phytologist 209:1681-1692 ((https://doi.org/10.1111/nph.13742)); David AS, et al. 2016. Microbial Ecology 71:912-926 ((https://doi.org/10.1007/s00248-015-0712-6))	Zopfiella
ASV1179	Fungi	Basidiomycota	NA	NA	NA	NA	NA	Basidiomycota	NA	0.7289214	NA	NA	NA	NA	NA	NA	NA	NA	NA	NA	NA	Basidiomycota
ASV1180	Fungi	Basidiomycota	Agaricomycetes	Russulales	Russulaceae	Russula	NA	Russula	NA	1.0000000	Russulaceae	1CB1A269-36B9-11D5-9548-00D0592D548C	81358	9	Symbiotroph	Ectomycorrhizal	Probable	Agaricoid-Corticioid-Gasteroid-Secotioid	NULL	The genera Lactarius, Lactifluus, Multifurca and Russula form a mutualistic ectomycorrhizal root symbiosis with trees and shrubs, while the corticioid species in Boidinia, Gloeopeniophorella, and Pseudoxenasma are saprotrophic, wood-degrading fungi.	Larsson E, K-H Larsson. 2003. Mycologia 95:1037-1065 ((https://doi.org/10.2307/3761912))	Russula
ASV1181	Fungi	Basidiomycota	Agaricomycetes	Hymenochaetales	Tubulicrinaceae	Tubulicrinis	Tubulicrinis_martinicensis	Tubulicrinis_martinicensis	sSH1894209.09FU	1.0000000	Tubulicrinis	1CB1A87B-36B9-11D5-9548-00D0592D548C	18693	13	Saprotroph	Undefined Saprotroph-|Wood Saprotroph|	Probable	Corticioid	White Rot	As white_rot (Põlme et al. 2020); Decay wood (Põlme et al. 2020)	Tedersoo L, et al. 2014. Science 346:e1256688 ((https://doi.org/10.1126/science.1256688)); Põlme S, et al. 2020. Fungal Diversity 105:1-16 ((https://doi.org/10.1007/s13225-020-00466-2))	Tubulicrinis_martinicensis
ASV1182	Fungi	Basidiomycota	Agaricomycetes	Cantharellales	Hydnaceae	Sistotrema	NA	Sistotrema	NA	0.9990217	Sistotrema	1CB1CB70-36B9-11D5-9548-00D0592D548C	18551	13	Saprotroph-Symbiotroph	Ectomycorrhizal-|Plant Saprotroph|-Wood Saprotroph	Possible	Corticioid	White Rot	As litter_saprotroph (Põlme et al. 2020); Decay leaf, fruit, seed (Põlme et al. 2020)	Gilbertson RL, Ryvarden L. 1987-1987. North American Polypores. Fungiflora, Oslo (ISBN: 978-0945345060); Rinaldi AC, et al. 2008. Fungal Diversity 33:1-45 ((http://www.fungaldiversity.org/fdp/sfdp/33-1.pdf)) (as ECM/not ECM); Tedersoo L, et al. 2010. Mycorrhiza 20:217-263 ((https://doi.org/10.1007/s00572-009-0274-x)) (pro parte); Põlme S, et al. 2020. Fungal Diversity 105:1-16 ((https://doi.org/10.1007/s13225-020-00466-2)); http://mycorrhizas.info/ecmf.html ((http://mycorrhizas.info/ecmf.html)) (as ECM/not ECM).	Sistotrema
ASV1183	Fungi	Basidiomycota	NA	NA	NA	NA	NA	Basidiomycota	sSH1167259.09FU	0.8651787	NA	NA	NA	NA	NA	NA	NA	NA	NA	NA	NA	Basidiomycota
ASV1184	Fungi	Ascomycota	Eurotiomycetes	Verrucariales	Verrucariaceae	NA	NA	Verrucariaceae	NA	0.9957135	Verrucariaceae	1CB1CDFE-36B9-11D5-9548-00D0592D548C	81910	9	Symbiotroph	Lichenized	Highly Probable	Thallus	NULL	Lichenized with green algae, on rocks, soil, etc., more rarely on wood and bark (Cannon & Kirk 2007)	Cannon PF, Kirk PM. 2007. Fungal Families of the World. CAB International, Cambridge (ISBN: 978-0851998275)	Verrucariaceae
ASV1185	Fungi	Basidiomycota	Agaricomycetes	Russulales	NA	NA	NA	Russulales	NA	1.0000000	NA	NA	NA	NA	NA	NA	NA	NA	NA	NA	NA	Russulales
ASV1186	Fungi	NA	NA	NA	NA	NA	NA	NA	NA	0.7486395	NA	NA	NA	NA	NA	NA	NA	NA	NA	NA	NA	NA
ASV1187	Fungi	Basidiomycota	Ustilaginomycetes	Ustilaginales	Ustilaginaceae	Ustilago	NA	Ustilago	NA	0.8595301	Ustilaginaceae	1CB1CDFA-36B9-11D5-9548-00D0592D548C	81513	9	Pathotroph	Plant Pathogen	Probable	Smut	NULL	Biotrophic in living tissue of Gramineae and Cyperaceae (Cannon & Kirk 2007)	Cannon PF, Kirk PM. 2007. Fungal Families of the World. CAB International, Cambridge (ISBN: 978-0851998275)	Ustilago
ASV1188	Fungi	Ascomycota	Eurotiomycetes	Chaetothyriales	Trichomeriaceae	NA	NA	Trichomeriaceae	NA	0.9166018	Trichomeriaceae	B366E4F5-4360-49B3-BA47-86698B5D3511	800935	9	Symbiotroph	Epiphyte	Probable	Microfungus	NULL	Foliar epiphytes with the appearance of sooty moulds, mostly occurring on the surface of living leaves and apparently gaining their nutrients from insect exudates (Chomnunti et al. 2012)	Chomnunti P, et al. 2012. Fungal Diversity 56:63-76 ((https://doi.org/10.1007/s13225-012-0197-2))	Trichomeriaceae
ASV1189	Fungi	Basidiomycota	Microbotryomycetes	NA	Chrysozymaceae	Oberwinklerozyma	Oberwinklerozyma_yarrowii	Oberwinklerozyma_yarrowii	sSH1067696.09FU	0.9999996	Oberwinklerozyma	FEA97B4B-17D3-400C-BCCA-39CD35196CA1	813193	13	Saprotroph-Symbiotroph	Epiphyte-|Undefined Saprotroph|	Probable	Yeast	NULL	NULL	Põlme S, et al. 2020. Fungal Diversity 105:1-16 ((https://doi.org/10.1007/s13225-020-00466-2))	Oberwinklerozyma_yarrowii
ASV1190	Fungi	Basidiomycota	Agaricomycetes	Auriculariales	NA	Oliveonia	NA	Oliveonia	NA	0.7487581	Oliveonia	F8197E1C-0484-41C7-9C08-6BDDA1E7782C	18145	13	Saprotroph	Undefined Saprotroph-|Wood Saprotroph|	Probable	Corticioid	NULL	Decay wood (Põlme et al. 2020)	Tedersoo L, et al. 2014. Science 346:e1256688 ((https://doi.org/10.1126/science.1256688)); Põlme S, et al. 2020. Fungal Diversity 105:1-16 ((https://doi.org/10.1007/s13225-020-00466-2))	Oliveonia
ASV1191	Fungi	Basidiomycota	Agaricomycetes	NA	NA	NA	NA	Agaricomycetes	NA	0.8142900	NA	NA	NA	NA	NA	NA	NA	NA	NA	NA	NA	Agaricomycetes
ASV1192	Fungi	NA	NA	NA	NA	NA	NA	NA	NA	0.7644212	NA	NA	NA	NA	NA	NA	NA	NA	NA	NA	NA	NA
ASV1193	Fungi	Basidiomycota	Agaricomycetes	Agaricales	Clavariaceae	Mucronella	NA	Mucronella	sSH0943500.09FU	1.0000000	Clavariaceae	1CB18368-36B9-11D5-9548-00D0592D548C	80606	9	Saprotroph-Symbiotroph	Lichenized-Undefined Saprotroph	Probable	Clavarioid	NULL	Most species are presumed saprobic on the ground or rotten wood, but many Multiclavula species are lichenized with green algae (Cannon & Kirk 2007)	Cannon PF, Kirk PM. 2007. Fungal Families of the World. CAB International, Cambridge (ISBN: 978-0851998275)	Mucronella
ASV1194	Fungi	Basidiomycota	Agaricomycetes	Hymenochaetales	NA	NA	NA	Hymenochaetales	sSH1143744.09FU	1.0000000	NA	NA	NA	NA	NA	NA	NA	NA	NA	NA	NA	Hymenochaetales
ASV1195	Fungi	Basidiomycota	Agaricomycetes	Polyporales	Steccherinaceae	Cabalodontia	Cabalodontia_subcretacea	Cabalodontia_subcretacea	sSH1002191.09FU	0.9728840	Steccherinaceae	1CB1CDD9-36B9-11D5-9548-00D0592D548C	81420	9	Saprotroph	Wood Saprotroph	Probable	Corticioid-Polyporoid	White Rot	Growing on dead wood causing white rot, sometimes replacing early colonizers (Cannon & Kirk 2007)	Cannon PF, Kirk PM. 2007. Fungal Families of the World. CAB International, Cambridge (ISBN: 978-0851998275)	Cabalodontia_subcretacea
ASV1196	Fungi	Basidiomycota	Agaricomycetes	Polyporales	Polyporaceae	NA	NA	Polyporaceae	sSH1131113.09FU	1.0000000	Polyporaceae	1CB19B17-36B9-11D5-9548-00D0592D548C	81203	9	Saprotroph	Wood Saprotroph	Probable	Polyporoid	Brown Rot-White Rot	Lignicolous, causing brown or white rot, mostly of broadleaved trees (Cannon & Kirk 2007)	Cannon PF, Kirk PM. 2007. Fungal Families of the World. CAB International, Cambridge (ISBN: 978-0851998275)	Polyporaceae
ASV1197	Fungi	Ascomycota	Sordariomycetes	Xylariales	NA	NA	NA	Xylariales	NA	0.9822034	NA	NA	NA	NA	NA	NA	NA	NA	NA	NA	NA	Xylariales
ASV1198	Fungi	Basidiomycota	Agaricomycetes	Cantharellales	Hydnaceae	Sistotrema	NA	Sistotrema	sSH1253863.09FU	0.7182197	Sistotrema	1CB1CB70-36B9-11D5-9548-00D0592D548C	18551	13	Saprotroph-Symbiotroph	Ectomycorrhizal-|Plant Saprotroph|-Wood Saprotroph	Possible	Corticioid	White Rot	As litter_saprotroph (Põlme et al. 2020); Decay leaf, fruit, seed (Põlme et al. 2020)	Gilbertson RL, Ryvarden L. 1987-1987. North American Polypores. Fungiflora, Oslo (ISBN: 978-0945345060); Rinaldi AC, et al. 2008. Fungal Diversity 33:1-45 ((http://www.fungaldiversity.org/fdp/sfdp/33-1.pdf)) (as ECM/not ECM); Tedersoo L, et al. 2010. Mycorrhiza 20:217-263 ((https://doi.org/10.1007/s00572-009-0274-x)) (pro parte); Põlme S, et al. 2020. Fungal Diversity 105:1-16 ((https://doi.org/10.1007/s13225-020-00466-2)); http://mycorrhizas.info/ecmf.html ((http://mycorrhizas.info/ecmf.html)) (as ECM/not ECM).	Sistotrema
ASV1199	Fungi	Basidiomycota	Agaricomycetes	Polyporales	Steccherinaceae	Junghuhnia	Junghuhnia_nandinae	Junghuhnia_nandinae	sSH1170493.09FU	0.9993616	Steccherinaceae	1CB1CDD9-36B9-11D5-9548-00D0592D548C	81420	9	Saprotroph	Wood Saprotroph	Probable	Corticioid-Polyporoid	White Rot	Growing on dead wood causing white rot, sometimes replacing early colonizers (Cannon & Kirk 2007)	Cannon PF, Kirk PM. 2007. Fungal Families of the World. CAB International, Cambridge (ISBN: 978-0851998275)	Junghuhnia_nandinae
ASV1200	Fungi	Basidiomycota	Tremellomycetes	Tremellales	Trimorphomycetaceae	Saitozyma	Saitozyma_flava	Saitozyma_flava	sSH0998089.09FU	0.9940362	Tremellales	1CB1CE64-36B9-11D5-9548-00D0592D548C	90451	7	Pathotroph-Saprotroph-Symbiotroph	Fungal Parasite-Undefined Saprotroph	Possible	Tremelloid-Yeast	NULL	The order contains both teleomorphic and anamorphic species, most of the latter being yeasts	Sterkenburg E, et al. 2015. New Phytologist 207:1145-1158 ((https://doi.org/10.1111/nph.13426))	Saitozyma_flava
ASV1201	Fungi	Ascomycota	Dothideomycetes	Pleosporales	NA	NA	NA	Pleosporales	sSH0950837.09FU	0.9995066	NA	NA	NA	NA	NA	NA	NA	NA	NA	NA	NA	Pleosporales
ASV1202	Fungi	Basidiomycota	Agaricomycetes	Cantharellales	NA	NA	NA	Cantharellales	sSH1060721.09FU	0.9999967	NA	NA	NA	NA	NA	NA	NA	NA	NA	NA	NA	Cantharellales
ASV1203	Fungi	Basidiomycota	Agaricomycetes	Agaricales	Mycenaceae	Mycena	NA	Mycena	sSH1291743.09FU	0.8518506	Mycenaceae	8AE7A7D8-5A42-428C-A1CF-0125BA948485	505549	9	Saprotroph	Leaf Saprotroph-Wood Saprotroph	Probable	Agaricoid	NULL	Saprobes, most species as early colonizers of dead wood and leaves. A few species of Favolaschia and Mycena have been described as mycorrhizal with terrestrial orchids, but the associations need confirmation (Cannon & Kirk 2007)	Cannon PF, Kirk PM. 2007. Fungal Families of the World. CAB International, Cambridge (ISBN: 978-0851998275)	Mycena
ASV1204	Fungi	Ascomycota	Saccharomycetes	Saccharomycetales	NA	Candida	Candida_albicans	Candida_albicans	sSH0987662.09FU	0.9979550	Saccharomycetales	B73A15F4-AB90-4E11-B6D7-E0BE710B986C	816369	7	Saprotroph	Undefined Saprotroph	Possible	Yeast	NULL	NULL	Sterkenburg E, et al. 2015. New Phytologist 207:1145-1158 ((https://doi.org/10.1111/nph.13426))	Candida_albicans
ASV1205	Fungi	Basidiomycota	Dacrymycetes	Dacrymycetales	Cerinomycetaceae	Cerinomyces	Cerinomyces_enatus	Cerinomyces_enatus	sSH1003035.09FU	1.0000000	Cerinomyces	1CB1C60E-36B9-11D5-9548-00D0592D548C	17263	13	Saprotroph	|Wood Saprotroph|	Probable	Clavarioid-Tremelloid	Brown Rot	As brown-rot (Põlme et al. 2020); Decay wood (Põlme et al. 2020)	Seifert KA. 1983. Mycologia 75:1011-1018 ((https://doi.org/10.1080/00275514.1983.12023787)); Tedersoo L, et al. 2014. Science 346:e1256688 ((https://doi.org/10.1126/science.1256688)); Põlme S, et al. 2020. Fungal Diversity 105:1-16 ((https://doi.org/10.1007/s13225-020-00466-2))	Cerinomyces_enatus
ASV1206	Fungi	Basidiomycota	Agaricomycetes	NA	NA	NA	NA	Agaricomycetes	NA	0.8395443	NA	NA	NA	NA	NA	NA	NA	NA	NA	NA	NA	Agaricomycetes
ASV1207	Fungi	Ascomycota	Sordariomycetes	Chaetosphaeriales	Chaetosphaeriaceae	Eucalyptostroma	NA	Eucalyptostroma	sSH0996129.09FU	0.9999114	Chaetosphaeriaceae	A2975E8A-801C-4A1F-9099-3C1B24D8A295	82100	9	Saprotroph	Plant Saprotroph-Wood Saprotroph	Probable	Microfungus	NULL	Saprobes associated with decaying woody and herbaceous plant material, including timber and timber products in damp buildings (Cannon & Kirk 2007)	Cannon PF, Kirk PM. 2007. Fungal Families of the World. CAB International, Cambridge (ISBN: 978-0851998275)	Eucalyptostroma
ASV1208	Fungi	Basidiomycota	Agaricomycetes	Gomphales	Gomphaceae	Ramaricium	Ramaricium_polyporoideum	Ramaricium_polyporoideum	sSH1172426.09FU	1.0000000	Gomphaceae	1CB1CD2B-36B9-11D5-9548-00D0592D548C	80812	9	Saprotroph-Symbiotroph	Ectomycorrhizal-Undefined Saprotroph-Wood Saprotroph	Probable	Clavarioid-Gomphoid	NULL	Terrestrial or lignicolous, either saprobic or forming ectomycorrhizal relationships with woody plants (Cannon & Kirk 2007)	Cannon PF, Kirk PM. 2007. Fungal Families of the World. CAB International, Cambridge (ISBN: 978-0851998275)	Ramaricium_polyporoideum
ASV1209	Fungi	Ascomycota	Eurotiomycetes	Chaetothyriales	Herpotrichiellaceae	Exophiala	NA	Exophiala	NA	0.7960409	Herpotrichiellaceae	1CB1CD37-36B9-11D5-9548-00D0592D548C	80856	9	Pathotroph-Saprotroph	Animal Pathogen-Fungal Parasite-Undefined Saprotroph	Probable	Facultative Yeast-Microfungus	NULL	Mostly saprobic on plants or other fungi, isolated from soil etc., and from medical sources (Cannon & Kirk 2007)	Cannon PF, Kirk PM. 2007. Fungal Families of the World. CAB International, Cambridge (ISBN: 978-0851998275)	Exophiala
ASV1210	Fungi	Basidiomycota	Agaricomycetes	Polyporales	Phanerochaetaceae	Phanerochaete	Phanerochaete_burtii	Phanerochaete_burtii	sSH1216932.09FU	0.9775680	Phanerochaete	1CB1C9F2-36B9-11D5-9548-00D0592D548C	18245	13	Saprotroph	|Wood Saprotroph|	Highly Probable	Corticioid	White Rot	As white_rot (Põlme et al. 2020); Decay wood (Põlme et al. 2020)	Glenn JK, et al. 1983. Biochemical and Biophysical Research Communications 114:1077-1083 ((https://doi.org/10.1016/0006-291x((83))90672-1)); Põlme S, et al. 2020. Fungal Diversity 105:1-16 ((https://doi.org/10.1007/s13225-020-00466-2))	Phanerochaete_burtii
ASV1211	Fungi	Ascomycota	Sordariomycetes	Hypocreales	Cordycipitaceae	NA	NA	Cordycipitaceae	sSH1082413.09FU	1.0000000	Hypocreales	1CB18E60-36B9-11D5-9548-00D0592D548C	90477	7	Saprotroph	Undefined Saprotroph	Possible	Microfungus	NULL	NULL	Sterkenburg E, et al. 2015. New Phytologist 207:1145-1158 ((https://doi.org/10.1111/nph.13426))	Cordycipitaceae
ASV1212	Fungi	Basidiomycota	Agaricomycetes	Agaricales	Pluteaceae	Pluteus	Pluteus_hongoi	Pluteus_hongoi	sSH1239303.09FU	0.9999416	Pluteaceae	1CB1CDA4-36B9-11D5-9548-00D0592D548C	81194	9	Pathotroph-Saprotroph	Bryophyte Parasite-Ectomycorrhizal-Litter Saprotroph-Wood Saprotroph	Probable	Agaricoid	White Rot	Forming ectomycorrhizas with roots of broadleaved trees, or saprobic on rotten wood, plant remains or humus (Cannon & Kirk 2007)	Grgurinovic CA, Simpson JA. 2001. Fungal Diversity 8:97-127 ((http://www.fungaldiversity.org/fdp/sfdp/FD_8_97-127.pdf)); James TY, et al. 2006. Nature 443:818-822 ((https://doi.org/10.1038/nature05110)); Cannon PF, Kirk PM. 2007. Fungal Families of the World. CAB International, Cambridge (ISBN: 978-0851998275)	Pluteus_hongoi
ASV1213	Fungi	Basidiomycota	Agaricomycetes	Polyporales	Irpicaceae	Ceriporia	Ceriporia_mellita	Ceriporia_mellita	sSH0949586.09FU	0.9996719	Ceriporia	1CB1C611-36B9-11D5-9548-00D0592D548C	17267	13	Saprotroph	|Wood Saprotroph|	Highly Probable	Corticioid	White Rot	As white_rot (Põlme et al. 2020); Decay wood (Põlme et al. 2020)	Tedersoo L, et al. 2014. Science 346:e1256688 ((https://doi.org/10.1126/science.1256688)); Põlme S, et al. 2020. Fungal Diversity 105:1-16 ((https://doi.org/10.1007/s13225-020-00466-2))	Ceriporia_mellita
ASV1214	Fungi	Basidiomycota	Agaricomycetes	Atheliales	Byssocorticiaceae	Leptosporomyces	NA	Leptosporomyces	sSH0937510.09FU	0.9999979	Leptosporomyces	1CB1C863-36B9-11D5-9548-00D0592D548C	17952	13	Saprotroph	Undefined Saprotroph-|Wood Saprotroph|	Probable	Corticioid	White Rot	As white_rot (Põlme et al. 2020); Decay wood (Põlme et al. 2020)	Tedersoo L, et al. 2014. Science 346:e1256688 ((https://doi.org/10.1126/science.1256688)); Põlme S, et al. 2020. Fungal Diversity 105:1-16 ((https://doi.org/10.1007/s13225-020-00466-2))	Leptosporomyces
ASV1215	Fungi	Basidiomycota	Agaricomycetes	Atheliales	Atheliaceae	NA	NA	Atheliaceae	sSH1168474.09FU	1.0000000	Atheliaceae	1CB1CCC1-36B9-11D5-9548-00D0592D548C	81737	9	Pathotroph-Saprotroph-Symbiotroph	Ectomycorrhizal-Lichen Parasite-Lichenized-Plant Pathogen	Possible	Corticioid	NULL	Many species form ectomycorrhizal associations, often occupying a dominant position in mycorrhizal communities. Other species are pathogens of many different plants and even lichens, and one species has even been suggested to form a lichen association with cyanobacteria. Yet more species are sparse and active decomposers, and a few are aquatic (Cannon & Kirk 2007)	Cannon PF, Kirk PM. 2007. Fungal Families of the World. CAB International, Cambridge (ISBN: 978-0851998275)	Atheliaceae
ASV1216	Fungi	Basidiomycota	Agaricomycetes	Polyporales	Phanerochaetaceae	Hyphodermella	NA	Hyphodermella	sSH0896626.09FU	0.9919817	Hyphodermella	700BB18B-97CD-446F-9AB1-387549071314	17824	13	Saprotroph	Undefined Saprotroph-|Wood Saprotroph|	Probable	Corticioid	White Rot	As white_rot (Põlme et al. 2020); Decay wood (Põlme et al. 2020)	Tedersoo L, et al. 2014. Science 346:e1256688 ((https://doi.org/10.1126/science.1256688)); Põlme S, et al. 2020. Fungal Diversity 105:1-16 ((https://doi.org/10.1007/s13225-020-00466-2))	Hyphodermella
ASV1217	Fungi	Basidiomycota	Agaricomycetes	Agaricales	Tricholomataceae	Trogia	NA	Trogia	sSH1099458.09FU	0.9279737	Tricholomataceae	008764C7-3F16-4577-B343-C50EF7B78211	81487	9	Pathotroph-Symbiotroph	Ectomycorrhizal-Fungal Parasite	Probable	Agaricoid	NULL	Tricholoma species are ectomycorrhizal, occurring in coniferous and broadleaved forests (Cannon & Kirk 2007); T. sclerotoideum is parasitic on Helvella spp.	Cannon PF, Kirk PM. 2007. Fungal Families of the World. CAB International, Cambridge (ISBN: 978-0851998275)	Trogia
ASV1218	Fungi	Ascomycota	Saccharomycetes	Saccharomycetales	NA	NA	NA	Saccharomycetales	NA	0.8823458	Saccharomycetales	B73A15F4-AB90-4E11-B6D7-E0BE710B986C	816369	7	Saprotroph	Undefined Saprotroph	Possible	Yeast	NULL	NULL	Sterkenburg E, et al. 2015. New Phytologist 207:1145-1158 ((https://doi.org/10.1111/nph.13426))	Saccharomycetales
ASV1219	Fungi	Basidiomycota	Agaricomycetes	Agaricales	Lyophyllaceae	NA	NA	Lyophyllaceae	sSH1149399.09FU	0.9994709	Lyophyllaceae	D430CD68-3D0F-4B65-A514-B079A244738F	80005	9	Pathotroph-Saprotroph-Symbiotroph	Ectomycorrhizal-Fungal Pathogen-Undefined Saprotroph	Possible	Agaricoid	NULL	NULL	Kirk PM et al. 2008. Dictionary of the Fungi. Tenth Edition. CAB International, Wallingford (ISBN: 978-0851998268)	Lyophyllaceae
ASV1220	Fungi	Ascomycota	Taphrinomycetes	Taphrinales	Taphrinaceae	Taphrina	Taphrina_letifera	Taphrina_letifera	NA	0.9967455	Taphrinaceae	1CB1CDE3-36B9-11D5-9548-00D0592D548C	81450	9	Pathotroph	Plant Pathogen	Probable	Microfungus	NULL	Biotrophic on plants, usually causing hyperplasia (galls, witches broom) or lesions (Cannon & Kirk 2007)	Cannon PF, Kirk PM. 2007. Fungal Families of the World. CAB International, Cambridge (ISBN: 978-0851998275)	Taphrina_letifera
ASV1221	Fungi	Ascomycota	Lecanoromycetes	Ostropales	Stictidaceae	Eriospora	NA	Eriospora	NA	0.8434967	Stictidaceae	1CB1A605-36B9-11D5-9548-00D0592D548C	81429	9	Symbiotroph	Lichenized-Wood Saprotroph	Probable	Microfungus-Thallus	NULL	Saprobic on wood and stems, a few species lichenized or lignicolous (Cannon & Kirk 2007)	Cannon PF, Kirk PM. 2007. Fungal Families of the World. CAB International, Cambridge (ISBN: 978-0851998275)	Eriospora
ASV1222	Fungi	Ascomycota	Sordariomycetes	Togniniales	Togniniaceae	Phaeoacremonium	NA	Phaeoacremonium	NA	0.9999121	Phaeoacremonium	5348632F-1700-11D6-BEBB-00508BCA8DE8	27679	13	Pathotroph	|Plant Pathogen|	Probable	Microfungus	NULL	NULL	Tedersoo L, et al. 2014. Science 346:e1256688 ((https://doi.org/10.1126/science.1256688)); Põlme S, et al. 2020. Fungal Diversity 105:1-16 ((https://doi.org/10.1007/s13225-020-00466-2))	Phaeoacremonium
ASV1223	Fungi	Basidiomycota	Agaricomycetes	Trechisporales	Hydnodontaceae	Brevicellicium	Brevicellicium_olivascens	Brevicellicium_olivascens	sSH1251248.09FU	0.9903485	Brevicellicium	1CB1D085-36B9-11D5-9548-00D0592D548C	17197	13	Saprotroph	Undefined Saprotroph-|Wood Saprotroph|	Probable	Corticioid	White Rot	As white_rot (Põlme et al. 2020); Decay wood (Põlme et al. 2020)	Tedersoo L, et al. 2014. Science 346:e1256688 ((https://doi.org/10.1126/science.1256688)); Põlme S, et al. 2020. Fungal Diversity 105:1-16 ((https://doi.org/10.1007/s13225-020-00466-2))	Brevicellicium_olivascens
ASV1224	Fungi	Ascomycota	Dothideomycetes	Capnodiales	Dissoconiaceae	Ramichloridium	Ramichloridium_apiculatum	Ramichloridium_apiculatum	sSH1077958.09FU	0.7122495	Ramichloridium apiculatum	70AFAD63-54F5-4A37-8FF8-65A344C4BA4F	322313	20	Pathotroph-Symbiotroph	Endophyte-Plant Pathogen	Probable	NULL	NULL	Host - Orchidaceae	Costa IPMW, et al. 2012. Mycotaxon 119:e26 ((http://mycotaxon.com/resources/checklists/costa_v119_checklist.pdf))	Ramichloridium_apiculatum
ASV1225	Fungi	Basidiomycota	Agaricomycetes	Cantharellales	Botryobasidiaceae	NA	NA	Botryobasidiaceae	NA	0.8064127	Botryobasidiaceae	1CB1CCD1-36B9-11D5-9548-00D0592D548C	81744	9	Saprotroph	Undefined Saprotroph-Wood Saprotroph	Probable	Corticioid	NULL	Saprobic, typically on rotten wood (Cannon & Kirk 2007)	Cannon PF, Kirk PM. 2007. Fungal Families of the World. CAB International, Cambridge (ISBN: 978-0851998275)	Botryobasidiaceae
ASV1226	Fungi	Ascomycota	Dothideomycetes	Pleosporales	NA	NA	NA	Pleosporales	sSH0977862.09FU	0.9999750	NA	NA	NA	NA	NA	NA	NA	NA	NA	NA	NA	Pleosporales
ASV1227	Fungi	Basidiomycota	Agaricomycetes	Agaricales	Tricholomataceae	Resupinatus	NA	Resupinatus	sSH1133760.09FU	0.9952778	Tricholomataceae	008764C7-3F16-4577-B343-C50EF7B78211	81487	9	Pathotroph-Symbiotroph	Ectomycorrhizal-Fungal Parasite	Probable	Agaricoid	NULL	Tricholoma species are ectomycorrhizal, occurring in coniferous and broadleaved forests (Cannon & Kirk 2007); T. sclerotoideum is parasitic on Helvella spp.	Cannon PF, Kirk PM. 2007. Fungal Families of the World. CAB International, Cambridge (ISBN: 978-0851998275)	Resupinatus
ASV1228	Fungi	Ascomycota	Dothideomycetes	Mycosphaerellales	Teratosphaeriaceae	Lapidomyces	NA	Lapidomyces	sSH1084429.09FU	0.9843772	Teratosphaeriaceae	87A3FDCC-E75C-4F2E-B987-C7579847CE32	504465	9	Pathotroph-Saprotroph	Animal Pathogen-Plant Pathogen-Undefined Saprotroph	Probable	NULL	NULL	Includes numerous saprobic, extremophilic, human opportunistic, and plant pathogenic fungi (Quaedvlieg et al. 2014)	Quaedvlieg W, et al. 2014. Persoonia 3:31-40 ((https://doi.org/10.3767/003158514X681981))	Lapidomyces
ASV1229	Fungi	Basidiomycota	Agaricomycetes	Agaricales	Pleurotaceae	Hohenbuehelia	Hohenbuehelia_portegna	Hohenbuehelia_portegna	sSH1190501.09FU	0.9999981	Pleurotaceae	1CB1CDA3-36B9-11D5-9548-00D0592D548C	81191	9	Pathotroph-Saprotroph	Endophyte-Plant Pathogen-Wood Saprotroph	Probable	Agaricoid	White Rot	Sapwood rot on Pistacia; Saprobic on woody substrata, more rarely associated with roots of herbaceous plants. Many species are known to derive nutrition from nematodes, the hyphae with adhesive knobs or toxigenic secretory appendages (Cannon & Kirk 2007)	Cannon PF, Kirk PM. 2007. Fungal Families of the World. CAB International, Cambridge (ISBN: 978-0851998275); Costa IPMW, et al. 2012. Mycotaxon 119:e26 ((http://mycotaxon.com/resources/checklists/costa_v119_checklist.pdf)); The American Phytopathological Society Common Names of Plant Diseases ((http://www.apsnet.org/publications/commonnames/Pages/default.aspx))	Hohenbuehelia_portegna
ASV1230	Fungi	Ascomycota	Archaeorhizomycetes	Archaeorhizomycetales	Archaeorhizomycetaceae	Archaeorhizomyces	NA	Archaeorhizomyces	sSH1003347.09FU	0.9883108	Archaeorhizomyces	0F9DE1D2-B4EC-400D-967F-922D55082CB4	561765	13	Saprotroph	|Undefined Saprotroph|	Probable	Microfungus	NULL	As soil_saprotroph (Põlme et al. 2020); Decay roots, soil (Põlme et al. 2020); From rhizosphere soil and coniferous ectomycorrhizal root tips (Rosling et al. 2011)	Rosling A, et al. 2011. Science 333:876-879 ((https://doi.org/10.1126/science.1206958)); Põlme S, et al. 2020. Fungal Diversity 105:1-16 ((https://doi.org/10.1007/s13225-020-00466-2))	Archaeorhizomyces
ASV1231	Fungi	Ascomycota	Orbiliomycetes	Orbiliales	Orbiliaceae	NA	NA	Orbiliaceae	sSH1068271.09FU	0.9996631	Orbiliaceae	1CB19716-36B9-11D5-9548-00D0592D548C	81091	9	Saprotroph	Wood Saprotroph	Probable	Microfungus	NULL	Saprobic, found especially on wood in both wet and dry habitats. Many species are nematophagous, forming adhesive knobs, nets or ring-like traps in the presence of a food source; perhaps a strategy for life in low-nitrogen environments. There have been reports of associations with algae for a few species, but an established lichen association appears not to exist (Cannon & Kirk 2007)	Cannon PF, Kirk PM. 2007. Fungal Families of the World. CAB International, Cambridge (ISBN: 978-0851998275)	Orbiliaceae
ASV1232	Fungi	Ascomycota	Saccharomycetes	Saccharomycetales	NA	NA	NA	Saccharomycetales	sSH1041882.09FU	0.8566091	Saccharomycetales	B73A15F4-AB90-4E11-B6D7-E0BE710B986C	816369	7	Saprotroph	Undefined Saprotroph	Possible	Yeast	NULL	NULL	Sterkenburg E, et al. 2015. New Phytologist 207:1145-1158 ((https://doi.org/10.1111/nph.13426))	Saccharomycetales
ASV1233	Fungi	Ascomycota	NA	NA	NA	NA	NA	Ascomycota	sSH1326800.09FU	1.0000000	NA	NA	NA	NA	NA	NA	NA	NA	NA	NA	NA	Ascomycota
ASV1234	Fungi	Basidiomycota	Agaricomycetes	Polyporales	Meruliaceae	Mycoacia	Mycoacia_nothofagi	Mycoacia_nothofagi	sSH1264936.09FU	0.9835685	Meruliaceae	9E12B0B5-1D82-4978-AF3D-6EC22C257619	89005	9	Pathotroph-Saprotroph	Plant Pathogen-Undefined Saprotroph	Probable	Corticioid-Polyporoid	NULL	Saprobic or parasitic on woody plants, causing a white rot (Cannon & Kirk 2007)	Cannon PF, Kirk PM. 2007. Fungal Families of the World. CAB International, Cambridge (ISBN: 978-0851998275)	Mycoacia_nothofagi
ASV1235	Fungi	Ascomycota	Dothideomycetes	Myriangiales	Elsinoaceae	Elsinoe	NA	Elsinoe	NA	0.9730328	Elsinoaceae	1CB1CD15-36B9-11D5-9548-00D0592D548C	82022	9	Pathotroph	Plant Pathogen	Probable	Microfungus	NULL	Biotrophic or necrotrophic on leaves, stems and fruits of a wide range of plants (Cannon & Kirk 2007)	Cannon PF, Kirk PM. 2007. Fungal Families of the World. CAB International, Cambridge (ISBN: 978-0851998275)	Elsinoe
ASV1236	Fungi	Basidiomycota	Agaricomycetes	NA	Xenasmataceae	Xenasmatella	NA	Xenasmatella	NA	0.9980208	Xenasmatella	1CB1CC85-36B9-11D5-9548-00D0592D548C	18756	13	Saprotroph	Undefined Saprotroph-|Wood Saprotroph|	Probable	Corticioid	White Rot	As white_rot (Põlme et al. 2020); Decay wood (Põlme et al. 2020)	Tedersoo L, et al. 2014. Science 346:e1256688 ((https://doi.org/10.1126/science.1256688)); Põlme S, et al. 2020. Fungal Diversity 105:1-16 ((https://doi.org/10.1007/s13225-020-00466-2))	Xenasmatella
ASV1237	Fungi	Basidiomycota	Agaricomycetes	Polyporales	Phanerochaetaceae	Hyphodermella	NA	Hyphodermella	sSH1216880.09FU	0.7460983	Hyphodermella	700BB18B-97CD-446F-9AB1-387549071314	17824	13	Saprotroph	Undefined Saprotroph-|Wood Saprotroph|	Probable	Corticioid	White Rot	As white_rot (Põlme et al. 2020); Decay wood (Põlme et al. 2020)	Tedersoo L, et al. 2014. Science 346:e1256688 ((https://doi.org/10.1126/science.1256688)); Põlme S, et al. 2020. Fungal Diversity 105:1-16 ((https://doi.org/10.1007/s13225-020-00466-2))	Hyphodermella
ASV1238	Fungi	Basidiomycota	Cystobasidiomycetes	NA	Symmetrosporaceae	Symmetrospora	Symmetrospora_coprosmae	Symmetrospora_coprosmae	sSH3798314.09FU	0.9916670	Symmetrospora	087AD0E3-3941-4D4D-B6AD-C4299E0B7B7F	813117	13	Saprotroph-Symbiotroph	|Epiphyte|-Plant Saprotroph	Probable	Yeast	NULL	As litter_saprotroph (Põlme et al. 2020); Decay leaf, fruit, seed (Põlme et al. 2020)	Põlme S, et al. 2020. Fungal Diversity 105:1-16 ((https://doi.org/10.1007/s13225-020-00466-2))	Symmetrospora_coprosmae
ASV1239	Fungi	Ascomycota	Dothideomycetes	Pleosporales	Coniothyriaceae	Coniothyrium	NA	Coniothyrium	sSH0896671.09FU	0.9999540	Coniothyrium	1CB18491-36B9-11D5-9548-00D0592D548C	7765	13	Pathotroph-Saprotroph	Fungal Parasite-|Plant Pathogen|-Plant Saprotroph-Wood Saprotroph	Highly Probable	Microfungus	Soft Rot	As litter_saprotroph (Põlme et al. 2020); As mycoparasite (Põlme et al. 2020); Decay leaf, fruit, seed, wood (Põlme et al. 2020)	Duncan CG, Eslyn WE. 1966. Mycologia 58:642-664 ((https://doi.org/10.2307/3757045)); Nilsson T. 1973. Studia Forestalia Suecica 104:1-40 ((https://res.slu.se/id/publ/125502)); Seehann G, et al. 1975. List of Fungi in Soft-Rot Tissue Tests. Institute fur Holzbiologie und Holzschutz, Bundesforschungsanstalt fur Forst - und Holzwirtshaft, Hamburg - Lohbrugge, Germany ((https://www.irg-wp.com/irgdocs/details.php?d6493033-c9ea-40f3-8e3e-5697f32d640d)); Põlme S, et al. 2020. Fungal Diversity 105:1-16 ((https://doi.org/10.1007/s13225-020-00466-2)); The American Phytopathological Society Common Names of Plant Diseases ((https://www.apsnet.org/edcenter/resources/commonnames/Pages/default.aspx))	Coniothyrium
ASV1240	Fungi	Ascomycota	NA	NA	NA	NA	NA	Ascomycota	sSH1148262.09FU	0.9147296	NA	NA	NA	NA	NA	NA	NA	NA	NA	NA	NA	Ascomycota
ASV1241	Fungi	Basidiomycota	Agaricomycetes	Cantharellales	NA	NA	NA	Cantharellales	sSH1193668.09FU	0.9988380	NA	NA	NA	NA	NA	NA	NA	NA	NA	NA	NA	Cantharellales
ASV1242	Fungi	Ascomycota	Dothideomycetes	Pleosporales	Phaeosphaeriaceae	Parastagonospora	NA	Parastagonospora	sSH0942262.09FU	0.9852927	Phaeosphaeriaceae	1CB1CD8E-36B9-11D5-9548-00D0592D548C	81637	9	Pathotroph-Saprotroph	Fungal Parasite-Plant Pathogen-Plant Saprotroph	Probable	Microfungus	NULL	Necrotrophic or saprobic on a wide range of plants, especially monocotyledons; a few species parasitic on other fungi (Cannon & Kirk 2007)	Cannon PF, Kirk PM. 2007. Fungal Families of the World. CAB International, Cambridge (ISBN: 978-0851998275)	Parastagonospora
ASV1243	Fungi	Basidiomycota	Agaricomycetes	Polyporales	Meruliaceae	Phlebia	Phlebia_subochracea	Phlebia_subochracea	sSH1126590.09FU	0.9999999	Meruliaceae	9E12B0B5-1D82-4978-AF3D-6EC22C257619	89005	9	Pathotroph-Saprotroph	Plant Pathogen-Undefined Saprotroph	Probable	Corticioid-Polyporoid	NULL	Saprobic or parasitic on woody plants, causing a white rot (Cannon & Kirk 2007)	Cannon PF, Kirk PM. 2007. Fungal Families of the World. CAB International, Cambridge (ISBN: 978-0851998275)	Phlebia_subochracea
ASV1244	Fungi	Basidiomycota	Agaricomycetes	Polyporales	Phanerochaetaceae	Hyphodermella	Hyphodermella_rosae	Hyphodermella_rosae	sSH1216949.09FU	0.9966112	Hyphodermella	700BB18B-97CD-446F-9AB1-387549071314	17824	13	Saprotroph	Undefined Saprotroph-|Wood Saprotroph|	Probable	Corticioid	White Rot	As white_rot (Põlme et al. 2020); Decay wood (Põlme et al. 2020)	Tedersoo L, et al. 2014. Science 346:e1256688 ((https://doi.org/10.1126/science.1256688)); Põlme S, et al. 2020. Fungal Diversity 105:1-16 ((https://doi.org/10.1007/s13225-020-00466-2))	Hyphodermella_rosae
ASV1245	Fungi	Ascomycota	Eurotiomycetes	Eurotiales	Aspergillaceae	Talaromyces	Talaromyces_ryukyuensis	Talaromyces_ryukyuensis	sSH1388690.09FU	0.9400826	Eurotiales	1CB1CE25-36B9-11D5-9548-00D0592D548C	90472	7	Saprotroph	Undefined Saprotroph	Possible	Microfungus	NULL	NULL	Sterkenburg E, et al. 2015. New Phytologist 207:1145-1158 ((https://doi.org/10.1111/nph.13426))	Talaromyces_ryukyuensis
ASV1246	Fungi	Basidiomycota	Exobasidiomycetes	NA	NA	NA	NA	Exobasidiomycetes	sSH1252391.09FU	0.9588920	NA	NA	NA	NA	NA	NA	NA	NA	NA	NA	NA	Exobasidiomycetes
ASV1247	Fungi	Basidiomycota	Agaricomycetes	Hymenochaetales	Schizoporaceae	Xylodon	Xylodon_asperus	Xylodon_asperus	sSH1236528.09FU	0.9960432	Schizoporaceae	1CB1CDC9-36B9-11D5-9548-00D0592D548C	80038	9	Saprotroph	Wood Saprotroph	Probable	Corticioid	White Rot	Saprobic, causing white rot of standing and fallen wood of coniferous and broadleaved trees, rarely on herbaceous stems (Cannon & Kirk 2007)	Cannon PF, Kirk PM. 2007. Fungal Families of the World. CAB International, Cambridge (ISBN: 978-0851998275)	Xylodon_asperus
ASV1248	Fungi	Basidiomycota	Agaricomycetes	Russulales	Peniophoraceae	Peniophora	Peniophora_pithya	Peniophora_pithya	sSH1068898.09FU	0.9999880	Peniophoraceae	1CB1CD8B-36B9-11D5-9548-00D0592D548C	81123	9	Pathotroph-Saprotroph	Plant Pathogen-Wood Saprotroph	Probable	Corticioid	White Rot	Most species are saprobic, causing rots of standing and fallen wood. Many species are adapted to xeric conditions, being able to grow on rapidly drying dead attached branches (Cannon & Kirk 2007)	Cannon PF, Kirk PM. 2007. Fungal Families of the World. CAB International, Cambridge (ISBN: 978-0851998275)	Peniophora_pithya
ASV1249	Fungi	Ascomycota	Dothideomycetes	Pleosporales	Massarinaceae	Phragmocamarosporium	Phragmocamarosporium_qujingensis	Phragmocamarosporium_qujingensis	sSH0906675.09FU	0.9997102	Massarinaceae	4068CDF9-F69E-41F5-BB5F-1834BD4F01F1	80979	9	Pathotroph-Saprotroph	Plant Pathogen-Undefined Saprotroph	Probable	Microfungus	NULL	NULL	Kirk PM et al. 2008. Dictionary of the Fungi. Tenth Edition. CAB International, Wallingford (ISBN: 978-0851998268)	Phragmocamarosporium_qujingensis
ASV1250	Fungi	Ascomycota	Sordariomycetes	Hypocreales	Nectriaceae	Fusarium	NA	Fusarium	NA	0.8505514	Nectriaceae	1CB1CD7A-36B9-11D5-9548-00D0592D548C	81059	9	Pathotroph-Saprotroph-Symbiotroph	Animal Pathogen-Endophyte-Fungal Parasite-Lichen Parasite-Plant Pathogen-Wood Saprotroph	Possible	Microfungus	NULL	Fusarium species are amongst the economically significant plant pathogens (Cannon & Kirk 2007)	Cannon PF, Kirk PM. 2007. Fungal Families of the World. CAB International, Cambridge (ISBN: 978-0851998275); Hirooka Y, et al. 2012. Studies in Mycology 711-210 ((https://doi.org/10.3114/sim0001)); Tedersoo L, et al. 2014. Science 346:e1256688 ((https://doi.org/10.1126/science.1256688)); The American Phytopathological Society Common Names of Plant Diseases ((http://www.apsnet.org/publications/commonnames/Pages/default.aspx)); https://www.cdc.gov ((https://www.cdc.gov))	Fusarium
ASV1251	Fungi	Ascomycota	Eurotiomycetes	Eurotiales	Aspergillaceae	Talaromyces	NA	Talaromyces	NA	0.9993912	Eurotiales	1CB1CE25-36B9-11D5-9548-00D0592D548C	90472	7	Saprotroph	Undefined Saprotroph	Possible	Microfungus	NULL	NULL	Sterkenburg E, et al. 2015. New Phytologist 207:1145-1158 ((https://doi.org/10.1111/nph.13426))	Talaromyces
ASV1252	Fungi	Basidiomycota	Tremellomycetes	Tremellales	Cuniculitremaceae	Fellomyces	Fellomyces_penicillatus	Fellomyces_penicillatus	sSH1134336.09FU	0.9999556	Tremellales	1CB1CE64-36B9-11D5-9548-00D0592D548C	90451	7	Pathotroph-Saprotroph-Symbiotroph	Fungal Parasite-Undefined Saprotroph	Possible	Tremelloid-Yeast	NULL	The order contains both teleomorphic and anamorphic species, most of the latter being yeasts	Sterkenburg E, et al. 2015. New Phytologist 207:1145-1158 ((https://doi.org/10.1111/nph.13426))	Fellomyces_penicillatus
ASV1253	Fungi	Basidiomycota	Cystobasidiomycetes	NA	Microsporomycetaceae	Microsporomyces	Microsporomyces_pini	Microsporomyces_pini	sSH1101066.09FU	0.9973336	Microsporomyces	4E91FE64-1FAF-4102-BD14-8794D59FBA2A	813135	13	Saprotroph-Symbiotroph	|Epiphyte|-Plant Saprotroph	Probable	Yeast	NULL	As litter_saprotroph (Põlme et al. 2020); Decay leaf, fruit, seed (Põlme et al. 2020)	Põlme S, et al. 2020. Fungal Diversity 105:1-16 ((https://doi.org/10.1007/s13225-020-00466-2))	Microsporomyces_pini
ASV1254	Fungi	Basidiomycota	Tremellomycetes	Tremellales	NA	NA	NA	Tremellales	NA	0.9929768	Tremellales	1CB1CE64-36B9-11D5-9548-00D0592D548C	90451	7	Pathotroph-Saprotroph-Symbiotroph	Fungal Parasite-Undefined Saprotroph	Possible	Tremelloid-Yeast	NULL	The order contains both teleomorphic and anamorphic species, most of the latter being yeasts	Sterkenburg E, et al. 2015. New Phytologist 207:1145-1158 ((https://doi.org/10.1111/nph.13426))	Tremellales
ASV1255	Fungi	Ascomycota	Eurotiomycetes	Chaetothyriales	Cyphellophoraceae	Cyphellophora	NA	Cyphellophora	sSH1205928.09FU	0.8043404	Cyphellophoraceae	E47C91B2-59D9-4C3C-AC54-9038AE2E4FE1	803682	9	Pathotroph-Saprotroph	Animal Pathogen-Undefined Saprotroph	Probable	Facultative Yeast-Microfungus	NULL	Consult the current literature for updated names on this group that included the Black Yeasts; Some species are likely opportunistic human pathogen (Irinyi et al. 2015)	Tedersoo L, et al. 2014. Science 346:e1256688 ((https://doi.org/10.1126/science.1256688)); Irinyi L, et al. 2015. Medical Mycology 53:313-337 ((https://doi.org/10.1093/mmy/myv008))	Cyphellophora
ASV1256	Fungi	Basidiomycota	Agaricomycetes	Polyporales	Incrustoporiaceae	Skeletocutis	Skeletocutis_diluta	Skeletocutis_diluta	sSH1010832.09FU	0.9999918	Skeletocutis	1CB1A2C9-36B9-11D5-9548-00D0592D548C	18554	13	Saprotroph	|Wood Saprotroph|	Highly Probable	Polyporoid	White Rot	As white_rot (Põlme et al. 2020); Decay wood (Põlme et al. 2020)	Gilbertson RL, Ryvarden L. 1987-1987. North American Polypores. Fungiflora, Oslo (ISBN: 978-0945345060); Põlme S, et al. 2020. Fungal Diversity 105:1-16 ((https://doi.org/10.1007/s13225-020-00466-2))	Skeletocutis_diluta
ASV1257	Fungi	Basidiomycota	NA	NA	NA	NA	NA	Basidiomycota	NA	0.7397144	NA	NA	NA	NA	NA	NA	NA	NA	NA	NA	NA	Basidiomycota
ASV1258	Fungi	Basidiomycota	Wallemiomycetes	Wallemiales	Wallemiaceae	Wallemia	Wallemia_mellicola	Wallemia_mellicola	sSH1482376.09FU	0.9696974	Wallemia	1AFF3730-16EA-11D6-BEBB-00508BCA8DE8	10428	13	Saprotroph	|Undefined Saprotroph|	Probable	Microfungus	NULL	Decay sugar-rich substrates (Põlme et al. 2020)	Tedersoo L, et al. 2014. Science 346:e1256688 ((https://doi.org/10.1126/science.1256688)); Põlme S, et al. 2020. Fungal Diversity 105:1-16 ((https://doi.org/10.1007/s13225-020-00466-2))	Wallemia_mellicola
ASV1259	Fungi	Basidiomycota	Cystobasidiomycetes	Erythrobasidiales	Erythrobasidiaceae	Erythrobasidium	NA	Erythrobasidium	NA	1.0000000	Erythrobasidium	10CFACC8-EC30-446D-8655-EE8E62F117D9	11244	13	Pathotroph-Saprotroph	|Fungal Parasite|-Undefined Saprotroph	Possible	Yeast	NULL	As mycoparasite (Põlme et al. 2020); Decay fungal material (Põlme et al. 2020)	Sugiyama J, Hamamoto M. 1998. The Yeasts 4:654-655 ((https://doi.org/10.1016/B978-044481312-1/50086-1)); Põlme S, et al. 2020. Fungal Diversity 105:1-16 ((https://doi.org/10.1007/s13225-020-00466-2))	Erythrobasidium
ASV1260	Fungi	Ascomycota	Dothideomycetes	Pleosporales	Didymosphaeriaceae	Paraconiothyrium	Paraconiothyrium_estuarinum	Paraconiothyrium_estuarinum	sSH1068224.09FU	0.9103046	Didymosphaeriaceae	1CB1CD0B-36B9-11D5-9548-00D0592D548C	80702	9	Pathotroph-Saprotroph-Symbiotroph	Endophyte-Lichen Parasite-Plant Pathogen-Undefined Saprotroph	Probable	Microfungus	NULL	Saprobes in both woody and herbaceous material, also parasitic on other fungi (Cannon & Kirk 2007)	Cannon PF, Kirk PM. 2007. Fungal Families of the World. CAB International, Cambridge (ISBN: 978-0851998275); Massimo NC, et al. 2015. Microbial Ecology 70:61-76 ((https://doi.org/10.1007/s00248-014-0563-6))	Paraconiothyrium_estuarinum
ASV1261	Fungi	Ascomycota	Eurotiomycetes	Eurotiales	Aspergillaceae	Paecilomyces	NA	Paecilomyces	NA	0.9999859	Eurotiales	1CB1CE25-36B9-11D5-9548-00D0592D548C	90472	7	Saprotroph	Undefined Saprotroph	Possible	Microfungus	NULL	NULL	Sterkenburg E, et al. 2015. New Phytologist 207:1145-1158 ((https://doi.org/10.1111/nph.13426))	Paecilomyces
ASV1262	Fungi	Ascomycota	Lecanoromycetes	Caliciales	Caliciaceae	Amandinea	Amandinea_lecideina	Amandinea_lecideina	sSH0913124.09FU	0.9985529	Caliciaceae	1CB1CCD4-36B9-11D5-9548-00D0592D548C	80543	9	Pathotroph-Saprotroph-Symbiotroph	Lichenized	Probable	Thallus	NULL	Almost all lichen-forming with Trebouxia photobionts on bark and dead wood, rarely saprobic or lichenicolous (Cannon & Kirk 2007)	Cannon PF, Kirk PM. 2007. Fungal Families of the World. CAB International, Cambridge (ISBN: 978-0851998275)	Amandinea_lecideina
ASV1263	Fungi	Ascomycota	Dothideomycetes	NA	NA	NA	NA	Dothideomycetes	NA	0.8144475	NA	NA	NA	NA	NA	NA	NA	NA	NA	NA	NA	Dothideomycetes
ASV1264	Fungi	Ascomycota	Dothideomycetes	Pleosporales	Cucurbitariaceae	NA	NA	Cucurbitariaceae	NA	0.9988000	Cucurbitariaceae	E7FBF69C-E136-452E-91BC-894D30ABD816	816502	9	Pathotroph-Saprotroph	Plant Pathogen-Wood Saprotroph	Probable	Microfungus	NULL	Necrotrophic or saprobic on woody plants (Cannon & Kirk 2007)	Cannon PF, Kirk PM. 2007. Fungal Families of the World. CAB International, Cambridge (ISBN: 978-0851998275); Tedersoo L, et al. 2014. Science 346:e1256688 ((https://doi.org/10.1126/science.1256688))	Cucurbitariaceae
ASV1265	Fungi	Ascomycota	Dothideomycetes	Mycosphaerellales	Teratosphaeriaceae	Parateratosphaeria	NA	Parateratosphaeria	sSH1084124.09FU	0.7843381	Teratosphaeriaceae	87A3FDCC-E75C-4F2E-B987-C7579847CE32	504465	9	Pathotroph-Saprotroph	Animal Pathogen-Plant Pathogen-Undefined Saprotroph	Probable	NULL	NULL	Includes numerous saprobic, extremophilic, human opportunistic, and plant pathogenic fungi (Quaedvlieg et al. 2014)	Quaedvlieg W, et al. 2014. Persoonia 3:31-40 ((https://doi.org/10.3767/003158514X681981))	Parateratosphaeria
ASV1266	Fungi	Ascomycota	Dothideomycetes	Capnodiales	NA	Pseudoramichloridium	Pseudoramichloridium_brasilianum	Pseudoramichloridium_brasilianum	sSH0993858.09FU	0.9017032	Pseudoramichloridium	ED63B444-E932-411E-8175-0E79A1F9690C	513854	13	Pathotroph-Saprotroph	Plant Pathogen-|Undefined Saprotroph|	Probable	Microfungus	NULL	As soil_saprotroph (Põlme et al. 2020); Decay leaf, fruit, seed, soil (Põlme et al. 2020)	Põlme S, et al. 2020. Fungal Diversity 105:1-16 ((https://doi.org/10.1007/s13225-020-00466-2))	Pseudoramichloridium_brasilianum
ASV1267	Fungi	Ascomycota	Dothideomycetes	Pleosporales	NA	NA	NA	Pleosporales	NA	0.7391814	NA	NA	NA	NA	NA	NA	NA	NA	NA	NA	NA	Pleosporales
ASV1268	Fungi	Basidiomycota	Agaricomycetes	Cantharellales	Hydnaceae	Sistotrema	NA	Sistotrema	sSH1060722.09FU	0.9991280	Sistotrema	1CB1CB70-36B9-11D5-9548-00D0592D548C	18551	13	Saprotroph-Symbiotroph	Ectomycorrhizal-|Plant Saprotroph|-Wood Saprotroph	Possible	Corticioid	White Rot	As litter_saprotroph (Põlme et al. 2020); Decay leaf, fruit, seed (Põlme et al. 2020)	Gilbertson RL, Ryvarden L. 1987-1987. North American Polypores. Fungiflora, Oslo (ISBN: 978-0945345060); Rinaldi AC, et al. 2008. Fungal Diversity 33:1-45 ((http://www.fungaldiversity.org/fdp/sfdp/33-1.pdf)) (as ECM/not ECM); Tedersoo L, et al. 2010. Mycorrhiza 20:217-263 ((https://doi.org/10.1007/s00572-009-0274-x)) (pro parte); Põlme S, et al. 2020. Fungal Diversity 105:1-16 ((https://doi.org/10.1007/s13225-020-00466-2)); http://mycorrhizas.info/ecmf.html ((http://mycorrhizas.info/ecmf.html)) (as ECM/not ECM).	Sistotrema
ASV1269	Fungi	Basidiomycota	Malasseziomycetes	Malasseziales	Malasseziaceae	Malassezia	Malassezia_globosa	Malassezia_globosa	NA	0.9491436	Malassezia globosa	F1F29626-8A54-47B9-8504-B0081052AAAA	437919	20	Pathotroph	Animal Pathogen	Probable	Facultative Yeast	NULL	Opportunistic human pathogen; Needs lipids to grow (Kurtzman et al. 2011)	Kurtzman CP, et al. (eds.) 2011. The Yeasts, a Taxonomic Study. Fifth Edition. Vols 1-3. Elsevier, San Diego (ISBN: 9780444521491); https://www.cdc.gov ((https://www.cdc.gov))	Malassezia_globosa
ASV1270	Fungi	Basidiomycota	Exobasidiomycetes	Tilletiales	Tilletiaceae	Erratomyces	Erratomyces_patelii	Erratomyces_patelii	sSH1716282.09FU	0.9842586	Tilletiaceae	1CB1CDEA-36B9-11D5-9548-00D0592D548C	81912	9	Pathotroph	Plant Pathogen	Probable	Smut	NULL	Biotrophic in ovaries, more rarely leaf and stem tissue, of grasses. Erratomyces occurs on legumes and appears to be a basal representative of the family (Cannon & Kirk 2007)	Cannon PF, Kirk PM. 2007. Fungal Families of the World. CAB International, Cambridge (ISBN: 978-0851998275)	Erratomyces_patelii
ASV1271	Fungi	Ascomycota	Dothideomycetes	Mycosphaerellales	Mycosphaerellaceae	Acrodontium	Acrodontium_crateriforme	Acrodontium_crateriforme	sSH1084030.09FU	0.9981693	Mycosphaerellaceae	1CB1CD75-36B9-11D5-9548-00D0592D548C	81043	9	Pathotroph-Saprotroph	Plant Pathogen-Undefined Saprotroph	Probable	Microfungus	NULL	Biotrophic, necrotrophic or saprobic on various plant tissues (Cannon & Kirk 2007)	Cannon PF, Kirk PM. 2007. Fungal Families of the World. CAB International, Cambridge (ISBN: 978-0851998275)	Acrodontium_crateriforme
ASV1272	Fungi	Ascomycota	Dothideomycetes	Pleosporales	Phaeosphaeriaceae	Phaeosphaeria	NA	Phaeosphaeria	sSH1092114.09FU	0.9998269	Phaeosphaeriaceae	1CB1CD8E-36B9-11D5-9548-00D0592D548C	81637	9	Pathotroph-Saprotroph	Fungal Parasite-Plant Pathogen-Plant Saprotroph	Probable	Microfungus	NULL	Necrotrophic or saprobic on a wide range of plants, especially monocotyledons; a few species parasitic on other fungi (Cannon & Kirk 2007)	Cannon PF, Kirk PM. 2007. Fungal Families of the World. CAB International, Cambridge (ISBN: 978-0851998275)	Phaeosphaeria
ASV1273	Fungi	Ascomycota	Sordariomycetes	Hypocreales	NA	Acremonium	Acremonium_sclerotigenum	Acremonium_sclerotigenum	sSH1291669.09FU	0.9854029	Hypocreales	1CB18E60-36B9-11D5-9548-00D0592D548C	90477	7	Saprotroph	Undefined Saprotroph	Possible	Microfungus	NULL	NULL	Sterkenburg E, et al. 2015. New Phytologist 207:1145-1158 ((https://doi.org/10.1111/nph.13426))	Acremonium_sclerotigenum
ASV1274	Fungi	Ascomycota	Dothideomycetes	Pleosporales	Phaeosphaeriaceae	Phaeosphaeria	Phaeosphaeria_halima	Phaeosphaeria_halima	sSH0970706.09FU	0.9723903	Phaeosphaeriaceae	1CB1CD8E-36B9-11D5-9548-00D0592D548C	81637	9	Pathotroph-Saprotroph	Fungal Parasite-Plant Pathogen-Plant Saprotroph	Probable	Microfungus	NULL	Necrotrophic or saprobic on a wide range of plants, especially monocotyledons; a few species parasitic on other fungi (Cannon & Kirk 2007)	Cannon PF, Kirk PM. 2007. Fungal Families of the World. CAB International, Cambridge (ISBN: 978-0851998275)	Phaeosphaeria_halima
ASV1275	Fungi	Basidiomycota	Agaricomycetes	Corticiales	Corticiaceae	Limonomyces	NA	Limonomyces	NA	0.9989454	Corticiaceae	1CB1CCF9-36B9-11D5-9548-00D0592D548C	80648	9	Pathotroph-Saprotroph	Lichen Parasite-Plant Pathogen-Wood Saprotroph	Possible	Corticioid-Microfungus	NULL	Saprobes or pathogens on a wide range of mainly woody substrata; a few species are lichenicolous and some are grass pathogens (Cannon & Kirk 2007)	Cannon PF, Kirk PM. 2007. Fungal Families of the World. CAB International, Cambridge (ISBN: 978-0851998275)	Limonomyces
ASV1276	Fungi	NA	NA	NA	NA	NA	NA	NA	NA	0.8399880	NA	NA	NA	NA	NA	NA	NA	NA	NA	NA	NA	NA
ASV1277	Fungi	NA	NA	NA	NA	NA	NA	NA	NA	0.8988472	NA	NA	NA	NA	NA	NA	NA	NA	NA	NA	NA	NA
ASV1278	Fungi	NA	NA	NA	NA	NA	NA	NA	NA	0.9287282	NA	NA	NA	NA	NA	NA	NA	NA	NA	NA	NA	NA
ASV1279	Fungi	Basidiomycota	Microbotryomycetes	NA	Chrysozymaceae	Fellozyma	Fellozyma_inositophila	Fellozyma_inositophila	sSH1235980.09FU	0.9532617	Fellozyma	4F70A631-8D03-48CE-A036-A3B0A32AD990	813184	13	Saprotroph	|Undefined Saprotroph|	Probable	Yeast	NULL	As soil_saprotroph (Põlme et al. 2020); Decay soil (Põlme et al. 2020)	Põlme S, et al. 2020. Fungal Diversity 105:1-16 ((https://doi.org/10.1007/s13225-020-00466-2))	Fellozyma_inositophila
ASV1280	Fungi	Basidiomycota	Agaricomycetes	Trechisporales	Hydnodontaceae	Trechispora	NA	Trechispora	NA	0.7357780	Trechispora	1CB1CC1A-36B9-11D5-9548-00D0592D548C	18664	13	Saprotroph	|Wood Saprotroph|	Highly Probable	Corticioid	White Rot	As white_rot (Põlme et al. 2020); Decay wood (Põlme et al. 2020)	Gilbertson RL, Ryvarden L. 1987-1987. North American Polypores. Fungiflora, Oslo (ISBN: 978-0945345060); Rinaldi AC, et al. 2008. Fungal Diversity 33:1-45 ((http://www.fungaldiversity.org/fdp/sfdp/33-1.pdf)) (as Uncertain); Tedersoo L, et al. 2010. Mycorrhiza 20:217-263 ((https://doi.org/10.1007/s00572-009-0274-x)) (as not ECM).; Põlme S, et al. 2020. Fungal Diversity 105:1-16 ((https://doi.org/10.1007/s13225-020-00466-2))	Trechispora
ASV1281	Fungi	NA	NA	NA	NA	NA	NA	NA	NA	0.8495162	NA	NA	NA	NA	NA	NA	NA	NA	NA	NA	NA	NA
ASV1282	Fungi	Ascomycota	Leotiomycetes	Erysiphales	Erysiphaceae	Phyllactinia	NA	Phyllactinia	NA	0.7444718	Erysiphaceae	1CB1CD1B-36B9-11D5-9548-00D0592D548C	80754	9	Pathotroph	Plant Pathogen	Probable	Microfungus	NULL	Biotrophic, with affected plant tissues damaged but usually not killing outright (Cannon & Kirk 2007); Common name - powdery mildew	Cannon PF, Kirk PM. 2007. Fungal Families of the World. CAB International, Cambridge (ISBN: 978-0851998275)	Phyllactinia
ASV1283	Fungi	Basidiomycota	Dacrymycetes	Dacrymycetales	Dacrymycetaceae	Dacrymyces	Dacrymyces_stillatus	Dacrymyces_stillatus	NA	0.9999401	Dacrymycetaceae	1CB1CD05-36B9-11D5-9548-00D0592D548C	81853	9	Saprotroph	Wood Saprotroph	Probable	Tremelloid	NULL	Saprobic on rotten coniderous or broadleaved wood and bark (Cannon & Kirk 2007)	Cannon PF, Kirk PM. 2007. Fungal Families of the World. CAB International, Cambridge (ISBN: 978-0851998275)	Dacrymyces_stillatus
ASV1284	Fungi	Basidiomycota	Agaricomycetes	Russulales	NA	NA	NA	Russulales	sSH0919681.09FU	1.0000000	NA	NA	NA	NA	NA	NA	NA	NA	NA	NA	NA	Russulales
ASV1285	Fungi	Basidiomycota	Agaricomycetes	Hymenochaetales	Schizoporaceae	Xylodon	Xylodon_radula	Xylodon_radula	sSH1203547.09FU	0.9973408	Schizoporaceae	1CB1CDC9-36B9-11D5-9548-00D0592D548C	80038	9	Saprotroph	Wood Saprotroph	Probable	Corticioid	White Rot	Saprobic, causing white rot of standing and fallen wood of coniferous and broadleaved trees, rarely on herbaceous stems (Cannon & Kirk 2007)	Cannon PF, Kirk PM. 2007. Fungal Families of the World. CAB International, Cambridge (ISBN: 978-0851998275)	Xylodon_radula
ASV1286	Fungi	Basidiomycota	Agaricomycetes	Agaricales	Agaricaceae	Ripartitella	Ripartitella_brasiliensis	Ripartitella_brasiliensis	sSH1224952.09FU	0.9999588	Agaricaceae	1CB1CCAB-36B9-11D5-9548-00D0592D548C	80434	9	Saprotroph	Undefined Saprotroph	Probable	Agaricoid-Gasteroid-Secotioid	NULL	Primarily saprobes in grassland and woodland situations (Cannon & Kirk 2007)	Cannon PF, Kirk PM. 2007. Fungal Families of the World. CAB International, Cambridge (ISBN: 978-0851998275)	Ripartitella_brasiliensis
ASV1287	Fungi	Ascomycota	Leotiomycetes	Helotiales	Mollisiaceae	Mollisia	NA	Mollisia	sSH0934529.09FU	0.7414624	Mollisia	1CB193E8-36B9-11D5-9548-00D0592D548C	3239	13	Pathotroph-Saprotroph-Symbiotroph	Endophyte-|Plant Pathogen|-Plant Saprotroph	Probable	Microfungus-Pezizoid	Soft Rot	As foliar_endophyte (Põlme et al. 2020); As litter_saprotroph (Põlme et al. 2020); Dark Septate Endophyte, known from plant roots.; Decay leaf, fruit, seed (Põlme et al. 2020)	James TY, et al. 2006. Nature 443:818-822 ((https://doi.org/10.1038/nature05110)); Tedersoo L, et al. 2014. Science 346:1256688 ((https://doi.org/10.1126/science.1256688)) (as Plant Pathogen); Põlme S, et al. 2020. Fungal Diversity 105:1-16 ((https://doi.org/10.1007/s13225-020-00466-2))	Mollisia
ASV1288	Fungi	Ascomycota	Dothideomycetes	Pleosporales	NA	NA	NA	Pleosporales	NA	0.8488668	NA	NA	NA	NA	NA	NA	NA	NA	NA	NA	NA	Pleosporales
ASV1289	Fungi	Basidiomycota	Pucciniomycetes	Septobasidiales	Septobasidiaceae	Septobasidium	Septobasidium_mariani	Septobasidium_mariani	sSH0964535.09FU	0.7342274	Septobasidium	1CB1A3A5-36B9-11D5-9548-00D0592D548C	16312	13	Pathotroph	|Animal Parasite|-Animal Pathogen-Arthropod Parasite	Probable	Dimorphic-Facultative Yeast	NULL	Decay animal material (Põlme et al. 2020); Host - scale_insects (Põlme et al. 2020)	Tedersoo L, et al. 2014. Science 346:e1256688 ((https://doi.org/10.1126/science.1256688)); Põlme S, et al. 2020. Fungal Diversity 105:1-16 ((https://doi.org/10.1007/s13225-020-00466-2))	Septobasidium_mariani
ASV1290	Fungi	Basidiomycota	Agaricomycetes	Cantharellales	NA	NA	NA	Cantharellales	sSH1278601.09FU	0.9999999	NA	NA	NA	NA	NA	NA	NA	NA	NA	NA	NA	Cantharellales
ASV1291	Fungi	Basidiomycota	Agaricomycetes	Agaricales	Physalacriaceae	Strobilurus	Strobilurus_conigenoides	Strobilurus_conigenoides	sSH1782559.09FU	0.9814452	Physalacriaceae	1CB1CD97-36B9-11D5-9548-00D0592D548C	81165	9	Pathotroph-Saprotroph	Algal Parasite--Leaf Saprotroph-Wood Saprotroph	Probable	Agaricoid-Microfungus	NULL	Presumably saprobic, found on decaying leaves and wood. One genus is a parasite of marine algae (Cannon & Kirk 2007)	Cannon PF, Kirk PM. 2007. Fungal Families of the World. CAB International, Cambridge (ISBN: 978-0851998275)	Strobilurus_conigenoides
ASV1292	Fungi	NA	NA	NA	NA	NA	NA	NA	NA	0.8222335	NA	NA	NA	NA	NA	NA	NA	NA	NA	NA	NA	NA
ASV1293	Fungi	Ascomycota	Lecanoromycetes	Lecanorales	Ramalinaceae	NA	NA	Ramalinaceae	NA	0.9947084	Ramalinaceae	A63C70A9-735A-4DF4-B71D-3A45FEBF7316	81242	9	Symbiotroph	Lichenized	Probable	Thallus	NULL	Lichenized with green algae, on rocks , branches etc., often forming extensive carpets of thalli; often prominent in maritime communities (Cannon & Kirk 2007)	Cannon PF, Kirk PM. 2007. Fungal Families of the World. CAB International, Cambridge (ISBN: 978-0851998275)	Ramalinaceae
ASV1294	Fungi	Basidiomycota	Agaricomycetes	Polyporales	Meripilaceae	Physisporinus	NA	Physisporinus	sSH1197598.09FU	0.9969458	Meripilaceae	1CB1CD64-36B9-11D5-9548-00D0592D548C	80007	9	Pathotroph-Saprotroph	Plant Pathogen-Undefined Saprotroph	Probable	Polyporoid	NULL	Saprobic or parasitic on hardwood trees, often growing from buried roots and causing white rot (Cannon & Kirk 2007)	Cannon PF, Kirk PM. 2007. Fungal Families of the World. CAB International, Cambridge (ISBN: 978-0851998275)	Physisporinus
ASV1295	Fungi	Ascomycota	NA	NA	NA	NA	NA	Ascomycota	NA	0.8652061	NA	NA	NA	NA	NA	NA	NA	NA	NA	NA	NA	Ascomycota
ASV1296	Fungi	Ascomycota	Sordariomycetes	Xylariales	NA	NA	NA	Xylariales	NA	0.8802329	NA	NA	NA	NA	NA	NA	NA	NA	NA	NA	NA	Xylariales
ASV1297	Fungi	NA	NA	NA	NA	NA	NA	NA	sSH0946132.09FU	0.9886823	NA	NA	NA	NA	NA	NA	NA	NA	NA	NA	NA	NA
ASV1298	Fungi	NA	NA	NA	NA	NA	NA	NA	NA	0.8162134	NA	NA	NA	NA	NA	NA	NA	NA	NA	NA	NA	NA
ASV1299	Fungi	Basidiomycota	Tremellomycetes	NA	NA	NA	NA	Tremellomycetes	sSH1067685.09FU	0.9843382	NA	NA	NA	NA	NA	NA	NA	NA	NA	NA	NA	Tremellomycetes
ASV1300	Fungi	Ascomycota	Dothideomycetes	Pleosporales	Phaeosphaeriaceae	Ophiosphaerella	Ophiosphaerella_agrostidis	Ophiosphaerella_agrostidis	sSH3246659.09FU	0.9957684	Phaeosphaeriaceae	1CB1CD8E-36B9-11D5-9548-00D0592D548C	81637	9	Pathotroph-Saprotroph	Fungal Parasite-Plant Pathogen-Plant Saprotroph	Probable	Microfungus	NULL	Necrotrophic or saprobic on a wide range of plants, especially monocotyledons; a few species parasitic on other fungi (Cannon & Kirk 2007)	Cannon PF, Kirk PM. 2007. Fungal Families of the World. CAB International, Cambridge (ISBN: 978-0851998275)	Ophiosphaerella_agrostidis
ASV1301	Fungi	Chytridiomycota	Spizellomycetes	Spizellomycetales	NA	NA	NA	Spizellomycetales	sSH1137384.09FU	0.7374479	NA	NA	NA	NA	NA	NA	NA	NA	NA	NA	NA	Spizellomycetales
ASV1302	Fungi	Basidiomycota	Agaricomycetes	Agaricales	Cortinariaceae	Cortinarius	NA	Cortinarius	NA	0.9999135	Cortinariaceae	DA4FE1F7-94E1-4450-BB6F-E0C54EA4CCAC	80649	9	Symbiotroph	Ectomycorrhizal	Probable	Agaricoid	NULL	Ectomycorrhizal with woody plants, especially Pinaceae, Fagaceae and Salicaceae (Cannon & Kirk 2007)	Cannon PF, Kirk PM. 2007. Fungal Families of the World. CAB International, Cambridge (ISBN: 978-0851998275)	Cortinarius
ASV1303	Fungi	Basidiomycota	Tremellomycetes	Tremellales	NA	NA	NA	Tremellales	NA	0.7200463	Tremellales	1CB1CE64-36B9-11D5-9548-00D0592D548C	90451	7	Pathotroph-Saprotroph-Symbiotroph	Fungal Parasite-Undefined Saprotroph	Possible	Tremelloid-Yeast	NULL	The order contains both teleomorphic and anamorphic species, most of the latter being yeasts	Sterkenburg E, et al. 2015. New Phytologist 207:1145-1158 ((https://doi.org/10.1111/nph.13426))	Tremellales
ASV1304	Fungi	NA	NA	NA	NA	NA	NA	NA	NA	0.7134033	NA	NA	NA	NA	NA	NA	NA	NA	NA	NA	NA	NA
ASV1305	Fungi	Basidiomycota	Agaricomycetes	Corticiales	Corticiaceae	Mycobernardia	Mycobernardia_incrustans	Mycobernardia_incrustans	sSH0961948.09FU	1.0000000	Corticiaceae	1CB1CCF9-36B9-11D5-9548-00D0592D548C	80648	9	Pathotroph-Saprotroph	Lichen Parasite-Plant Pathogen-Wood Saprotroph	Possible	Corticioid-Microfungus	NULL	Saprobes or pathogens on a wide range of mainly woody substrata; a few species are lichenicolous and some are grass pathogens (Cannon & Kirk 2007)	Cannon PF, Kirk PM. 2007. Fungal Families of the World. CAB International, Cambridge (ISBN: 978-0851998275)	Mycobernardia_incrustans
ASV1306	Fungi	Basidiomycota	Agaricomycetes	Agaricales	NA	NA	NA	Agaricales	NA	0.9989223	Agaricales	715D162F-5F0E-40C8-A7DC-79D488D3F937	90508	7	Pathotroph-Saprotroph-Symbiotroph	Bryophyte Parasite-Dung Saprotroph-Ectomycorrhizal-Fungal Parasite-Leaf Saprotroph-Plant Parasite-Undefined Saprotroph-Wood Saprotroph	Possible	Agaricoid-Gasteroid-Microfungus-Secotioid-Yeast	NULL	Mushrooms and toadstools, Gill fungi, Agarics... lignicolous, sometimes muscicolous or fungicolous, saprobic, mycorrhizal, rarely parasitic on plants or fungi (Kirk et al. 2008)	Kirk PM et al. 2008. Dictionary of the Fungi. Tenth Edition. CAB International, Wallingford (ISBN: 978-0851998268)	Agaricales
ASV1307	Fungi	Basidiomycota	Microbotryomycetes	Leucosporidiales	Leucosporidiaceae	Leucosporidium	Leucosporidium_golubevii	Leucosporidium_golubevii	sSH1294739.09FU	0.9997541	Leucosporidiaceae	D929E2EB-CFEB-42E2-B127-1670E240CB94	80001	9	Saprotroph	Soil Saprotroph-Undefined Saprotroph	Probable	Yeast	NULL	A yeast from fruit (Barnett & Buhagiar 1971; Syn. Candida-Leucosporidium-Rhodotorula-Torulopsis-Vanrijia spp.);Isolated from permafrost soil (Golubev 1998; Syn. Leucosporidium/Rhodotorula spp.); isolated from a wide range of substrata (Cannon & Kirk 2007)	Barnett JA, Buhagiar RWM. 1971. Journal of General Microbiology 67:233-238 ((https://doi.org/10.1099/00221287-67-2-233)); Golubev WI. 1998. Mikologiya i Fitopatologiya 32:8-13 ((https://www.binran.ru/files/journals/MiF/MiF_1998_32_3.pdf)); Cannon PF, Kirk PM. 2007. Fungal Families of the World. CAB International, Cambridge (ISBN: 978-0851998275)	Leucosporidium_golubevii
ASV1308	Fungi	Ascomycota	NA	NA	NA	NA	NA	Ascomycota	NA	0.7689517	NA	NA	NA	NA	NA	NA	NA	NA	NA	NA	NA	Ascomycota
ASV1309	Fungi	Basidiomycota	Agaricomycetes	Agaricales	Cyphellaceae	Henningsomyces	NA	Henningsomyces	sSH1066284.09FU	0.9145372	Cyphellaceae	1CB18622-36B9-11D5-9548-00D0592D548C	80673	9	Saprotroph	Undefined Saprotroph	Probable	Cyphelloid-Microfungus	NULL	NULL	Tedersoo L, et al. 2014. Science 346:e1256688 ((https://doi.org/10.1126/science.1256688))	Henningsomyces
ASV1310	Fungi	Basidiomycota	Agaricomycetes	Polyporales	Irpicaceae	NA	NA	Irpicaceae	NA	0.9121904	NA	NA	NA	NA	NA	NA	NA	NA	NA	NA	NA	Irpicaceae
ASV1311	Fungi	Basidiomycota	Microbotryomycetes	NA	Chrysozymaceae	Vonarxula	NA	Vonarxula	sSH1327983.09FU	0.9967153	Vonarxula	5332F273-ACA0-477B-B710-0341B85F361E	813216	13	Symbiotroph	|Epiphyte|	Probable	Yeast	NULL	NULL	Põlme S, et al. 2020. Fungal Diversity 105:1-16 ((https://doi.org/10.1007/s13225-020-00466-2))	Vonarxula
ASV1312	Fungi	Basidiomycota	Agaricomycetes	Trechisporales	Hydnodontaceae	Trechispora	NA	Trechispora	sSH1300248.09FU	0.9541425	Trechispora	1CB1CC1A-36B9-11D5-9548-00D0592D548C	18664	13	Saprotroph	|Wood Saprotroph|	Highly Probable	Corticioid	White Rot	As white_rot (Põlme et al. 2020); Decay wood (Põlme et al. 2020)	Gilbertson RL, Ryvarden L. 1987-1987. North American Polypores. Fungiflora, Oslo (ISBN: 978-0945345060); Rinaldi AC, et al. 2008. Fungal Diversity 33:1-45 ((http://www.fungaldiversity.org/fdp/sfdp/33-1.pdf)) (as Uncertain); Tedersoo L, et al. 2010. Mycorrhiza 20:217-263 ((https://doi.org/10.1007/s00572-009-0274-x)) (as not ECM).; Põlme S, et al. 2020. Fungal Diversity 105:1-16 ((https://doi.org/10.1007/s13225-020-00466-2))	Trechispora
ASV1313	Fungi	Basidiomycota	Agaricomycetes	Polyporales	Steccherinaceae	Steccherinum	Steccherinum_ochraceum	Steccherinum_ochraceum	NA	0.9992053	Steccherinaceae	1CB1CDD9-36B9-11D5-9548-00D0592D548C	81420	9	Saprotroph	Wood Saprotroph	Probable	Corticioid-Polyporoid	White Rot	Growing on dead wood causing white rot, sometimes replacing early colonizers (Cannon & Kirk 2007)	Cannon PF, Kirk PM. 2007. Fungal Families of the World. CAB International, Cambridge (ISBN: 978-0851998275)	Steccherinum_ochraceum
ASV1314	Fungi	Basidiomycota	Agaricomycetes	Agaricales	Marasmiaceae	Marasmius	NA	Marasmius	NA	0.8225995	Marasmiaceae	FD8F4798-F0FB-492E-B5E9-971374378CD8	80977	9	Pathotroph-Saprotroph-Symbiotroph	Endophyte-Plant Pathogen-Undefined Saprotroph	Probable	Agaricoid	NULL	Species in Moniliophthora are devastating pathogens of tree crops, causing witches broom disease; Saprobic on litter and dead wood, or parasitic on woody plants - often one of the most prominent fungal components of tropical forests, playing a major role in nutrient cycling (Cannon & Kirk 2007)	Cannon PF, Kirk PM. 2007. Fungal Families of the World. CAB International, Cambridge (ISBN: 978-0851998275); David AS, et al. 2016. Microbial Ecology 71:912-926 ((https://doi.org/10.1007/s00248-015-0712-6))	Marasmius
ASV1315	Fungi	Basidiomycota	Agaricomycetes	Hymenochaetales	Hymenochaetaceae	Hymenochaete	Hymenochaete_boidinii	Hymenochaete_boidinii	sSH1027113.09FU	0.9700995	Hymenochaetaceae	CC29D6F9-5984-496D-97E7-42EB138C1FEE	536196	9	Saprotroph-Symbiotroph	Ectomycorrhizal-Wood Saprotroph	Probable	Corticioid-Polyporoid	NULL	Lignicolous, causing white rots, rarely ectomycorrhizal (Cannon & Kirk 2007)	Cannon PF, Kirk PM. 2007. Fungal Families of the World. CAB International, Cambridge (ISBN: 978-0851998275)	Hymenochaete_boidinii
ASV1316	Fungi	Ascomycota	NA	NA	NA	NA	NA	Ascomycota	sSH1043844.09FU	0.8528963	NA	NA	NA	NA	NA	NA	NA	NA	NA	NA	NA	Ascomycota
ASV1317	Fungi	Basidiomycota	Agaricomycetes	Agaricales	Psathyrellaceae	Coprinopsis	Coprinopsis_variegata	Coprinopsis_variegata	sSH1204405.09FU	0.9883675	Psathyrellaceae	F36155B5-ADC2-4C2C-83F3-2D3778EA9B7F	82127	9	Saprotroph	Dung Saprotroph-Plant Saprotroph-Wood Saprotroph	Probable	Agaricoid	NULL	Saprobic, in grass, on dung, rotten wood and similar substrata (Cannon & Kirk 2007)	Cannon PF, Kirk PM. 2007. Fungal Families of the World. CAB International, Cambridge (ISBN: 978-0851998275)	Coprinopsis_variegata
ASV1318	Fungi	Basidiomycota	Agaricomycetes	NA	NA	NA	NA	Agaricomycetes	sSH1143945.09FU	1.0000000	NA	NA	NA	NA	NA	NA	NA	NA	NA	NA	NA	Agaricomycetes
ASV1319	Fungi	Ascomycota	Sordariomycetes	Hypocreales	Clavicipitaceae	Conoideocrella	Conoideocrella_luteorostrata	Conoideocrella_luteorostrata	sSH0978453.09FU	0.9999943	Clavicipitaceae	E3347AFD-FD7B-4351-B2B0-1A826A472A17	80608	9	Pathotroph-Symbiotroph	Endophyte-Epiphyte-Fungal Parasite-Insect Parasite	Possible	Microfungus	NULL	Parasitic, endophytic or epiphytic on Insecta, other fungi or Gamineae (Cannon & Kirk 2007)	Cannon PF, Kirk PM. 2007. Fungal Families of the World. CAB International, Cambridge (ISBN: 978-0851998275)	Conoideocrella_luteorostrata
ASV1320	Fungi	Ascomycota	Leotiomycetes	Rhytismatales	Rhytismataceae	Coccomyces	Coccomyces_radiatus	Coccomyces_radiatus	sSH1023306.09FU	0.9997214	Rhytismataceae	1CB1CDBD-36B9-11D5-9548-00D0592D548C	81352	9	Pathotroph-Saprotroph-Symbiotroph	Endophyte-Leaf Saprotroph-Plant Pathogen	Probable	Microfungus	NULL	Biotrophic, necrotrophic or saprobic on leaves and bark, often initially as endophytes, causing tar spots, premature leaf fall and occasionally witches broom symptoms (Cannon & Kirk 2007)	Cannon PF, Kirk PM. 2007. Fungal Families of the World. CAB International, Cambridge (ISBN: 978-0851998275)	Coccomyces_radiatus
ASV1321	Fungi	Ascomycota	Leotiomycetes	Helotiales	Mollisiaceae	Mollisia	Mollisia_asteliae	Mollisia_asteliae	sSH0934503.09FU	0.9999988	Mollisia	1CB193E8-36B9-11D5-9548-00D0592D548C	3239	13	Pathotroph-Saprotroph-Symbiotroph	Endophyte-|Plant Pathogen|-Plant Saprotroph	Probable	Microfungus-Pezizoid	Soft Rot	As foliar_endophyte (Põlme et al. 2020); As litter_saprotroph (Põlme et al. 2020); Dark Septate Endophyte, known from plant roots.; Decay leaf, fruit, seed (Põlme et al. 2020)	James TY, et al. 2006. Nature 443:818-822 ((https://doi.org/10.1038/nature05110)); Tedersoo L, et al. 2014. Science 346:1256688 ((https://doi.org/10.1126/science.1256688)) (as Plant Pathogen); Põlme S, et al. 2020. Fungal Diversity 105:1-16 ((https://doi.org/10.1007/s13225-020-00466-2))	Mollisia_asteliae
ASV1322	Fungi	Ascomycota	Eurotiomycetes	Onygenales	Gymnoascaceae	Gymnoascus	Gymnoascus_udagawae	Gymnoascus_udagawae	sSH1118893.09FU	0.7831610	Gymnoascaceae	1CB18C18-36B9-11D5-9548-00D0592D548C	80822	9	Saprotroph	Dung Saprotroph-Plant Saprotroph	Probable	Microfungus	NULL	Keratinophilic or cellulolytic, usually encountered as isolations from soil, dung, etc. (Cannon & Kirk 2007)	Cannon PF, Kirk PM. 2007. Fungal Families of the World. CAB International, Cambridge (ISBN: 978-0851998275)	Gymnoascus_udagawae
ASV1323	Fungi	Ascomycota	Dothideomycetes	Pleosporales	Sporormiaceae	Preussia	NA	Preussia	NA	0.9964041	Sporormiaceae	1CB1CDD8-36B9-11D5-9548-00D0592D548C	81414	9	Saprotroph	Dung Saprotroph-Plant Saprotroph	Probable	Microfungus	NULL	Saprobic, associated with dung and rotting vegetation (Cannon & Kirk 2007)	Cannon PF, Kirk PM. 2007. Fungal Families of the World. CAB International, Cambridge (ISBN: 978-0851998275)	Preussia
ASV1324	Fungi	Ascomycota	Sordariomycetes	Hypocreales	Clavicipitaceae	NA	NA	Clavicipitaceae	sSH1111214.09FU	0.9999383	Clavicipitaceae	E3347AFD-FD7B-4351-B2B0-1A826A472A17	80608	9	Pathotroph-Symbiotroph	Endophyte-Epiphyte-Fungal Parasite-Insect Parasite	Possible	Microfungus	NULL	Parasitic, endophytic or epiphytic on Insecta, other fungi or Gamineae (Cannon & Kirk 2007)	Cannon PF, Kirk PM. 2007. Fungal Families of the World. CAB International, Cambridge (ISBN: 978-0851998275)	Clavicipitaceae
ASV1325	Fungi	Ascomycota	Lecanoromycetes	Lecanorales	NA	NA	NA	Lecanorales	NA	0.7997901	Lecanorales	1CB1CE34-36B9-11D5-9548-00D0592D548C	90480	7	Pathotroph-Symbiotroph	Lichen Parasite-Lichenized	Probable	Microfungus-Thallus	NULL	Lichenized with green algae, occasionally lichenicolous, on rocks, mosses and wood (Cannon & Kirk 2007); ...an order of mostly lichen-forming fungi (Kirk et al. 2008)	Cannon PF, Kirk PM. 2007. Fungal Families of the World. CAB International, Cambridge (ISBN: 978-0851998275); Kirk PM et al. 2008. Dictionary of the Fungi. Tenth Edition. CAB International, Wallingford (ISBN: 978-0851998268); Esslinger TL. 2014. North Dakota State University ((http://www.ndsu.edu/pubweb/~esslinge/chcklst/chcklst7.htm))	Lecanorales
ASV1326	Fungi	Ascomycota	NA	NA	NA	NA	NA	Ascomycota	sSH0986341.09FU	0.9947984	NA	NA	NA	NA	NA	NA	NA	NA	NA	NA	NA	Ascomycota
ASV1327	Fungi	Ascomycota	Saccharomycetes	Saccharomycetales	Phaffomycetaceae	Cyberlindnera	NA	Cyberlindnera	NA	0.9996976	Saccharomycetales	B73A15F4-AB90-4E11-B6D7-E0BE710B986C	816369	7	Saprotroph	Undefined Saprotroph	Possible	Yeast	NULL	NULL	Sterkenburg E, et al. 2015. New Phytologist 207:1145-1158 ((https://doi.org/10.1111/nph.13426))	Cyberlindnera
ASV1328	Fungi	Ascomycota	Leotiomycetes	Helotiales	Sclerotiniaceae	Moellerodiscus	NA	Moellerodiscus	sSH0919285.09FU	0.9317378	Sclerotiniaceae	1CB1A350-36B9-11D5-9548-00D0592D548C	81363	9	Pathotroph	Plant Pathogen	Probable	Microfungus	NULL	Primarily necrotrophs, infecting roots, leaves, fruits, seeds, etc. and causing moulds, damping off etc. Sclerotia often overwinter and can survive for long periods in soil (Cannon & Kirk 2007)	Cannon PF, Kirk PM. 2007. Fungal Families of the World. CAB International, Cambridge (ISBN: 978-0851998275)	Moellerodiscus
ASV1329	Fungi	Ascomycota	Dothideomycetes	NA	NA	NA	NA	Dothideomycetes	NA	0.9365082	NA	NA	NA	NA	NA	NA	NA	NA	NA	NA	NA	Dothideomycetes
ASV1330	Fungi	Basidiomycota	Spiculogloeomycetes	Spiculogloeales	Spiculogloeaceae	Phyllozyma	NA	Phyllozyma	NA	0.9993825	Phyllozyma	E272D33F-749B-46F4-BC9A-C67F62579B43	813102	13	Saprotroph-Symbiotroph	|Epiphyte|-Plant Saprotroph	Probable	Yeast	NULL	As litter_saprotroph (Põlme et al. 2020); Decay leaf, fruit, seed (Põlme et al. 2020)	Põlme S, et al. 2020. Fungal Diversity 105:1-16 ((https://doi.org/10.1007/s13225-020-00466-2))	Phyllozyma
ASV1331	Fungi	Ascomycota	NA	NA	NA	NA	NA	Ascomycota	NA	0.8688672	NA	NA	NA	NA	NA	NA	NA	NA	NA	NA	NA	Ascomycota
ASV1332	Fungi	Ascomycota	Sordariomycetes	Hypocreales	NA	NA	NA	Hypocreales	NA	0.9997950	Hypocreales	1CB18E60-36B9-11D5-9548-00D0592D548C	90477	7	Saprotroph	Undefined Saprotroph	Possible	Microfungus	NULL	NULL	Sterkenburg E, et al. 2015. New Phytologist 207:1145-1158 ((https://doi.org/10.1111/nph.13426))	Hypocreales
ASV1333	Fungi	Ascomycota	Pezizomycetes	Pezizales	NA	NA	NA	Pezizales	sSH0979315.09FU	0.9853535	NA	NA	NA	NA	NA	NA	NA	NA	NA	NA	NA	Pezizales
ASV1334	Fungi	Ascomycota	Leotiomycetes	Helotiales	Dermateaceae	NA	NA	Dermateaceae	NA	0.9873602	Dermateaceae	1CB186AD-36B9-11D5-9548-00D0592D548C	80686	9	Pathotroph-Saprotroph	Plant Pathogen-Plant Saprotroph	Probable	Microfungus	NULL	Saprobic or parasitic on herbaceous and woody material (Cannon & Kirk 2007)	Cannon PF, Kirk PM. 2007. Fungal Families of the World. CAB International, Cambridge (ISBN: 978-0851998275)	Dermateaceae
ASV1335	Fungi	Ascomycota	Dothideomycetes	Mycosphaerellales	Teratosphaeriaceae	NA	NA	Teratosphaeriaceae	NA	0.9919496	Teratosphaeriaceae	87A3FDCC-E75C-4F2E-B987-C7579847CE32	504465	9	Pathotroph-Saprotroph	Animal Pathogen-Plant Pathogen-Undefined Saprotroph	Probable	NULL	NULL	Includes numerous saprobic, extremophilic, human opportunistic, and plant pathogenic fungi (Quaedvlieg et al. 2014)	Quaedvlieg W, et al. 2014. Persoonia 3:31-40 ((https://doi.org/10.3767/003158514X681981))	Teratosphaeriaceae
ASV1336	Fungi	Ascomycota	Sordariomycetes	Diaporthales	Gnomoniaceae	NA	NA	Gnomoniaceae	NA	0.8184656	Gnomoniaceae	F36F48E8-C228-4922-8DB6-AE905CA55412	80810	9	Pathotroph-Saprotroph-Symbiotroph	Endophyte-Plant Pathogen-Undefined Saprotroph	Probable	Microfungus	NULL	Most species are saprobes or endophytes in leaves and bark, but a few are neurotrophic pathogens (Cannon & Kirk 2007)	Cannon PF, Kirk PM. 2007. Fungal Families of the World. CAB International, Cambridge (ISBN: 978-0851998275)	Gnomoniaceae
ASV1337	Fungi	Ascomycota	Leotiomycetes	Helotiales	Hyaloscyphaceae	Venturiocistella	NA	Venturiocistella	sSH0967852.09FU	0.9998747	Hyaloscyphaceae	1CB18D86-36B9-11D5-9548-00D0592D548C	80871	9	Saprotroph	Plant Saprotroph-Wood Saprotroph	Probable	Microfungus	NULL	Saprobic on woody and herbaceous material (Cannon & Kirk 2007)	Cannon PF, Kirk PM. 2007. Fungal Families of the World. CAB International, Cambridge (ISBN: 978-0851998275)	Venturiocistella
ASV1338	Fungi	NA	NA	NA	NA	NA	NA	NA	sSH0999921.09FU	0.7751398	NA	NA	NA	NA	NA	NA	NA	NA	NA	NA	NA	NA
ASV1339	Fungi	Ascomycota	Dothideomycetes	Pleosporales	NA	NA	NA	Pleosporales	sSH0958234.09FU	0.9852966	NA	NA	NA	NA	NA	NA	NA	NA	NA	NA	NA	Pleosporales
ASV1340	Fungi	Ascomycota	Dothideomycetes	Capnodiales	Neodevriesiaceae	NA	NA	Neodevriesiaceae	NA	0.7859413	Neodevriesiaceae	F8168581-D82E-4A75-9190-C7925084B4CA	807766	9	Pathotroph-Saprotroph	Plant Pathogen-Undefined Saprotroph	Probable	NULL	NULL	Members are foliicolous, saprobic or plant pathogenic (Quaedvlieg et al. 2014)	Quaedvlieg W., et al. 2014. Persoonia 3:31-40 ((http://doi.org/10.3767/003158514X681981))	Neodevriesiaceae
ASV1341	Fungi	Ascomycota	Lecanoromycetes	NA	NA	NA	NA	Lecanoromycetes	sSH0909109.09FU	0.9984948	NA	NA	NA	NA	NA	NA	NA	NA	NA	NA	NA	Lecanoromycetes
ASV1342	Fungi	Ascomycota	Dothideomycetes	NA	NA	NA	NA	Dothideomycetes	NA	0.8392183	NA	NA	NA	NA	NA	NA	NA	NA	NA	NA	NA	Dothideomycetes
ASV1343	Fungi	Ascomycota	Dothideomycetes	Mycosphaerellales	Teratosphaeriaceae	Xenoteratosphaeria	NA	Xenoteratosphaeria	sSH1084421.09FU	0.9996684	Teratosphaeriaceae	87A3FDCC-E75C-4F2E-B987-C7579847CE32	504465	9	Pathotroph-Saprotroph	Animal Pathogen-Plant Pathogen-Undefined Saprotroph	Probable	NULL	NULL	Includes numerous saprobic, extremophilic, human opportunistic, and plant pathogenic fungi (Quaedvlieg et al. 2014)	Quaedvlieg W, et al. 2014. Persoonia 3:31-40 ((https://doi.org/10.3767/003158514X681981))	Xenoteratosphaeria
ASV1344	Fungi	Ascomycota	Dothideomycetes	Capnodiales	NA	Arthrocatena	NA	Arthrocatena	NA	0.9999055	Arthrocatena	60CB312E-F1B8-4BED-A2B2-0029234D5C8B	829384	13	Saprotroph	|Undefined Saprotroph|	Highly Probable	Microfungus	NULL	As soil_saprotroph (Põlme et al. 2020); Decay soil (Põlme et al. 2020); On rock (Egidi et al. 2014)	Egidi E, et al. 2014. Fungal Diversity 65:127-165 ((https://doi.org/10.1007/s13225-013-0277-y)); Põlme S, et al. 2020. Fungal Diversity 105:1-16 ((https://doi.org/10.1007/s13225-020-00466-2))	Arthrocatena
ASV1345	Fungi	Basidiomycota	Agaricomycetes	Polyporales	Irpicaceae	Meruliopsis	NA	Meruliopsis	NA	0.8107184	Meruliopsis	1CB1C8D8-36B9-11D5-9548-00D0592D548C	18050	13	Saprotroph	Undefined Saprotroph-|Wood Saprotroph|	Probable	Corticioid	White Rot	As white_rot (Põlme et al. 2020); Decay wood (Põlme et al. 2020)	Tedersoo L, et al. 2014. Science 346:e1256688 ((https://doi.org/10.1126/science.1256688)); Põlme S, et al. 2020. Fungal Diversity 105:1-16 ((https://doi.org/10.1007/s13225-020-00466-2))	Meruliopsis
ASV1346	Fungi	Basidiomycota	Agaricomycetes	Auriculariales	NA	NA	NA	Auriculariales	sSH1090755.09FU	0.8065385	NA	NA	NA	NA	NA	NA	NA	NA	NA	NA	NA	Auriculariales
ASV1347	Fungi	Ascomycota	Dothideomycetes	Pleosporales	NA	Pseudorobillarda	NA	Pseudorobillarda	sSH0945276.09FU	0.9998218	Pseudorobillarda	9656EB28-92AD-4DDF-8E40-1961377B8D6F	9607	13	Pathotroph-Saprotroph	Lichen Parasite-|Wood Saprotroph|	Probable	Microfungus	NULL	Decay wood (Põlme et al. 2020)	Põlme S, et al. 2020. Fungal Diversity 105:1-16 ((https://doi.org/10.1007/s13225-020-00466-2))	Pseudorobillarda
ASV1348	Fungi	Basidiomycota	Agaricomycetes	Cantharellales	Ceratobasidiaceae	NA	NA	Ceratobasidiaceae	NA	0.9997047	Ceratobasidiaceae	1CB1CCDC-36B9-11D5-9548-00D0592D548C	80572	9	Pathotroph-Saprotroph-Symbiotroph	Endomycorrhizal-Plant Pathogen-Undefined Saprotroph	Possible	Microfungus	NULL	Best known as plant pathogens, but also saprobic. Species are endomycorrhizal with a wide range of plant roots - especially of Orchidaceae but also even bryophytes (Cannon & Kirk 2007)	Cannon PF, Kirk PM. 2007. Fungal Families of the World. CAB International, Cambridge (ISBN: 978-0851998275)	Ceratobasidiaceae
ASV1349	Fungi	Ascomycota	Eurotiomycetes	Chaetothyriales	Herpotrichiellaceae	Rhinocladiella	NA	Rhinocladiella	sSH1289112.09FU	0.9973135	Herpotrichiellaceae	1CB1CD37-36B9-11D5-9548-00D0592D548C	80856	9	Pathotroph-Saprotroph	Animal Pathogen-Fungal Parasite-Undefined Saprotroph	Probable	Facultative Yeast-Microfungus	NULL	Mostly saprobic on plants or other fungi, isolated from soil etc., and from medical sources (Cannon & Kirk 2007)	Cannon PF, Kirk PM. 2007. Fungal Families of the World. CAB International, Cambridge (ISBN: 978-0851998275)	Rhinocladiella
ASV1350	Fungi	Ascomycota	Sordariomycetes	Hypocreales	Cordycipitaceae	Simplicillium	Simplicillium_cylindrosporum	Simplicillium_cylindrosporum	sSH1279243.09FU	0.7859767	Hypocreales	1CB18E60-36B9-11D5-9548-00D0592D548C	90477	7	Saprotroph	Undefined Saprotroph	Possible	Microfungus	NULL	NULL	Sterkenburg E, et al. 2015. New Phytologist 207:1145-1158 ((https://doi.org/10.1111/nph.13426))	Simplicillium_cylindrosporum
ASV1351	Fungi	Basidiomycota	Agaricomycetes	Polyporales	Meruliaceae	Crustodontia	Crustodontia_chrysocreas	Crustodontia_chrysocreas	sSH1125515.09FU	0.9716347	Meruliaceae	9E12B0B5-1D82-4978-AF3D-6EC22C257619	89005	9	Pathotroph-Saprotroph	Plant Pathogen-Undefined Saprotroph	Probable	Corticioid-Polyporoid	NULL	Saprobic or parasitic on woody plants, causing a white rot (Cannon & Kirk 2007)	Cannon PF, Kirk PM. 2007. Fungal Families of the World. CAB International, Cambridge (ISBN: 978-0851998275)	Crustodontia_chrysocreas
ASV1352	Fungi	Ascomycota	Sordariomycetes	Hypocreales	Cordycipitaceae	NA	NA	Cordycipitaceae	NA	0.7624970	Hypocreales	1CB18E60-36B9-11D5-9548-00D0592D548C	90477	7	Saprotroph	Undefined Saprotroph	Possible	Microfungus	NULL	NULL	Sterkenburg E, et al. 2015. New Phytologist 207:1145-1158 ((https://doi.org/10.1111/nph.13426))	Cordycipitaceae
ASV1353	Fungi	Basidiomycota	Agaricomycetes	Agaricales	Psathyrellaceae	Coprinellus	NA	Coprinellus	sSH1198942.09FU	0.9368424	Psathyrellaceae	F36155B5-ADC2-4C2C-83F3-2D3778EA9B7F	82127	9	Saprotroph	Dung Saprotroph-Plant Saprotroph-Wood Saprotroph	Probable	Agaricoid	NULL	Saprobic, in grass, on dung, rotten wood and similar substrata (Cannon & Kirk 2007)	Cannon PF, Kirk PM. 2007. Fungal Families of the World. CAB International, Cambridge (ISBN: 978-0851998275)	Coprinellus
ASV1354	Fungi	Ascomycota	Sordariomycetes	Hypocreales	NA	NA	NA	Hypocreales	NA	0.9993170	Hypocreales	1CB18E60-36B9-11D5-9548-00D0592D548C	90477	7	Saprotroph	Undefined Saprotroph	Possible	Microfungus	NULL	NULL	Sterkenburg E, et al. 2015. New Phytologist 207:1145-1158 ((https://doi.org/10.1111/nph.13426))	Hypocreales
ASV1355	Fungi	Basidiomycota	Agaricomycetes	Polyporales	NA	NA	NA	Polyporales	sSH0893708.09FU	0.8468637	NA	NA	NA	NA	NA	NA	NA	NA	NA	NA	NA	Polyporales
ASV1356	Fungi	Ascomycota	Sordariomycetes	Hypocreales	NA	NA	NA	Hypocreales	NA	0.9845880	Hypocreales	1CB18E60-36B9-11D5-9548-00D0592D548C	90477	7	Saprotroph	Undefined Saprotroph	Possible	Microfungus	NULL	NULL	Sterkenburg E, et al. 2015. New Phytologist 207:1145-1158 ((https://doi.org/10.1111/nph.13426))	Hypocreales
ASV1357	Fungi	Ascomycota	Dothideomycetes	Pleosporales	Phaeosphaeriaceae	NA	NA	Phaeosphaeriaceae	NA	0.7009760	Phaeosphaeriaceae	1CB1CD8E-36B9-11D5-9548-00D0592D548C	81637	9	Pathotroph-Saprotroph	Fungal Parasite-Plant Pathogen-Plant Saprotroph	Probable	Microfungus	NULL	Necrotrophic or saprobic on a wide range of plants, especially monocotyledons; a few species parasitic on other fungi (Cannon & Kirk 2007)	Cannon PF, Kirk PM. 2007. Fungal Families of the World. CAB International, Cambridge (ISBN: 978-0851998275)	Phaeosphaeriaceae
ASV1358	Fungi	Ascomycota	Dothideomycetes	Pleosporales	Phaeosphaeriaceae	Phaeosphaeria	Phaeosphaeria_halima	Phaeosphaeria_halima	sSH0970706.09FU	0.7593502	Phaeosphaeriaceae	1CB1CD8E-36B9-11D5-9548-00D0592D548C	81637	9	Pathotroph-Saprotroph	Fungal Parasite-Plant Pathogen-Plant Saprotroph	Probable	Microfungus	NULL	Necrotrophic or saprobic on a wide range of plants, especially monocotyledons; a few species parasitic on other fungi (Cannon & Kirk 2007)	Cannon PF, Kirk PM. 2007. Fungal Families of the World. CAB International, Cambridge (ISBN: 978-0851998275)	Phaeosphaeria_halima
ASV1359	Fungi	NA	NA	NA	NA	NA	NA	NA	NA	0.7424459	NA	NA	NA	NA	NA	NA	NA	NA	NA	NA	NA	NA
ASV1360	Fungi	Basidiomycota	Agaricomycetes	Cantharellales	Tulasnellaceae	Tulasnella	Tulasnella_pinicola	Tulasnella_pinicola	sSH0897754.09FU	0.9999996	Tulasnellaceae	1CB1CDF5-36B9-11D5-9548-00D0592D548C	81504	9	Saprotroph-Symbiotroph	Ectomycorrhizal-Undefined Saprotroph	Probable	Corticioid	NULL	Typically found on decaying wood and other rotting vegetation, presumably saprobic in nutrition. Many anamorphic taxa have mycorrhizal associations with orchids. The linkages between teleomorph and anamorph need further study; some Epulorhiza species have associations with the Sebacinaceae rather than Tulasnellaceae (Cannon & Kirk 2007)	Cannon PF, Kirk PM. 2007. Fungal Families of the World. CAB International, Cambridge (ISBN: 978-0851998275)	Tulasnella_pinicola
ASV1361	Fungi	NA	NA	NA	NA	NA	NA	NA	NA	0.8291481	NA	NA	NA	NA	NA	NA	NA	NA	NA	NA	NA	NA
ASV1362	Fungi	Ascomycota	Xylonomycetes	Symbiotaphrinales	Symbiotaphrinaceae	Symbiotaphrina	Symbiotaphrina_lignicola	Symbiotaphrina_lignicola	sSH1432267.09FU	0.9869715	Symbiotaphrina	0FCCFBF5-BEAB-4B7C-97BC-4785417B1738	10148	13	 Symbiotroph-Saprotroph-Symbiotroph	|Animal Symbiotroph|-Plant Saprotroph	Probable	Yeast	NULL	As animal_endosymbiont (Põlme et al. 2020); As litter_saprotroph (Põlme et al. 2020); Decay leaf, fruit, seed (Põlme et al. 2020)	Tedersoo L, et al. 2014. Science 346:e1256688 ((https://doi.org/10.1126/science.1256688)); Põlme S, et al. 2020. Fungal Diversity 105:1-16 ((https://doi.org/10.1007/s13225-020-00466-2))	Symbiotaphrina_lignicola
ASV1363	Fungi	Ascomycota	Leotiomycetes	Helotiales	Hyaloscyphaceae	Hyaloscypha	Hyaloscypha_aureliella	Hyaloscypha_aureliella	sSH0990396.09FU	0.9999841	Hyaloscyphaceae	1CB18D86-36B9-11D5-9548-00D0592D548C	80871	9	Saprotroph	Plant Saprotroph-Wood Saprotroph	Probable	Microfungus	NULL	Saprobic on woody and herbaceous material (Cannon & Kirk 2007)	Cannon PF, Kirk PM. 2007. Fungal Families of the World. CAB International, Cambridge (ISBN: 978-0851998275)	Hyaloscypha_aureliella
ASV1364	Fungi	Ascomycota	Dothideomycetes	Phaeothecales	Phaeothecaceae	NA	NA	Phaeothecaceae	sSH1083515.09FU	0.8931010	NA	NA	NA	NA	NA	NA	NA	NA	NA	NA	NA	Phaeothecaceae
ASV1365	Fungi	Ascomycota	Eurotiomycetes	Chaetothyriales	NA	NA	NA	Chaetothyriales	NA	0.9999534	NA	NA	NA	NA	NA	NA	NA	NA	NA	NA	NA	Chaetothyriales
ASV1366	Fungi	Ascomycota	Dothideomycetes	Muyocopronales	Muyocopronaceae	Mycoleptodiscus	NA	Mycoleptodiscus	NA	0.9904763	Mycoleptodiscus	1CB1D3A8-36B9-11D5-9548-00D0592D548C	9029	13	Pathotroph	|Plant Pathogen|	Probable	Microfungus	NULL	NULL	Tedersoo L, et al. 2014. Science 346:e1256688 ((https://doi.org/10.1126/science.1256688)); Põlme S, et al. 2020. Fungal Diversity 105:1-16 ((https://doi.org/10.1007/s13225-020-00466-2))	Mycoleptodiscus
ASV1367	Fungi	Ascomycota	Dothideomycetes	Pleosporales	NA	NA	NA	Pleosporales	sSH1045995.09FU	0.9994686	NA	NA	NA	NA	NA	NA	NA	NA	NA	NA	NA	Pleosporales
ASV1368	Fungi	Ascomycota	Dothideomycetes	Pleosporales	Teichosporaceae	Teichospora	NA	Teichospora	sSH1034999.09FU	0.7946097	Teichosporaceae	85063DF7-2F4D-49D2-9365-1AA2B32DC6B7	82136	9	Saprotroph	Undefined Saprotroph	Probable	Microfungus	NULL	Saprobic in plant material (Jaklitsch et al. 2016)	Jaklitsch WM,et al. 2016. Mycological Progress 15:e31 ((https://doi.org/10.1007/s11557-016-1171-2))	Teichospora
ASV1369	Fungi	Ascomycota	Leotiomycetes	Helotiales	Helotiaceae	Scytalidium	NA	Scytalidium	sSH1276385.09FU	0.9923697	Helotiaceae	1CB18C9C-36B9-11D5-9548-00D0592D548C	80845	9	Saprotroph-Symbiotroph	Ectomycorrhizal-Fungal Parasite-Plant Pathogen-Wood Saprotroph	Probable	Microfungus	NULL	Usually saprobic on herbaceous or woody tissues, some species fungicolous. A few species are known to form mycorrhizae (Cannon & Kirk 2007)	Cannon PF, Kirk PM. 2007. Fungal Families of the World. CAB International, Cambridge (ISBN: 978-0851998275)	Scytalidium
ASV1370	Fungi	Ascomycota	Dothideomycetes	Mycosphaerellales	Teratosphaeriaceae	Xenopenidiella	Xenopenidiella_tarda	Xenopenidiella_tarda	sSH1084480.09FU	0.9931390	Teratosphaeriaceae	87A3FDCC-E75C-4F2E-B987-C7579847CE32	504465	9	Pathotroph-Saprotroph	Animal Pathogen-Plant Pathogen-Undefined Saprotroph	Probable	NULL	NULL	Includes numerous saprobic, extremophilic, human opportunistic, and plant pathogenic fungi (Quaedvlieg et al. 2014)	Quaedvlieg W, et al. 2014. Persoonia 3:31-40 ((https://doi.org/10.3767/003158514X681981))	Xenopenidiella_tarda
ASV1371	Fungi	Ascomycota	Dothideomycetes	Capnodiales	Dissoconiaceae	Ramichloridium	NA	Ramichloridium	NA	1.0000000	Ramichloridium	1CB1A153-36B9-11D5-9548-00D0592D548C	9690	13	 Pathotroph-Pathotroph-Saprotroph	|Plant Pathogen|-Plant Saprotroph	Probable	Microfungus	NULL	As litter_saprotroph (Põlme et al. 2020); Decay leaf, fruit, seed (Põlme et al. 2020)	Tedersoo L, et al. 2014. Science 346:e1256688 ((https://doi.org/10.1126/science.1256688)); Põlme S, et al. 2020. Fungal Diversity 105:1-16 ((https://doi.org/10.1007/s13225-020-00466-2))	Ramichloridium
ASV1372	Fungi	Basidiomycota	Dacrymycetes	Dacrymycetales	Cerinomycetaceae	Cerinomyces	Cerinomyces_enatus	Cerinomyces_enatus	sSH1003035.09FU	0.9999998	Cerinomyces	1CB1C60E-36B9-11D5-9548-00D0592D548C	17263	13	Saprotroph	|Wood Saprotroph|	Probable	Clavarioid-Tremelloid	Brown Rot	As brown-rot (Põlme et al. 2020); Decay wood (Põlme et al. 2020)	Seifert KA. 1983. Mycologia 75:1011-1018 ((https://doi.org/10.1080/00275514.1983.12023787)); Tedersoo L, et al. 2014. Science 346:e1256688 ((https://doi.org/10.1126/science.1256688)); Põlme S, et al. 2020. Fungal Diversity 105:1-16 ((https://doi.org/10.1007/s13225-020-00466-2))	Cerinomyces_enatus
ASV1373	Fungi	Ascomycota	Dothideomycetes	Capnodiales	Cladosporiaceae	Cladosporium	Cladosporium_halotolerans	Cladosporium_halotolerans	sSH2100630.09FU	0.8772008	Cladosporiaceae	6EDCD6E4-DE4D-443D-AF6B-A572F626BD45	816548	9	Pathotroph-Saprotroph-Symbiotroph	Animal Pathogen-Endophyte-Lichen Parasite-Plant Pathogen-Wood Saprotroph	Possible	Microfungus	NULL	NULL	Seehann G, et al. 1975. List of Fungi in Soft-Rot Tissue Tests. Institute fur Holzbiologie und Holzschutz, Bundesforschungsanstalt fur Forst - und Holzwirtshaft, Hamburg - Lohbrugge, Germany; Lawrey JD, Diederich P. 2016. http://www.lichenicolous.net (accessed 24 May 2017) ((http://www.lichenicolous.net)); The American Phytopathological Society Common Names of Plant Diseases ((http://www.apsnet.org/publications/commonnames/Pages/default.aspx))	Cladosporium_halotolerans
ASV1374	Fungi	Basidiomycota	Tremellomycetes	Tremellales	Bulleribasidiaceae	Vishniacozyma	Vishniacozyma_carnescens	Vishniacozyma_carnescens	sSH2787831.09FU	0.9898269	Tremellales	1CB1CE64-36B9-11D5-9548-00D0592D548C	90451	7	Pathotroph-Saprotroph-Symbiotroph	Fungal Parasite-Undefined Saprotroph	Possible	Tremelloid-Yeast	NULL	The order contains both teleomorphic and anamorphic species, most of the latter being yeasts	Sterkenburg E, et al. 2015. New Phytologist 207:1145-1158 ((https://doi.org/10.1111/nph.13426))	Vishniacozyma_carnescens
ASV1375	Fungi	Ascomycota	Dothideomycetes	Capnodiales	NA	NA	NA	Capnodiales	NA	1.0000000	NA	NA	NA	NA	NA	NA	NA	NA	NA	NA	NA	Capnodiales
ASV1376	Fungi	Ascomycota	Saccharomycetes	Saccharomycetales	Phaffomycetaceae	Komagataella	Komagataella_phaffii	Komagataella_phaffii	sSH1005220.09FU	0.9996390	Saccharomycetales	B73A15F4-AB90-4E11-B6D7-E0BE710B986C	816369	7	Saprotroph	Undefined Saprotroph	Possible	Yeast	NULL	NULL	Sterkenburg E, et al. 2015. New Phytologist 207:1145-1158 ((https://doi.org/10.1111/nph.13426))	Komagataella_phaffii
ASV1377	Fungi	Ascomycota	Dothideomycetes	Capnodiales	Cladosporiaceae	Cladosporium	NA	Cladosporium	NA	0.7242210	Cladosporiaceae	6EDCD6E4-DE4D-443D-AF6B-A572F626BD45	816548	9	Pathotroph-Saprotroph-Symbiotroph	Animal Pathogen-Endophyte-Lichen Parasite-Plant Pathogen-Wood Saprotroph	Possible	Microfungus	NULL	NULL	Seehann G, et al. 1975. List of Fungi in Soft-Rot Tissue Tests. Institute fur Holzbiologie und Holzschutz, Bundesforschungsanstalt fur Forst - und Holzwirtshaft, Hamburg - Lohbrugge, Germany; Lawrey JD, Diederich P. 2016. http://www.lichenicolous.net (accessed 24 May 2017) ((http://www.lichenicolous.net)); The American Phytopathological Society Common Names of Plant Diseases ((http://www.apsnet.org/publications/commonnames/Pages/default.aspx))	Cladosporium
ASV1378	Fungi	Ascomycota	Eurotiomycetes	Eurotiales	Aspergillaceae	Aspergillus	NA	Aspergillus	NA	0.9877180	Eurotiales	1CB1CE25-36B9-11D5-9548-00D0592D548C	90472	7	Saprotroph	Undefined Saprotroph	Possible	Microfungus	NULL	NULL	Sterkenburg E, et al. 2015. New Phytologist 207:1145-1158 ((https://doi.org/10.1111/nph.13426))	Aspergillus
ASV1379	Fungi	Ascomycota	Sordariomycetes	Hypocreales	NA	NA	NA	Hypocreales	sSH1032742.09FU	0.9997461	Hypocreales	1CB18E60-36B9-11D5-9548-00D0592D548C	90477	7	Saprotroph	Undefined Saprotroph	Possible	Microfungus	NULL	NULL	Sterkenburg E, et al. 2015. New Phytologist 207:1145-1158 ((https://doi.org/10.1111/nph.13426))	Hypocreales
ASV1380	Fungi	Ascomycota	Dothideomycetes	Capnodiales	Cladosporiaceae	Toxicocladosporium	NA	Toxicocladosporium	NA	0.9999716	Cladosporiaceae	6EDCD6E4-DE4D-443D-AF6B-A572F626BD45	816548	9	Pathotroph-Saprotroph-Symbiotroph	Animal Pathogen-Endophyte-Lichen Parasite-Plant Pathogen-Wood Saprotroph	Possible	Microfungus	NULL	NULL	Seehann G, et al. 1975. List of Fungi in Soft-Rot Tissue Tests. Institute fur Holzbiologie und Holzschutz, Bundesforschungsanstalt fur Forst - und Holzwirtshaft, Hamburg - Lohbrugge, Germany; Lawrey JD, Diederich P. 2016. http://www.lichenicolous.net (accessed 24 May 2017) ((http://www.lichenicolous.net)); The American Phytopathological Society Common Names of Plant Diseases ((http://www.apsnet.org/publications/commonnames/Pages/default.aspx))	Toxicocladosporium
ASV1381	Fungi	Ascomycota	Eurotiomycetes	Eurotiales	Aspergillaceae	Penicillium	NA	Penicillium	NA	0.8236587	Eurotiales	1CB1CE25-36B9-11D5-9548-00D0592D548C	90472	7	Saprotroph	Undefined Saprotroph	Possible	Microfungus	NULL	NULL	Sterkenburg E, et al. 2015. New Phytologist 207:1145-1158 ((https://doi.org/10.1111/nph.13426))	Penicillium
ASV1382	Fungi	Ascomycota	Saccharomycetes	Saccharomycetales	Phaffomycetaceae	Komagataella	Komagataella_kurtzmanii	Komagataella_kurtzmanii	sSH1569009.09FU	0.9115732	Saccharomycetales	B73A15F4-AB90-4E11-B6D7-E0BE710B986C	816369	7	Saprotroph	Undefined Saprotroph	Possible	Yeast	NULL	NULL	Sterkenburg E, et al. 2015. New Phytologist 207:1145-1158 ((https://doi.org/10.1111/nph.13426))	Komagataella_kurtzmanii
ASV1383	Fungi	Basidiomycota	Exobasidiomycetes	Exobasidiales	Exobasidiaceae	Arcticomyces	Arcticomyces_warmingii	Arcticomyces_warmingii	sSH1067794.09FU	1.0000000	Arcticomyces	1CB1C4A3-36B9-11D5-9548-00D0592D548C	17095	13	Pathotroph	|Plant Pathogen|	Probable	Microfungus	NULL	NULL	Tedersoo L, et al. 2014. Science 346:e1256688 ((https://doi.org/10.1126/science.1256688)); Põlme S, et al. 2020. Fungal Diversity 105:1-16 ((https://doi.org/10.1007/s13225-020-00466-2))	Arcticomyces_warmingii
ASV1384	Fungi	NA	NA	NA	NA	NA	NA	NA	sSH1020015.09FU	0.9545857	NA	NA	NA	NA	NA	NA	NA	NA	NA	NA	NA	NA
ASV1385	Fungi	Ascomycota	Eurotiomycetes	Eurotiales	Aspergillaceae	NA	NA	Aspergillaceae	NA	0.9996649	Eurotiales	1CB1CE25-36B9-11D5-9548-00D0592D548C	90472	7	Saprotroph	Undefined Saprotroph	Possible	Microfungus	NULL	NULL	Sterkenburg E, et al. 2015. New Phytologist 207:1145-1158 ((https://doi.org/10.1111/nph.13426))	Aspergillaceae
ASV1386	Fungi	Ascomycota	Sordariomycetes	Xylariales	Xylariaceae	NA	NA	Xylariaceae	sSH1033209.09FU	0.9677085	Xylariaceae	1CB1ABFB-36B9-11D5-9548-00D0592D548C	81528	9	Pathotroph-Saprotroph-Symbiotroph	Dung Saprotroph-Endophyte-Plant Pathogen-Undefined Saprotroph	Probable	Xylarioid	NULL	Saprobes or weak pathogens, many endophytes, mainly in wood and bark, occasionally in soil and dung (Cannon & Kirk 2007)	Cannon PF, Kirk PM. 2007. Fungal Families of the World. CAB International, Cambridge (ISBN: 978-0851998275)	Xylariaceae
ASV1387	Fungi	Ascomycota	Eurotiomycetes	Eurotiales	Aspergillaceae	Aspergillus	NA	Aspergillus	NA	0.9630187	Eurotiales	1CB1CE25-36B9-11D5-9548-00D0592D548C	90472	7	Saprotroph	Undefined Saprotroph	Possible	Microfungus	NULL	NULL	Sterkenburg E, et al. 2015. New Phytologist 207:1145-1158 ((https://doi.org/10.1111/nph.13426))	Aspergillus
ASV1388	Fungi	Basidiomycota	Agaricomycetes	Agaricales	Tricholomataceae	Clitocybe	Clitocybe_nebularis	Clitocybe_nebularis	sSH1149503.09FU	0.9998329	Tricholomataceae	008764C7-3F16-4577-B343-C50EF7B78211	81487	9	Pathotroph-Symbiotroph	Ectomycorrhizal-Fungal Parasite	Probable	Agaricoid	NULL	Tricholoma species are ectomycorrhizal, occurring in coniferous and broadleaved forests (Cannon & Kirk 2007); T. sclerotoideum is parasitic on Helvella spp.	Cannon PF, Kirk PM. 2007. Fungal Families of the World. CAB International, Cambridge (ISBN: 978-0851998275)	Clitocybe_nebularis
ASV1389	Fungi	Mortierellomycota	Mortierellomycetes	Mortierellales	Mortierellaceae	Mortierella	Mortierella_capitata	Mortierella_capitata	sSH1213077.09FU	0.9999998	Mortierellaceae	3BD31551-4295-4664-858B-8E44073A293E	816415	9	Saprotroph-Symbiotroph	Endophyte-Litter Saprotroph-Soil Saprotroph-Undefined Saprotroph	Possible	Microfungus	NULL	Saprobic in soil and thus frequenctly isolated from soil and material contaminated with soil such as hay or rotten silage and spoil tips (Cannon & Kirk 2007)	Cannon PF, Kirk PM. 2007. Fungal Families of the World. CAB International, Cambridge (ISBN: 978-0851998275); Purahong W, et al. 2016. Molecular Ecology 25:4059-4074 ((https://doi.org/10.1111/mec.13739))	Mortierella_capitata
ASV1390	Fungi	Basidiomycota	Agaricomycetes	Polyporales	Irpicaceae	Trametopsis	Trametopsis_aborigena	Trametopsis_aborigena	sSH1215062.09FU	0.8664537	Trametopsis	2343CAB0-499A-4905-B0A2-6D09E1368E34	511347	13	Saprotroph	Undefined Saprotroph-|Wood Saprotroph|	Probable	Polyporoid	White Rot	As white_rot (Põlme et al. 2020); Decay wood (Põlme et al. 2020)	Tedersoo L, et al. 2014. Science 346:e1256688 ((https://doi.org/10.1126/science.1256688)); Põlme S, et al. 2020. Fungal Diversity 105:1-16 ((https://doi.org/10.1007/s13225-020-00466-2))	Trametopsis_aborigena
ASV1391	Fungi	Ascomycota	Eurotiomycetes	Eurotiales	Aspergillaceae	NA	NA	Aspergillaceae	NA	0.9996971	Eurotiales	1CB1CE25-36B9-11D5-9548-00D0592D548C	90472	7	Saprotroph	Undefined Saprotroph	Possible	Microfungus	NULL	NULL	Sterkenburg E, et al. 2015. New Phytologist 207:1145-1158 ((https://doi.org/10.1111/nph.13426))	Aspergillaceae
ASV1392	Fungi	Basidiomycota	Agaricomycetes	Polyporales	Meruliaceae	Phlebia	Phlebia_tremellosa	Phlebia_tremellosa	sSH0880595.09FU	1.0000000	Meruliaceae	9E12B0B5-1D82-4978-AF3D-6EC22C257619	89005	9	Pathotroph-Saprotroph	Plant Pathogen-Undefined Saprotroph	Probable	Corticioid-Polyporoid	NULL	Saprobic or parasitic on woody plants, causing a white rot (Cannon & Kirk 2007)	Cannon PF, Kirk PM. 2007. Fungal Families of the World. CAB International, Cambridge (ISBN: 978-0851998275)	Phlebia_tremellosa
ASV1393	Fungi	Ascomycota	Sordariomycetes	Hypocreales	Cordycipitaceae	Samsoniella	NA	Samsoniella	NA	0.9980241	Hypocreales	1CB18E60-36B9-11D5-9548-00D0592D548C	90477	7	Saprotroph	Undefined Saprotroph	Possible	Microfungus	NULL	NULL	Sterkenburg E, et al. 2015. New Phytologist 207:1145-1158 ((https://doi.org/10.1111/nph.13426))	Samsoniella
ASV1394	Fungi	Basidiomycota	Agaricomycetes	Cantharellales	NA	NA	NA	Cantharellales	sSH1060721.09FU	0.9999970	NA	NA	NA	NA	NA	NA	NA	NA	NA	NA	NA	Cantharellales
ASV1395	Fungi	Ascomycota	Dothideomycetes	NA	NA	NA	NA	Dothideomycetes	sSH1084323.09FU	0.9997515	NA	NA	NA	NA	NA	NA	NA	NA	NA	NA	NA	Dothideomycetes
ASV1396	Fungi	Ascomycota	Sordariomycetes	Hypocreales	Niessliaceae	Niesslia	Niesslia_tenuis	Niesslia_tenuis	sSH1078503.09FU	0.9949025	Hypocreales	1CB18E60-36B9-11D5-9548-00D0592D548C	90477	7	Saprotroph	Undefined Saprotroph	Possible	Microfungus	NULL	NULL	Sterkenburg E, et al. 2015. New Phytologist 207:1145-1158 ((https://doi.org/10.1111/nph.13426))	Niesslia_tenuis
ASV1397	Fungi	Basidiomycota	Agaricomycetes	Russulales	Bondarzewiaceae	Heterobasidion	Heterobasidion_irregulare	Heterobasidion_irregulare	sSH1236129.09FU	0.9477139	Bondarzewiaceae	1CB1CCCF-36B9-11D5-9548-00D0592D548C	80527	9	Pathotroph-Saprotroph	Plant Pathogen-Wood Saprotroph	Probable	Polyporoid	White Rot	Parasitic or saprobic on wood of gymnosperms and angiosperms, causing white rot (Cannon & Kirk 2007)	Cannon PF, Kirk PM. 2007. Fungal Families of the World. CAB International, Cambridge (ISBN: 978-0851998275)	Heterobasidion_irregulare
ASV1398	Fungi	Ascomycota	Eurotiomycetes	Eurotiales	Aspergillaceae	NA	NA	Aspergillaceae	NA	0.9998429	Eurotiales	1CB1CE25-36B9-11D5-9548-00D0592D548C	90472	7	Saprotroph	Undefined Saprotroph	Possible	Microfungus	NULL	NULL	Sterkenburg E, et al. 2015. New Phytologist 207:1145-1158 ((https://doi.org/10.1111/nph.13426))	Aspergillaceae
ASV1399	Fungi	Basidiomycota	Agaricomycetes	Agaricales	Tricholomataceae	NA	NA	Tricholomataceae	sSH1201847.09FU	0.9996421	Tricholomataceae	008764C7-3F16-4577-B343-C50EF7B78211	81487	9	Pathotroph-Symbiotroph	Ectomycorrhizal-Fungal Parasite	Probable	Agaricoid	NULL	Tricholoma species are ectomycorrhizal, occurring in coniferous and broadleaved forests (Cannon & Kirk 2007); T. sclerotoideum is parasitic on Helvella spp.	Cannon PF, Kirk PM. 2007. Fungal Families of the World. CAB International, Cambridge (ISBN: 978-0851998275)	Tricholomataceae
ASV1400	Fungi	Ascomycota	Sordariomycetes	Hypocreales	Hypocreaceae	Trichoderma	NA	Trichoderma	NA	0.8716929	Hypocreales	1CB18E60-36B9-11D5-9548-00D0592D548C	90477	7	Saprotroph	Undefined Saprotroph	Possible	Microfungus	NULL	NULL	Sterkenburg E, et al. 2015. New Phytologist 207:1145-1158 ((https://doi.org/10.1111/nph.13426))	Trichoderma
ASV1401	Fungi	Basidiomycota	Agaricomycetes	Russulales	Lachnocladiaceae	Dichostereum	Dichostereum_effuscatum	Dichostereum_effuscatum	sSH0898876.09FU	1.0000000	Lachnocladiaceae	1CB1CD49-36B9-11D5-9548-00D0592D548C	80924	9	Saprotroph	Wood Saprotroph	Probable	Coraloid-Corticioid	NULL	On decaying coniferous or broadleaved wood, sometimes on herbaceous stems, presumably saprobic (Cannon & Kirk 2007)	Cannon PF, Kirk PM. 2007. Fungal Families of the World. CAB International, Cambridge (ISBN: 978-0851998275)	Dichostereum_effuscatum
ASV1402	Fungi	Ascomycota	Dothideomycetes	Mycosphaerellales	Mycosphaerellaceae	Ramularia	NA	Ramularia	NA	0.9102180	Mycosphaerellaceae	1CB1CD75-36B9-11D5-9548-00D0592D548C	81043	9	Pathotroph-Saprotroph	Plant Pathogen-Undefined Saprotroph	Probable	Microfungus	NULL	Biotrophic, necrotrophic or saprobic on various plant tissues (Cannon & Kirk 2007)	Cannon PF, Kirk PM. 2007. Fungal Families of the World. CAB International, Cambridge (ISBN: 978-0851998275)	Ramularia
ASV1403	Fungi	Ascomycota	Eurotiomycetes	Eurotiales	Aspergillaceae	Aspergillus	Aspergillus_canadensis	Aspergillus_canadensis	sSH1225144.09FU	0.9994004	Eurotiales	1CB1CE25-36B9-11D5-9548-00D0592D548C	90472	7	Saprotroph	Undefined Saprotroph	Possible	Microfungus	NULL	NULL	Sterkenburg E, et al. 2015. New Phytologist 207:1145-1158 ((https://doi.org/10.1111/nph.13426))	Aspergillus_canadensis
ASV1404	Fungi	Ascomycota	Dothideomycetes	Capnodiales	Cladosporiaceae	Cladosporium	Cladosporium_dominicanum	Cladosporium_dominicanum	sSH4359931.09FU	0.9700697	Cladosporiaceae	6EDCD6E4-DE4D-443D-AF6B-A572F626BD45	816548	9	Pathotroph-Saprotroph-Symbiotroph	Animal Pathogen-Endophyte-Lichen Parasite-Plant Pathogen-Wood Saprotroph	Possible	Microfungus	NULL	NULL	Seehann G, et al. 1975. List of Fungi in Soft-Rot Tissue Tests. Institute fur Holzbiologie und Holzschutz, Bundesforschungsanstalt fur Forst - und Holzwirtshaft, Hamburg - Lohbrugge, Germany; Lawrey JD, Diederich P. 2016. http://www.lichenicolous.net (accessed 24 May 2017) ((http://www.lichenicolous.net)); The American Phytopathological Society Common Names of Plant Diseases ((http://www.apsnet.org/publications/commonnames/Pages/default.aspx))	Cladosporium_dominicanum
ASV1405	Fungi	Ascomycota	Dothideomycetes	Pleosporales	Didymosphaeriaceae	NA	NA	Didymosphaeriaceae	NA	0.7273195	Didymosphaeriaceae	1CB1CD0B-36B9-11D5-9548-00D0592D548C	80702	9	Pathotroph-Saprotroph-Symbiotroph	Endophyte-Lichen Parasite-Plant Pathogen-Undefined Saprotroph	Probable	Microfungus	NULL	Saprobes in both woody and herbaceous material, also parasitic on other fungi (Cannon & Kirk 2007)	Cannon PF, Kirk PM. 2007. Fungal Families of the World. CAB International, Cambridge (ISBN: 978-0851998275); Massimo NC, et al. 2015. Microbial Ecology 70:61-76 ((https://doi.org/10.1007/s00248-014-0563-6))	Didymosphaeriaceae
ASV1406	Fungi	Basidiomycota	Agaricomycetes	Agaricales	Tricholomataceae	Baeospora	Baeospora_myosura	Baeospora_myosura	sSH1044662.09FU	0.9701065	Tricholomataceae	008764C7-3F16-4577-B343-C50EF7B78211	81487	9	Pathotroph-Symbiotroph	Ectomycorrhizal-Fungal Parasite	Probable	Agaricoid	NULL	Tricholoma species are ectomycorrhizal, occurring in coniferous and broadleaved forests (Cannon & Kirk 2007); T. sclerotoideum is parasitic on Helvella spp.	Cannon PF, Kirk PM. 2007. Fungal Families of the World. CAB International, Cambridge (ISBN: 978-0851998275)	Baeospora_myosura
ASV1407	Fungi	Basidiomycota	Agaricomycetes	Polyporales	Meruliaceae	Phlebia	Phlebia_tremellosa	Phlebia_tremellosa	sSH0880595.09FU	1.0000000	Meruliaceae	9E12B0B5-1D82-4978-AF3D-6EC22C257619	89005	9	Pathotroph-Saprotroph	Plant Pathogen-Undefined Saprotroph	Probable	Corticioid-Polyporoid	NULL	Saprobic or parasitic on woody plants, causing a white rot (Cannon & Kirk 2007)	Cannon PF, Kirk PM. 2007. Fungal Families of the World. CAB International, Cambridge (ISBN: 978-0851998275)	Phlebia_tremellosa
ASV1408	Fungi	Ascomycota	Dothideomycetes	Capnodiales	Neodevriesiaceae	Neodevriesia	NA	Neodevriesia	NA	0.9011297	Neodevriesiaceae	F8168581-D82E-4A75-9190-C7925084B4CA	807766	9	Pathotroph-Saprotroph	Plant Pathogen-Undefined Saprotroph	Probable	NULL	NULL	Members are foliicolous, saprobic or plant pathogenic (Quaedvlieg et al. 2014)	Quaedvlieg W., et al. 2014. Persoonia 3:31-40 ((http://doi.org/10.3767/003158514X681981))	Neodevriesia
ASV1409	Fungi	Basidiomycota	Agaricomycetes	Polyporales	Meruliaceae	Mycoacia	Mycoacia_uda	Mycoacia_uda	sSH1125511.09FU	0.9999996	Meruliaceae	9E12B0B5-1D82-4978-AF3D-6EC22C257619	89005	9	Pathotroph-Saprotroph	Plant Pathogen-Undefined Saprotroph	Probable	Corticioid-Polyporoid	NULL	Saprobic or parasitic on woody plants, causing a white rot (Cannon & Kirk 2007)	Cannon PF, Kirk PM. 2007. Fungal Families of the World. CAB International, Cambridge (ISBN: 978-0851998275)	Mycoacia_uda
ASV1410	Fungi	Basidiomycota	Agaricomycetes	Hymenochaetales	Rickenellaceae	Sidera	Sidera_vulgaris	Sidera_vulgaris	sSH1164191.09FU	1.0000000	Sidera	97B47272-365F-4F6A-8BF6-A4ACD4016A3C	516944	13	Saprotroph	Undefined Saprotroph-|Wood Saprotroph|	Probable	Corticioid	White Rot	As white_rot (Põlme et al. 2020); Decay wood (Põlme et al. 2020)	Tedersoo L, et al. 2014. Science 346:e1256688 ((https://doi.org/10.1126/science.1256688)); Põlme S, et al. 2020. Fungal Diversity 105:1-16 ((https://doi.org/10.1007/s13225-020-00466-2))	Sidera_vulgaris
ASV1411	Fungi	Basidiomycota	Wallemiomycetes	Wallemiales	Wallemiaceae	Wallemia	Wallemia_tropicalis	Wallemia_tropicalis	sSH0958499.09FU	0.9924455	Wallemia	1AFF3730-16EA-11D6-BEBB-00508BCA8DE8	10428	13	Saprotroph	|Undefined Saprotroph|	Probable	Microfungus	NULL	Decay sugar-rich substrates (Põlme et al. 2020)	Tedersoo L, et al. 2014. Science 346:e1256688 ((https://doi.org/10.1126/science.1256688)); Põlme S, et al. 2020. Fungal Diversity 105:1-16 ((https://doi.org/10.1007/s13225-020-00466-2))	Wallemia_tropicalis
ASV1412	Fungi	Basidiomycota	Agaricomycetes	Polyporales	Phanerochaetaceae	Bjerkandera	Bjerkandera_adusta	Bjerkandera_adusta	sSH1177901.09FU	0.9350212	Bjerkandera	1CB1C50E-36B9-11D5-9548-00D0592D548C	17160	13	Pathotroph-Saprotroph-Symbiotroph	Endophyte-Plant Pathogen-|Wood Saprotroph|	Highly Probable	Polyporoid	White Rot	As root_endophyte_dark_septate (Põlme et al. 2020); As white_rot (Põlme et al. 2020); As wood_pathogen (Põlme et al. 2020); Decay wood (Põlme et al. 2020)	Gilbertson RL, Ryvarden L. 1987-1987. North American Polypores. Fungiflora, Oslo (ISBN: 978-0945345060); Põlme S, et al. 2020. Fungal Diversity 105:1-16 ((https://doi.org/10.1007/s13225-020-00466-2))	Bjerkandera_adusta
ASV1413	Fungi	Basidiomycota	Agaricomycetes	Trechisporales	Hydnodontaceae	Trechispora	Trechispora_byssinella	Trechispora_byssinella	sSH1236068.09FU	1.0000000	Trechispora	1CB1CC1A-36B9-11D5-9548-00D0592D548C	18664	13	Saprotroph	|Wood Saprotroph|	Highly Probable	Corticioid	White Rot	As white_rot (Põlme et al. 2020); Decay wood (Põlme et al. 2020)	Gilbertson RL, Ryvarden L. 1987-1987. North American Polypores. Fungiflora, Oslo (ISBN: 978-0945345060); Rinaldi AC, et al. 2008. Fungal Diversity 33:1-45 ((http://www.fungaldiversity.org/fdp/sfdp/33-1.pdf)) (as Uncertain); Tedersoo L, et al. 2010. Mycorrhiza 20:217-263 ((https://doi.org/10.1007/s00572-009-0274-x)) (as not ECM).; Põlme S, et al. 2020. Fungal Diversity 105:1-16 ((https://doi.org/10.1007/s13225-020-00466-2))	Trechispora_byssinella
ASV1414	Fungi	Basidiomycota	Agaricomycetes	Polyporales	Phanerochaetaceae	Bjerkandera	Bjerkandera_adusta	Bjerkandera_adusta	sSH1177901.09FU	0.9975670	Bjerkandera	1CB1C50E-36B9-11D5-9548-00D0592D548C	17160	13	Pathotroph-Saprotroph-Symbiotroph	Endophyte-Plant Pathogen-|Wood Saprotroph|	Highly Probable	Polyporoid	White Rot	As root_endophyte_dark_septate (Põlme et al. 2020); As white_rot (Põlme et al. 2020); As wood_pathogen (Põlme et al. 2020); Decay wood (Põlme et al. 2020)	Gilbertson RL, Ryvarden L. 1987-1987. North American Polypores. Fungiflora, Oslo (ISBN: 978-0945345060); Põlme S, et al. 2020. Fungal Diversity 105:1-16 ((https://doi.org/10.1007/s13225-020-00466-2))	Bjerkandera_adusta
ASV1415	Fungi	Ascomycota	Sordariomycetes	Hypocreales	Nectriaceae	Nectria	Nectria_pseudotrichia	Nectria_pseudotrichia	sSH1268680.09FU	0.9999998	Nectriaceae	1CB1CD7A-36B9-11D5-9548-00D0592D548C	81059	9	Pathotroph-Saprotroph-Symbiotroph	Animal Pathogen-Endophyte-Fungal Parasite-Lichen Parasite-Plant Pathogen-Wood Saprotroph	Possible	Microfungus	NULL	Fusarium species are amongst the economically significant plant pathogens (Cannon & Kirk 2007)	Cannon PF, Kirk PM. 2007. Fungal Families of the World. CAB International, Cambridge (ISBN: 978-0851998275); Hirooka Y, et al. 2012. Studies in Mycology 711-210 ((https://doi.org/10.3114/sim0001)); Tedersoo L, et al. 2014. Science 346:e1256688 ((https://doi.org/10.1126/science.1256688)); The American Phytopathological Society Common Names of Plant Diseases ((http://www.apsnet.org/publications/commonnames/Pages/default.aspx)); https://www.cdc.gov ((https://www.cdc.gov))	Nectria_pseudotrichia
ASV1416	Fungi	Basidiomycota	Tremellomycetes	Tremellales	Bulleribasidiaceae	Vishniacozyma	Vishniacozyma_carnescens	Vishniacozyma_carnescens	sSH2787831.09FU	0.9477745	Tremellales	1CB1CE64-36B9-11D5-9548-00D0592D548C	90451	7	Pathotroph-Saprotroph-Symbiotroph	Fungal Parasite-Undefined Saprotroph	Possible	Tremelloid-Yeast	NULL	The order contains both teleomorphic and anamorphic species, most of the latter being yeasts	Sterkenburg E, et al. 2015. New Phytologist 207:1145-1158 ((https://doi.org/10.1111/nph.13426))	Vishniacozyma_carnescens
ASV1417	Fungi	Ascomycota	Eurotiomycetes	Eurotiales	Aspergillaceae	Aspergillus	NA	Aspergillus	NA	0.8062745	Eurotiales	1CB1CE25-36B9-11D5-9548-00D0592D548C	90472	7	Saprotroph	Undefined Saprotroph	Possible	Microfungus	NULL	NULL	Sterkenburg E, et al. 2015. New Phytologist 207:1145-1158 ((https://doi.org/10.1111/nph.13426))	Aspergillus
ASV1418	Fungi	Ascomycota	Eurotiomycetes	Eurotiales	Aspergillaceae	Aspergillus	NA	Aspergillus	NA	0.9997231	Eurotiales	1CB1CE25-36B9-11D5-9548-00D0592D548C	90472	7	Saprotroph	Undefined Saprotroph	Possible	Microfungus	NULL	NULL	Sterkenburg E, et al. 2015. New Phytologist 207:1145-1158 ((https://doi.org/10.1111/nph.13426))	Aspergillus
ASV1419	Fungi	Basidiomycota	Agaricomycetes	Agaricales	Tricholomataceae	Panellus	Panellus_stipticus	Panellus_stipticus	sSH1125911.09FU	0.9925304	Tricholomataceae	008764C7-3F16-4577-B343-C50EF7B78211	81487	9	Pathotroph-Symbiotroph	Ectomycorrhizal-Fungal Parasite	Probable	Agaricoid	NULL	Tricholoma species are ectomycorrhizal, occurring in coniferous and broadleaved forests (Cannon & Kirk 2007); T. sclerotoideum is parasitic on Helvella spp.	Cannon PF, Kirk PM. 2007. Fungal Families of the World. CAB International, Cambridge (ISBN: 978-0851998275)	Panellus_stipticus
ASV1420	Fungi	Basidiomycota	Agaricomycetes	Agaricales	Tricholomataceae	Panellus	Panellus_stipticus	Panellus_stipticus	sSH1125911.09FU	0.9989962	Tricholomataceae	008764C7-3F16-4577-B343-C50EF7B78211	81487	9	Pathotroph-Symbiotroph	Ectomycorrhizal-Fungal Parasite	Probable	Agaricoid	NULL	Tricholoma species are ectomycorrhizal, occurring in coniferous and broadleaved forests (Cannon & Kirk 2007); T. sclerotoideum is parasitic on Helvella spp.	Cannon PF, Kirk PM. 2007. Fungal Families of the World. CAB International, Cambridge (ISBN: 978-0851998275)	Panellus_stipticus
ASV1421	Fungi	Ascomycota	Saccharomycetes	Saccharomycetales	Phaffomycetaceae	Komagataella	Komagataella_phaffii	Komagataella_phaffii	sSH1005220.09FU	0.9996332	Saccharomycetales	B73A15F4-AB90-4E11-B6D7-E0BE710B986C	816369	7	Saprotroph	Undefined Saprotroph	Possible	Yeast	NULL	NULL	Sterkenburg E, et al. 2015. New Phytologist 207:1145-1158 ((https://doi.org/10.1111/nph.13426))	Komagataella_phaffii
ASV1422	Fungi	Ascomycota	Dothideomycetes	Pleosporales	Leptosphaeriaceae	Ampelomyces	NA	Ampelomyces	sSH0894148.09FU	0.9491635	Leptosphaeriaceae	1CB1CD53-36B9-11D5-9548-00D0592D548C	81843	9	Pathotroph-Saprotroph	Plant Pathogen-Wood Saprotroph	Probable	Microfungus	NULL	Saprobic or weakly necrotrophic on stems or leaves (Cannon & Kirk 2007)	Cannon PF, Kirk PM. 2007. Fungal Families of the World. CAB International, Cambridge (ISBN: 978-0851998275)	Ampelomyces
ASV1423	Fungi	Basidiomycota	Malasseziomycetes	Malasseziales	Malasseziaceae	Malassezia	Malassezia_equina	Malassezia_equina	sSH1104337.09FU	0.9524018	Malassezia equina	6F6084FB-1CDF-4E67-B43E-951B5E2B5937	505601	20	Pathotroph	Animal Pathogen	Probable	NULL	NULL	Likely opportunistic human pathogen (Irinyi et al. 2015)	Irinyi L, et al. 2015. Medical Mycology 53:313-337 ((https://doi.org/10.1093/mmy/myv008))	Malassezia_equina
ASV1424	Fungi	Ascomycota	Eurotiomycetes	Eurotiales	Aspergillaceae	Aspergillus	NA	Aspergillus	NA	0.9998302	Eurotiales	1CB1CE25-36B9-11D5-9548-00D0592D548C	90472	7	Saprotroph	Undefined Saprotroph	Possible	Microfungus	NULL	NULL	Sterkenburg E, et al. 2015. New Phytologist 207:1145-1158 ((https://doi.org/10.1111/nph.13426))	Aspergillus
ASV1425	Fungi	Ascomycota	Dothideomycetes	Mycosphaerellales	Mycosphaerellaceae	Zasmidium	NA	Zasmidium	NA	0.9996056	Mycosphaerellaceae	1CB1CD75-36B9-11D5-9548-00D0592D548C	81043	9	Pathotroph-Saprotroph	Plant Pathogen-Undefined Saprotroph	Probable	Microfungus	NULL	Biotrophic, necrotrophic or saprobic on various plant tissues (Cannon & Kirk 2007)	Cannon PF, Kirk PM. 2007. Fungal Families of the World. CAB International, Cambridge (ISBN: 978-0851998275)	Zasmidium
ASV1426	Fungi	Ascomycota	Dothideomycetes	Capnodiales	Neodevriesiaceae	Neodevriesia	Neodevriesia_imbrexigena	Neodevriesia_imbrexigena	sSH0960661.09FU	0.9993818	Neodevriesiaceae	F8168581-D82E-4A75-9190-C7925084B4CA	807766	9	Pathotroph-Saprotroph	Plant Pathogen-Undefined Saprotroph	Probable	NULL	NULL	Members are foliicolous, saprobic or plant pathogenic (Quaedvlieg et al. 2014)	Quaedvlieg W., et al. 2014. Persoonia 3:31-40 ((http://doi.org/10.3767/003158514X681981))	Neodevriesia_imbrexigena
ASV1427	Fungi	Ascomycota	Saccharomycetes	Saccharomycetales	NA	Candida	Candida_argentea	Candida_argentea	sSH1041230.09FU	1.0000000	Saccharomycetales	B73A15F4-AB90-4E11-B6D7-E0BE710B986C	816369	7	Saprotroph	Undefined Saprotroph	Possible	Yeast	NULL	NULL	Sterkenburg E, et al. 2015. New Phytologist 207:1145-1158 ((https://doi.org/10.1111/nph.13426))	Candida_argentea
ASV1428	Fungi	Basidiomycota	Agaricomycetes	Polyporales	Polyporaceae	Cyanosporus	Cyanosporus_populi	Cyanosporus_populi	sSH3284493.09FU	0.8298412	Polyporaceae	1CB19B17-36B9-11D5-9548-00D0592D548C	81203	9	Saprotroph	Wood Saprotroph	Probable	Polyporoid	Brown Rot-White Rot	Lignicolous, causing brown or white rot, mostly of broadleaved trees (Cannon & Kirk 2007)	Cannon PF, Kirk PM. 2007. Fungal Families of the World. CAB International, Cambridge (ISBN: 978-0851998275)	Cyanosporus_populi
ASV1429	Fungi	Basidiomycota	Agaricomycetes	Polyporales	Polyporaceae	Trametes	NA	Trametes	NA	0.9571869	Polyporaceae	1CB19B17-36B9-11D5-9548-00D0592D548C	81203	9	Saprotroph	Wood Saprotroph	Probable	Polyporoid	Brown Rot-White Rot	Lignicolous, causing brown or white rot, mostly of broadleaved trees (Cannon & Kirk 2007)	Cannon PF, Kirk PM. 2007. Fungal Families of the World. CAB International, Cambridge (ISBN: 978-0851998275)	Trametes
ASV1430	Fungi	Ascomycota	Dothideomycetes	Capnodiales	NA	NA	NA	Capnodiales	sSH0984121.09FU	0.7644046	NA	NA	NA	NA	NA	NA	NA	NA	NA	NA	NA	Capnodiales
ASV1431	Fungi	Basidiomycota	Agaricomycetes	Polyporales	Phanerochaetaceae	Bjerkandera	Bjerkandera_adusta	Bjerkandera_adusta	sSH1177901.09FU	0.8411675	Bjerkandera	1CB1C50E-36B9-11D5-9548-00D0592D548C	17160	13	Pathotroph-Saprotroph-Symbiotroph	Endophyte-Plant Pathogen-|Wood Saprotroph|	Highly Probable	Polyporoid	White Rot	As root_endophyte_dark_septate (Põlme et al. 2020); As white_rot (Põlme et al. 2020); As wood_pathogen (Põlme et al. 2020); Decay wood (Põlme et al. 2020)	Gilbertson RL, Ryvarden L. 1987-1987. North American Polypores. Fungiflora, Oslo (ISBN: 978-0945345060); Põlme S, et al. 2020. Fungal Diversity 105:1-16 ((https://doi.org/10.1007/s13225-020-00466-2))	Bjerkandera_adusta
ASV1432	Fungi	Basidiomycota	Exobasidiomycetes	Microstromatales	NA	NA	NA	Microstromatales	NA	0.9999578	NA	NA	NA	NA	NA	NA	NA	NA	NA	NA	NA	Microstromatales
ASV1433	Fungi	Ascomycota	Sordariomycetes	Xylariales	NA	NA	NA	Xylariales	sSH1289001.09FU	0.9999530	NA	NA	NA	NA	NA	NA	NA	NA	NA	NA	NA	Xylariales
ASV1434	Fungi	Basidiomycota	Agaricomycetes	Polyporales	Irpicaceae	Trametopsis	Trametopsis_aborigena	Trametopsis_aborigena	sSH1215062.09FU	0.8274404	Trametopsis	2343CAB0-499A-4905-B0A2-6D09E1368E34	511347	13	Saprotroph	Undefined Saprotroph-|Wood Saprotroph|	Probable	Polyporoid	White Rot	As white_rot (Põlme et al. 2020); Decay wood (Põlme et al. 2020)	Tedersoo L, et al. 2014. Science 346:e1256688 ((https://doi.org/10.1126/science.1256688)); Põlme S, et al. 2020. Fungal Diversity 105:1-16 ((https://doi.org/10.1007/s13225-020-00466-2))	Trametopsis_aborigena
ASV1435	Fungi	Basidiomycota	Agaricomycetes	NA	NA	NA	NA	Agaricomycetes	NA	1.0000000	NA	NA	NA	NA	NA	NA	NA	NA	NA	NA	NA	Agaricomycetes
ASV1436	Fungi	Basidiomycota	Agaricomycetes	Trechisporales	Hydnodontaceae	Trechispora	NA	Trechispora	sSH1175061.09FU	0.9987392	Trechispora	1CB1CC1A-36B9-11D5-9548-00D0592D548C	18664	13	Saprotroph	|Wood Saprotroph|	Highly Probable	Corticioid	White Rot	As white_rot (Põlme et al. 2020); Decay wood (Põlme et al. 2020)	Gilbertson RL, Ryvarden L. 1987-1987. North American Polypores. Fungiflora, Oslo (ISBN: 978-0945345060); Rinaldi AC, et al. 2008. Fungal Diversity 33:1-45 ((http://www.fungaldiversity.org/fdp/sfdp/33-1.pdf)) (as Uncertain); Tedersoo L, et al. 2010. Mycorrhiza 20:217-263 ((https://doi.org/10.1007/s00572-009-0274-x)) (as not ECM).; Põlme S, et al. 2020. Fungal Diversity 105:1-16 ((https://doi.org/10.1007/s13225-020-00466-2))	Trechispora
ASV1437	Fungi	Ascomycota	Saccharomycetes	Saccharomycetales	Phaffomycetaceae	Komagataella	Komagataella_phaffii	Komagataella_phaffii	sSH1005220.09FU	0.9986590	Saccharomycetales	B73A15F4-AB90-4E11-B6D7-E0BE710B986C	816369	7	Saprotroph	Undefined Saprotroph	Possible	Yeast	NULL	NULL	Sterkenburg E, et al. 2015. New Phytologist 207:1145-1158 ((https://doi.org/10.1111/nph.13426))	Komagataella_phaffii
ASV1438	Fungi	Ascomycota	Eurotiomycetes	Eurotiales	Aspergillaceae	Aspergillus	NA	Aspergillus	NA	0.7597105	Eurotiales	1CB1CE25-36B9-11D5-9548-00D0592D548C	90472	7	Saprotroph	Undefined Saprotroph	Possible	Microfungus	NULL	NULL	Sterkenburg E, et al. 2015. New Phytologist 207:1145-1158 ((https://doi.org/10.1111/nph.13426))	Aspergillus
ASV1439	Fungi	Basidiomycota	Agaricomycetes	Polyporales	NA	Crustoderma	Crustoderma_fibuligerum	Crustoderma_fibuligerum	sSH1002090.09FU	1.0000000	Crustoderma	1CB1C5A1-36B9-11D5-9548-00D0592D548C	17410	13	Saprotroph	|Wood Saprotroph|	Probable	Corticioid	Brown Rot	As brown-rot (Põlme et al. 2020); Decay wood (Põlme et al. 2020)	Tedersoo L, et al. 2014. Science 346:e1256688 ((https://doi.org/10.1126/science.1256688)); Põlme S, et al. 2020. Fungal Diversity 105:1-16 ((https://doi.org/10.1007/s13225-020-00466-2))	Crustoderma_fibuligerum
ASV1440	Fungi	Basidiomycota	Agaricomycetes	Agaricales	Mycenaceae	Mycena	NA	Mycena	NA	0.7669850	Mycenaceae	8AE7A7D8-5A42-428C-A1CF-0125BA948485	505549	9	Saprotroph	Leaf Saprotroph-Wood Saprotroph	Probable	Agaricoid	NULL	Saprobes, most species as early colonizers of dead wood and leaves. A few species of Favolaschia and Mycena have been described as mycorrhizal with terrestrial orchids, but the associations need confirmation (Cannon & Kirk 2007)	Cannon PF, Kirk PM. 2007. Fungal Families of the World. CAB International, Cambridge (ISBN: 978-0851998275)	Mycena
ASV1441	Fungi	Ascomycota	Eurotiomycetes	Eurotiales	Aspergillaceae	Penicillium	NA	Penicillium	NA	0.9265402	Eurotiales	1CB1CE25-36B9-11D5-9548-00D0592D548C	90472	7	Saprotroph	Undefined Saprotroph	Possible	Microfungus	NULL	NULL	Sterkenburg E, et al. 2015. New Phytologist 207:1145-1158 ((https://doi.org/10.1111/nph.13426))	Penicillium
ASV1442	Fungi	Ascomycota	Sordariomycetes	Coniochaetales	Coniochaetaceae	Coniochaeta	NA	Coniochaeta	NA	0.7760420	Coniochaetaceae	1CB1CCF3-36B9-11D5-9548-00D0592D548C	80629	9	Pathotroph-Saprotroph-Symbiotroph	Animal Pathogen-Dung Saprotroph-Endophyte-Lichen Parasite-Plant Pathogen-Undefined Saprotroph	Possible	Microfungus	NULL	Saprobic on wood and bark (especially in dry habitats), coprophilous or isolated from soil and similar substrata (Cannon & Kirk 2007)	Cannon PF, Kirk PM. 2007. Fungal Families of the World. CAB International, Cambridge (ISBN: 978-0851998275); Damm U, et al. 2010. Persoonia 24:60-80 ((http://doi.org/10.3767/003158510X500705)); Irinyi L, et al. 2015. Medical Mycology 53:313-337 ((https://doi.org/10.1093/mmy/myv008)); Lawrey JD, Diederich P. 2016. http://www.lichenicolous.net (accessed 24 May 2017) ((http://www.lichenicolous.net))	Coniochaeta
ASV1443	Fungi	Ascomycota	Dothideomycetes	Mycosphaerellales	Mycosphaerellaceae	Sphaerulina	NA	Sphaerulina	NA	0.7824193	Mycosphaerellaceae	1CB1CD75-36B9-11D5-9548-00D0592D548C	81043	9	Pathotroph-Saprotroph	Plant Pathogen-Undefined Saprotroph	Probable	Microfungus	NULL	Biotrophic, necrotrophic or saprobic on various plant tissues (Cannon & Kirk 2007)	Cannon PF, Kirk PM. 2007. Fungal Families of the World. CAB International, Cambridge (ISBN: 978-0851998275)	Sphaerulina
ASV1444	Fungi	Basidiomycota	Tremellomycetes	Cystofilobasidiales	Cystofilobasidiaceae	Cystofilobasidium	Cystofilobasidium_capitatum	Cystofilobasidium_capitatum	sSH1295653.09FU	0.9998641	Cystofilobasidium	E5E8D0C9-E6D4-4047-A234-7168451EFFA5	25635	13	Saprotroph	|Plant Saprotroph|	Possible	Yeast	NULL	As litter_saprotroph (Põlme et al. 2020); Decay leaf, fruit, seed (Põlme et al. 2020)	Oberwinkler F, et al. 1983. Systematic and Applied Microbiology 41:14-122 ((https://doi.org/10.1016/S0723-2020((83))80039-3))	Cystofilobasidium_capitatum
ASV1445	Fungi	Basidiomycota	Agaricomycetes	NA	NA	NA	NA	Agaricomycetes	NA	1.0000000	NA	NA	NA	NA	NA	NA	NA	NA	NA	NA	NA	Agaricomycetes
ASV1446	Fungi	Ascomycota	Leotiomycetes	Thelebolales	Pseudeurotiaceae	NA	NA	Pseudeurotiaceae	sSH1046495.09FU	0.9954491	Pseudeurotiaceae	1CB1CDAD-36B9-11D5-9548-00D0592D548C	81222	9	Saprotroph	Plant Saprotroph-Wood Saprotroph	Probable	Microfungus	NULL	Saprobic on woody tissue and rotting vegetation, often isolated from soil (Cannon & Kirk 2007)	Cannon PF, Kirk PM. 2007. Fungal Families of the World. CAB International, Cambridge (ISBN: 978-0851998275)	Pseudeurotiaceae
ASV1447	Fungi	Basidiomycota	Agaricomycetes	Russulales	Wrightoporiaceae	Wrightoporia	Wrightoporia_austrosinensis	Wrightoporia_austrosinensis	sSH1323069.09FU	1.0000000	Wrightoporia	1CB1CC82-36B9-11D5-9548-00D0592D548C	18750	13	Saprotroph	|Wood Saprotroph|	Highly Probable	Corticioid	White Rot	As white_rot (Põlme et al. 2020); Decay wood (Põlme et al. 2020)	Gilbertson RL, Ryvarden L. 1987-1987. North American Polypores. Fungiflora, Oslo (ISBN: 978-0945345060); Põlme S, et al. 2020. Fungal Diversity 105:1-16 ((https://doi.org/10.1007/s13225-020-00466-2))	Wrightoporia_austrosinensis
ASV1448	Fungi	Basidiomycota	Agaricomycetes	Cantharellales	Hydnaceae	Sistotrema	NA	Sistotrema	sSH0906250.09FU	0.9995620	Sistotrema	1CB1CB70-36B9-11D5-9548-00D0592D548C	18551	13	Saprotroph-Symbiotroph	Ectomycorrhizal-|Plant Saprotroph|-Wood Saprotroph	Possible	Corticioid	White Rot	As litter_saprotroph (Põlme et al. 2020); Decay leaf, fruit, seed (Põlme et al. 2020)	Gilbertson RL, Ryvarden L. 1987-1987. North American Polypores. Fungiflora, Oslo (ISBN: 978-0945345060); Rinaldi AC, et al. 2008. Fungal Diversity 33:1-45 ((http://www.fungaldiversity.org/fdp/sfdp/33-1.pdf)) (as ECM/not ECM); Tedersoo L, et al. 2010. Mycorrhiza 20:217-263 ((https://doi.org/10.1007/s00572-009-0274-x)) (pro parte); Põlme S, et al. 2020. Fungal Diversity 105:1-16 ((https://doi.org/10.1007/s13225-020-00466-2)); http://mycorrhizas.info/ecmf.html ((http://mycorrhizas.info/ecmf.html)) (as ECM/not ECM).	Sistotrema
ASV1449	Fungi	Basidiomycota	Agaricomycetes	Polyporales	NA	NA	NA	Polyporales	sSH1088341.09FU	0.9987800	NA	NA	NA	NA	NA	NA	NA	NA	NA	NA	NA	Polyporales
ASV1450	Fungi	Basidiomycota	Agaricomycetes	NA	NA	NA	NA	Agaricomycetes	sSH1186716.09FU	0.9769824	NA	NA	NA	NA	NA	NA	NA	NA	NA	NA	NA	Agaricomycetes
ASV1451	Fungi	Basidiomycota	Agaricomycetes	Cantharellales	Hydnaceae	Sistotrema	Sistotrema_porulosum	Sistotrema_porulosum	sSH1208568.09FU	0.9999131	Sistotrema	1CB1CB70-36B9-11D5-9548-00D0592D548C	18551	13	Saprotroph-Symbiotroph	Ectomycorrhizal-|Plant Saprotroph|-Wood Saprotroph	Possible	Corticioid	White Rot	As litter_saprotroph (Põlme et al. 2020); Decay leaf, fruit, seed (Põlme et al. 2020)	Gilbertson RL, Ryvarden L. 1987-1987. North American Polypores. Fungiflora, Oslo (ISBN: 978-0945345060); Rinaldi AC, et al. 2008. Fungal Diversity 33:1-45 ((http://www.fungaldiversity.org/fdp/sfdp/33-1.pdf)) (as ECM/not ECM); Tedersoo L, et al. 2010. Mycorrhiza 20:217-263 ((https://doi.org/10.1007/s00572-009-0274-x)) (pro parte); Põlme S, et al. 2020. Fungal Diversity 105:1-16 ((https://doi.org/10.1007/s13225-020-00466-2)); http://mycorrhizas.info/ecmf.html ((http://mycorrhizas.info/ecmf.html)) (as ECM/not ECM).	Sistotrema_porulosum
ASV1452	Fungi	Basidiomycota	Agaricomycetes	Polyporales	Meruliaceae	Phlebia	Phlebia_tremellosa	Phlebia_tremellosa	sSH0880595.09FU	1.0000000	Meruliaceae	9E12B0B5-1D82-4978-AF3D-6EC22C257619	89005	9	Pathotroph-Saprotroph	Plant Pathogen-Undefined Saprotroph	Probable	Corticioid-Polyporoid	NULL	Saprobic or parasitic on woody plants, causing a white rot (Cannon & Kirk 2007)	Cannon PF, Kirk PM. 2007. Fungal Families of the World. CAB International, Cambridge (ISBN: 978-0851998275)	Phlebia_tremellosa
ASV1453	Fungi	Basidiomycota	Agaricomycetes	Agaricales	Psathyrellaceae	Psathyrella	NA	Psathyrella	NA	0.9999947	Psathyrellaceae	F36155B5-ADC2-4C2C-83F3-2D3778EA9B7F	82127	9	Saprotroph	Dung Saprotroph-Plant Saprotroph-Wood Saprotroph	Probable	Agaricoid	NULL	Saprobic, in grass, on dung, rotten wood and similar substrata (Cannon & Kirk 2007)	Cannon PF, Kirk PM. 2007. Fungal Families of the World. CAB International, Cambridge (ISBN: 978-0851998275)	Psathyrella
ASV1454	Fungi	Ascomycota	Sordariomycetes	Hypocreales	Nectriaceae	Fusarium	NA	Fusarium	NA	0.8994400	Nectriaceae	1CB1CD7A-36B9-11D5-9548-00D0592D548C	81059	9	Pathotroph-Saprotroph-Symbiotroph	Animal Pathogen-Endophyte-Fungal Parasite-Lichen Parasite-Plant Pathogen-Wood Saprotroph	Possible	Microfungus	NULL	Fusarium species are amongst the economically significant plant pathogens (Cannon & Kirk 2007)	Cannon PF, Kirk PM. 2007. Fungal Families of the World. CAB International, Cambridge (ISBN: 978-0851998275); Hirooka Y, et al. 2012. Studies in Mycology 711-210 ((https://doi.org/10.3114/sim0001)); Tedersoo L, et al. 2014. Science 346:e1256688 ((https://doi.org/10.1126/science.1256688)); The American Phytopathological Society Common Names of Plant Diseases ((http://www.apsnet.org/publications/commonnames/Pages/default.aspx)); https://www.cdc.gov ((https://www.cdc.gov))	Fusarium
ASV1455	Fungi	Ascomycota	Eurotiomycetes	Verrucariales	Verrucariaceae	Verrucaria	NA	Verrucaria	sSH1304732.09FU	0.8820166	Verrucariaceae	1CB1CDFE-36B9-11D5-9548-00D0592D548C	81910	9	Symbiotroph	Lichenized	Highly Probable	Thallus	NULL	Lichenized with green algae, on rocks, soil, etc., more rarely on wood and bark (Cannon & Kirk 2007)	Cannon PF, Kirk PM. 2007. Fungal Families of the World. CAB International, Cambridge (ISBN: 978-0851998275)	Verrucaria
ASV1456	Fungi	Basidiomycota	Agaricomycetes	Polyporales	Meruliaceae	Phlebia	Phlebia_tremellosa	Phlebia_tremellosa	sSH0880595.09FU	0.9999729	Meruliaceae	9E12B0B5-1D82-4978-AF3D-6EC22C257619	89005	9	Pathotroph-Saprotroph	Plant Pathogen-Undefined Saprotroph	Probable	Corticioid-Polyporoid	NULL	Saprobic or parasitic on woody plants, causing a white rot (Cannon & Kirk 2007)	Cannon PF, Kirk PM. 2007. Fungal Families of the World. CAB International, Cambridge (ISBN: 978-0851998275)	Phlebia_tremellosa
ASV1457	Fungi	Chytridiomycota	Rhizophlyctidomycetes	Rhizophlyctidales	Rhizophlyctidaceae	NA	NA	Rhizophlyctidaceae	sSH1114445.09FU	1.0000000	NA	NA	NA	NA	NA	NA	NA	NA	NA	NA	NA	Rhizophlyctidaceae
ASV1458	Fungi	Basidiomycota	Agaricomycetes	Agaricales	Tricholomataceae	Resupinatus	Resupinatus_rouxii	Resupinatus_rouxii	sSH1171966.09FU	0.9999943	Tricholomataceae	008764C7-3F16-4577-B343-C50EF7B78211	81487	9	Pathotroph-Symbiotroph	Ectomycorrhizal-Fungal Parasite	Probable	Agaricoid	NULL	Tricholoma species are ectomycorrhizal, occurring in coniferous and broadleaved forests (Cannon & Kirk 2007); T. sclerotoideum is parasitic on Helvella spp.	Cannon PF, Kirk PM. 2007. Fungal Families of the World. CAB International, Cambridge (ISBN: 978-0851998275)	Resupinatus_rouxii
ASV1459	Fungi	Basidiomycota	Agaricomycetes	Amylocorticiales	Amylocorticiaceae	Plicaturopsis	Plicaturopsis_crispa	Plicaturopsis_crispa	sSH1001310.09FU	0.9999873	Amylocorticiaceae	F1AC6A76-C083-47A5-ACC0-FB5027C4CCF1	82170	9	Saprotroph	Undefined Saprotroph	Probable	NULL	Brown Rot; White Rot	Species live saprophytically on decaying wood or as plant parasites. Associated with brown rot or white rot (Binder et al. 2010)	Binder M, et al. 2010. Mycologia 102:865-880 ((https://doi.org/10.3852/09-288))	Plicaturopsis_crispa
ASV1460	Fungi	Basidiomycota	Agaricomycetes	Hymenochaetales	NA	Trichaptum	Trichaptum_biforme	Trichaptum_biforme	sSH1186721.09FU	0.9999341	Trichaptum	1CB1CC20-36B9-11D5-9548-00D0592D548C	18675	13	Saprotroph	|Wood Saprotroph|	Highly Probable	Polyporoid	White Rot	As white_rot (Põlme et al. 2020); Decay wood (Põlme et al. 2020)	Gilbertson RL, Ryvarden L. 1987-1987. North American Polypores. Fungiflora, Oslo (ISBN: 978-0945345060); Põlme S, et al. 2020. Fungal Diversity 105:1-16 ((https://doi.org/10.1007/s13225-020-00466-2))	Trichaptum_biforme
ASV1461	Fungi	Ascomycota	Dothideomycetes	Pleosporales	Pleosporaceae	Curvularia	Curvularia_canadensis	Curvularia_canadensis	sSH1224288.09FU	0.9883865	Pleosporaceae	1CB1CDA2-36B9-11D5-9548-00D0592D548C	81188	9	Pathotroph-Saprotroph	Endophyte-Lichen Parasite-Plant Pathogen-Undefined Saprotroph	Probable	Microfungus	NULL	Necrotrophic pathogens and saprobes, especially associated with grasses. Many species are seed-borne (Cannon & Kirk 2007)	Cannon PF, Kirk PM. 2007. Fungal Families of the World. CAB International, Cambridge (ISBN: 978-0851998275); David AS, et al. 2016. Microbial Ecology 71:912-926 ((https://doi.org/10.1007/s00248-015-0712-6)); Lawrey JD, Diederich P. 2016. http://www.lichenicolous.net (accessed 24 May 2017) ((http://www.lichenicolous.net))	Curvularia_canadensis
ASV1462	Fungi	Basidiomycota	Agaricomycetes	Cantharellales	Botryobasidiaceae	Botryobasidium	Botryobasidium_candicans	Botryobasidium_candicans	sSH0891569.09FU	0.9997874	Botryobasidiaceae	1CB1CCD1-36B9-11D5-9548-00D0592D548C	81744	9	Saprotroph	Undefined Saprotroph-Wood Saprotroph	Probable	Corticioid	NULL	Saprobic, typically on rotten wood (Cannon & Kirk 2007)	Cannon PF, Kirk PM. 2007. Fungal Families of the World. CAB International, Cambridge (ISBN: 978-0851998275)	Botryobasidium_candicans
ASV1463	Fungi	Ascomycota	Dothideomycetes	NA	NA	NA	NA	Dothideomycetes	sSH0943484.09FU	0.8419603	NA	NA	NA	NA	NA	NA	NA	NA	NA	NA	NA	Dothideomycetes
ASV1464	Fungi	Basidiomycota	Agaricomycetes	Agaricales	NA	Chondrostereum	Chondrostereum_purpureum	Chondrostereum_purpureum	sSH1259912.09FU	1.0000000	Agaricales	715D162F-5F0E-40C8-A7DC-79D488D3F937	90508	7	Pathotroph-Saprotroph-Symbiotroph	Bryophyte Parasite-Dung Saprotroph-Ectomycorrhizal-Fungal Parasite-Leaf Saprotroph-Plant Parasite-Undefined Saprotroph-Wood Saprotroph	Possible	Agaricoid-Gasteroid-Microfungus-Secotioid-Yeast	NULL	Mushrooms and toadstools, Gill fungi, Agarics... lignicolous, sometimes muscicolous or fungicolous, saprobic, mycorrhizal, rarely parasitic on plants or fungi (Kirk et al. 2008)	Kirk PM et al. 2008. Dictionary of the Fungi. Tenth Edition. CAB International, Wallingford (ISBN: 978-0851998268)	Chondrostereum_purpureum
ASV1465	Fungi	Basidiomycota	Agaricomycetes	Atheliales	Pilodermataceae	Piloderma	NA	Piloderma	sSH1188031.09FU	0.9874287	Piloderma	1CB1CA1F-36B9-11D5-9548-00D0592D548C	18287	13	Symbiotroph	|Ectomycorrhizal|	Highly Probable	Corticioid	NULL	NULL	Rinaldi AC, et al. 2008. Fungal Diversity 33:1-45 ((http://www.fungaldiversity.org/fdp/sfdp/33-1.pdf)); Tedersoo L, et al. 2010. Mycorrhiza 20:217-263 ((https://doi.org/10.1007/s00572-009-0274-x)); Põlme S, et al. 2020. Fungal Diversity 105:1-16 ((https://doi.org/10.1007/s13225-020-00466-2)); http://mycorrhizas.info/ecmf.html ((http://mycorrhizas.info/ecmf.html))	Piloderma
ASV1466	Fungi	Ascomycota	Dothideomycetes	Capnodiales	Cladosporiaceae	Verrucocladosporium	NA	Verrucocladosporium	NA	0.9988805	Cladosporiaceae	6EDCD6E4-DE4D-443D-AF6B-A572F626BD45	816548	9	Pathotroph-Saprotroph-Symbiotroph	Animal Pathogen-Endophyte-Lichen Parasite-Plant Pathogen-Wood Saprotroph	Possible	Microfungus	NULL	NULL	Seehann G, et al. 1975. List of Fungi in Soft-Rot Tissue Tests. Institute fur Holzbiologie und Holzschutz, Bundesforschungsanstalt fur Forst - und Holzwirtshaft, Hamburg - Lohbrugge, Germany; Lawrey JD, Diederich P. 2016. http://www.lichenicolous.net (accessed 24 May 2017) ((http://www.lichenicolous.net)); The American Phytopathological Society Common Names of Plant Diseases ((http://www.apsnet.org/publications/commonnames/Pages/default.aspx))	Verrucocladosporium
ASV1467	Fungi	Ascomycota	Eurotiomycetes	Eurotiales	Aspergillaceae	Aspergillus	NA	Aspergillus	NA	0.9971497	Eurotiales	1CB1CE25-36B9-11D5-9548-00D0592D548C	90472	7	Saprotroph	Undefined Saprotroph	Possible	Microfungus	NULL	NULL	Sterkenburg E, et al. 2015. New Phytologist 207:1145-1158 ((https://doi.org/10.1111/nph.13426))	Aspergillus
ASV1468	Fungi	Basidiomycota	Agaricomycetes	NA	NA	NA	NA	Agaricomycetes	sSH1263629.09FU	0.9985814	NA	NA	NA	NA	NA	NA	NA	NA	NA	NA	NA	Agaricomycetes
ASV1469	Fungi	Basidiomycota	Agaricomycetes	Atheliales	Tylosporaceae	NA	NA	Tylosporaceae	sSH1235671.09FU	0.9997629	NA	NA	NA	NA	NA	NA	NA	NA	NA	NA	NA	Tylosporaceae
ASV1470	Fungi	Basidiomycota	Tremellomycetes	Tremellales	Cryptococcaceae	Kwoniella	NA	Kwoniella	NA	1.0000000	Tremellales	1CB1CE64-36B9-11D5-9548-00D0592D548C	90451	7	Pathotroph-Saprotroph-Symbiotroph	Fungal Parasite-Undefined Saprotroph	Possible	Tremelloid-Yeast	NULL	The order contains both teleomorphic and anamorphic species, most of the latter being yeasts	Sterkenburg E, et al. 2015. New Phytologist 207:1145-1158 ((https://doi.org/10.1111/nph.13426))	Kwoniella
ASV1471	Fungi	Basidiomycota	Agaricomycetes	Polyporales	Meripilaceae	Rigidoporus	Rigidoporus_pouzarii	Rigidoporus_pouzarii	sSH1197608.09FU	0.9999915	Meripilaceae	1CB1CD64-36B9-11D5-9548-00D0592D548C	80007	9	Pathotroph-Saprotroph	Plant Pathogen-Undefined Saprotroph	Probable	Polyporoid	NULL	Saprobic or parasitic on hardwood trees, often growing from buried roots and causing white rot (Cannon & Kirk 2007)	Cannon PF, Kirk PM. 2007. Fungal Families of the World. CAB International, Cambridge (ISBN: 978-0851998275)	Rigidoporus_pouzarii
ASV1472	Fungi	Basidiomycota	Agaricomycetes	Russulales	Peniophoraceae	Peniophora	Peniophora_cinerea	Peniophora_cinerea	sSH1068907.09FU	0.9766814	Peniophoraceae	1CB1CD8B-36B9-11D5-9548-00D0592D548C	81123	9	Pathotroph-Saprotroph	Plant Pathogen-Wood Saprotroph	Probable	Corticioid	White Rot	Most species are saprobic, causing rots of standing and fallen wood. Many species are adapted to xeric conditions, being able to grow on rapidly drying dead attached branches (Cannon & Kirk 2007)	Cannon PF, Kirk PM. 2007. Fungal Families of the World. CAB International, Cambridge (ISBN: 978-0851998275)	Peniophora_cinerea
ASV1473	Fungi	Basidiomycota	Microbotryomycetes	Sporidiobolales	Sporidiobolaceae	Rhodotorula	Rhodotorula_taiwanensis	Rhodotorula_taiwanensis	sSH1008764.09FU	0.9999911	Sporidiobolaceae	20AD224D-9EFF-4C1C-8214-59BA76CCCDF3	82101	9	Pathotroph-Saprotroph	Animal Pathogen-Undefined Saprotroph	Probable	Microfungus	NULL	Saprobic, found in a wide range of habitats and especially in aquatic systems. Some of the red yeasts in this family are widely encountered spoilage organisms and opportunistic human pathogens (Cannon & Kirk 2007)	Cannon PF, Kirk PM. 2007. Fungal Families of the World. CAB International, Cambridge (ISBN: 978-0851998275)	Rhodotorula_taiwanensis
ASV1474	Fungi	Basidiomycota	Agaricomycetes	Agaricales	Tricholomataceae	NA	NA	Tricholomataceae	sSH1201847.09FU	0.9930894	Tricholomataceae	008764C7-3F16-4577-B343-C50EF7B78211	81487	9	Pathotroph-Symbiotroph	Ectomycorrhizal-Fungal Parasite	Probable	Agaricoid	NULL	Tricholoma species are ectomycorrhizal, occurring in coniferous and broadleaved forests (Cannon & Kirk 2007); T. sclerotoideum is parasitic on Helvella spp.	Cannon PF, Kirk PM. 2007. Fungal Families of the World. CAB International, Cambridge (ISBN: 978-0851998275)	Tricholomataceae
ASV1475	Fungi	Basidiomycota	Agaricomycetes	Agaricales	Tricholomataceae	Baeospora	Baeospora_myosura	Baeospora_myosura	sSH1044662.09FU	0.9963215	Tricholomataceae	008764C7-3F16-4577-B343-C50EF7B78211	81487	9	Pathotroph-Symbiotroph	Ectomycorrhizal-Fungal Parasite	Probable	Agaricoid	NULL	Tricholoma species are ectomycorrhizal, occurring in coniferous and broadleaved forests (Cannon & Kirk 2007); T. sclerotoideum is parasitic on Helvella spp.	Cannon PF, Kirk PM. 2007. Fungal Families of the World. CAB International, Cambridge (ISBN: 978-0851998275)	Baeospora_myosura
ASV1476	Fungi	Basidiomycota	Agaricomycetes	Russulales	Stereaceae	Stereum	NA	Stereum	NA	0.8228878	Stereaceae	1CB1CDDC-36B9-11D5-9548-00D0592D548C	81424	9	Saprotroph	Undefined Saprotroph-Wood Saprotroph	Probable	Corticioid-Polyporoid	NULL	Lignicolous or terrestrial (in leaf litter); typically saprobic (Cannon & Kirk 2007)	Cannon PF, Kirk PM. 2007. Fungal Families of the World. CAB International, Cambridge (ISBN: 978-0851998275)	Stereum
ASV1477	Fungi	Ascomycota	Orbiliomycetes	Orbiliales	Orbiliaceae	NA	NA	Orbiliaceae	sSH1068271.09FU	0.8548794	Orbiliaceae	1CB19716-36B9-11D5-9548-00D0592D548C	81091	9	Saprotroph	Wood Saprotroph	Probable	Microfungus	NULL	Saprobic, found especially on wood in both wet and dry habitats. Many species are nematophagous, forming adhesive knobs, nets or ring-like traps in the presence of a food source; perhaps a strategy for life in low-nitrogen environments. There have been reports of associations with algae for a few species, but an established lichen association appears not to exist (Cannon & Kirk 2007)	Cannon PF, Kirk PM. 2007. Fungal Families of the World. CAB International, Cambridge (ISBN: 978-0851998275)	Orbiliaceae
ASV1478	Fungi	NA	NA	NA	NA	NA	NA	NA	NA	0.7742045	NA	NA	NA	NA	NA	NA	NA	NA	NA	NA	NA	NA
ASV1479	Fungi	Ascomycota	Eurotiomycetes	Eurotiales	Aspergillaceae	Aspergillus	NA	Aspergillus	NA	0.9403818	Eurotiales	1CB1CE25-36B9-11D5-9548-00D0592D548C	90472	7	Saprotroph	Undefined Saprotroph	Possible	Microfungus	NULL	NULL	Sterkenburg E, et al. 2015. New Phytologist 207:1145-1158 ((https://doi.org/10.1111/nph.13426))	Aspergillus
ASV1480	Fungi	Basidiomycota	Exobasidiomycetes	Microstromatales	NA	NA	NA	Microstromatales	NA	1.0000000	NA	NA	NA	NA	NA	NA	NA	NA	NA	NA	NA	Microstromatales
ASV1481	Fungi	Basidiomycota	Agaricomycetes	Polyporales	Polyporaceae	Lenzites	Lenzites_betulina	Lenzites_betulina	sSH1122474.09FU	0.9999177	Polyporaceae	1CB19B17-36B9-11D5-9548-00D0592D548C	81203	9	Saprotroph	Wood Saprotroph	Probable	Polyporoid	Brown Rot-White Rot	Lignicolous, causing brown or white rot, mostly of broadleaved trees (Cannon & Kirk 2007)	Cannon PF, Kirk PM. 2007. Fungal Families of the World. CAB International, Cambridge (ISBN: 978-0851998275)	Lenzites_betulina
ASV1482	Fungi	Basidiomycota	Agaricomycetes	Hymenochaetales	Schizoporaceae	Xylodon	Xylodon_flaviporus	Xylodon_flaviporus	sSH1236566.09FU	0.9791919	Schizoporaceae	1CB1CDC9-36B9-11D5-9548-00D0592D548C	80038	9	Saprotroph	Wood Saprotroph	Probable	Corticioid	White Rot	Saprobic, causing white rot of standing and fallen wood of coniferous and broadleaved trees, rarely on herbaceous stems (Cannon & Kirk 2007)	Cannon PF, Kirk PM. 2007. Fungal Families of the World. CAB International, Cambridge (ISBN: 978-0851998275)	Xylodon_flaviporus
ASV1483	Fungi	Basidiomycota	Agaricomycetes	Agaricales	NA	NA	NA	Agaricales	sSH1217731.09FU	0.9999997	Agaricales	715D162F-5F0E-40C8-A7DC-79D488D3F937	90508	7	Pathotroph-Saprotroph-Symbiotroph	Bryophyte Parasite-Dung Saprotroph-Ectomycorrhizal-Fungal Parasite-Leaf Saprotroph-Plant Parasite-Undefined Saprotroph-Wood Saprotroph	Possible	Agaricoid-Gasteroid-Microfungus-Secotioid-Yeast	NULL	Mushrooms and toadstools, Gill fungi, Agarics... lignicolous, sometimes muscicolous or fungicolous, saprobic, mycorrhizal, rarely parasitic on plants or fungi (Kirk et al. 2008)	Kirk PM et al. 2008. Dictionary of the Fungi. Tenth Edition. CAB International, Wallingford (ISBN: 978-0851998268)	Agaricales
ASV1484	Fungi	Basidiomycota	Agaricomycetes	Agaricales	Psathyrellaceae	Psathyrella	NA	Psathyrella	NA	0.9999977	Psathyrellaceae	F36155B5-ADC2-4C2C-83F3-2D3778EA9B7F	82127	9	Saprotroph	Dung Saprotroph-Plant Saprotroph-Wood Saprotroph	Probable	Agaricoid	NULL	Saprobic, in grass, on dung, rotten wood and similar substrata (Cannon & Kirk 2007)	Cannon PF, Kirk PM. 2007. Fungal Families of the World. CAB International, Cambridge (ISBN: 978-0851998275)	Psathyrella
ASV1485	Fungi	Ascomycota	Eurotiomycetes	Eurotiales	Aspergillaceae	Penicillium	NA	Penicillium	NA	0.9999087	Eurotiales	1CB1CE25-36B9-11D5-9548-00D0592D548C	90472	7	Saprotroph	Undefined Saprotroph	Possible	Microfungus	NULL	NULL	Sterkenburg E, et al. 2015. New Phytologist 207:1145-1158 ((https://doi.org/10.1111/nph.13426))	Penicillium
ASV1486	Fungi	Basidiomycota	Agaricomycetes	Agaricales	Tricholomataceae	Baeospora	Baeospora_myosura	Baeospora_myosura	sSH1044662.09FU	0.9406693	Tricholomataceae	008764C7-3F16-4577-B343-C50EF7B78211	81487	9	Pathotroph-Symbiotroph	Ectomycorrhizal-Fungal Parasite	Probable	Agaricoid	NULL	Tricholoma species are ectomycorrhizal, occurring in coniferous and broadleaved forests (Cannon & Kirk 2007); T. sclerotoideum is parasitic on Helvella spp.	Cannon PF, Kirk PM. 2007. Fungal Families of the World. CAB International, Cambridge (ISBN: 978-0851998275)	Baeospora_myosura
ASV1487	Fungi	Basidiomycota	Agaricomycetes	Russulales	Stereaceae	NA	NA	Stereaceae	sSH0935519.09FU	0.9995742	Stereaceae	1CB1CDDC-36B9-11D5-9548-00D0592D548C	81424	9	Saprotroph	Undefined Saprotroph-Wood Saprotroph	Probable	Corticioid-Polyporoid	NULL	Lignicolous or terrestrial (in leaf litter); typically saprobic (Cannon & Kirk 2007)	Cannon PF, Kirk PM. 2007. Fungal Families of the World. CAB International, Cambridge (ISBN: 978-0851998275)	Stereaceae
ASV1488	Fungi	Basidiomycota	Agaricomycetes	Russulales	NA	Scytinostromella	Scytinostromella_nannfeldtii	Scytinostromella_nannfeldtii	sSH0918112.09FU	0.9999976	Scytinostromella	C4E56178-44F9-493A-B9BC-8936B0D39727	18531	13	Saprotroph	Undefined Saprotroph-|Wood Saprotroph|	Probable	Corticioid	White Rot	As white_rot (Põlme et al. 2020); Decay wood (Põlme et al. 2020)	Tedersoo L, et al. 2014. Science 346:e1256688 ((https://doi.org/10.1126/science.1256688)); Põlme S, et al. 2020. Fungal Diversity 105:1-16 ((https://doi.org/10.1007/s13225-020-00466-2))	Scytinostromella_nannfeldtii
ASV1489	Fungi	Basidiomycota	Agaricomycetes	Polyporales	Polyporaceae	Lenzites	Lenzites_betulina	Lenzites_betulina	sSH1122474.09FU	0.9999698	Polyporaceae	1CB19B17-36B9-11D5-9548-00D0592D548C	81203	9	Saprotroph	Wood Saprotroph	Probable	Polyporoid	Brown Rot-White Rot	Lignicolous, causing brown or white rot, mostly of broadleaved trees (Cannon & Kirk 2007)	Cannon PF, Kirk PM. 2007. Fungal Families of the World. CAB International, Cambridge (ISBN: 978-0851998275)	Lenzites_betulina
ASV1490	Fungi	Basidiomycota	Agaricomycetes	Cantharellales	Hydnaceae	Sistotrema	Sistotrema_porulosum	Sistotrema_porulosum	sSH1208568.09FU	0.9999888	Sistotrema	1CB1CB70-36B9-11D5-9548-00D0592D548C	18551	13	Saprotroph-Symbiotroph	Ectomycorrhizal-|Plant Saprotroph|-Wood Saprotroph	Possible	Corticioid	White Rot	As litter_saprotroph (Põlme et al. 2020); Decay leaf, fruit, seed (Põlme et al. 2020)	Gilbertson RL, Ryvarden L. 1987-1987. North American Polypores. Fungiflora, Oslo (ISBN: 978-0945345060); Rinaldi AC, et al. 2008. Fungal Diversity 33:1-45 ((http://www.fungaldiversity.org/fdp/sfdp/33-1.pdf)) (as ECM/not ECM); Tedersoo L, et al. 2010. Mycorrhiza 20:217-263 ((https://doi.org/10.1007/s00572-009-0274-x)) (pro parte); Põlme S, et al. 2020. Fungal Diversity 105:1-16 ((https://doi.org/10.1007/s13225-020-00466-2)); http://mycorrhizas.info/ecmf.html ((http://mycorrhizas.info/ecmf.html)) (as ECM/not ECM).	Sistotrema_porulosum
ASV1491	Fungi	Basidiomycota	Agaricomycetes	NA	Xenasmataceae	Xenasmatella	NA	Xenasmatella	NA	0.9722375	Xenasmatella	1CB1CC85-36B9-11D5-9548-00D0592D548C	18756	13	Saprotroph	Undefined Saprotroph-|Wood Saprotroph|	Probable	Corticioid	White Rot	As white_rot (Põlme et al. 2020); Decay wood (Põlme et al. 2020)	Tedersoo L, et al. 2014. Science 346:e1256688 ((https://doi.org/10.1126/science.1256688)); Põlme S, et al. 2020. Fungal Diversity 105:1-16 ((https://doi.org/10.1007/s13225-020-00466-2))	Xenasmatella
ASV1492	Fungi	Basidiomycota	Agaricomycetes	Polyporales	Polyporaceae	Daedaleopsis	Daedaleopsis_confragosa	Daedaleopsis_confragosa	sSH1311657.09FU	0.9999708	Polyporaceae	1CB19B17-36B9-11D5-9548-00D0592D548C	81203	9	Saprotroph	Wood Saprotroph	Probable	Polyporoid	Brown Rot-White Rot	Lignicolous, causing brown or white rot, mostly of broadleaved trees (Cannon & Kirk 2007)	Cannon PF, Kirk PM. 2007. Fungal Families of the World. CAB International, Cambridge (ISBN: 978-0851998275)	Daedaleopsis_confragosa
ASV1493	Fungi	Ascomycota	Sordariomycetes	Xylariales	Xylariaceae	Xylaria	Xylaria_rogersii	Xylaria_rogersii	sSH1131463.09FU	0.9992912	Xylariaceae	1CB1ABFB-36B9-11D5-9548-00D0592D548C	81528	9	Pathotroph-Saprotroph-Symbiotroph	Dung Saprotroph-Endophyte-Plant Pathogen-Undefined Saprotroph	Probable	Xylarioid	NULL	Saprobes or weak pathogens, many endophytes, mainly in wood and bark, occasionally in soil and dung (Cannon & Kirk 2007)	Cannon PF, Kirk PM. 2007. Fungal Families of the World. CAB International, Cambridge (ISBN: 978-0851998275)	Xylaria_rogersii
ASV1494	Fungi	Basidiomycota	Agaricomycetes	Polyporales	Polyporaceae	Trametes	Trametes_elegans	Trametes_elegans	sSH1231311.09FU	0.8979478	Polyporaceae	1CB19B17-36B9-11D5-9548-00D0592D548C	81203	9	Saprotroph	Wood Saprotroph	Probable	Polyporoid	Brown Rot-White Rot	Lignicolous, causing brown or white rot, mostly of broadleaved trees (Cannon & Kirk 2007)	Cannon PF, Kirk PM. 2007. Fungal Families of the World. CAB International, Cambridge (ISBN: 978-0851998275)	Trametes_elegans
ASV1495	Fungi	Basidiomycota	Agaricomycetes	Polyporales	Polyporaceae	Lenzites	Lenzites_betulina	Lenzites_betulina	sSH1122474.09FU	0.9999605	Polyporaceae	1CB19B17-36B9-11D5-9548-00D0592D548C	81203	9	Saprotroph	Wood Saprotroph	Probable	Polyporoid	Brown Rot-White Rot	Lignicolous, causing brown or white rot, mostly of broadleaved trees (Cannon & Kirk 2007)	Cannon PF, Kirk PM. 2007. Fungal Families of the World. CAB International, Cambridge (ISBN: 978-0851998275)	Lenzites_betulina
ASV1496	Fungi	Basidiomycota	Agaricomycetes	Russulales	Stereaceae	Stereum	NA	Stereum	NA	0.8275111	Stereaceae	1CB1CDDC-36B9-11D5-9548-00D0592D548C	81424	9	Saprotroph	Undefined Saprotroph-Wood Saprotroph	Probable	Corticioid-Polyporoid	NULL	Lignicolous or terrestrial (in leaf litter); typically saprobic (Cannon & Kirk 2007)	Cannon PF, Kirk PM. 2007. Fungal Families of the World. CAB International, Cambridge (ISBN: 978-0851998275)	Stereum
ASV1497	Fungi	Ascomycota	Dothideomycetes	Capnodiales	NA	NA	NA	Capnodiales	NA	0.9999998	NA	NA	NA	NA	NA	NA	NA	NA	NA	NA	NA	Capnodiales
ASV1498	Fungi	Basidiomycota	Agaricomycetes	Hymenochaetales	Rickenellaceae	Sidera	Sidera_vulgaris	Sidera_vulgaris	sSH1164191.09FU	0.9999997	Sidera	97B47272-365F-4F6A-8BF6-A4ACD4016A3C	516944	13	Saprotroph	Undefined Saprotroph-|Wood Saprotroph|	Probable	Corticioid	White Rot	As white_rot (Põlme et al. 2020); Decay wood (Põlme et al. 2020)	Tedersoo L, et al. 2014. Science 346:e1256688 ((https://doi.org/10.1126/science.1256688)); Põlme S, et al. 2020. Fungal Diversity 105:1-16 ((https://doi.org/10.1007/s13225-020-00466-2))	Sidera_vulgaris
ASV1499	Fungi	Basidiomycota	Agaricomycetes	Polyporales	Polyporaceae	Dentocorticium	Dentocorticium_portoricense	Dentocorticium_portoricense	sSH1236500.09FU	1.0000000	Polyporaceae	1CB19B17-36B9-11D5-9548-00D0592D548C	81203	9	Saprotroph	Wood Saprotroph	Probable	Polyporoid	Brown Rot-White Rot	Lignicolous, causing brown or white rot, mostly of broadleaved trees (Cannon & Kirk 2007)	Cannon PF, Kirk PM. 2007. Fungal Families of the World. CAB International, Cambridge (ISBN: 978-0851998275)	Dentocorticium_portoricense
ASV1500	Fungi	Ascomycota	Eurotiomycetes	Eurotiales	Aspergillaceae	NA	NA	Aspergillaceae	sSH1225010.09FU	0.7670223	Eurotiales	1CB1CE25-36B9-11D5-9548-00D0592D548C	90472	7	Saprotroph	Undefined Saprotroph	Possible	Microfungus	NULL	NULL	Sterkenburg E, et al. 2015. New Phytologist 207:1145-1158 ((https://doi.org/10.1111/nph.13426))	Aspergillaceae
ASV1501	Fungi	Basidiomycota	Agaricomycetes	NA	NA	NA	NA	Agaricomycetes	sSH1110395.09FU	1.0000000	NA	NA	NA	NA	NA	NA	NA	NA	NA	NA	NA	Agaricomycetes
ASV1502	Fungi	Ascomycota	Dothideomycetes	Capnodiales	NA	NA	NA	Capnodiales	NA	0.9999998	NA	NA	NA	NA	NA	NA	NA	NA	NA	NA	NA	Capnodiales
ASV1503	Fungi	Ascomycota	Dothideomycetes	Capnodiales	Cladosporiaceae	Verrucocladosporium	NA	Verrucocladosporium	NA	0.9997645	Cladosporiaceae	6EDCD6E4-DE4D-443D-AF6B-A572F626BD45	816548	9	Pathotroph-Saprotroph-Symbiotroph	Animal Pathogen-Endophyte-Lichen Parasite-Plant Pathogen-Wood Saprotroph	Possible	Microfungus	NULL	NULL	Seehann G, et al. 1975. List of Fungi in Soft-Rot Tissue Tests. Institute fur Holzbiologie und Holzschutz, Bundesforschungsanstalt fur Forst - und Holzwirtshaft, Hamburg - Lohbrugge, Germany; Lawrey JD, Diederich P. 2016. http://www.lichenicolous.net (accessed 24 May 2017) ((http://www.lichenicolous.net)); The American Phytopathological Society Common Names of Plant Diseases ((http://www.apsnet.org/publications/commonnames/Pages/default.aspx))	Verrucocladosporium
ASV1504	Fungi	Ascomycota	Dothideomycetes	Capnodiales	Neodevriesiaceae	Neodevriesia	Neodevriesia_lagerstroemiae	Neodevriesia_lagerstroemiae	sSH0960637.09FU	0.7408933	Neodevriesiaceae	F8168581-D82E-4A75-9190-C7925084B4CA	807766	9	Pathotroph-Saprotroph	Plant Pathogen-Undefined Saprotroph	Probable	NULL	NULL	Members are foliicolous, saprobic or plant pathogenic (Quaedvlieg et al. 2014)	Quaedvlieg W., et al. 2014. Persoonia 3:31-40 ((http://doi.org/10.3767/003158514X681981))	Neodevriesia_lagerstroemiae
ASV1505	Fungi	Ascomycota	Eurotiomycetes	Eurotiales	Aspergillaceae	Penicillium	NA	Penicillium	NA	0.7619174	Eurotiales	1CB1CE25-36B9-11D5-9548-00D0592D548C	90472	7	Saprotroph	Undefined Saprotroph	Possible	Microfungus	NULL	NULL	Sterkenburg E, et al. 2015. New Phytologist 207:1145-1158 ((https://doi.org/10.1111/nph.13426))	Penicillium
ASV1506	Fungi	Basidiomycota	Agaricomycetes	Agaricales	Lyophyllaceae	Ossicaulis	Ossicaulis_lignatilis	Ossicaulis_lignatilis	sSH1310754.09FU	0.9046677	Lyophyllaceae	D430CD68-3D0F-4B65-A514-B079A244738F	80005	9	Pathotroph-Saprotroph-Symbiotroph	Ectomycorrhizal-Fungal Pathogen-Undefined Saprotroph	Possible	Agaricoid	NULL	NULL	Kirk PM et al. 2008. Dictionary of the Fungi. Tenth Edition. CAB International, Wallingford (ISBN: 978-0851998268)	Ossicaulis_lignatilis
ASV1507	Fungi	Ascomycota	Dothideomycetes	Capnodiales	NA	NA	NA	Capnodiales	NA	0.9999999	NA	NA	NA	NA	NA	NA	NA	NA	NA	NA	NA	Capnodiales
ASV1508	Fungi	Basidiomycota	Agaricomycetes	NA	NA	NA	NA	Agaricomycetes	NA	1.0000000	NA	NA	NA	NA	NA	NA	NA	NA	NA	NA	NA	Agaricomycetes
ASV1509	Fungi	Basidiomycota	Agaricomycetes	Hymenochaetales	Rickenellaceae	Sidera	Sidera_vulgaris	Sidera_vulgaris	sSH1164191.09FU	1.0000000	Sidera	97B47272-365F-4F6A-8BF6-A4ACD4016A3C	516944	13	Saprotroph	Undefined Saprotroph-|Wood Saprotroph|	Probable	Corticioid	White Rot	As white_rot (Põlme et al. 2020); Decay wood (Põlme et al. 2020)	Tedersoo L, et al. 2014. Science 346:e1256688 ((https://doi.org/10.1126/science.1256688)); Põlme S, et al. 2020. Fungal Diversity 105:1-16 ((https://doi.org/10.1007/s13225-020-00466-2))	Sidera_vulgaris
ASV1510	Fungi	Ascomycota	Leotiomycetes	Erysiphales	Erysiphaceae	Erysiphe	NA	Erysiphe	NA	0.7214931	Erysiphaceae	1CB1CD1B-36B9-11D5-9548-00D0592D548C	80754	9	Pathotroph	Plant Pathogen	Probable	Microfungus	NULL	Biotrophic, with affected plant tissues damaged but usually not killing outright (Cannon & Kirk 2007); Common name - powdery mildew	Cannon PF, Kirk PM. 2007. Fungal Families of the World. CAB International, Cambridge (ISBN: 978-0851998275)	Erysiphe
ASV1511	Fungi	Basidiomycota	Agaricomycetes	Polyporales	Polyporaceae	Dentocorticium	Dentocorticium_portoricense	Dentocorticium_portoricense	sSH1236500.09FU	1.0000000	Polyporaceae	1CB19B17-36B9-11D5-9548-00D0592D548C	81203	9	Saprotroph	Wood Saprotroph	Probable	Polyporoid	Brown Rot-White Rot	Lignicolous, causing brown or white rot, mostly of broadleaved trees (Cannon & Kirk 2007)	Cannon PF, Kirk PM. 2007. Fungal Families of the World. CAB International, Cambridge (ISBN: 978-0851998275)	Dentocorticium_portoricense
ASV1512	Fungi	Basidiomycota	Agaricomycetes	Cantharellales	Hydnaceae	Sistotrema	NA	Sistotrema	sSH0906250.09FU	0.9996474	Sistotrema	1CB1CB70-36B9-11D5-9548-00D0592D548C	18551	13	Saprotroph-Symbiotroph	Ectomycorrhizal-|Plant Saprotroph|-Wood Saprotroph	Possible	Corticioid	White Rot	As litter_saprotroph (Põlme et al. 2020); Decay leaf, fruit, seed (Põlme et al. 2020)	Gilbertson RL, Ryvarden L. 1987-1987. North American Polypores. Fungiflora, Oslo (ISBN: 978-0945345060); Rinaldi AC, et al. 2008. Fungal Diversity 33:1-45 ((http://www.fungaldiversity.org/fdp/sfdp/33-1.pdf)) (as ECM/not ECM); Tedersoo L, et al. 2010. Mycorrhiza 20:217-263 ((https://doi.org/10.1007/s00572-009-0274-x)) (pro parte); Põlme S, et al. 2020. Fungal Diversity 105:1-16 ((https://doi.org/10.1007/s13225-020-00466-2)); http://mycorrhizas.info/ecmf.html ((http://mycorrhizas.info/ecmf.html)) (as ECM/not ECM).	Sistotrema
ASV1513	Fungi	Ascomycota	Sordariomycetes	Sordariales	Cephalothecaceae	Phialemonium	Phialemonium_limoniforme	Phialemonium_limoniforme	sSH1087603.09FU	0.9999999	Cephalothecaceae	1CB1CE98-36B9-11D5-9548-00D0592D548C	80571	9	Saprotroph	Fungal Parasite-Wood Saprotroph	Probable	Microfungus	NULL	Typically saprobic, fruiting on very rotten wood or other fungi (Cannon & Kirk 2007)	Cannon PF, Kirk PM. 2007. Fungal Families of the World. CAB International, Cambridge (ISBN: 978-0851998275)	Phialemonium_limoniforme
ASV1514	Fungi	Basidiomycota	Agaricomycetes	Polyporales	Meruliaceae	Scopuloides	NA	Scopuloides	NA	0.8084114	Meruliaceae	9E12B0B5-1D82-4978-AF3D-6EC22C257619	89005	9	Pathotroph-Saprotroph	Plant Pathogen-Undefined Saprotroph	Probable	Corticioid-Polyporoid	NULL	Saprobic or parasitic on woody plants, causing a white rot (Cannon & Kirk 2007)	Cannon PF, Kirk PM. 2007. Fungal Families of the World. CAB International, Cambridge (ISBN: 978-0851998275)	Scopuloides
ASV1515	Fungi	Basidiomycota	Agaricomycetes	Trechisporales	Hydnodontaceae	Trechispora	NA	Trechispora	NA	0.9394765	Trechispora	1CB1CC1A-36B9-11D5-9548-00D0592D548C	18664	13	Saprotroph	|Wood Saprotroph|	Highly Probable	Corticioid	White Rot	As white_rot (Põlme et al. 2020); Decay wood (Põlme et al. 2020)	Gilbertson RL, Ryvarden L. 1987-1987. North American Polypores. Fungiflora, Oslo (ISBN: 978-0945345060); Rinaldi AC, et al. 2008. Fungal Diversity 33:1-45 ((http://www.fungaldiversity.org/fdp/sfdp/33-1.pdf)) (as Uncertain); Tedersoo L, et al. 2010. Mycorrhiza 20:217-263 ((https://doi.org/10.1007/s00572-009-0274-x)) (as not ECM).; Põlme S, et al. 2020. Fungal Diversity 105:1-16 ((https://doi.org/10.1007/s13225-020-00466-2))	Trechispora
ASV1516	Fungi	Ascomycota	Dothideomycetes	Pleosporales	Shiraiaceae	NA	NA	Shiraiaceae	sSH0905119.09FU	0.9992956	NA	NA	NA	NA	NA	NA	NA	NA	NA	NA	NA	Shiraiaceae
ASV1517	Fungi	Ascomycota	Eurotiomycetes	Verrucariales	Verrucariaceae	NA	NA	Verrucariaceae	sSH1304949.09FU	1.0000000	Verrucariaceae	1CB1CDFE-36B9-11D5-9548-00D0592D548C	81910	9	Symbiotroph	Lichenized	Highly Probable	Thallus	NULL	Lichenized with green algae, on rocks, soil, etc., more rarely on wood and bark (Cannon & Kirk 2007)	Cannon PF, Kirk PM. 2007. Fungal Families of the World. CAB International, Cambridge (ISBN: 978-0851998275)	Verrucariaceae
ASV1518	Fungi	Basidiomycota	Agaricomycetes	Russulales	Wrightoporiaceae	Wrightoporia	Wrightoporia_austrosinensis	Wrightoporia_austrosinensis	sSH1323069.09FU	1.0000000	Wrightoporia	1CB1CC82-36B9-11D5-9548-00D0592D548C	18750	13	Saprotroph	|Wood Saprotroph|	Highly Probable	Corticioid	White Rot	As white_rot (Põlme et al. 2020); Decay wood (Põlme et al. 2020)	Gilbertson RL, Ryvarden L. 1987-1987. North American Polypores. Fungiflora, Oslo (ISBN: 978-0945345060); Põlme S, et al. 2020. Fungal Diversity 105:1-16 ((https://doi.org/10.1007/s13225-020-00466-2))	Wrightoporia_austrosinensis
ASV1519	Fungi	Basidiomycota	Agaricomycetes	NA	NA	NA	NA	Agaricomycetes	NA	1.0000000	NA	NA	NA	NA	NA	NA	NA	NA	NA	NA	NA	Agaricomycetes
ASV1520	Fungi	Ascomycota	Sordariomycetes	Xylariales	Diatrypaceae	NA	NA	Diatrypaceae	sSH0928780.09FU	0.9999973	Diatrypaceae	1CB1CD09-36B9-11D5-9548-00D0592D548C	80692	9	Pathotroph-Saprotroph	Plant Pathogen-Plant Saprotroph	Probable	Microfungus	NULL	Saprobes and (usually) weak parasites in wood and bark (Cannon & Kirk 2007)	Cannon PF, Kirk PM. 2007. Fungal Families of the World. CAB International, Cambridge (ISBN: 978-0851998275)	Diatrypaceae
ASV1521	Fungi	Basidiomycota	Agaricomycetes	Polyporales	Meruliaceae	Phlebia	Phlebia_tremellosa	Phlebia_tremellosa	sSH0880595.09FU	0.9999277	Meruliaceae	9E12B0B5-1D82-4978-AF3D-6EC22C257619	89005	9	Pathotroph-Saprotroph	Plant Pathogen-Undefined Saprotroph	Probable	Corticioid-Polyporoid	NULL	Saprobic or parasitic on woody plants, causing a white rot (Cannon & Kirk 2007)	Cannon PF, Kirk PM. 2007. Fungal Families of the World. CAB International, Cambridge (ISBN: 978-0851998275)	Phlebia_tremellosa
ASV1522	Fungi	Ascomycota	Sordariomycetes	Diaporthales	Valsaceae	Cytospora	Cytospora_vinacea	Cytospora_vinacea	sSH1885997.09FU	0.9422958	Valsaceae	1CB1CDFB-36B9-11D5-9548-00D0592D548C	81514	9	Pathotroph-Saprotroph-Symbiotroph	Endophyte-Plant Pathogen-Undefined Saprotroph	Probable	Microfungus	NULL	Saprobes, endophytes and weak to virulent parasites of woody plants (Cannon & Kirk 2007)	Cannon PF, Kirk PM. 2007. Fungal Families of the World. CAB International, Cambridge (ISBN: 978-0851998275)	Cytospora_vinacea
ASV1523	Fungi	Basidiomycota	Agaricomycetes	Polyporales	Steccherinaceae	Junghuhnia	Junghuhnia_nandinae	Junghuhnia_nandinae	sSH1170493.09FU	0.9993484	Steccherinaceae	1CB1CDD9-36B9-11D5-9548-00D0592D548C	81420	9	Saprotroph	Wood Saprotroph	Probable	Corticioid-Polyporoid	White Rot	Growing on dead wood causing white rot, sometimes replacing early colonizers (Cannon & Kirk 2007)	Cannon PF, Kirk PM. 2007. Fungal Families of the World. CAB International, Cambridge (ISBN: 978-0851998275)	Junghuhnia_nandinae
ASV1524	Fungi	Ascomycota	Lecanoromycetes	Leprocaulales	Leprocaulaceae	Leprocaulon	Leprocaulon_adhaerens	Leprocaulon_adhaerens	sSH0966346.09FU	1.0000000	Leprocaulon	DD0532FD-142A-4280-A93E-D8A9A4929738	8735	13	Symbiotroph	|Lichenized|	Highly Probable	Thallus	NULL	NULL	Esslinger TL. 2014. North Dakota State University ((http://www.ndsu.edu/pubweb/~esslinge/chcklst/chcklst7.htm)); Põlme S, et al. 2020. Fungal Diversity 105:1-16 ((https://doi.org/10.1007/s13225-020-00466-2))	Leprocaulon_adhaerens
ASV1525	Fungi	Basidiomycota	Agaricomycetes	Russulales	NA	Scytinostromella	Scytinostromella_nannfeldtii	Scytinostromella_nannfeldtii	sSH0918112.09FU	0.9999745	Scytinostromella	C4E56178-44F9-493A-B9BC-8936B0D39727	18531	13	Saprotroph	Undefined Saprotroph-|Wood Saprotroph|	Probable	Corticioid	White Rot	As white_rot (Põlme et al. 2020); Decay wood (Põlme et al. 2020)	Tedersoo L, et al. 2014. Science 346:e1256688 ((https://doi.org/10.1126/science.1256688)); Põlme S, et al. 2020. Fungal Diversity 105:1-16 ((https://doi.org/10.1007/s13225-020-00466-2))	Scytinostromella_nannfeldtii
ASV1526	Fungi	Chytridiomycota	Rhizophlyctidomycetes	Rhizophlyctidales	Rhizophlyctidaceae	Rhizophlyctis	NA	Rhizophlyctis	sSH1195472.09FU	0.7644404	Rhizophlyctis	1CB1CAF8-36B9-11D5-9548-00D0592D548C	20483	13	Pathotroph-Saprotroph	Algal Parasite-|Plant Saprotroph|-Undefined Saprotroph	Probable	Chytrid-Microfungus	NULL	As litter_saprotroph (Põlme et al. 2020); Decay leaf, fruit, seed, algal material (Põlme et al. 2020)	James TY, et al. 2006. Nature 443:818-822 ((https://doi.org/10.1038/nature05110)); Põlme S, et al. 2020. Fungal Diversity 105:1-16 ((https://doi.org/10.1007/s13225-020-00466-2))	Rhizophlyctis
ASV1527	Fungi	Ascomycota	Eurotiomycetes	Eurotiales	Aspergillaceae	NA	NA	Aspergillaceae	NA	0.7174790	Eurotiales	1CB1CE25-36B9-11D5-9548-00D0592D548C	90472	7	Saprotroph	Undefined Saprotroph	Possible	Microfungus	NULL	NULL	Sterkenburg E, et al. 2015. New Phytologist 207:1145-1158 ((https://doi.org/10.1111/nph.13426))	Aspergillaceae
ASV1528	Fungi	Basidiomycota	Agaricomycetes	Atheliales	NA	NA	NA	Atheliales	sSH1078032.09FU	0.9999999	NA	NA	NA	NA	NA	NA	NA	NA	NA	NA	NA	Atheliales
ASV1529	Fungi	Basidiomycota	Agaricomycetes	Polyporales	Meruliaceae	Phlebia	Phlebia_radiata	Phlebia_radiata	sSH1167289.09FU	0.9696525	Meruliaceae	9E12B0B5-1D82-4978-AF3D-6EC22C257619	89005	9	Pathotroph-Saprotroph	Plant Pathogen-Undefined Saprotroph	Probable	Corticioid-Polyporoid	NULL	Saprobic or parasitic on woody plants, causing a white rot (Cannon & Kirk 2007)	Cannon PF, Kirk PM. 2007. Fungal Families of the World. CAB International, Cambridge (ISBN: 978-0851998275)	Phlebia_radiata
ASV1530	Fungi	Basidiomycota	Agaricomycetes	Cantharellales	Hydnaceae	Sistotrema	Sistotrema_porulosum	Sistotrema_porulosum	sSH1208568.09FU	0.9999946	Sistotrema	1CB1CB70-36B9-11D5-9548-00D0592D548C	18551	13	Saprotroph-Symbiotroph	Ectomycorrhizal-|Plant Saprotroph|-Wood Saprotroph	Possible	Corticioid	White Rot	As litter_saprotroph (Põlme et al. 2020); Decay leaf, fruit, seed (Põlme et al. 2020)	Gilbertson RL, Ryvarden L. 1987-1987. North American Polypores. Fungiflora, Oslo (ISBN: 978-0945345060); Rinaldi AC, et al. 2008. Fungal Diversity 33:1-45 ((http://www.fungaldiversity.org/fdp/sfdp/33-1.pdf)) (as ECM/not ECM); Tedersoo L, et al. 2010. Mycorrhiza 20:217-263 ((https://doi.org/10.1007/s00572-009-0274-x)) (pro parte); Põlme S, et al. 2020. Fungal Diversity 105:1-16 ((https://doi.org/10.1007/s13225-020-00466-2)); http://mycorrhizas.info/ecmf.html ((http://mycorrhizas.info/ecmf.html)) (as ECM/not ECM).	Sistotrema_porulosum
ASV1531	Fungi	Ascomycota	Eurotiomycetes	Eurotiales	Aspergillaceae	Penicillium	NA	Penicillium	NA	0.9223554	Eurotiales	1CB1CE25-36B9-11D5-9548-00D0592D548C	90472	7	Saprotroph	Undefined Saprotroph	Possible	Microfungus	NULL	NULL	Sterkenburg E, et al. 2015. New Phytologist 207:1145-1158 ((https://doi.org/10.1111/nph.13426))	Penicillium
ASV1532	Fungi	Basidiomycota	Agaricomycetes	Polyporales	Polyporaceae	Lenzites	Lenzites_betulina	Lenzites_betulina	sSH1122474.09FU	0.9996961	Polyporaceae	1CB19B17-36B9-11D5-9548-00D0592D548C	81203	9	Saprotroph	Wood Saprotroph	Probable	Polyporoid	Brown Rot-White Rot	Lignicolous, causing brown or white rot, mostly of broadleaved trees (Cannon & Kirk 2007)	Cannon PF, Kirk PM. 2007. Fungal Families of the World. CAB International, Cambridge (ISBN: 978-0851998275)	Lenzites_betulina
ASV1533	Fungi	Ascomycota	Leotiomycetes	Helotiales	Hamatocanthoscyphaceae	Xenopolyscytalum	Xenopolyscytalum_pinea	Xenopolyscytalum_pinea	sSH1076981.09FU	0.7521523	Xenopolyscytalum	DA45DFD2-BB71-4386-A0B2-186E5C2503B5	517533	13	Saprotroph-Symbiotroph	Endophyte-|Plant Saprotroph|-Undefined Saprotroph	Probable	Microfungus	NULL	As foliar_endophyte (Põlme et al. 2020); As litter_saprotroph (Põlme et al. 2020); Decay leaf, fruit, seed (Põlme et al. 2020)	Tedersoo L, et al. 2014. Science 346:e1256688 ((https://doi.org/10.1126/science.1256688)); Põlme S, et al. 2020. Fungal Diversity 105:1-16 ((https://doi.org/10.1007/s13225-020-00466-2))	Xenopolyscytalum_pinea
ASV1534	Fungi	Basidiomycota	Tremellomycetes	Tremellales	NA	NA	NA	Tremellales	sSH1047740.09FU	0.9999998	Tremellales	1CB1CE64-36B9-11D5-9548-00D0592D548C	90451	7	Pathotroph-Saprotroph-Symbiotroph	Fungal Parasite-Undefined Saprotroph	Possible	Tremelloid-Yeast	NULL	The order contains both teleomorphic and anamorphic species, most of the latter being yeasts	Sterkenburg E, et al. 2015. New Phytologist 207:1145-1158 ((https://doi.org/10.1111/nph.13426))	Tremellales
ASV1535	Fungi	Ascomycota	Dothideomycetes	Mycosphaerellales	Mycosphaerellaceae	Zasmidium	NA	Zasmidium	NA	0.9992094	Mycosphaerellaceae	1CB1CD75-36B9-11D5-9548-00D0592D548C	81043	9	Pathotroph-Saprotroph	Plant Pathogen-Undefined Saprotroph	Probable	Microfungus	NULL	Biotrophic, necrotrophic or saprobic on various plant tissues (Cannon & Kirk 2007)	Cannon PF, Kirk PM. 2007. Fungal Families of the World. CAB International, Cambridge (ISBN: 978-0851998275)	Zasmidium
ASV1536	Fungi	Basidiomycota	Agaricomycetes	Polyporales	Polyporaceae	Trametes	NA	Trametes	NA	0.9765382	Polyporaceae	1CB19B17-36B9-11D5-9548-00D0592D548C	81203	9	Saprotroph	Wood Saprotroph	Probable	Polyporoid	Brown Rot-White Rot	Lignicolous, causing brown or white rot, mostly of broadleaved trees (Cannon & Kirk 2007)	Cannon PF, Kirk PM. 2007. Fungal Families of the World. CAB International, Cambridge (ISBN: 978-0851998275)	Trametes
ASV1537	Fungi	Ascomycota	Dothideomycetes	Capnodiales	Cladosporiaceae	Verrucocladosporium	NA	Verrucocladosporium	NA	0.9996955	Cladosporiaceae	6EDCD6E4-DE4D-443D-AF6B-A572F626BD45	816548	9	Pathotroph-Saprotroph-Symbiotroph	Animal Pathogen-Endophyte-Lichen Parasite-Plant Pathogen-Wood Saprotroph	Possible	Microfungus	NULL	NULL	Seehann G, et al. 1975. List of Fungi in Soft-Rot Tissue Tests. Institute fur Holzbiologie und Holzschutz, Bundesforschungsanstalt fur Forst - und Holzwirtshaft, Hamburg - Lohbrugge, Germany; Lawrey JD, Diederich P. 2016. http://www.lichenicolous.net (accessed 24 May 2017) ((http://www.lichenicolous.net)); The American Phytopathological Society Common Names of Plant Diseases ((http://www.apsnet.org/publications/commonnames/Pages/default.aspx))	Verrucocladosporium
ASV1538	Fungi	Ascomycota	Saccharomycetes	Saccharomycetales	Trichomonascaceae	Blastobotrys	NA	Blastobotrys	sSH1211366.09FU	1.0000000	Saccharomycetales	B73A15F4-AB90-4E11-B6D7-E0BE710B986C	816369	7	Saprotroph	Undefined Saprotroph	Possible	Yeast	NULL	NULL	Sterkenburg E, et al. 2015. New Phytologist 207:1145-1158 ((https://doi.org/10.1111/nph.13426))	Blastobotrys
ASV1539	Fungi	Basidiomycota	Agaricomycetes	Cantharellales	Hydnaceae	Sistotrema	Sistotrema_brinkmannii	Sistotrema_brinkmannii	sSH1208562.09FU	0.9947807	Sistotrema	1CB1CB70-36B9-11D5-9548-00D0592D548C	18551	13	Saprotroph-Symbiotroph	Ectomycorrhizal-|Plant Saprotroph|-Wood Saprotroph	Possible	Corticioid	White Rot	As litter_saprotroph (Põlme et al. 2020); Decay leaf, fruit, seed (Põlme et al. 2020)	Gilbertson RL, Ryvarden L. 1987-1987. North American Polypores. Fungiflora, Oslo (ISBN: 978-0945345060); Rinaldi AC, et al. 2008. Fungal Diversity 33:1-45 ((http://www.fungaldiversity.org/fdp/sfdp/33-1.pdf)) (as ECM/not ECM); Tedersoo L, et al. 2010. Mycorrhiza 20:217-263 ((https://doi.org/10.1007/s00572-009-0274-x)) (pro parte); Põlme S, et al. 2020. Fungal Diversity 105:1-16 ((https://doi.org/10.1007/s13225-020-00466-2)); http://mycorrhizas.info/ecmf.html ((http://mycorrhizas.info/ecmf.html)) (as ECM/not ECM).	Sistotrema_brinkmannii
ASV1540	Fungi	Basidiomycota	Agaricomycetes	Agaricales	Tricholomataceae	NA	NA	Tricholomataceae	sSH1201847.09FU	0.9999336	Tricholomataceae	008764C7-3F16-4577-B343-C50EF7B78211	81487	9	Pathotroph-Symbiotroph	Ectomycorrhizal-Fungal Parasite	Probable	Agaricoid	NULL	Tricholoma species are ectomycorrhizal, occurring in coniferous and broadleaved forests (Cannon & Kirk 2007); T. sclerotoideum is parasitic on Helvella spp.	Cannon PF, Kirk PM. 2007. Fungal Families of the World. CAB International, Cambridge (ISBN: 978-0851998275)	Tricholomataceae
ASV1541	Fungi	Basidiomycota	Agaricomycetes	Agaricales	Mycenaceae	Mycena	NA	Mycena	NA	0.7340020	Mycenaceae	8AE7A7D8-5A42-428C-A1CF-0125BA948485	505549	9	Saprotroph	Leaf Saprotroph-Wood Saprotroph	Probable	Agaricoid	NULL	Saprobes, most species as early colonizers of dead wood and leaves. A few species of Favolaschia and Mycena have been described as mycorrhizal with terrestrial orchids, but the associations need confirmation (Cannon & Kirk 2007)	Cannon PF, Kirk PM. 2007. Fungal Families of the World. CAB International, Cambridge (ISBN: 978-0851998275)	Mycena
ASV1542	Fungi	Basidiomycota	Agaricomycetes	NA	NA	NA	NA	Agaricomycetes	NA	1.0000000	NA	NA	NA	NA	NA	NA	NA	NA	NA	NA	NA	Agaricomycetes
ASV1543	Fungi	Basidiomycota	Agaricomycetes	Polyporales	Polyporaceae	Trametes	Trametes_versicolor	Trametes_versicolor	sSH1122493.09FU	0.7001321	Polyporaceae	1CB19B17-36B9-11D5-9548-00D0592D548C	81203	9	Saprotroph	Wood Saprotroph	Probable	Polyporoid	Brown Rot-White Rot	Lignicolous, causing brown or white rot, mostly of broadleaved trees (Cannon & Kirk 2007)	Cannon PF, Kirk PM. 2007. Fungal Families of the World. CAB International, Cambridge (ISBN: 978-0851998275)	Trametes_versicolor
ASV1544	Fungi	Ascomycota	Sordariomycetes	Hypocreales	Cordycipitaceae	Beauveria	Beauveria_bassiana	Beauveria_bassiana	sSH1259002.09FU	0.8976686	Hypocreales	1CB18E60-36B9-11D5-9548-00D0592D548C	90477	7	Saprotroph	Undefined Saprotroph	Possible	Microfungus	NULL	NULL	Sterkenburg E, et al. 2015. New Phytologist 207:1145-1158 ((https://doi.org/10.1111/nph.13426))	Beauveria_bassiana
ASV1545	Fungi	Ascomycota	Eurotiomycetes	Eurotiales	Aspergillaceae	Penicillium	NA	Penicillium	NA	0.9505393	Eurotiales	1CB1CE25-36B9-11D5-9548-00D0592D548C	90472	7	Saprotroph	Undefined Saprotroph	Possible	Microfungus	NULL	NULL	Sterkenburg E, et al. 2015. New Phytologist 207:1145-1158 ((https://doi.org/10.1111/nph.13426))	Penicillium
ASV1546	Fungi	Basidiomycota	Agaricomycetes	Polyporales	NA	NA	NA	Polyporales	sSH1088331.09FU	1.0000000	NA	NA	NA	NA	NA	NA	NA	NA	NA	NA	NA	Polyporales
ASV1547	Fungi	Ascomycota	Eurotiomycetes	Eurotiales	Aspergillaceae	Penicillium	Penicillium_coffeae	Penicillium_coffeae	sSH1227789.09FU	0.7500782	Eurotiales	1CB1CE25-36B9-11D5-9548-00D0592D548C	90472	7	Saprotroph	Undefined Saprotroph	Possible	Microfungus	NULL	NULL	Sterkenburg E, et al. 2015. New Phytologist 207:1145-1158 ((https://doi.org/10.1111/nph.13426))	Penicillium_coffeae
ASV1548	Fungi	Basidiomycota	Agaricomycetes	Polyporales	Polyporaceae	Trametes	NA	Trametes	NA	0.9823749	Polyporaceae	1CB19B17-36B9-11D5-9548-00D0592D548C	81203	9	Saprotroph	Wood Saprotroph	Probable	Polyporoid	Brown Rot-White Rot	Lignicolous, causing brown or white rot, mostly of broadleaved trees (Cannon & Kirk 2007)	Cannon PF, Kirk PM. 2007. Fungal Families of the World. CAB International, Cambridge (ISBN: 978-0851998275)	Trametes
ASV1549	Fungi	Basidiomycota	Agaricomycetes	Polyporales	Phanerochaetaceae	Bjerkandera	Bjerkandera_adusta	Bjerkandera_adusta	sSH1177901.09FU	0.9988866	Bjerkandera	1CB1C50E-36B9-11D5-9548-00D0592D548C	17160	13	Pathotroph-Saprotroph-Symbiotroph	Endophyte-Plant Pathogen-|Wood Saprotroph|	Highly Probable	Polyporoid	White Rot	As root_endophyte_dark_septate (Põlme et al. 2020); As white_rot (Põlme et al. 2020); As wood_pathogen (Põlme et al. 2020); Decay wood (Põlme et al. 2020)	Gilbertson RL, Ryvarden L. 1987-1987. North American Polypores. Fungiflora, Oslo (ISBN: 978-0945345060); Põlme S, et al. 2020. Fungal Diversity 105:1-16 ((https://doi.org/10.1007/s13225-020-00466-2))	Bjerkandera_adusta
ASV1550	Fungi	Ascomycota	Saccharomycetes	Saccharomycetales	Phaffomycetaceae	Komagataella	Komagataella_phaffii	Komagataella_phaffii	sSH1005220.09FU	0.9958330	Saccharomycetales	B73A15F4-AB90-4E11-B6D7-E0BE710B986C	816369	7	Saprotroph	Undefined Saprotroph	Possible	Yeast	NULL	NULL	Sterkenburg E, et al. 2015. New Phytologist 207:1145-1158 ((https://doi.org/10.1111/nph.13426))	Komagataella_phaffii
ASV1551	Fungi	Basidiomycota	Agaricomycetes	Polyporales	Polyporaceae	Perenniporia	Perenniporia_narymica	Perenniporia_narymica	sSH1068546.09FU	0.9999805	Polyporaceae	1CB19B17-36B9-11D5-9548-00D0592D548C	81203	9	Saprotroph	Wood Saprotroph	Probable	Polyporoid	Brown Rot-White Rot	Lignicolous, causing brown or white rot, mostly of broadleaved trees (Cannon & Kirk 2007)	Cannon PF, Kirk PM. 2007. Fungal Families of the World. CAB International, Cambridge (ISBN: 978-0851998275)	Perenniporia_narymica
ASV1552	Fungi	Ascomycota	Dothideomycetes	Mycosphaerellales	Mycosphaerellaceae	Ramularia	NA	Ramularia	NA	0.9655851	Mycosphaerellaceae	1CB1CD75-36B9-11D5-9548-00D0592D548C	81043	9	Pathotroph-Saprotroph	Plant Pathogen-Undefined Saprotroph	Probable	Microfungus	NULL	Biotrophic, necrotrophic or saprobic on various plant tissues (Cannon & Kirk 2007)	Cannon PF, Kirk PM. 2007. Fungal Families of the World. CAB International, Cambridge (ISBN: 978-0851998275)	Ramularia
ASV1553	Fungi	Ascomycota	Eurotiomycetes	Eurotiales	Aspergillaceae	Aspergillus	NA	Aspergillus	NA	0.9888000	Eurotiales	1CB1CE25-36B9-11D5-9548-00D0592D548C	90472	7	Saprotroph	Undefined Saprotroph	Possible	Microfungus	NULL	NULL	Sterkenburg E, et al. 2015. New Phytologist 207:1145-1158 ((https://doi.org/10.1111/nph.13426))	Aspergillus
ASV1554	Fungi	Basidiomycota	Agaricomycetes	Agaricales	NA	NA	NA	Agaricales	NA	0.9979949	Agaricales	715D162F-5F0E-40C8-A7DC-79D488D3F937	90508	7	Pathotroph-Saprotroph-Symbiotroph	Bryophyte Parasite-Dung Saprotroph-Ectomycorrhizal-Fungal Parasite-Leaf Saprotroph-Plant Parasite-Undefined Saprotroph-Wood Saprotroph	Possible	Agaricoid-Gasteroid-Microfungus-Secotioid-Yeast	NULL	Mushrooms and toadstools, Gill fungi, Agarics... lignicolous, sometimes muscicolous or fungicolous, saprobic, mycorrhizal, rarely parasitic on plants or fungi (Kirk et al. 2008)	Kirk PM et al. 2008. Dictionary of the Fungi. Tenth Edition. CAB International, Wallingford (ISBN: 978-0851998268)	Agaricales
ASV1555	Fungi	Basidiomycota	Agaricomycetes	Agaricales	Tricholomataceae	Clitocybe	NA	Clitocybe	NA	0.7548352	Tricholomataceae	008764C7-3F16-4577-B343-C50EF7B78211	81487	9	Pathotroph-Symbiotroph	Ectomycorrhizal-Fungal Parasite	Probable	Agaricoid	NULL	Tricholoma species are ectomycorrhizal, occurring in coniferous and broadleaved forests (Cannon & Kirk 2007); T. sclerotoideum is parasitic on Helvella spp.	Cannon PF, Kirk PM. 2007. Fungal Families of the World. CAB International, Cambridge (ISBN: 978-0851998275)	Clitocybe
ASV1556	Fungi	Basidiomycota	Agaricomycetes	Hymenochaetales	Rickenellaceae	Sidera	NA	Sidera	sSH1110195.09FU	0.9999999	Sidera	97B47272-365F-4F6A-8BF6-A4ACD4016A3C	516944	13	Saprotroph	Undefined Saprotroph-|Wood Saprotroph|	Probable	Corticioid	White Rot	As white_rot (Põlme et al. 2020); Decay wood (Põlme et al. 2020)	Tedersoo L, et al. 2014. Science 346:e1256688 ((https://doi.org/10.1126/science.1256688)); Põlme S, et al. 2020. Fungal Diversity 105:1-16 ((https://doi.org/10.1007/s13225-020-00466-2))	Sidera
ASV1557	Fungi	Basidiomycota	Agaricomycetes	NA	Xenasmataceae	Xenasmatella	NA	Xenasmatella	NA	0.9995685	Xenasmatella	1CB1CC85-36B9-11D5-9548-00D0592D548C	18756	13	Saprotroph	Undefined Saprotroph-|Wood Saprotroph|	Probable	Corticioid	White Rot	As white_rot (Põlme et al. 2020); Decay wood (Põlme et al. 2020)	Tedersoo L, et al. 2014. Science 346:e1256688 ((https://doi.org/10.1126/science.1256688)); Põlme S, et al. 2020. Fungal Diversity 105:1-16 ((https://doi.org/10.1007/s13225-020-00466-2))	Xenasmatella
ASV1558	Fungi	Ascomycota	Eurotiomycetes	Eurotiales	Aspergillaceae	Aspergillus	Aspergillus_penicillioides	Aspergillus_penicillioides	NA	0.8910780	Eurotiales	1CB1CE25-36B9-11D5-9548-00D0592D548C	90472	7	Saprotroph	Undefined Saprotroph	Possible	Microfungus	NULL	NULL	Sterkenburg E, et al. 2015. New Phytologist 207:1145-1158 ((https://doi.org/10.1111/nph.13426))	Aspergillus_penicillioides
ASV1559	Fungi	Basidiomycota	Agaricomycetes	Polyporales	Polyporaceae	Trametes	NA	Trametes	NA	0.9507455	Polyporaceae	1CB19B17-36B9-11D5-9548-00D0592D548C	81203	9	Saprotroph	Wood Saprotroph	Probable	Polyporoid	Brown Rot-White Rot	Lignicolous, causing brown or white rot, mostly of broadleaved trees (Cannon & Kirk 2007)	Cannon PF, Kirk PM. 2007. Fungal Families of the World. CAB International, Cambridge (ISBN: 978-0851998275)	Trametes
ASV1560	Fungi	Basidiomycota	Agaricomycetes	Agaricales	NA	NA	NA	Agaricales	sSH1258659.09FU	0.9988849	Agaricales	715D162F-5F0E-40C8-A7DC-79D488D3F937	90508	7	Pathotroph-Saprotroph-Symbiotroph	Bryophyte Parasite-Dung Saprotroph-Ectomycorrhizal-Fungal Parasite-Leaf Saprotroph-Plant Parasite-Undefined Saprotroph-Wood Saprotroph	Possible	Agaricoid-Gasteroid-Microfungus-Secotioid-Yeast	NULL	Mushrooms and toadstools, Gill fungi, Agarics... lignicolous, sometimes muscicolous or fungicolous, saprobic, mycorrhizal, rarely parasitic on plants or fungi (Kirk et al. 2008)	Kirk PM et al. 2008. Dictionary of the Fungi. Tenth Edition. CAB International, Wallingford (ISBN: 978-0851998268)	Agaricales
ASV1561	Fungi	Mucoromycota	Mucoromycetes	Mucorales	Mucoraceae	Mucor	Mucor_hiemalis	Mucor_hiemalis	sSH1270676.09FU	0.9982754	Mucorales	E9EACC48-A88C-44D4-86AF-465FE43B31FA	816394	7	Saprotroph	Undefined Saprotroph	Possible	Microfungus	NULL	NULL	Sterkenburg E, et al. 2015. New Phytologist 207:1145-1158 ((https://doi.org/10.1111/nph.13426))	Mucor_hiemalis
ASV1562	Fungi	Ascomycota	Eurotiomycetes	Eurotiales	Aspergillaceae	Aspergillus	NA	Aspergillus	NA	0.7238817	Eurotiales	1CB1CE25-36B9-11D5-9548-00D0592D548C	90472	7	Saprotroph	Undefined Saprotroph	Possible	Microfungus	NULL	NULL	Sterkenburg E, et al. 2015. New Phytologist 207:1145-1158 ((https://doi.org/10.1111/nph.13426))	Aspergillus
ASV1563	Fungi	Basidiomycota	Agaricomycetes	NA	NA	NA	NA	Agaricomycetes	NA	1.0000000	NA	NA	NA	NA	NA	NA	NA	NA	NA	NA	NA	Agaricomycetes
ASV1564	Fungi	Ascomycota	Eurotiomycetes	Eurotiales	Aspergillaceae	Penicillium	NA	Penicillium	NA	0.9208394	Eurotiales	1CB1CE25-36B9-11D5-9548-00D0592D548C	90472	7	Saprotroph	Undefined Saprotroph	Possible	Microfungus	NULL	NULL	Sterkenburg E, et al. 2015. New Phytologist 207:1145-1158 ((https://doi.org/10.1111/nph.13426))	Penicillium
ASV1565	Fungi	Basidiomycota	Agaricomycetes	Hymenochaetales	Tubulicrinaceae	Tubulicrinis	NA	Tubulicrinis	sSH1119855.09FU	0.9937041	Tubulicrinis	1CB1A87B-36B9-11D5-9548-00D0592D548C	18693	13	Saprotroph	Undefined Saprotroph-|Wood Saprotroph|	Probable	Corticioid	White Rot	As white_rot (Põlme et al. 2020); Decay wood (Põlme et al. 2020)	Tedersoo L, et al. 2014. Science 346:e1256688 ((https://doi.org/10.1126/science.1256688)); Põlme S, et al. 2020. Fungal Diversity 105:1-16 ((https://doi.org/10.1007/s13225-020-00466-2))	Tubulicrinis
ASV1566	Fungi	Basidiomycota	Agaricomycetes	Polyporales	Irpicaceae	NA	NA	Irpicaceae	sSH1142622.09FU	0.9069534	NA	NA	NA	NA	NA	NA	NA	NA	NA	NA	NA	Irpicaceae
ASV1567	Fungi	Basidiomycota	Agaricomycetes	Russulales	Peniophoraceae	Peniophora	NA	Peniophora	NA	0.8823403	Peniophoraceae	1CB1CD8B-36B9-11D5-9548-00D0592D548C	81123	9	Pathotroph-Saprotroph	Plant Pathogen-Wood Saprotroph	Probable	Corticioid	White Rot	Most species are saprobic, causing rots of standing and fallen wood. Many species are adapted to xeric conditions, being able to grow on rapidly drying dead attached branches (Cannon & Kirk 2007)	Cannon PF, Kirk PM. 2007. Fungal Families of the World. CAB International, Cambridge (ISBN: 978-0851998275)	Peniophora
ASV1568	Fungi	Basidiomycota	Agaricomycetes	NA	NA	NA	NA	Agaricomycetes	NA	1.0000000	NA	NA	NA	NA	NA	NA	NA	NA	NA	NA	NA	Agaricomycetes
ASV1569	Fungi	Ascomycota	Leotiomycetes	Thelebolales	Pseudeurotiaceae	NA	NA	Pseudeurotiaceae	NA	0.9994134	Pseudeurotiaceae	1CB1CDAD-36B9-11D5-9548-00D0592D548C	81222	9	Saprotroph	Plant Saprotroph-Wood Saprotroph	Probable	Microfungus	NULL	Saprobic on woody tissue and rotting vegetation, often isolated from soil (Cannon & Kirk 2007)	Cannon PF, Kirk PM. 2007. Fungal Families of the World. CAB International, Cambridge (ISBN: 978-0851998275)	Pseudeurotiaceae
ASV1570	Fungi	Basidiomycota	Agaricomycetes	NA	Xenasmataceae	Xenasmatella	NA	Xenasmatella	NA	0.9997734	Xenasmatella	1CB1CC85-36B9-11D5-9548-00D0592D548C	18756	13	Saprotroph	Undefined Saprotroph-|Wood Saprotroph|	Probable	Corticioid	White Rot	As white_rot (Põlme et al. 2020); Decay wood (Põlme et al. 2020)	Tedersoo L, et al. 2014. Science 346:e1256688 ((https://doi.org/10.1126/science.1256688)); Põlme S, et al. 2020. Fungal Diversity 105:1-16 ((https://doi.org/10.1007/s13225-020-00466-2))	Xenasmatella
ASV1571	Fungi	Basidiomycota	Agaricomycetes	Polyporales	Incrustoporiaceae	Skeletocutis	Skeletocutis_calida	Skeletocutis_calida	sSH1224729.09FU	1.0000000	Skeletocutis	1CB1A2C9-36B9-11D5-9548-00D0592D548C	18554	13	Saprotroph	|Wood Saprotroph|	Highly Probable	Polyporoid	White Rot	As white_rot (Põlme et al. 2020); Decay wood (Põlme et al. 2020)	Gilbertson RL, Ryvarden L. 1987-1987. North American Polypores. Fungiflora, Oslo (ISBN: 978-0945345060); Põlme S, et al. 2020. Fungal Diversity 105:1-16 ((https://doi.org/10.1007/s13225-020-00466-2))	Skeletocutis_calida
ASV1572	Fungi	Basidiomycota	Agaricomycetes	Hymenochaetales	Hymenochaetaceae	Fuscoporia	Fuscoporia_chinensis	Fuscoporia_chinensis	sSH1189814.09FU	0.9999008	Hymenochaetaceae	CC29D6F9-5984-496D-97E7-42EB138C1FEE	536196	9	Saprotroph-Symbiotroph	Ectomycorrhizal-Wood Saprotroph	Probable	Corticioid-Polyporoid	NULL	Lignicolous, causing white rots, rarely ectomycorrhizal (Cannon & Kirk 2007)	Cannon PF, Kirk PM. 2007. Fungal Families of the World. CAB International, Cambridge (ISBN: 978-0851998275)	Fuscoporia_chinensis
ASV1573	Fungi	Basidiomycota	Agaricomycetes	Polyporales	Irpicaceae	Ceriporia	Ceriporia_aurantiocarnescens	Ceriporia_aurantiocarnescens	sSH1049357.09FU	1.0000000	Ceriporia	1CB1C611-36B9-11D5-9548-00D0592D548C	17267	13	Saprotroph	|Wood Saprotroph|	Highly Probable	Corticioid	White Rot	As white_rot (Põlme et al. 2020); Decay wood (Põlme et al. 2020)	Tedersoo L, et al. 2014. Science 346:e1256688 ((https://doi.org/10.1126/science.1256688)); Põlme S, et al. 2020. Fungal Diversity 105:1-16 ((https://doi.org/10.1007/s13225-020-00466-2))	Ceriporia_aurantiocarnescens
ASV1574	Fungi	Basidiomycota	Agaricomycetes	Russulales	Lachnocladiaceae	Scytinostroma	NA	Scytinostroma	sSH1235897.09FU	0.9987758	Lachnocladiaceae	1CB1CD49-36B9-11D5-9548-00D0592D548C	80924	9	Saprotroph	Wood Saprotroph	Probable	Coraloid-Corticioid	NULL	On decaying coniferous or broadleaved wood, sometimes on herbaceous stems, presumably saprobic (Cannon & Kirk 2007)	Cannon PF, Kirk PM. 2007. Fungal Families of the World. CAB International, Cambridge (ISBN: 978-0851998275)	Scytinostroma
ASV1575	Fungi	Basidiomycota	Tremellomycetes	Tremellales	Bulleribasidiaceae	Hannaella	Hannaella_zeae	Hannaella_zeae	sSH1003232.09FU	0.9049605	Tremellales	1CB1CE64-36B9-11D5-9548-00D0592D548C	90451	7	Pathotroph-Saprotroph-Symbiotroph	Fungal Parasite-Undefined Saprotroph	Possible	Tremelloid-Yeast	NULL	The order contains both teleomorphic and anamorphic species, most of the latter being yeasts	Sterkenburg E, et al. 2015. New Phytologist 207:1145-1158 ((https://doi.org/10.1111/nph.13426))	Hannaella_zeae
ASV1576	Fungi	Ascomycota	Dothideomycetes	NA	NA	NA	NA	Dothideomycetes	sSH1084309.09FU	0.9492899	NA	NA	NA	NA	NA	NA	NA	NA	NA	NA	NA	Dothideomycetes
ASV1577	Fungi	Basidiomycota	Wallemiomycetes	Wallemiales	Wallemiaceae	Wallemia	Wallemia_tropicalis	Wallemia_tropicalis	sSH0958499.09FU	0.9930600	Wallemia	1AFF3730-16EA-11D6-BEBB-00508BCA8DE8	10428	13	Saprotroph	|Undefined Saprotroph|	Probable	Microfungus	NULL	Decay sugar-rich substrates (Põlme et al. 2020)	Tedersoo L, et al. 2014. Science 346:e1256688 ((https://doi.org/10.1126/science.1256688)); Põlme S, et al. 2020. Fungal Diversity 105:1-16 ((https://doi.org/10.1007/s13225-020-00466-2))	Wallemia_tropicalis
ASV1578	Fungi	Basidiomycota	Agaricomycetes	Polyporales	Hyphodermataceae	Hyphoderma	Hyphoderma_microporoides	Hyphoderma_microporoides	sSH1211468.09FU	0.9967803	Hyphoderma	1CB18E22-36B9-11D5-9548-00D0592D548C	17823	13	 Saprotroph	Undefined Saprotroph-|Wood Saprotroph|	Probable	Corticioid	White Rot	As white_rot (Põlme et al. 2020); Decay wood (Põlme et al. 2020)	Tedersoo L, et al. 2014. Science 346:e1256688 ((https://doi.org/10.1126/science.1256688)); Põlme S, et al. 2020. Fungal Diversity 105:1-16 ((https://doi.org/10.1007/s13225-020-00466-2))	Hyphoderma_microporoides
ASV1579	Fungi	Basidiomycota	Agaricomycetes	Agaricales	Tricholomataceae	Baeospora	Baeospora_myosura	Baeospora_myosura	sSH1044662.09FU	0.9812456	Tricholomataceae	008764C7-3F16-4577-B343-C50EF7B78211	81487	9	Pathotroph-Symbiotroph	Ectomycorrhizal-Fungal Parasite	Probable	Agaricoid	NULL	Tricholoma species are ectomycorrhizal, occurring in coniferous and broadleaved forests (Cannon & Kirk 2007); T. sclerotoideum is parasitic on Helvella spp.	Cannon PF, Kirk PM. 2007. Fungal Families of the World. CAB International, Cambridge (ISBN: 978-0851998275)	Baeospora_myosura
ASV1580	Fungi	Ascomycota	Eurotiomycetes	Chaetothyriales	Trichomeriaceae	NA	NA	Trichomeriaceae	NA	0.9660170	Trichomeriaceae	B366E4F5-4360-49B3-BA47-86698B5D3511	800935	9	Symbiotroph	Epiphyte	Probable	Microfungus	NULL	Foliar epiphytes with the appearance of sooty moulds, mostly occurring on the surface of living leaves and apparently gaining their nutrients from insect exudates (Chomnunti et al. 2012)	Chomnunti P, et al. 2012. Fungal Diversity 56:63-76 ((https://doi.org/10.1007/s13225-012-0197-2))	Trichomeriaceae
ASV1581	Fungi	Ascomycota	Eurotiomycetes	Eurotiales	Aspergillaceae	Penicillium	NA	Penicillium	NA	0.8289605	Eurotiales	1CB1CE25-36B9-11D5-9548-00D0592D548C	90472	7	Saprotroph	Undefined Saprotroph	Possible	Microfungus	NULL	NULL	Sterkenburg E, et al. 2015. New Phytologist 207:1145-1158 ((https://doi.org/10.1111/nph.13426))	Penicillium
ASV1582	Fungi	Basidiomycota	Agaricomycetes	Cantharellales	Hydnaceae	Sistotrema	Sistotrema_brinkmannii	Sistotrema_brinkmannii	sSH1208562.09FU	0.9824849	Sistotrema	1CB1CB70-36B9-11D5-9548-00D0592D548C	18551	13	Saprotroph-Symbiotroph	Ectomycorrhizal-|Plant Saprotroph|-Wood Saprotroph	Possible	Corticioid	White Rot	As litter_saprotroph (Põlme et al. 2020); Decay leaf, fruit, seed (Põlme et al. 2020)	Gilbertson RL, Ryvarden L. 1987-1987. North American Polypores. Fungiflora, Oslo (ISBN: 978-0945345060); Rinaldi AC, et al. 2008. Fungal Diversity 33:1-45 ((http://www.fungaldiversity.org/fdp/sfdp/33-1.pdf)) (as ECM/not ECM); Tedersoo L, et al. 2010. Mycorrhiza 20:217-263 ((https://doi.org/10.1007/s00572-009-0274-x)) (pro parte); Põlme S, et al. 2020. Fungal Diversity 105:1-16 ((https://doi.org/10.1007/s13225-020-00466-2)); http://mycorrhizas.info/ecmf.html ((http://mycorrhizas.info/ecmf.html)) (as ECM/not ECM).	Sistotrema_brinkmannii
ASV1583	Fungi	Basidiomycota	Agaricomycetes	NA	NA	NA	NA	Agaricomycetes	sSH1144327.09FU	1.0000000	NA	NA	NA	NA	NA	NA	NA	NA	NA	NA	NA	Agaricomycetes
ASV1584	Fungi	Ascomycota	Dothideomycetes	Capnodiales	NA	NA	NA	Capnodiales	sSH0984121.09FU	0.8646886	NA	NA	NA	NA	NA	NA	NA	NA	NA	NA	NA	Capnodiales
ASV1585	Fungi	Chytridiomycota	Rhizophlyctidomycetes	Rhizophlyctidales	Rhizophlyctidaceae	Rhizophlyctis	NA	Rhizophlyctis	sSH1067598.09FU	0.9999952	Rhizophlyctis	1CB1CAF8-36B9-11D5-9548-00D0592D548C	20483	13	Pathotroph-Saprotroph	Algal Parasite-|Plant Saprotroph|-Undefined Saprotroph	Probable	Chytrid-Microfungus	NULL	As litter_saprotroph (Põlme et al. 2020); Decay leaf, fruit, seed, algal material (Põlme et al. 2020)	James TY, et al. 2006. Nature 443:818-822 ((https://doi.org/10.1038/nature05110)); Põlme S, et al. 2020. Fungal Diversity 105:1-16 ((https://doi.org/10.1007/s13225-020-00466-2))	Rhizophlyctis
ASV1586	Fungi	Basidiomycota	Agaricomycetes	Russulales	Stereaceae	Stereum	NA	Stereum	NA	0.8630860	Stereaceae	1CB1CDDC-36B9-11D5-9548-00D0592D548C	81424	9	Saprotroph	Undefined Saprotroph-Wood Saprotroph	Probable	Corticioid-Polyporoid	NULL	Lignicolous or terrestrial (in leaf litter); typically saprobic (Cannon & Kirk 2007)	Cannon PF, Kirk PM. 2007. Fungal Families of the World. CAB International, Cambridge (ISBN: 978-0851998275)	Stereum
ASV1587	Fungi	Basidiomycota	Cystobasidiomycetes	NA	Symmetrosporaceae	Symmetrospora	NA	Symmetrospora	NA	0.9972402	Symmetrospora	087AD0E3-3941-4D4D-B6AD-C4299E0B7B7F	813117	13	Saprotroph-Symbiotroph	|Epiphyte|-Plant Saprotroph	Probable	Yeast	NULL	As litter_saprotroph (Põlme et al. 2020); Decay leaf, fruit, seed (Põlme et al. 2020)	Põlme S, et al. 2020. Fungal Diversity 105:1-16 ((https://doi.org/10.1007/s13225-020-00466-2))	Symmetrospora
ASV1588	Fungi	Basidiomycota	Agaricomycetes	Polyporales	Hyphodermataceae	Hyphoderma	Hyphoderma_litschaueri	Hyphoderma_litschaueri	sSH1311019.09FU	1.0000000	Hyphoderma	1CB18E22-36B9-11D5-9548-00D0592D548C	17823	13	 Saprotroph	Undefined Saprotroph-|Wood Saprotroph|	Probable	Corticioid	White Rot	As white_rot (Põlme et al. 2020); Decay wood (Põlme et al. 2020)	Tedersoo L, et al. 2014. Science 346:e1256688 ((https://doi.org/10.1126/science.1256688)); Põlme S, et al. 2020. Fungal Diversity 105:1-16 ((https://doi.org/10.1007/s13225-020-00466-2))	Hyphoderma_litschaueri
ASV1589	Fungi	Ascomycota	Leotiomycetes	Helotiales	Pezizellaceae	NA	NA	Pezizellaceae	sSH1030577.09FU	0.8724673	NA	NA	NA	NA	NA	NA	NA	NA	NA	NA	NA	Pezizellaceae
ASV1590	Fungi	Basidiomycota	Agaricomycetes	Polyporales	NA	NA	NA	Polyporales	sSH1224743.09FU	0.9995812	NA	NA	NA	NA	NA	NA	NA	NA	NA	NA	NA	Polyporales
ASV1591	Fungi	Ascomycota	Dothideomycetes	Mycosphaerellales	Teratosphaeriaceae	NA	NA	Teratosphaeriaceae	sSH0960680.09FU	0.9972424	Teratosphaeriaceae	87A3FDCC-E75C-4F2E-B987-C7579847CE32	504465	9	Pathotroph-Saprotroph	Animal Pathogen-Plant Pathogen-Undefined Saprotroph	Probable	NULL	NULL	Includes numerous saprobic, extremophilic, human opportunistic, and plant pathogenic fungi (Quaedvlieg et al. 2014)	Quaedvlieg W, et al. 2014. Persoonia 3:31-40 ((https://doi.org/10.3767/003158514X681981))	Teratosphaeriaceae
ASV1592	Fungi	Basidiomycota	Agaricomycetes	Hymenochaetales	Tubulicrinaceae	Tubulicrinis	Tubulicrinis_accedens	Tubulicrinis_accedens	sSH1260157.09FU	0.9972197	Tubulicrinis	1CB1A87B-36B9-11D5-9548-00D0592D548C	18693	13	Saprotroph	Undefined Saprotroph-|Wood Saprotroph|	Probable	Corticioid	White Rot	As white_rot (Põlme et al. 2020); Decay wood (Põlme et al. 2020)	Tedersoo L, et al. 2014. Science 346:e1256688 ((https://doi.org/10.1126/science.1256688)); Põlme S, et al. 2020. Fungal Diversity 105:1-16 ((https://doi.org/10.1007/s13225-020-00466-2))	Tubulicrinis_accedens
ASV1593	Fungi	Basidiomycota	Agaricomycetes	Polyporales	NA	NA	NA	Polyporales	NA	0.9293772	NA	NA	NA	NA	NA	NA	NA	NA	NA	NA	NA	Polyporales
ASV1594	Fungi	Ascomycota	Dothideomycetes	NA	NA	NA	NA	Dothideomycetes	sSH1004279.09FU	0.8658369	NA	NA	NA	NA	NA	NA	NA	NA	NA	NA	NA	Dothideomycetes
ASV1595	Fungi	Ascomycota	Dothideomycetes	Dothideales	Dothideaceae	Rhizosphaera	NA	Rhizosphaera	sSH1240383.09FU	0.9798277	Dothideaceae	1CB1884B-36B9-11D5-9548-00D0592D548C	80715	9	Pathotroph-Saprotroph-Symbiotroph	Endophyte-Plant Pathogen-Undefined Saprotroph	Possible	Microfungus	NULL	Biotrophic, necrotrophic or saprobic on plant tissue (Cannon & Kirk 2017)	Cannon PF, Kirk PM. 2007. Fungal Families of the World. CAB International, Cambridge (ISBN: 978-0851998275)	Rhizosphaera
ASV1596	Fungi	Ascomycota	Dothideomycetes	Capnodiales	Cladosporiaceae	Toxicocladosporium	NA	Toxicocladosporium	NA	0.9998569	Cladosporiaceae	6EDCD6E4-DE4D-443D-AF6B-A572F626BD45	816548	9	Pathotroph-Saprotroph-Symbiotroph	Animal Pathogen-Endophyte-Lichen Parasite-Plant Pathogen-Wood Saprotroph	Possible	Microfungus	NULL	NULL	Seehann G, et al. 1975. List of Fungi in Soft-Rot Tissue Tests. Institute fur Holzbiologie und Holzschutz, Bundesforschungsanstalt fur Forst - und Holzwirtshaft, Hamburg - Lohbrugge, Germany; Lawrey JD, Diederich P. 2016. http://www.lichenicolous.net (accessed 24 May 2017) ((http://www.lichenicolous.net)); The American Phytopathological Society Common Names of Plant Diseases ((http://www.apsnet.org/publications/commonnames/Pages/default.aspx))	Toxicocladosporium
ASV1597	Fungi	Ascomycota	Dothideomycetes	Dothideales	Dothideaceae	Rhizosphaera	NA	Rhizosphaera	sSH1240383.09FU	0.9791780	Dothideaceae	1CB1884B-36B9-11D5-9548-00D0592D548C	80715	9	Pathotroph-Saprotroph-Symbiotroph	Endophyte-Plant Pathogen-Undefined Saprotroph	Possible	Microfungus	NULL	Biotrophic, necrotrophic or saprobic on plant tissue (Cannon & Kirk 2017)	Cannon PF, Kirk PM. 2007. Fungal Families of the World. CAB International, Cambridge (ISBN: 978-0851998275)	Rhizosphaera
ASV1598	Fungi	Ascomycota	Sordariomycetes	NA	NA	NA	NA	Sordariomycetes	NA	1.0000000	NA	NA	NA	NA	NA	NA	NA	NA	NA	NA	NA	Sordariomycetes
ASV1599	Fungi	Basidiomycota	Agaricomycetes	Auriculariales	Exidiaceae	Exidia	NA	Exidia	sSH0939870.09FU	0.9999947	Exidia	1CB18A1B-36B9-11D5-9548-00D0592D548C	17572	13	Saprotroph-Symbiotroph	Endophyte-Plant Saprotroph-Undefined Saprotroph-|Wood Saprotroph|	Probable	Tremelloid	NULL	As foliar_endophyte (Põlme et al. 2020); As litter_saprotroph (Põlme et al. 2020); Decay wood, leaf, fruit, seed (Põlme et al. 2020)	Tedersoo L, et al. 2014. Science 346:e1256688 ((https://doi.org/10.1126/science.1256688)); David AS, et al. 2016. Microbial Ecology 71:912-926 ((https://doi.org/10.1007/s00248-015-0712-6)); Põlme S, et al. 2020. Fungal Diversity 105:1-16 ((https://doi.org/10.1007/s13225-020-00466-2))	Exidia
ASV1600	Fungi	Ascomycota	Eurotiomycetes	Eurotiales	Aspergillaceae	NA	NA	Aspergillaceae	NA	0.9998048	Eurotiales	1CB1CE25-36B9-11D5-9548-00D0592D548C	90472	7	Saprotroph	Undefined Saprotroph	Possible	Microfungus	NULL	NULL	Sterkenburg E, et al. 2015. New Phytologist 207:1145-1158 ((https://doi.org/10.1111/nph.13426))	Aspergillaceae
ASV1601	Fungi	Basidiomycota	Agaricomycetes	Polyporales	Irpicaceae	Efibula	Efibula_yunnanensis	Efibula_yunnanensis	sSH1142679.09FU	0.7247538	Efibula	6C1A6E62-4DC4-48A2-9AAB-9F5D195E0BB5	25473	13	Saprotroph	|Wood Saprotroph|	Possible	Corticioid-Microfungus	White Rot	As white_rot (Põlme et al. 2020); Decay wood (Põlme et al. 2020)	Floudas D, Hibbett DS. 2015. British Mycological Society 119:679-719 ((https://doi.org/10.1016/j.funbio.2015.04.003)); Põlme S, et al. 2020. Fungal Diversity 105:1-16 ((https://doi.org/10.1007/s13225-020-00466-2))	Efibula_yunnanensis
ASV1602	Fungi	Ascomycota	Sordariomycetes	Sordariales	Chaetomiaceae	Zopfiella	NA	Zopfiella	NA	0.9900922	Chaetomiaceae	1CB1CCE0-36B9-11D5-9548-00D0592D548C	80582	9	Pathotroph-Saprotroph-Symbiotroph	Animal Pathogen-Dung Saprotroph-Endophyte-Epiphyte-Plant Saprotroph-Wood Saprotroph	Possible	Microfungus	Soft Rot	Saprobic, acting as key decay organisms of plant materials and plant-derived commodities (Cannon & Kirk 2007); Epiphyte detection method-culture (Massimo et al. 2015); Endophyte detection method-culture (Busby et al. 2016, David et al. 2016); Likely opportunistic human pathogen (Irinyi et al. 2015)	Seehann G, et al. 1975. List of Fungi in Soft-Rot Tissue Tests. Institute fur Holzbiologie und Holzschutz, Bundesforschungsanstalt fur Forst - und Holzwirtshaft, Hamburg - Lohbrugge, Germany; Cannon PF, Kirk PM. 2007. Fungal Families of the World. CAB International, Cambridge ((https://isbnsearch.org/isbn/9780851998275));  Bills GF, et al. 2013. Current Opinion in Microbiology 16:549-565 ((https://doi.org/10.1016/j.mib.2013.08.001)); Tedersoo L, et al. 2014. Science 346:e1256688 ((https://doi.org/10.1126/science.1256688)); Irinyi L, et al. 2015. Medical Mycology 53:313-337 ((https://doi.org/10.1093/mmy/myv008)); Massimo NC, et al. 2015. Microbial Ecology 70:61-76 ((https://doi.org/10.1007/s00248-014-0563-6)); Busby PE, et al. 2016. New Phytologist 209:1681-1692 ((https://doi.org/10.1111/nph.13742)); David AS, et al. 2016. Microbial Ecology 71:912-926 ((https://doi.org/10.1007/s00248-015-0712-6))	Zopfiella
ASV1603	Fungi	Ascomycota	Dothideomycetes	Mycosphaerellales	Mycosphaerellaceae	Sphaerulina	NA	Sphaerulina	NA	0.9726651	Mycosphaerellaceae	1CB1CD75-36B9-11D5-9548-00D0592D548C	81043	9	Pathotroph-Saprotroph	Plant Pathogen-Undefined Saprotroph	Probable	Microfungus	NULL	Biotrophic, necrotrophic or saprobic on various plant tissues (Cannon & Kirk 2007)	Cannon PF, Kirk PM. 2007. Fungal Families of the World. CAB International, Cambridge (ISBN: 978-0851998275)	Sphaerulina
ASV1604	Fungi	Ascomycota	Dothideomycetes	Capnodiales	Cladosporiaceae	Verrucocladosporium	NA	Verrucocladosporium	NA	0.9998098	Cladosporiaceae	6EDCD6E4-DE4D-443D-AF6B-A572F626BD45	816548	9	Pathotroph-Saprotroph-Symbiotroph	Animal Pathogen-Endophyte-Lichen Parasite-Plant Pathogen-Wood Saprotroph	Possible	Microfungus	NULL	NULL	Seehann G, et al. 1975. List of Fungi in Soft-Rot Tissue Tests. Institute fur Holzbiologie und Holzschutz, Bundesforschungsanstalt fur Forst - und Holzwirtshaft, Hamburg - Lohbrugge, Germany; Lawrey JD, Diederich P. 2016. http://www.lichenicolous.net (accessed 24 May 2017) ((http://www.lichenicolous.net)); The American Phytopathological Society Common Names of Plant Diseases ((http://www.apsnet.org/publications/commonnames/Pages/default.aspx))	Verrucocladosporium
ASV1605	Fungi	Basidiomycota	Agaricomycetes	Russulales	Auriscalpiaceae	Lentinellus	Lentinellus_castoreus	Lentinellus_castoreus	NA	0.9999965	Auriscalpiaceae	1CB1CCC4-36B9-11D5-9548-00D0592D548C	80506	9	Pathotroph-Saprotroph	Plant Pathogen-Wood Saprotroph	Probable	Hydnoid	White Rot	Saprobic or parasitic, on wood of gymnosperms and angiosperms, producing white rots (Cannon & Kirk 2007)	Cannon PF, Kirk PM. 2007. Fungal Families of the World. CAB International, Cambridge (ISBN: 978-0851998275)	Lentinellus_castoreus
ASV1606	Fungi	Basidiomycota	Agaricomycetes	Agaricales	NA	NA	NA	Agaricales	sSH1135313.09FU	0.9914527	Agaricales	715D162F-5F0E-40C8-A7DC-79D488D3F937	90508	7	Pathotroph-Saprotroph-Symbiotroph	Bryophyte Parasite-Dung Saprotroph-Ectomycorrhizal-Fungal Parasite-Leaf Saprotroph-Plant Parasite-Undefined Saprotroph-Wood Saprotroph	Possible	Agaricoid-Gasteroid-Microfungus-Secotioid-Yeast	NULL	Mushrooms and toadstools, Gill fungi, Agarics... lignicolous, sometimes muscicolous or fungicolous, saprobic, mycorrhizal, rarely parasitic on plants or fungi (Kirk et al. 2008)	Kirk PM et al. 2008. Dictionary of the Fungi. Tenth Edition. CAB International, Wallingford (ISBN: 978-0851998268)	Agaricales
ASV1607	Fungi	Basidiomycota	Agaricomycetes	NA	NA	NA	NA	Agaricomycetes	sSH0935517.09FU	0.9999979	NA	NA	NA	NA	NA	NA	NA	NA	NA	NA	NA	Agaricomycetes
ASV1608	Fungi	Ascomycota	Sordariomycetes	Xylariales	Diatrypaceae	Eutypa	Eutypa_tetragona	Eutypa_tetragona	sSH0888308.09FU	0.7638461	Diatrypaceae	1CB1CD09-36B9-11D5-9548-00D0592D548C	80692	9	Pathotroph-Saprotroph	Plant Pathogen-Plant Saprotroph	Probable	Microfungus	NULL	Saprobes and (usually) weak parasites in wood and bark (Cannon & Kirk 2007)	Cannon PF, Kirk PM. 2007. Fungal Families of the World. CAB International, Cambridge (ISBN: 978-0851998275)	Eutypa_tetragona
ASV1609	Fungi	Basidiomycota	Agaricomycetes	Polyporales	Meripilaceae	Physisporinus	Physisporinus_vitreus	Physisporinus_vitreus	sSH1257021.09FU	0.9999986	Meripilaceae	1CB1CD64-36B9-11D5-9548-00D0592D548C	80007	9	Pathotroph-Saprotroph	Plant Pathogen-Undefined Saprotroph	Probable	Polyporoid	NULL	Saprobic or parasitic on hardwood trees, often growing from buried roots and causing white rot (Cannon & Kirk 2007)	Cannon PF, Kirk PM. 2007. Fungal Families of the World. CAB International, Cambridge (ISBN: 978-0851998275)	Physisporinus_vitreus
ASV1610	Fungi	Basidiomycota	Agaricomycetes	NA	NA	NA	NA	Agaricomycetes	NA	1.0000000	NA	NA	NA	NA	NA	NA	NA	NA	NA	NA	NA	Agaricomycetes
ASV1611	Fungi	Ascomycota	Dothideomycetes	Capnodiales	Cladosporiaceae	Cladosporium	Cladosporium_velox	Cladosporium_velox	sSH4359434.09FU	0.8910901	Cladosporiaceae	6EDCD6E4-DE4D-443D-AF6B-A572F626BD45	816548	9	Pathotroph-Saprotroph-Symbiotroph	Animal Pathogen-Endophyte-Lichen Parasite-Plant Pathogen-Wood Saprotroph	Possible	Microfungus	NULL	NULL	Seehann G, et al. 1975. List of Fungi in Soft-Rot Tissue Tests. Institute fur Holzbiologie und Holzschutz, Bundesforschungsanstalt fur Forst - und Holzwirtshaft, Hamburg - Lohbrugge, Germany; Lawrey JD, Diederich P. 2016. http://www.lichenicolous.net (accessed 24 May 2017) ((http://www.lichenicolous.net)); The American Phytopathological Society Common Names of Plant Diseases ((http://www.apsnet.org/publications/commonnames/Pages/default.aspx))	Cladosporium_velox
ASV1612	Fungi	Basidiomycota	Agaricomycetes	Agaricales	Lycoperdaceae	Lycoperdon	Lycoperdon_pyriforme	Lycoperdon_pyriforme	sSH0948285.09FU	0.9598509	Lycoperdaceae	1CB1CD5A-36B9-11D5-9548-00D0592D548C	0	9	 Saprotroph	Undefined Saprotroph	Probable	Gasteroid	NULL	Common name - puffball; Primarily saprobes in grassland and woodland, with some species commonly forming typical fairy rings (Cannon & Kirk 2007)	Cannon PF, Kirk PM. 2007. Fungal Families of the World. CAB International, Cambridge ((https://isbnsearch.org/isbn/9780851998275))	Lycoperdon_pyriforme
ASV1613	Fungi	Basidiomycota	Agaricomycetes	Russulales	Auriscalpiaceae	Lentinellus	Lentinellus_ursinus	Lentinellus_ursinus	sSH1258453.09FU	0.9978529	Auriscalpiaceae	1CB1CCC4-36B9-11D5-9548-00D0592D548C	80506	9	Pathotroph-Saprotroph	Plant Pathogen-Wood Saprotroph	Probable	Hydnoid	White Rot	Saprobic or parasitic, on wood of gymnosperms and angiosperms, producing white rots (Cannon & Kirk 2007)	Cannon PF, Kirk PM. 2007. Fungal Families of the World. CAB International, Cambridge (ISBN: 978-0851998275)	Lentinellus_ursinus
ASV1614	Fungi	Basidiomycota	Agaricomycetes	Atheliales	NA	NA	NA	Atheliales	sSH0929250.09FU	0.9943428	NA	NA	NA	NA	NA	NA	NA	NA	NA	NA	NA	Atheliales
ASV1615	Fungi	Basidiomycota	Exobasidiomycetes	Exobasidiales	Exobasidiaceae	Arcticomyces	Arcticomyces_warmingii	Arcticomyces_warmingii	sSH1067794.09FU	1.0000000	Arcticomyces	1CB1C4A3-36B9-11D5-9548-00D0592D548C	17095	13	Pathotroph	|Plant Pathogen|	Probable	Microfungus	NULL	NULL	Tedersoo L, et al. 2014. Science 346:e1256688 ((https://doi.org/10.1126/science.1256688)); Põlme S, et al. 2020. Fungal Diversity 105:1-16 ((https://doi.org/10.1007/s13225-020-00466-2))	Arcticomyces_warmingii
ASV1616	Fungi	Basidiomycota	Agaricomycetes	Polyporales	NA	NA	NA	Polyporales	NA	0.7244560	NA	NA	NA	NA	NA	NA	NA	NA	NA	NA	NA	Polyporales
ASV1617	Fungi	Basidiomycota	Agaricomycetes	Russulales	NA	NA	NA	Russulales	sSH0935484.09FU	0.8673012	NA	NA	NA	NA	NA	NA	NA	NA	NA	NA	NA	Russulales
ASV1618	Fungi	Ascomycota	Eurotiomycetes	Eurotiales	Aspergillaceae	Penicillium	NA	Penicillium	NA	0.8364230	Eurotiales	1CB1CE25-36B9-11D5-9548-00D0592D548C	90472	7	Saprotroph	Undefined Saprotroph	Possible	Microfungus	NULL	NULL	Sterkenburg E, et al. 2015. New Phytologist 207:1145-1158 ((https://doi.org/10.1111/nph.13426))	Penicillium
ASV1619	Fungi	Ascomycota	Eurotiomycetes	Eurotiales	Aspergillaceae	Aspergillus	Aspergillus_whitfieldii	Aspergillus_whitfieldii	sSH1067499.09FU	0.9984171	Eurotiales	1CB1CE25-36B9-11D5-9548-00D0592D548C	90472	7	Saprotroph	Undefined Saprotroph	Possible	Microfungus	NULL	NULL	Sterkenburg E, et al. 2015. New Phytologist 207:1145-1158 ((https://doi.org/10.1111/nph.13426))	Aspergillus_whitfieldii
ASV1620	Fungi	Basidiomycota	Wallemiomycetes	Wallemiales	Wallemiaceae	Wallemia	Wallemia_tropicalis	Wallemia_tropicalis	sSH0958499.09FU	0.8383608	Wallemia	1AFF3730-16EA-11D6-BEBB-00508BCA8DE8	10428	13	Saprotroph	|Undefined Saprotroph|	Probable	Microfungus	NULL	Decay sugar-rich substrates (Põlme et al. 2020)	Tedersoo L, et al. 2014. Science 346:e1256688 ((https://doi.org/10.1126/science.1256688)); Põlme S, et al. 2020. Fungal Diversity 105:1-16 ((https://doi.org/10.1007/s13225-020-00466-2))	Wallemia_tropicalis
ASV1621	Fungi	Ascomycota	Eurotiomycetes	Eurotiales	Aspergillaceae	NA	NA	Aspergillaceae	sSH1067488.09FU	0.9999302	Eurotiales	1CB1CE25-36B9-11D5-9548-00D0592D548C	90472	7	Saprotroph	Undefined Saprotroph	Possible	Microfungus	NULL	NULL	Sterkenburg E, et al. 2015. New Phytologist 207:1145-1158 ((https://doi.org/10.1111/nph.13426))	Aspergillaceae
ASV1622	Fungi	NA	NA	NA	NA	NA	NA	NA	sSH1078914.09FU	1.0000000	NA	NA	NA	NA	NA	NA	NA	NA	NA	NA	NA	NA
ASV1623	Fungi	Basidiomycota	Agaricomycetes	Agaricales	Tricholomataceae	NA	NA	Tricholomataceae	sSH1201847.09FU	0.9999616	Tricholomataceae	008764C7-3F16-4577-B343-C50EF7B78211	81487	9	Pathotroph-Symbiotroph	Ectomycorrhizal-Fungal Parasite	Probable	Agaricoid	NULL	Tricholoma species are ectomycorrhizal, occurring in coniferous and broadleaved forests (Cannon & Kirk 2007); T. sclerotoideum is parasitic on Helvella spp.	Cannon PF, Kirk PM. 2007. Fungal Families of the World. CAB International, Cambridge (ISBN: 978-0851998275)	Tricholomataceae
ASV1624	Fungi	Basidiomycota	Agaricomycetes	NA	NA	NA	NA	Agaricomycetes	sSH0935517.09FU	0.9999961	NA	NA	NA	NA	NA	NA	NA	NA	NA	NA	NA	Agaricomycetes
ASV1625	Fungi	Chytridiomycota	Rhizophlyctidomycetes	Rhizophlyctidales	Rhizophlyctidaceae	Rhizophlyctis	NA	Rhizophlyctis	sSH1119143.09FU	1.0000000	Rhizophlyctis	1CB1CAF8-36B9-11D5-9548-00D0592D548C	20483	13	Pathotroph-Saprotroph	Algal Parasite-|Plant Saprotroph|-Undefined Saprotroph	Probable	Chytrid-Microfungus	NULL	As litter_saprotroph (Põlme et al. 2020); Decay leaf, fruit, seed, algal material (Põlme et al. 2020)	James TY, et al. 2006. Nature 443:818-822 ((https://doi.org/10.1038/nature05110)); Põlme S, et al. 2020. Fungal Diversity 105:1-16 ((https://doi.org/10.1007/s13225-020-00466-2))	Rhizophlyctis
ASV1626	Fungi	Basidiomycota	Agaricomycetes	Trechisporales	Hydnodontaceae	Trechispora	NA	Trechispora	sSH0938483.09FU	0.9986587	Trechispora	1CB1CC1A-36B9-11D5-9548-00D0592D548C	18664	13	Saprotroph	|Wood Saprotroph|	Highly Probable	Corticioid	White Rot	As white_rot (Põlme et al. 2020); Decay wood (Põlme et al. 2020)	Gilbertson RL, Ryvarden L. 1987-1987. North American Polypores. Fungiflora, Oslo (ISBN: 978-0945345060); Rinaldi AC, et al. 2008. Fungal Diversity 33:1-45 ((http://www.fungaldiversity.org/fdp/sfdp/33-1.pdf)) (as Uncertain); Tedersoo L, et al. 2010. Mycorrhiza 20:217-263 ((https://doi.org/10.1007/s00572-009-0274-x)) (as not ECM).; Põlme S, et al. 2020. Fungal Diversity 105:1-16 ((https://doi.org/10.1007/s13225-020-00466-2))	Trechispora
ASV1627	Fungi	Ascomycota	NA	NA	NA	NA	NA	Ascomycota	NA	0.9600039	NA	NA	NA	NA	NA	NA	NA	NA	NA	NA	NA	Ascomycota
ASV1628	Fungi	Ascomycota	Saccharomycetes	Saccharomycetales	Trichomonascaceae	Zygoascus	Zygoascus_flipseniorum	Zygoascus_flipseniorum	sSH1592520.09FU	0.8026841	Saccharomycetales	B73A15F4-AB90-4E11-B6D7-E0BE710B986C	816369	7	Saprotroph	Undefined Saprotroph	Possible	Yeast	NULL	NULL	Sterkenburg E, et al. 2015. New Phytologist 207:1145-1158 ((https://doi.org/10.1111/nph.13426))	Zygoascus_flipseniorum
ASV1629	Fungi	Ascomycota	NA	NA	NA	NA	NA	Ascomycota	NA	0.8524448	NA	NA	NA	NA	NA	NA	NA	NA	NA	NA	NA	Ascomycota
ASV1630	Fungi	Basidiomycota	Agaricomycetes	Agaricales	Tricholomataceae	Panellus	Panellus_stipticus	Panellus_stipticus	sSH1125911.09FU	0.9987411	Tricholomataceae	008764C7-3F16-4577-B343-C50EF7B78211	81487	9	Pathotroph-Symbiotroph	Ectomycorrhizal-Fungal Parasite	Probable	Agaricoid	NULL	Tricholoma species are ectomycorrhizal, occurring in coniferous and broadleaved forests (Cannon & Kirk 2007); T. sclerotoideum is parasitic on Helvella spp.	Cannon PF, Kirk PM. 2007. Fungal Families of the World. CAB International, Cambridge (ISBN: 978-0851998275)	Panellus_stipticus
ASV1631	Fungi	Ascomycota	Sordariomycetes	Hypocreales	NA	NA	NA	Hypocreales	NA	0.9777013	Hypocreales	1CB18E60-36B9-11D5-9548-00D0592D548C	90477	7	Saprotroph	Undefined Saprotroph	Possible	Microfungus	NULL	NULL	Sterkenburg E, et al. 2015. New Phytologist 207:1145-1158 ((https://doi.org/10.1111/nph.13426))	Hypocreales
ASV1632	Fungi	Basidiomycota	Agaricomycetes	Atheliales	Tylosporaceae	NA	NA	Tylosporaceae	sSH1235671.09FU	0.9944499	NA	NA	NA	NA	NA	NA	NA	NA	NA	NA	NA	Tylosporaceae
ASV1633	Fungi	Basidiomycota	Tremellomycetes	Tremellales	NA	NA	NA	Tremellales	NA	0.9996129	Tremellales	1CB1CE64-36B9-11D5-9548-00D0592D548C	90451	7	Pathotroph-Saprotroph-Symbiotroph	Fungal Parasite-Undefined Saprotroph	Possible	Tremelloid-Yeast	NULL	The order contains both teleomorphic and anamorphic species, most of the latter being yeasts	Sterkenburg E, et al. 2015. New Phytologist 207:1145-1158 ((https://doi.org/10.1111/nph.13426))	Tremellales
ASV1634	Fungi	Basidiomycota	Agaricomycetes	Agaricales	Mycenaceae	Mycena	NA	Mycena	NA	0.7023636	Mycenaceae	8AE7A7D8-5A42-428C-A1CF-0125BA948485	505549	9	Saprotroph	Leaf Saprotroph-Wood Saprotroph	Probable	Agaricoid	NULL	Saprobes, most species as early colonizers of dead wood and leaves. A few species of Favolaschia and Mycena have been described as mycorrhizal with terrestrial orchids, but the associations need confirmation (Cannon & Kirk 2007)	Cannon PF, Kirk PM. 2007. Fungal Families of the World. CAB International, Cambridge (ISBN: 978-0851998275)	Mycena
ASV1635	Fungi	Basidiomycota	Agaricomycetes	Hymenochaetales	Schizoporaceae	Xylodon	Xylodon_flaviporus	Xylodon_flaviporus	sSH1236566.09FU	0.9656905	Schizoporaceae	1CB1CDC9-36B9-11D5-9548-00D0592D548C	80038	9	Saprotroph	Wood Saprotroph	Probable	Corticioid	White Rot	Saprobic, causing white rot of standing and fallen wood of coniferous and broadleaved trees, rarely on herbaceous stems (Cannon & Kirk 2007)	Cannon PF, Kirk PM. 2007. Fungal Families of the World. CAB International, Cambridge (ISBN: 978-0851998275)	Xylodon_flaviporus
ASV1636	Fungi	Ascomycota	NA	NA	NA	NA	NA	Ascomycota	NA	0.9275352	NA	NA	NA	NA	NA	NA	NA	NA	NA	NA	NA	Ascomycota
ASV1637	Fungi	Basidiomycota	Agaricomycetes	Polyporales	Polyporaceae	Trametes	NA	Trametes	NA	0.9667160	Polyporaceae	1CB19B17-36B9-11D5-9548-00D0592D548C	81203	9	Saprotroph	Wood Saprotroph	Probable	Polyporoid	Brown Rot-White Rot	Lignicolous, causing brown or white rot, mostly of broadleaved trees (Cannon & Kirk 2007)	Cannon PF, Kirk PM. 2007. Fungal Families of the World. CAB International, Cambridge (ISBN: 978-0851998275)	Trametes
ASV1638	Fungi	Basidiomycota	Agaricomycetes	Agaricales	Omphalotaceae	Rhodocollybia	Rhodocollybia_butyracea	Rhodocollybia_butyracea	sSH1128473.09FU	0.9571833	Omphalotaceae	78880629-B2DA-4EE9-B0E8-1DF58A0F98B9	81085	9	Saprotroph	Wood Saprotroph	Probable	Agaricoid	White Rot	Saprobic, causing white rots of dead wood (Cannon & Kirk 2007)	Cannon PF, Kirk PM. 2007. Fungal Families of the World. CAB International, Cambridge (ISBN: 978-0851998275)	Rhodocollybia_butyracea
ASV1639	Fungi	Basidiomycota	Agaricomycetes	Agaricales	Crepidotaceae	Crepidotus	Crepidotus_striatus	Crepidotus_striatus	sSH1004737.09FU	0.9985199	Crepidotaceae	1CB1CCFC-36B9-11D5-9548-00D0592D548C	80655	9	Saprotroph	Wood Saprotroph	Probable	Agaricoid	NULL	NULL	Aime MC, et al. 2005. American Journal of Botany 92:74-82 ((https://bsapubs.onlinelibrary.wiley.com/doi/10.3732/ajb.92.1.74))	Crepidotus_striatus
ASV1640	Fungi	Basidiomycota	Agaricomycetes	Polyporales	Hyphodermataceae	Hyphoderma	Hyphoderma_setigerum	Hyphoderma_setigerum	sSH1236276.09FU	1.0000000	Hyphoderma	1CB18E22-36B9-11D5-9548-00D0592D548C	17823	13	 Saprotroph	Undefined Saprotroph-|Wood Saprotroph|	Probable	Corticioid	White Rot	As white_rot (Põlme et al. 2020); Decay wood (Põlme et al. 2020)	Tedersoo L, et al. 2014. Science 346:e1256688 ((https://doi.org/10.1126/science.1256688)); Põlme S, et al. 2020. Fungal Diversity 105:1-16 ((https://doi.org/10.1007/s13225-020-00466-2))	Hyphoderma_setigerum
ASV1641	Fungi	Ascomycota	Eurotiomycetes	Eurotiales	Aspergillaceae	Penicillium	NA	Penicillium	NA	0.9762578	Eurotiales	1CB1CE25-36B9-11D5-9548-00D0592D548C	90472	7	Saprotroph	Undefined Saprotroph	Possible	Microfungus	NULL	NULL	Sterkenburg E, et al. 2015. New Phytologist 207:1145-1158 ((https://doi.org/10.1111/nph.13426))	Penicillium
ASV1642	Fungi	Basidiomycota	Agaricomycetes	Polyporales	Phanerochaetaceae	Bjerkandera	Bjerkandera_adusta	Bjerkandera_adusta	sSH1177901.09FU	0.9972826	Bjerkandera	1CB1C50E-36B9-11D5-9548-00D0592D548C	17160	13	Pathotroph-Saprotroph-Symbiotroph	Endophyte-Plant Pathogen-|Wood Saprotroph|	Highly Probable	Polyporoid	White Rot	As root_endophyte_dark_septate (Põlme et al. 2020); As white_rot (Põlme et al. 2020); As wood_pathogen (Põlme et al. 2020); Decay wood (Põlme et al. 2020)	Gilbertson RL, Ryvarden L. 1987-1987. North American Polypores. Fungiflora, Oslo (ISBN: 978-0945345060); Põlme S, et al. 2020. Fungal Diversity 105:1-16 ((https://doi.org/10.1007/s13225-020-00466-2))	Bjerkandera_adusta
ASV1643	Fungi	Basidiomycota	Agaricomycetes	Polyporales	Hyphodermataceae	Hyphoderma	Hyphoderma_mutatum	Hyphoderma_mutatum	sSH1176524.09FU	0.9443336	Hyphoderma	1CB18E22-36B9-11D5-9548-00D0592D548C	17823	13	 Saprotroph	Undefined Saprotroph-|Wood Saprotroph|	Probable	Corticioid	White Rot	As white_rot (Põlme et al. 2020); Decay wood (Põlme et al. 2020)	Tedersoo L, et al. 2014. Science 346:e1256688 ((https://doi.org/10.1126/science.1256688)); Põlme S, et al. 2020. Fungal Diversity 105:1-16 ((https://doi.org/10.1007/s13225-020-00466-2))	Hyphoderma_mutatum
ASV1644	Fungi	Ascomycota	Eurotiomycetes	Onygenales	Gymnoascaceae	Gymnoascus	Gymnoascus_udagawae	Gymnoascus_udagawae	sSH1118893.09FU	0.8422022	Gymnoascaceae	1CB18C18-36B9-11D5-9548-00D0592D548C	80822	9	Saprotroph	Dung Saprotroph-Plant Saprotroph	Probable	Microfungus	NULL	Keratinophilic or cellulolytic, usually encountered as isolations from soil, dung, etc. (Cannon & Kirk 2007)	Cannon PF, Kirk PM. 2007. Fungal Families of the World. CAB International, Cambridge (ISBN: 978-0851998275)	Gymnoascus_udagawae
ASV1645	Fungi	NA	NA	NA	NA	NA	NA	NA	NA	1.0000000	NA	NA	NA	NA	NA	NA	NA	NA	NA	NA	NA	NA
ASV1646	Fungi	Ascomycota	Saccharomycetes	Saccharomycetales	NA	Diutina	Diutina_neorugosa	Diutina_neorugosa	sSH1596009.09FU	0.9079358	Saccharomycetales	B73A15F4-AB90-4E11-B6D7-E0BE710B986C	816369	7	Saprotroph	Undefined Saprotroph	Possible	Yeast	NULL	NULL	Sterkenburg E, et al. 2015. New Phytologist 207:1145-1158 ((https://doi.org/10.1111/nph.13426))	Diutina_neorugosa
ASV1647	Fungi	Ascomycota	Dothideomycetes	Pleosporales	Phaeosphaeriaceae	Paraphoma	Paraphoma_radicina	Paraphoma_radicina	sSH0961090.09FU	0.9556699	Phaeosphaeriaceae	1CB1CD8E-36B9-11D5-9548-00D0592D548C	81637	9	Pathotroph-Saprotroph	Fungal Parasite-Plant Pathogen-Plant Saprotroph	Probable	Microfungus	NULL	Necrotrophic or saprobic on a wide range of plants, especially monocotyledons; a few species parasitic on other fungi (Cannon & Kirk 2007)	Cannon PF, Kirk PM. 2007. Fungal Families of the World. CAB International, Cambridge (ISBN: 978-0851998275)	Paraphoma_radicina
ASV1648	Fungi	Ascomycota	Sordariomycetes	NA	NA	NA	NA	Sordariomycetes	NA	0.9745358	NA	NA	NA	NA	NA	NA	NA	NA	NA	NA	NA	Sordariomycetes
ASV1649	Fungi	Basidiomycota	Agaricomycetes	Auriculariales	Exidiaceae	Basidiodendron	NA	Basidiodendron	NA	1.0000000	Basidiodendron	1CB1C4F5-36B9-11D5-9548-00D0592D548C	17148	13	Saprotroph	Undefined Saprotroph-|Wood Saprotroph|	Probable	Corticioid	NULL	Decay wood (Põlme et al. 2020)	Tedersoo L, et al. 2014. Science 346:e1256688 ((https://doi.org/10.1126/science.1256688)); Põlme S, et al. 2020. Fungal Diversity 105:1-16 ((https://doi.org/10.1007/s13225-020-00466-2))	Basidiodendron
ASV1650	Fungi	Basidiomycota	Agaricomycetes	Russulales	Peniophoraceae	Peniophora	NA	Peniophora	NA	0.9418098	Peniophoraceae	1CB1CD8B-36B9-11D5-9548-00D0592D548C	81123	9	Pathotroph-Saprotroph	Plant Pathogen-Wood Saprotroph	Probable	Corticioid	White Rot	Most species are saprobic, causing rots of standing and fallen wood. Many species are adapted to xeric conditions, being able to grow on rapidly drying dead attached branches (Cannon & Kirk 2007)	Cannon PF, Kirk PM. 2007. Fungal Families of the World. CAB International, Cambridge (ISBN: 978-0851998275)	Peniophora
ASV1651	Fungi	Basidiomycota	Agaricomycetes	Polyporales	Hyphodermataceae	Hyphoderma	Hyphoderma_variolosum	Hyphoderma_variolosum	sSH1176523.09FU	1.0000000	Hyphoderma	1CB18E22-36B9-11D5-9548-00D0592D548C	17823	13	 Saprotroph	Undefined Saprotroph-|Wood Saprotroph|	Probable	Corticioid	White Rot	As white_rot (Põlme et al. 2020); Decay wood (Põlme et al. 2020)	Tedersoo L, et al. 2014. Science 346:e1256688 ((https://doi.org/10.1126/science.1256688)); Põlme S, et al. 2020. Fungal Diversity 105:1-16 ((https://doi.org/10.1007/s13225-020-00466-2))	Hyphoderma_variolosum
ASV1652	Fungi	Basidiomycota	Tremellomycetes	Cystofilobasidiales	Mrakiaceae	Itersonilia	Itersonilia_perplexans	Itersonilia_perplexans	sSH1272061.09FU	0.9999656	Itersonilia perplexans	1CB18F75-36B9-11D5-9548-00D0592D548C	287352	20	Pathotroph-Saprotroph	Litter Saprotroph-Plant Pathogen	Probable	Dimorphic Yeast	NULL	A dimorphic basidiomycete that has yeast and hyphal phases (McGovern et al. 2006); Causes flower or seedling blight in the Asteraceae (McGovern et al. 2006); Found in Fagus leaf litter in central Germany (Purahong et al. 2016)	McGovern RJ, et al. 2006. Plant Health Progress doi10.1094/PHP-2006-1018-02-RS; Purahong W, et al. 2016. Molecular Ecology 25:4059-4074 ((https://doi.org/10.1111/mec.13739)); The American Phytopathological Society Common Names of Plant Diseases ((http://www.apsnet.org/publications/commonnames/Pages/default.aspx))	Itersonilia_perplexans
ASV1653	Fungi	Ascomycota	Dothideomycetes	Capnodiales	Cladosporiaceae	Cladosporium	NA	Cladosporium	NA	0.8097322	Cladosporiaceae	6EDCD6E4-DE4D-443D-AF6B-A572F626BD45	816548	9	Pathotroph-Saprotroph-Symbiotroph	Animal Pathogen-Endophyte-Lichen Parasite-Plant Pathogen-Wood Saprotroph	Possible	Microfungus	NULL	NULL	Seehann G, et al. 1975. List of Fungi in Soft-Rot Tissue Tests. Institute fur Holzbiologie und Holzschutz, Bundesforschungsanstalt fur Forst - und Holzwirtshaft, Hamburg - Lohbrugge, Germany; Lawrey JD, Diederich P. 2016. http://www.lichenicolous.net (accessed 24 May 2017) ((http://www.lichenicolous.net)); The American Phytopathological Society Common Names of Plant Diseases ((http://www.apsnet.org/publications/commonnames/Pages/default.aspx))	Cladosporium
ASV1654	Fungi	Basidiomycota	Agaricomycetes	Polyporales	Phanerochaetaceae	Phlebiopsis	Phlebiopsis_flavidoalba	Phlebiopsis_flavidoalba	sSH1216930.09FU	0.9933689	Phlebiopsis	1CB1C9FB-36B9-11D5-9548-00D0592D548C	25478	13	Saprotroph	Undefined Saprotroph-|Wood Saprotroph|	Probable	Corticioid	White Rot	As white_rot (Põlme et al. 2020); Decay wood (Põlme et al. 2020)	Tedersoo L, et al. 2014. Science 346:e1256688 ((https://doi.org/10.1126/science.1256688)); Põlme S, et al. 2020. Fungal Diversity 105:1-16 ((https://doi.org/10.1007/s13225-020-00466-2))	Phlebiopsis_flavidoalba
ASV1655	Fungi	Ascomycota	Eurotiomycetes	Eurotiales	Aspergillaceae	NA	NA	Aspergillaceae	sSH1225026.09FU	0.7546657	Eurotiales	1CB1CE25-36B9-11D5-9548-00D0592D548C	90472	7	Saprotroph	Undefined Saprotroph	Possible	Microfungus	NULL	NULL	Sterkenburg E, et al. 2015. New Phytologist 207:1145-1158 ((https://doi.org/10.1111/nph.13426))	Aspergillaceae
ASV1656	Fungi	Ascomycota	Dothideomycetes	NA	NA	NA	NA	Dothideomycetes	NA	0.7746860	NA	NA	NA	NA	NA	NA	NA	NA	NA	NA	NA	Dothideomycetes
ASV1657	Fungi	Basidiomycota	Agaricomycetes	Polyporales	Steccherinaceae	Steccherinum	Steccherinum_yunnanense	Steccherinum_yunnanense	sSH0914440.09FU	0.7750228	Steccherinaceae	1CB1CDD9-36B9-11D5-9548-00D0592D548C	81420	9	Saprotroph	Wood Saprotroph	Probable	Corticioid-Polyporoid	White Rot	Growing on dead wood causing white rot, sometimes replacing early colonizers (Cannon & Kirk 2007)	Cannon PF, Kirk PM. 2007. Fungal Families of the World. CAB International, Cambridge (ISBN: 978-0851998275)	Steccherinum_yunnanense
ASV1658	Fungi	Basidiomycota	Agaricomycetes	Polyporales	Steccherinaceae	Steccherinum	NA	Steccherinum	NA	1.0000000	Steccherinaceae	1CB1CDD9-36B9-11D5-9548-00D0592D548C	81420	9	Saprotroph	Wood Saprotroph	Probable	Corticioid-Polyporoid	White Rot	Growing on dead wood causing white rot, sometimes replacing early colonizers (Cannon & Kirk 2007)	Cannon PF, Kirk PM. 2007. Fungal Families of the World. CAB International, Cambridge (ISBN: 978-0851998275)	Steccherinum
ASV1659	Fungi	Basidiomycota	Agaricomycetes	Atheliales	NA	NA	NA	Atheliales	sSH0904294.09FU	0.9913911	NA	NA	NA	NA	NA	NA	NA	NA	NA	NA	NA	Atheliales
ASV1660	Fungi	Basidiomycota	Agaricomycetes	Polyporales	Steccherinaceae	Antrodiella	NA	Antrodiella	NA	0.9996156	Steccherinaceae	1CB1CDD9-36B9-11D5-9548-00D0592D548C	81420	9	Saprotroph	Wood Saprotroph	Probable	Corticioid-Polyporoid	White Rot	Growing on dead wood causing white rot, sometimes replacing early colonizers (Cannon & Kirk 2007)	Cannon PF, Kirk PM. 2007. Fungal Families of the World. CAB International, Cambridge (ISBN: 978-0851998275)	Antrodiella
ASV1661	Fungi	Ascomycota	Dothideomycetes	NA	NA	Radulidium	NA	Radulidium	sSH1170247.09FU	0.7611137	Radulidium	988F46F7-CD82-46AD-A417-6F4D2199FDBE	504566	13	Pathotroph-Saprotroph	Fungal Parasite-|Undefined Saprotroph|	Probable	Microfungus	NULL	As mycoparasite (Põlme et al. 2020)	Põlme S, et al. 2020. Fungal Diversity 105:1-16 ((https://doi.org/10.1007/s13225-020-00466-2))	Radulidium
ASV1662	Fungi	Basidiomycota	Agaricomycetes	Hymenochaetales	Schizoporaceae	Xylodon	Xylodon_subflaviporus	Xylodon_subflaviporus	sSH1236554.09FU	0.9660926	Schizoporaceae	1CB1CDC9-36B9-11D5-9548-00D0592D548C	80038	9	Saprotroph	Wood Saprotroph	Probable	Corticioid	White Rot	Saprobic, causing white rot of standing and fallen wood of coniferous and broadleaved trees, rarely on herbaceous stems (Cannon & Kirk 2007)	Cannon PF, Kirk PM. 2007. Fungal Families of the World. CAB International, Cambridge (ISBN: 978-0851998275)	Xylodon_subflaviporus
ASV1663	Fungi	Basidiomycota	Wallemiomycetes	Wallemiales	Wallemiaceae	Wallemia	Wallemia_tropicalis	Wallemia_tropicalis	sSH0958499.09FU	0.9538815	Wallemia	1AFF3730-16EA-11D6-BEBB-00508BCA8DE8	10428	13	Saprotroph	|Undefined Saprotroph|	Probable	Microfungus	NULL	Decay sugar-rich substrates (Põlme et al. 2020)	Tedersoo L, et al. 2014. Science 346:e1256688 ((https://doi.org/10.1126/science.1256688)); Põlme S, et al. 2020. Fungal Diversity 105:1-16 ((https://doi.org/10.1007/s13225-020-00466-2))	Wallemia_tropicalis
ASV1664	Fungi	Ascomycota	Dothideomycetes	Capnodiales	NA	NA	NA	Capnodiales	sSH0984121.09FU	0.9370530	NA	NA	NA	NA	NA	NA	NA	NA	NA	NA	NA	Capnodiales
ASV1665	Fungi	Basidiomycota	Agaricomycetes	Agaricales	Pleurotaceae	Pleurotus	Pleurotus_pulmonarius	Pleurotus_pulmonarius	sSH1290411.09FU	0.9714248	Pleurotaceae	1CB1CDA3-36B9-11D5-9548-00D0592D548C	81191	9	Pathotroph-Saprotroph	Endophyte-Plant Pathogen-Wood Saprotroph	Probable	Agaricoid	White Rot	Sapwood rot on Pistacia; Saprobic on woody substrata, more rarely associated with roots of herbaceous plants. Many species are known to derive nutrition from nematodes, the hyphae with adhesive knobs or toxigenic secretory appendages (Cannon & Kirk 2007)	Cannon PF, Kirk PM. 2007. Fungal Families of the World. CAB International, Cambridge (ISBN: 978-0851998275); Costa IPMW, et al. 2012. Mycotaxon 119:e26 ((http://mycotaxon.com/resources/checklists/costa_v119_checklist.pdf)); The American Phytopathological Society Common Names of Plant Diseases ((http://www.apsnet.org/publications/commonnames/Pages/default.aspx))	Pleurotus_pulmonarius
ASV1666	Fungi	Ascomycota	Eurotiomycetes	Eurotiales	Aspergillaceae	Aspergillus	NA	Aspergillus	NA	0.9939183	Eurotiales	1CB1CE25-36B9-11D5-9548-00D0592D548C	90472	7	Saprotroph	Undefined Saprotroph	Possible	Microfungus	NULL	NULL	Sterkenburg E, et al. 2015. New Phytologist 207:1145-1158 ((https://doi.org/10.1111/nph.13426))	Aspergillus
ASV1667	Fungi	Ascomycota	Leotiomycetes	Helotiales	NA	NA	NA	Helotiales	sSH0979070.09FU	0.8801640	NA	NA	NA	NA	NA	NA	NA	NA	NA	NA	NA	Helotiales
ASV1668	Fungi	Ascomycota	Dothideomycetes	Pleosporales	Pleosporaceae	NA	NA	Pleosporaceae	NA	1.0000000	Pleosporaceae	1CB1CDA2-36B9-11D5-9548-00D0592D548C	81188	9	Pathotroph-Saprotroph	Endophyte-Lichen Parasite-Plant Pathogen-Undefined Saprotroph	Probable	Microfungus	NULL	Necrotrophic pathogens and saprobes, especially associated with grasses. Many species are seed-borne (Cannon & Kirk 2007)	Cannon PF, Kirk PM. 2007. Fungal Families of the World. CAB International, Cambridge (ISBN: 978-0851998275); David AS, et al. 2016. Microbial Ecology 71:912-926 ((https://doi.org/10.1007/s00248-015-0712-6)); Lawrey JD, Diederich P. 2016. http://www.lichenicolous.net (accessed 24 May 2017) ((http://www.lichenicolous.net))	Pleosporaceae
ASV1669	Fungi	Basidiomycota	Agaricomycetes	Agaricales	NA	NA	NA	Agaricales	sSH1255551.09FU	0.9983816	Agaricales	715D162F-5F0E-40C8-A7DC-79D488D3F937	90508	7	Pathotroph-Saprotroph-Symbiotroph	Bryophyte Parasite-Dung Saprotroph-Ectomycorrhizal-Fungal Parasite-Leaf Saprotroph-Plant Parasite-Undefined Saprotroph-Wood Saprotroph	Possible	Agaricoid-Gasteroid-Microfungus-Secotioid-Yeast	NULL	Mushrooms and toadstools, Gill fungi, Agarics... lignicolous, sometimes muscicolous or fungicolous, saprobic, mycorrhizal, rarely parasitic on plants or fungi (Kirk et al. 2008)	Kirk PM et al. 2008. Dictionary of the Fungi. Tenth Edition. CAB International, Wallingford (ISBN: 978-0851998268)	Agaricales
ASV1670	Fungi	Ascomycota	Leotiomycetes	Helotiales	Dermateaceae	Scleropezicula	NA	Scleropezicula	sSH0979020.09FU	0.9164066	Dermateaceae	1CB186AD-36B9-11D5-9548-00D0592D548C	80686	9	Pathotroph-Saprotroph	Plant Pathogen-Plant Saprotroph	Probable	Microfungus	NULL	Saprobic or parasitic on herbaceous and woody material (Cannon & Kirk 2007)	Cannon PF, Kirk PM. 2007. Fungal Families of the World. CAB International, Cambridge (ISBN: 978-0851998275)	Scleropezicula
ASV1671	Fungi	Ascomycota	Sordariomycetes	Xylariales	Diatrypaceae	NA	NA	Diatrypaceae	sSH0928780.09FU	0.9997423	Diatrypaceae	1CB1CD09-36B9-11D5-9548-00D0592D548C	80692	9	Pathotroph-Saprotroph	Plant Pathogen-Plant Saprotroph	Probable	Microfungus	NULL	Saprobes and (usually) weak parasites in wood and bark (Cannon & Kirk 2007)	Cannon PF, Kirk PM. 2007. Fungal Families of the World. CAB International, Cambridge (ISBN: 978-0851998275)	Diatrypaceae
ASV1672	Fungi	Basidiomycota	Agaricomycetes	Polyporales	Hyphodermataceae	Hyphoderma	Hyphoderma_roseocremeum	Hyphoderma_roseocremeum	sSH1148328.09FU	0.9997682	Hyphoderma	1CB18E22-36B9-11D5-9548-00D0592D548C	17823	13	 Saprotroph	Undefined Saprotroph-|Wood Saprotroph|	Probable	Corticioid	White Rot	As white_rot (Põlme et al. 2020); Decay wood (Põlme et al. 2020)	Tedersoo L, et al. 2014. Science 346:e1256688 ((https://doi.org/10.1126/science.1256688)); Põlme S, et al. 2020. Fungal Diversity 105:1-16 ((https://doi.org/10.1007/s13225-020-00466-2))	Hyphoderma_roseocremeum
ASV1673	Fungi	Basidiomycota	Agaricomycetes	Auriculariales	Exidiaceae	Exidia	Exidia_glandulosa	Exidia_glandulosa	sSH1090624.09FU	0.9998122	Exidia	1CB18A1B-36B9-11D5-9548-00D0592D548C	17572	13	Saprotroph-Symbiotroph	Endophyte-Plant Saprotroph-Undefined Saprotroph-|Wood Saprotroph|	Probable	Tremelloid	NULL	As foliar_endophyte (Põlme et al. 2020); As litter_saprotroph (Põlme et al. 2020); Decay wood, leaf, fruit, seed (Põlme et al. 2020)	Tedersoo L, et al. 2014. Science 346:e1256688 ((https://doi.org/10.1126/science.1256688)); David AS, et al. 2016. Microbial Ecology 71:912-926 ((https://doi.org/10.1007/s00248-015-0712-6)); Põlme S, et al. 2020. Fungal Diversity 105:1-16 ((https://doi.org/10.1007/s13225-020-00466-2))	Exidia_glandulosa
ASV1674	Fungi	Ascomycota	Sordariomycetes	Xylariales	Diatrypaceae	NA	NA	Diatrypaceae	sSH0928780.09FU	0.9999823	Diatrypaceae	1CB1CD09-36B9-11D5-9548-00D0592D548C	80692	9	Pathotroph-Saprotroph	Plant Pathogen-Plant Saprotroph	Probable	Microfungus	NULL	Saprobes and (usually) weak parasites in wood and bark (Cannon & Kirk 2007)	Cannon PF, Kirk PM. 2007. Fungal Families of the World. CAB International, Cambridge (ISBN: 978-0851998275)	Diatrypaceae
ASV1675	Fungi	Ascomycota	Eurotiomycetes	Eurotiales	Aspergillaceae	Aspergillus	NA	Aspergillus	NA	0.9964395	Eurotiales	1CB1CE25-36B9-11D5-9548-00D0592D548C	90472	7	Saprotroph	Undefined Saprotroph	Possible	Microfungus	NULL	NULL	Sterkenburg E, et al. 2015. New Phytologist 207:1145-1158 ((https://doi.org/10.1111/nph.13426))	Aspergillus
ASV1676	Fungi	Ascomycota	Eurotiomycetes	Chaetothyriales	Trichomeriaceae	NA	NA	Trichomeriaceae	NA	0.9751767	Trichomeriaceae	B366E4F5-4360-49B3-BA47-86698B5D3511	800935	9	Symbiotroph	Epiphyte	Probable	Microfungus	NULL	Foliar epiphytes with the appearance of sooty moulds, mostly occurring on the surface of living leaves and apparently gaining their nutrients from insect exudates (Chomnunti et al. 2012)	Chomnunti P, et al. 2012. Fungal Diversity 56:63-76 ((https://doi.org/10.1007/s13225-012-0197-2))	Trichomeriaceae
ASV1677	Fungi	NA	NA	NA	NA	NA	NA	NA	NA	0.8710246	NA	NA	NA	NA	NA	NA	NA	NA	NA	NA	NA	NA
ASV1678	Fungi	Basidiomycota	Agaricomycetes	NA	NA	NA	NA	Agaricomycetes	NA	1.0000000	NA	NA	NA	NA	NA	NA	NA	NA	NA	NA	NA	Agaricomycetes
ASV1679	Fungi	Basidiomycota	Agaricomycetes	Agaricales	Tricholomataceae	Baeospora	Baeospora_myosura	Baeospora_myosura	sSH1044662.09FU	0.9956294	Tricholomataceae	008764C7-3F16-4577-B343-C50EF7B78211	81487	9	Pathotroph-Symbiotroph	Ectomycorrhizal-Fungal Parasite	Probable	Agaricoid	NULL	Tricholoma species are ectomycorrhizal, occurring in coniferous and broadleaved forests (Cannon & Kirk 2007); T. sclerotoideum is parasitic on Helvella spp.	Cannon PF, Kirk PM. 2007. Fungal Families of the World. CAB International, Cambridge (ISBN: 978-0851998275)	Baeospora_myosura
ASV1680	Fungi	Basidiomycota	Agaricomycetes	Hymenochaetales	Schizoporaceae	Xylodon	NA	Xylodon	NA	0.8113220	Schizoporaceae	1CB1CDC9-36B9-11D5-9548-00D0592D548C	80038	9	Saprotroph	Wood Saprotroph	Probable	Corticioid	White Rot	Saprobic, causing white rot of standing and fallen wood of coniferous and broadleaved trees, rarely on herbaceous stems (Cannon & Kirk 2007)	Cannon PF, Kirk PM. 2007. Fungal Families of the World. CAB International, Cambridge (ISBN: 978-0851998275)	Xylodon
ASV1681	Fungi	Basidiomycota	Agaricomycetes	Agaricales	Typhulaceae	Typhula	NA	Typhula	sSH0919064.09FU	0.9928717	Agaricales	715D162F-5F0E-40C8-A7DC-79D488D3F937	90508	7	Pathotroph-Saprotroph-Symbiotroph	Bryophyte Parasite-Dung Saprotroph-Ectomycorrhizal-Fungal Parasite-Leaf Saprotroph-Plant Parasite-Undefined Saprotroph-Wood Saprotroph	Possible	Agaricoid-Gasteroid-Microfungus-Secotioid-Yeast	NULL	Mushrooms and toadstools, Gill fungi, Agarics... lignicolous, sometimes muscicolous or fungicolous, saprobic, mycorrhizal, rarely parasitic on plants or fungi (Kirk et al. 2008)	Kirk PM et al. 2008. Dictionary of the Fungi. Tenth Edition. CAB International, Wallingford (ISBN: 978-0851998268)	Typhula
ASV1682	Fungi	Ascomycota	Dothideomycetes	Mycosphaerellales	Mycosphaerellaceae	Australosphaerella	Australosphaerella_nootherensis	Australosphaerella_nootherensis	sSH1194660.09FU	1.0000000	Mycosphaerellaceae	1CB1CD75-36B9-11D5-9548-00D0592D548C	81043	9	Pathotroph-Saprotroph	Plant Pathogen-Undefined Saprotroph	Probable	Microfungus	NULL	Biotrophic, necrotrophic or saprobic on various plant tissues (Cannon & Kirk 2007)	Cannon PF, Kirk PM. 2007. Fungal Families of the World. CAB International, Cambridge (ISBN: 978-0851998275)	Australosphaerella_nootherensis
ASV1683	Fungi	Ascomycota	Taphrinomycetes	Taphrinales	Taphrinaceae	Taphrina	Taphrina_tormentillae	Taphrina_tormentillae	sSH1286348.09FU	0.9999914	Taphrinaceae	1CB1CDE3-36B9-11D5-9548-00D0592D548C	81450	9	Pathotroph	Plant Pathogen	Probable	Microfungus	NULL	Biotrophic on plants, usually causing hyperplasia (galls, witches broom) or lesions (Cannon & Kirk 2007)	Cannon PF, Kirk PM. 2007. Fungal Families of the World. CAB International, Cambridge (ISBN: 978-0851998275)	Taphrina_tormentillae
ASV1684	Fungi	Ascomycota	Dothideomycetes	NA	NA	NA	NA	Dothideomycetes	NA	0.9701875	NA	NA	NA	NA	NA	NA	NA	NA	NA	NA	NA	Dothideomycetes
ASV1685	Fungi	Basidiomycota	Agaricomycetes	Polyporales	Polyporaceae	Trametes	NA	Trametes	NA	0.9583203	Polyporaceae	1CB19B17-36B9-11D5-9548-00D0592D548C	81203	9	Saprotroph	Wood Saprotroph	Probable	Polyporoid	Brown Rot-White Rot	Lignicolous, causing brown or white rot, mostly of broadleaved trees (Cannon & Kirk 2007)	Cannon PF, Kirk PM. 2007. Fungal Families of the World. CAB International, Cambridge (ISBN: 978-0851998275)	Trametes
ASV1686	Fungi	Basidiomycota	Agaricomycetes	Hymenochaetales	Schizoporaceae	Oxyporus	Oxyporus_piceicola	Oxyporus_piceicola	sSH1279567.09FU	1.0000000	Schizoporaceae	1CB1CDC9-36B9-11D5-9548-00D0592D548C	80038	9	Saprotroph	Wood Saprotroph	Probable	Corticioid	White Rot	Saprobic, causing white rot of standing and fallen wood of coniferous and broadleaved trees, rarely on herbaceous stems (Cannon & Kirk 2007)	Cannon PF, Kirk PM. 2007. Fungal Families of the World. CAB International, Cambridge (ISBN: 978-0851998275)	Oxyporus_piceicola
ASV1687	Fungi	Ascomycota	NA	NA	NA	NA	NA	Ascomycota	NA	0.8489812	NA	NA	NA	NA	NA	NA	NA	NA	NA	NA	NA	Ascomycota
ASV1688	Fungi	Basidiomycota	Agaricomycetes	Agaricales	Mycenaceae	Mycena	NA	Mycena	sSH1126026.09FU	0.7149117	Mycenaceae	8AE7A7D8-5A42-428C-A1CF-0125BA948485	505549	9	Saprotroph	Leaf Saprotroph-Wood Saprotroph	Probable	Agaricoid	NULL	Saprobes, most species as early colonizers of dead wood and leaves. A few species of Favolaschia and Mycena have been described as mycorrhizal with terrestrial orchids, but the associations need confirmation (Cannon & Kirk 2007)	Cannon PF, Kirk PM. 2007. Fungal Families of the World. CAB International, Cambridge (ISBN: 978-0851998275)	Mycena
ASV1689	Fungi	Ascomycota	Eurotiomycetes	Onygenales	NA	NA	NA	Onygenales	NA	1.0000000	NA	NA	NA	NA	NA	NA	NA	NA	NA	NA	NA	Onygenales
ASV1690	Fungi	Basidiomycota	Agaricomycetes	Hymenochaetales	Schizoporaceae	Xylodon	Xylodon_flaviporus	Xylodon_flaviporus	sSH1236566.09FU	0.9912315	Schizoporaceae	1CB1CDC9-36B9-11D5-9548-00D0592D548C	80038	9	Saprotroph	Wood Saprotroph	Probable	Corticioid	White Rot	Saprobic, causing white rot of standing and fallen wood of coniferous and broadleaved trees, rarely on herbaceous stems (Cannon & Kirk 2007)	Cannon PF, Kirk PM. 2007. Fungal Families of the World. CAB International, Cambridge (ISBN: 978-0851998275)	Xylodon_flaviporus
ASV1691	Fungi	Basidiomycota	Agaricomycetes	Polyporales	Steccherinaceae	Steccherinum	Steccherinum_bourdotii	Steccherinum_bourdotii	sSH1053236.09FU	0.9999913	Steccherinaceae	1CB1CDD9-36B9-11D5-9548-00D0592D548C	81420	9	Saprotroph	Wood Saprotroph	Probable	Corticioid-Polyporoid	White Rot	Growing on dead wood causing white rot, sometimes replacing early colonizers (Cannon & Kirk 2007)	Cannon PF, Kirk PM. 2007. Fungal Families of the World. CAB International, Cambridge (ISBN: 978-0851998275)	Steccherinum_bourdotii
ASV1692	Fungi	Ascomycota	Sordariomycetes	Diaporthales	Gnomoniaceae	Ambarignomonia	Ambarignomonia_petiolorum	Ambarignomonia_petiolorum	sSH1271730.09FU	0.9842758	Gnomoniaceae	F36F48E8-C228-4922-8DB6-AE905CA55412	80810	9	Pathotroph-Saprotroph-Symbiotroph	Endophyte-Plant Pathogen-Undefined Saprotroph	Probable	Microfungus	NULL	Most species are saprobes or endophytes in leaves and bark, but a few are neurotrophic pathogens (Cannon & Kirk 2007)	Cannon PF, Kirk PM. 2007. Fungal Families of the World. CAB International, Cambridge (ISBN: 978-0851998275)	Ambarignomonia_petiolorum
ASV1693	Fungi	Ascomycota	Eurotiomycetes	Eurotiales	Aspergillaceae	Paecilomyces	Paecilomyces_subglobosus	Paecilomyces_subglobosus	sSH1771728.09FU	0.9877653	Eurotiales	1CB1CE25-36B9-11D5-9548-00D0592D548C	90472	7	Saprotroph	Undefined Saprotroph	Possible	Microfungus	NULL	NULL	Sterkenburg E, et al. 2015. New Phytologist 207:1145-1158 ((https://doi.org/10.1111/nph.13426))	Paecilomyces_subglobosus
ASV1694	Fungi	Basidiomycota	Agaricomycetes	Polyporales	Incrustoporiaceae	Skeletocutis	Skeletocutis_odora	Skeletocutis_odora	sSH1257596.09FU	0.9999987	Skeletocutis	1CB1A2C9-36B9-11D5-9548-00D0592D548C	18554	13	Saprotroph	|Wood Saprotroph|	Highly Probable	Polyporoid	White Rot	As white_rot (Põlme et al. 2020); Decay wood (Põlme et al. 2020)	Gilbertson RL, Ryvarden L. 1987-1987. North American Polypores. Fungiflora, Oslo (ISBN: 978-0945345060); Põlme S, et al. 2020. Fungal Diversity 105:1-16 ((https://doi.org/10.1007/s13225-020-00466-2))	Skeletocutis_odora
ASV1695	Fungi	Basidiomycota	Tremellomycetes	Tremellales	NA	NA	NA	Tremellales	NA	0.7297540	Tremellales	1CB1CE64-36B9-11D5-9548-00D0592D548C	90451	7	Pathotroph-Saprotroph-Symbiotroph	Fungal Parasite-Undefined Saprotroph	Possible	Tremelloid-Yeast	NULL	The order contains both teleomorphic and anamorphic species, most of the latter being yeasts	Sterkenburg E, et al. 2015. New Phytologist 207:1145-1158 ((https://doi.org/10.1111/nph.13426))	Tremellales
ASV1696	Fungi	Basidiomycota	Agaricomycetes	Agaricales	Tricholomataceae	Baeospora	Baeospora_myosura	Baeospora_myosura	sSH1044662.09FU	0.9909649	Tricholomataceae	008764C7-3F16-4577-B343-C50EF7B78211	81487	9	Pathotroph-Symbiotroph	Ectomycorrhizal-Fungal Parasite	Probable	Agaricoid	NULL	Tricholoma species are ectomycorrhizal, occurring in coniferous and broadleaved forests (Cannon & Kirk 2007); T. sclerotoideum is parasitic on Helvella spp.	Cannon PF, Kirk PM. 2007. Fungal Families of the World. CAB International, Cambridge (ISBN: 978-0851998275)	Baeospora_myosura
ASV1697	Fungi	Basidiomycota	Agaricomycetes	Agaricales	Tricholomataceae	Clitocybe	NA	Clitocybe	NA	0.7451652	Tricholomataceae	008764C7-3F16-4577-B343-C50EF7B78211	81487	9	Pathotroph-Symbiotroph	Ectomycorrhizal-Fungal Parasite	Probable	Agaricoid	NULL	Tricholoma species are ectomycorrhizal, occurring in coniferous and broadleaved forests (Cannon & Kirk 2007); T. sclerotoideum is parasitic on Helvella spp.	Cannon PF, Kirk PM. 2007. Fungal Families of the World. CAB International, Cambridge (ISBN: 978-0851998275)	Clitocybe
ASV1698	Fungi	Basidiomycota	Agaricomycetes	Agaricales	Typhulaceae	Typhula	NA	Typhula	NA	0.9976802	Agaricales	715D162F-5F0E-40C8-A7DC-79D488D3F937	90508	7	Pathotroph-Saprotroph-Symbiotroph	Bryophyte Parasite-Dung Saprotroph-Ectomycorrhizal-Fungal Parasite-Leaf Saprotroph-Plant Parasite-Undefined Saprotroph-Wood Saprotroph	Possible	Agaricoid-Gasteroid-Microfungus-Secotioid-Yeast	NULL	Mushrooms and toadstools, Gill fungi, Agarics... lignicolous, sometimes muscicolous or fungicolous, saprobic, mycorrhizal, rarely parasitic on plants or fungi (Kirk et al. 2008)	Kirk PM et al. 2008. Dictionary of the Fungi. Tenth Edition. CAB International, Wallingford (ISBN: 978-0851998268)	Typhula
ASV1699	Fungi	Basidiomycota	Agaricomycetes	Polyporales	Polyporaceae	Trametes	Trametes_pubescens	Trametes_pubescens	sSH1122502.09FU	0.7855274	Polyporaceae	1CB19B17-36B9-11D5-9548-00D0592D548C	81203	9	Saprotroph	Wood Saprotroph	Probable	Polyporoid	Brown Rot-White Rot	Lignicolous, causing brown or white rot, mostly of broadleaved trees (Cannon & Kirk 2007)	Cannon PF, Kirk PM. 2007. Fungal Families of the World. CAB International, Cambridge (ISBN: 978-0851998275)	Trametes_pubescens
ASV1700	Fungi	NA	NA	NA	NA	NA	NA	NA	sSH0960589.09FU	0.9961271	NA	NA	NA	NA	NA	NA	NA	NA	NA	NA	NA	NA
ASV1701	Fungi	Ascomycota	Sordariomycetes	Hypocreales	Bionectriaceae	Paracylindrocarpon	Paracylindrocarpon_nabanheensis	Paracylindrocarpon_nabanheensis	sSH0885372.09FU	0.9653016	Bionectriaceae	1CB1CCCB-36B9-11D5-9548-00D0592D548C	82088	9	Pathotroph-Saprotroph	Algal Parasite-Bryophyte Parasite-Fungal Parasite-Undefined Saprotroph	Probable	Microfungus	NULL	Associated with plant material, especially on wood and herbaceous debris, or with algae, bryophyte or other fungi, rarely pathogenic (Cannon & Kirk 2007)	Cannon PF, Kirk PM. 2007. Fungal Families of the World. CAB International, Cambridge (ISBN: 978-0851998275)	Paracylindrocarpon_nabanheensis
ASV1702	Fungi	Chytridiomycota	Rhizophlyctidomycetes	Rhizophlyctidales	Rhizophlyctidaceae	Rhizophlyctis	NA	Rhizophlyctis	sSH1204117.09FU	0.8996589	Rhizophlyctis	1CB1CAF8-36B9-11D5-9548-00D0592D548C	20483	13	Pathotroph-Saprotroph	Algal Parasite-|Plant Saprotroph|-Undefined Saprotroph	Probable	Chytrid-Microfungus	NULL	As litter_saprotroph (Põlme et al. 2020); Decay leaf, fruit, seed, algal material (Põlme et al. 2020)	James TY, et al. 2006. Nature 443:818-822 ((https://doi.org/10.1038/nature05110)); Põlme S, et al. 2020. Fungal Diversity 105:1-16 ((https://doi.org/10.1007/s13225-020-00466-2))	Rhizophlyctis
ASV1703	Fungi	Basidiomycota	Agaricomycetes	Russulales	Stereaceae	Stereum	NA	Stereum	NA	0.7587572	Stereaceae	1CB1CDDC-36B9-11D5-9548-00D0592D548C	81424	9	Saprotroph	Undefined Saprotroph-Wood Saprotroph	Probable	Corticioid-Polyporoid	NULL	Lignicolous or terrestrial (in leaf litter); typically saprobic (Cannon & Kirk 2007)	Cannon PF, Kirk PM. 2007. Fungal Families of the World. CAB International, Cambridge (ISBN: 978-0851998275)	Stereum
ASV1704	Fungi	Ascomycota	NA	NA	NA	NA	NA	Ascomycota	NA	0.9399203	NA	NA	NA	NA	NA	NA	NA	NA	NA	NA	NA	Ascomycota
ASV1705	Fungi	Basidiomycota	Agaricomycetes	Atheliales	NA	NA	NA	Atheliales	sSH0904294.09FU	0.9996801	NA	NA	NA	NA	NA	NA	NA	NA	NA	NA	NA	Atheliales
ASV1706	Fungi	Basidiomycota	Agaricomycetes	Cantharellales	Hydnaceae	Sistotrema	NA	Sistotrema	sSH0906250.09FU	0.9999998	Sistotrema	1CB1CB70-36B9-11D5-9548-00D0592D548C	18551	13	Saprotroph-Symbiotroph	Ectomycorrhizal-|Plant Saprotroph|-Wood Saprotroph	Possible	Corticioid	White Rot	As litter_saprotroph (Põlme et al. 2020); Decay leaf, fruit, seed (Põlme et al. 2020)	Gilbertson RL, Ryvarden L. 1987-1987. North American Polypores. Fungiflora, Oslo (ISBN: 978-0945345060); Rinaldi AC, et al. 2008. Fungal Diversity 33:1-45 ((http://www.fungaldiversity.org/fdp/sfdp/33-1.pdf)) (as ECM/not ECM); Tedersoo L, et al. 2010. Mycorrhiza 20:217-263 ((https://doi.org/10.1007/s00572-009-0274-x)) (pro parte); Põlme S, et al. 2020. Fungal Diversity 105:1-16 ((https://doi.org/10.1007/s13225-020-00466-2)); http://mycorrhizas.info/ecmf.html ((http://mycorrhizas.info/ecmf.html)) (as ECM/not ECM).	Sistotrema
ASV1707	Fungi	Basidiomycota	Agaricomycetes	Russulales	Wrightoporiaceae	Wrightoporia	Wrightoporia_austrosinensis	Wrightoporia_austrosinensis	sSH1323069.09FU	1.0000000	Wrightoporia	1CB1CC82-36B9-11D5-9548-00D0592D548C	18750	13	Saprotroph	|Wood Saprotroph|	Highly Probable	Corticioid	White Rot	As white_rot (Põlme et al. 2020); Decay wood (Põlme et al. 2020)	Gilbertson RL, Ryvarden L. 1987-1987. North American Polypores. Fungiflora, Oslo (ISBN: 978-0945345060); Põlme S, et al. 2020. Fungal Diversity 105:1-16 ((https://doi.org/10.1007/s13225-020-00466-2))	Wrightoporia_austrosinensis
ASV1708	Fungi	Ascomycota	Dothideomycetes	Capnodiales	Cladosporiaceae	Toxicocladosporium	NA	Toxicocladosporium	NA	0.9999486	Cladosporiaceae	6EDCD6E4-DE4D-443D-AF6B-A572F626BD45	816548	9	Pathotroph-Saprotroph-Symbiotroph	Animal Pathogen-Endophyte-Lichen Parasite-Plant Pathogen-Wood Saprotroph	Possible	Microfungus	NULL	NULL	Seehann G, et al. 1975. List of Fungi in Soft-Rot Tissue Tests. Institute fur Holzbiologie und Holzschutz, Bundesforschungsanstalt fur Forst - und Holzwirtshaft, Hamburg - Lohbrugge, Germany; Lawrey JD, Diederich P. 2016. http://www.lichenicolous.net (accessed 24 May 2017) ((http://www.lichenicolous.net)); The American Phytopathological Society Common Names of Plant Diseases ((http://www.apsnet.org/publications/commonnames/Pages/default.aspx))	Toxicocladosporium
ASV1709	Fungi	NA	NA	NA	NA	NA	NA	NA	NA	0.9993629	NA	NA	NA	NA	NA	NA	NA	NA	NA	NA	NA	NA
ASV1710	Fungi	Basidiomycota	Agaricomycetes	Polyporales	Fomitopsidaceae	Melanoporia	Melanoporia_nigra	Melanoporia_nigra	sSH1172205.09FU	0.9999999	Fomitopsidaceae	1CB1CD22-36B9-11D5-9548-00D0592D548C	81772	9	Pathotroph-Saprotroph	Plant Pathogen-Wood Saprotroph	Probable	Polyporoid	Brown Rot	Most species are parasitic on woody plants, causing brown rots (Cannon & Kirk 2007)	Cannon PF, Kirk PM. 2007. Fungal Families of the World. CAB International, Cambridge (ISBN: 978-0851998275)	Melanoporia_nigra
ASV1711	Fungi	Basidiomycota	Agaricomycetes	Agaricales	Psathyrellaceae	Psathyrella	NA	Psathyrella	NA	0.9999994	Psathyrellaceae	F36155B5-ADC2-4C2C-83F3-2D3778EA9B7F	82127	9	Saprotroph	Dung Saprotroph-Plant Saprotroph-Wood Saprotroph	Probable	Agaricoid	NULL	Saprobic, in grass, on dung, rotten wood and similar substrata (Cannon & Kirk 2007)	Cannon PF, Kirk PM. 2007. Fungal Families of the World. CAB International, Cambridge (ISBN: 978-0851998275)	Psathyrella
ASV1712	Fungi	Ascomycota	Dothideomycetes	Dothideales	Saccotheciaceae	Aureobasidium	Aureobasidium_pullulans	Aureobasidium_pullulans	sSH1240491.09FU	0.9834602	Aureobasidium pullulans	FE27878E-8260-43C1-A33B-204ACC27101A	101771	20	Pathotroph-Symbiotroph	Animal Pathogen-Endophyte-Epiphyte-Plant Pathogen	Possible	NULL	NULL	Pathogen Host - Asteraceae; Epiphyte detection method-culture (Wachowska & Glowacka 2014)	Costa IPMW, et al. 2012. Mycotaxon 119:e26 ((http://mycotaxon.com/resources/checklists/costa_v119_checklist.pdf)); Wachowska U, Głowacka K. 2014. BioControl 59:635-645 ((https://doi.org/10.1007/s10526-014-9596-5)); Irinyia L, et al. 2016. Fungal Biology 120:125-136 ((https://doi.org/10.1016/j.funbio.2015.04.007)); The American Phytopathological Society Common Names of Plant Diseases ((http://www.apsnet.org/publications/commonnames/Pages/default.aspx))	Aureobasidium_pullulans
ASV1713	Fungi	Ascomycota	Dothideomycetes	Mycosphaerellales	Mycosphaerellaceae	Ramularia	NA	Ramularia	NA	0.8471893	Mycosphaerellaceae	1CB1CD75-36B9-11D5-9548-00D0592D548C	81043	9	Pathotroph-Saprotroph	Plant Pathogen-Undefined Saprotroph	Probable	Microfungus	NULL	Biotrophic, necrotrophic or saprobic on various plant tissues (Cannon & Kirk 2007)	Cannon PF, Kirk PM. 2007. Fungal Families of the World. CAB International, Cambridge (ISBN: 978-0851998275)	Ramularia
ASV1714	Fungi	Basidiomycota	Agaricomycetes	Agaricales	Entolomataceae	Entoloma	Entoloma_abortivum	Entoloma_abortivum	sSH1260632.09FU	0.9999990	Entolomataceae	1CB1895F-36B9-11D5-9548-00D0592D548C	81675	9	Pathotroph-Saprotroph-Symbiotroph	Ectomycorrhizal-Fungal Parasite-Soil Saprotroph-Undefined Saprotroph	Possible	Agaricoid	NULL	Saprobic or ectomycorrhizal, in both broadleaved and coniferous forests; a few species associated with other substrata such as dung and mosses (Cannon & Kirk 2007)	Cannon PF, Kirk PM. 2007. Fungal Families of the World. CAB International, Cambridge (ISBN: 978-0851998275); List compiled by John Plischke III ((https://goodmushroom.weebly.com/uploads/5/7/1/7/57176535/fungi_on_fungi_pdf_lq.pdf))	Entoloma_abortivum
ASV1715	Fungi	Basidiomycota	Agaricomycetes	NA	NA	NA	NA	Agaricomycetes	NA	1.0000000	NA	NA	NA	NA	NA	NA	NA	NA	NA	NA	NA	Agaricomycetes
ASV1716	Fungi	Ascomycota	Leotiomycetes	Helotiales	NA	NA	NA	Helotiales	NA	0.8937855	NA	NA	NA	NA	NA	NA	NA	NA	NA	NA	NA	Helotiales
ASV1717	Fungi	Ascomycota	Dothideomycetes	Capnodiales	Neodevriesiaceae	NA	NA	Neodevriesiaceae	NA	0.9868487	Neodevriesiaceae	F8168581-D82E-4A75-9190-C7925084B4CA	807766	9	Pathotroph-Saprotroph	Plant Pathogen-Undefined Saprotroph	Probable	NULL	NULL	Members are foliicolous, saprobic or plant pathogenic (Quaedvlieg et al. 2014)	Quaedvlieg W., et al. 2014. Persoonia 3:31-40 ((http://doi.org/10.3767/003158514X681981))	Neodevriesiaceae
ASV1718	Fungi	Ascomycota	Sordariomycetes	Hypocreales	Nectriaceae	NA	NA	Nectriaceae	NA	0.9898587	Nectriaceae	1CB1CD7A-36B9-11D5-9548-00D0592D548C	81059	9	Pathotroph-Saprotroph-Symbiotroph	Animal Pathogen-Endophyte-Fungal Parasite-Lichen Parasite-Plant Pathogen-Wood Saprotroph	Possible	Microfungus	NULL	Fusarium species are amongst the economically significant plant pathogens (Cannon & Kirk 2007)	Cannon PF, Kirk PM. 2007. Fungal Families of the World. CAB International, Cambridge (ISBN: 978-0851998275); Hirooka Y, et al. 2012. Studies in Mycology 711-210 ((https://doi.org/10.3114/sim0001)); Tedersoo L, et al. 2014. Science 346:e1256688 ((https://doi.org/10.1126/science.1256688)); The American Phytopathological Society Common Names of Plant Diseases ((http://www.apsnet.org/publications/commonnames/Pages/default.aspx)); https://www.cdc.gov ((https://www.cdc.gov))	Nectriaceae
ASV1719	Fungi	Ascomycota	Dothideomycetes	Pleosporales	NA	NA	NA	Pleosporales	NA	0.9998350	NA	NA	NA	NA	NA	NA	NA	NA	NA	NA	NA	Pleosporales
ASV1720	Fungi	Basidiomycota	Agaricomycetes	Agaricales	Psathyrellaceae	Psathyrella	Psathyrella_oboensis	Psathyrella_oboensis	sSH1207586.09FU	0.8548044	Psathyrellaceae	F36155B5-ADC2-4C2C-83F3-2D3778EA9B7F	82127	9	Saprotroph	Dung Saprotroph-Plant Saprotroph-Wood Saprotroph	Probable	Agaricoid	NULL	Saprobic, in grass, on dung, rotten wood and similar substrata (Cannon & Kirk 2007)	Cannon PF, Kirk PM. 2007. Fungal Families of the World. CAB International, Cambridge (ISBN: 978-0851998275)	Psathyrella_oboensis
ASV1721	Fungi	Basidiomycota	Agaricomycetes	Hymenochaetales	Rickenellaceae	Peniophorella	Peniophorella_praetermissa	Peniophorella_praetermissa	sSH1124825.09FU	0.9888079	Peniophorella	0CB5C5A6-62A5-4579-B5A2-76797F4EBA35	18202	13	Saprotroph	Undefined Saprotroph-|Wood Saprotroph|	Probable	Corticioid	White Rot	As white_rot (Põlme et al. 2020); Decay wood (Põlme et al. 2020)	Tedersoo L, et al. 2014. Science 346:e1256688 ((https://doi.org/10.1126/science.1256688)); Põlme S, et al. 2020. Fungal Diversity 105:1-16 ((https://doi.org/10.1007/s13225-020-00466-2))	Peniophorella_praetermissa
ASV1722	Fungi	Basidiomycota	Tremellomycetes	Tremellales	Cryptococcaceae	Cryptococcus	Cryptococcus_uniguttulatus	Cryptococcus_uniguttulatus	sSH0907571.09FU	0.9937483	Tremellales	1CB1CE64-36B9-11D5-9548-00D0592D548C	90451	7	Pathotroph-Saprotroph-Symbiotroph	Fungal Parasite-Undefined Saprotroph	Possible	Tremelloid-Yeast	NULL	The order contains both teleomorphic and anamorphic species, most of the latter being yeasts	Sterkenburg E, et al. 2015. New Phytologist 207:1145-1158 ((https://doi.org/10.1111/nph.13426))	Cryptococcus_uniguttulatus
ASV1723	Fungi	Ascomycota	Dothideomycetes	Mycosphaerellales	Teratosphaeriaceae	NA	NA	Teratosphaeriaceae	NA	0.7445111	Teratosphaeriaceae	87A3FDCC-E75C-4F2E-B987-C7579847CE32	504465	9	Pathotroph-Saprotroph	Animal Pathogen-Plant Pathogen-Undefined Saprotroph	Probable	NULL	NULL	Includes numerous saprobic, extremophilic, human opportunistic, and plant pathogenic fungi (Quaedvlieg et al. 2014)	Quaedvlieg W, et al. 2014. Persoonia 3:31-40 ((https://doi.org/10.3767/003158514X681981))	Teratosphaeriaceae
ASV1724	Fungi	Ascomycota	NA	NA	NA	NA	NA	Ascomycota	NA	0.8440524	NA	NA	NA	NA	NA	NA	NA	NA	NA	NA	NA	Ascomycota
ASV1725	Fungi	Ascomycota	Sordariomycetes	Xylariales	Xylariaceae	Nemania	Nemania_illita	Nemania_illita	sSH1101512.09FU	0.9946219	Xylariaceae	1CB1ABFB-36B9-11D5-9548-00D0592D548C	81528	9	Pathotroph-Saprotroph-Symbiotroph	Dung Saprotroph-Endophyte-Plant Pathogen-Undefined Saprotroph	Probable	Xylarioid	NULL	Saprobes or weak pathogens, many endophytes, mainly in wood and bark, occasionally in soil and dung (Cannon & Kirk 2007)	Cannon PF, Kirk PM. 2007. Fungal Families of the World. CAB International, Cambridge (ISBN: 978-0851998275)	Nemania_illita
ASV1726	Fungi	Ascomycota	Dothideomycetes	Mycosphaerellales	Mycosphaerellaceae	Pseudocercospora	NA	Pseudocercospora	NA	0.9998752	Mycosphaerellaceae	1CB1CD75-36B9-11D5-9548-00D0592D548C	81043	9	Pathotroph-Saprotroph	Plant Pathogen-Undefined Saprotroph	Probable	Microfungus	NULL	Biotrophic, necrotrophic or saprobic on various plant tissues (Cannon & Kirk 2007)	Cannon PF, Kirk PM. 2007. Fungal Families of the World. CAB International, Cambridge (ISBN: 978-0851998275)	Pseudocercospora
ASV1727	Fungi	Basidiomycota	Agaricomycetes	Agaricales	Lyophyllaceae	Ossicaulis	Ossicaulis_lignatilis	Ossicaulis_lignatilis	sSH1310754.09FU	0.9243363	Lyophyllaceae	D430CD68-3D0F-4B65-A514-B079A244738F	80005	9	Pathotroph-Saprotroph-Symbiotroph	Ectomycorrhizal-Fungal Pathogen-Undefined Saprotroph	Possible	Agaricoid	NULL	NULL	Kirk PM et al. 2008. Dictionary of the Fungi. Tenth Edition. CAB International, Wallingford (ISBN: 978-0851998268)	Ossicaulis_lignatilis
ASV1728	Fungi	Basidiomycota	Agaricomycetes	Polyporales	Meruliaceae	Phlebia	Phlebia_tremellosa	Phlebia_tremellosa	sSH0880595.09FU	0.9999134	Meruliaceae	9E12B0B5-1D82-4978-AF3D-6EC22C257619	89005	9	Pathotroph-Saprotroph	Plant Pathogen-Undefined Saprotroph	Probable	Corticioid-Polyporoid	NULL	Saprobic or parasitic on woody plants, causing a white rot (Cannon & Kirk 2007)	Cannon PF, Kirk PM. 2007. Fungal Families of the World. CAB International, Cambridge (ISBN: 978-0851998275)	Phlebia_tremellosa
ASV1729	Fungi	Ascomycota	Eurotiomycetes	Onygenales	Onygenaceae	Chrysosporium	Chrysosporium_pallidum	Chrysosporium_pallidum	sSH1354764.09FU	0.9999992	Onygenaceae	2FB39228-09C5-4D88-AE38-55FD95273E8C	90950	9	Saprotroph	Dung Saprotroph-Soil Saprotroph	Probable	Microfungus	NULL	Generally saprobic and keratinophilic, in soil or coprophilous, occasionally found on hair or horn (Cannon & Kirk 2007)	Cannon PF, Kirk PM. 2007. Fungal Families of the World. CAB International, Cambridge (ISBN: 978-0851998275)	Chrysosporium_pallidum
ASV1730	Fungi	Ascomycota	Sordariomycetes	Xylariales	Sporocadaceae	Hymenopleella	Hymenopleella_subcylindrica	Hymenopleella_subcylindrica	sSH1264213.09FU	0.8563287	Hymenopleella	1A45B9EA-7C11-4AE5-BDF5-3B5514116E51	2416	13	Saprotroph-Symbiotroph	Endophyte-|Wood Saprotroph|	Probable	Microfungus	NULL	As foliar_endophyte (Põlme et al. 2020); Decay wood, leaf, fruit, seed (Põlme et al. 2020)	Põlme S, et al. 2020. Fungal Diversity 105:1-16 ((https://doi.org/10.1007/s13225-020-00466-2))	Hymenopleella_subcylindrica
ASV1731	Fungi	Basidiomycota	Cystobasidiomycetes	NA	Microsporomycetaceae	NA	NA	Microsporomycetaceae	sSH0930629.09FU	1.0000000	NA	NA	NA	NA	NA	NA	NA	NA	NA	NA	NA	Microsporomycetaceae
ASV1732	Fungi	Basidiomycota	Agaricomycetes	Polyporales	Meruliaceae	Phlebia	Phlebia_tremellosa	Phlebia_tremellosa	sSH0880595.09FU	1.0000000	Meruliaceae	9E12B0B5-1D82-4978-AF3D-6EC22C257619	89005	9	Pathotroph-Saprotroph	Plant Pathogen-Undefined Saprotroph	Probable	Corticioid-Polyporoid	NULL	Saprobic or parasitic on woody plants, causing a white rot (Cannon & Kirk 2007)	Cannon PF, Kirk PM. 2007. Fungal Families of the World. CAB International, Cambridge (ISBN: 978-0851998275)	Phlebia_tremellosa
ASV1733	Fungi	Basidiomycota	Agaricomycetes	Polyporales	Polyporaceae	Trametes	Trametes_pubescens	Trametes_pubescens	sSH1122502.09FU	0.7955831	Polyporaceae	1CB19B17-36B9-11D5-9548-00D0592D548C	81203	9	Saprotroph	Wood Saprotroph	Probable	Polyporoid	Brown Rot-White Rot	Lignicolous, causing brown or white rot, mostly of broadleaved trees (Cannon & Kirk 2007)	Cannon PF, Kirk PM. 2007. Fungal Families of the World. CAB International, Cambridge (ISBN: 978-0851998275)	Trametes_pubescens
ASV1734	Fungi	Basidiomycota	Agaricomycetes	Agaricales	NA	NA	NA	Agaricales	sSH0948368.09FU	0.9998012	Agaricales	715D162F-5F0E-40C8-A7DC-79D488D3F937	90508	7	Pathotroph-Saprotroph-Symbiotroph	Bryophyte Parasite-Dung Saprotroph-Ectomycorrhizal-Fungal Parasite-Leaf Saprotroph-Plant Parasite-Undefined Saprotroph-Wood Saprotroph	Possible	Agaricoid-Gasteroid-Microfungus-Secotioid-Yeast	NULL	Mushrooms and toadstools, Gill fungi, Agarics... lignicolous, sometimes muscicolous or fungicolous, saprobic, mycorrhizal, rarely parasitic on plants or fungi (Kirk et al. 2008)	Kirk PM et al. 2008. Dictionary of the Fungi. Tenth Edition. CAB International, Wallingford (ISBN: 978-0851998268)	Agaricales
ASV1735	Fungi	Basidiomycota	Agaricomycetes	Agaricales	Mycenaceae	Mycena	Mycena_clavicularis	Mycena_clavicularis	sSH1126222.09FU	0.9484793	Mycenaceae	8AE7A7D8-5A42-428C-A1CF-0125BA948485	505549	9	Saprotroph	Leaf Saprotroph-Wood Saprotroph	Probable	Agaricoid	NULL	Saprobes, most species as early colonizers of dead wood and leaves. A few species of Favolaschia and Mycena have been described as mycorrhizal with terrestrial orchids, but the associations need confirmation (Cannon & Kirk 2007)	Cannon PF, Kirk PM. 2007. Fungal Families of the World. CAB International, Cambridge (ISBN: 978-0851998275)	Mycena_clavicularis
ASV1736	Fungi	Ascomycota	Dothideomycetes	NA	NA	Peltaster	Peltaster_fructicola	Peltaster_fructicola	sSH0986482.09FU	1.0000000	Peltaster fructicola	F670107B-FB2E-4FDA-B68B-36B0FBC66E3B	434481	20	Pathotroph	Plant Pathogen	Probable	NULL	NULL	NULL	The American Phytopathological Society Common Names of Plant Diseases ((http://www.apsnet.org/publications/commonnames/Pages/default.aspx))	Peltaster_fructicola
ASV1737	Fungi	Ascomycota	Eurotiomycetes	Eurotiales	Aspergillaceae	Aspergillus	Aspergillus_atacamensis	Aspergillus_atacamensis	sSH1676487.09FU	0.8969920	Eurotiales	1CB1CE25-36B9-11D5-9548-00D0592D548C	90472	7	Saprotroph	Undefined Saprotroph	Possible	Microfungus	NULL	NULL	Sterkenburg E, et al. 2015. New Phytologist 207:1145-1158 ((https://doi.org/10.1111/nph.13426))	Aspergillus_atacamensis
ASV1738	Fungi	Ascomycota	Sordariomycetes	Microascales	Microascaceae	Microascus	Microascus_croci	Microascus_croci	sSH1070226.09FU	0.8140648	Microascaceae	1CB1CD6A-36B9-11D5-9548-00D0592D548C	81001	9	Pathotroph-Saprotroph-Symbiotroph	Animal Pathogen-Endophyte-Plant Pathogen-Undefined Saprotroph	Possible	Microfungus	NULL	Saprobic in soil or rotting vegetation, some species heat-tolerant and associatated with silage and compost, a few associated with humans and animals (Cannon & Kirk 2007)	Cannon PF, Kirk PM. 2007. Fungal Families of the World. CAB International, Cambridge (ISBN: 978-0851998275)	Microascus_croci
ASV1739	Fungi	Ascomycota	Eurotiomycetes	Eurotiales	NA	NA	NA	Eurotiales	sSH1188653.09FU	1.0000000	Eurotiales	1CB1CE25-36B9-11D5-9548-00D0592D548C	90472	7	Saprotroph	Undefined Saprotroph	Possible	Microfungus	NULL	NULL	Sterkenburg E, et al. 2015. New Phytologist 207:1145-1158 ((https://doi.org/10.1111/nph.13426))	Eurotiales
ASV1740	Fungi	Ascomycota	Eurotiomycetes	Eurotiales	Aspergillaceae	Aspergillus	NA	Aspergillus	NA	0.9483246	Eurotiales	1CB1CE25-36B9-11D5-9548-00D0592D548C	90472	7	Saprotroph	Undefined Saprotroph	Possible	Microfungus	NULL	NULL	Sterkenburg E, et al. 2015. New Phytologist 207:1145-1158 ((https://doi.org/10.1111/nph.13426))	Aspergillus
ASV1741	Fungi	NA	NA	NA	NA	NA	NA	NA	sSH0884008.09FU	0.9966817	NA	NA	NA	NA	NA	NA	NA	NA	NA	NA	NA	NA
ASV1742	Fungi	Ascomycota	Leotiomycetes	Helotiales	Helotiaceae	Hymenoscyphus	NA	Hymenoscyphus	sSH0988441.09FU	0.8730106	Helotiaceae	1CB18C9C-36B9-11D5-9548-00D0592D548C	80845	9	Saprotroph-Symbiotroph	Ectomycorrhizal-Fungal Parasite-Plant Pathogen-Wood Saprotroph	Probable	Microfungus	NULL	Usually saprobic on herbaceous or woody tissues, some species fungicolous. A few species are known to form mycorrhizae (Cannon & Kirk 2007)	Cannon PF, Kirk PM. 2007. Fungal Families of the World. CAB International, Cambridge (ISBN: 978-0851998275)	Hymenoscyphus
ASV1743	Fungi	Basidiomycota	Agaricomycetes	Atheliales	NA	NA	NA	Atheliales	sSH0904294.09FU	0.9996553	NA	NA	NA	NA	NA	NA	NA	NA	NA	NA	NA	Atheliales
ASV1744	Fungi	Ascomycota	Eurotiomycetes	Eurotiales	Aspergillaceae	NA	NA	Aspergillaceae	sSH1067488.09FU	0.9993570	Eurotiales	1CB1CE25-36B9-11D5-9548-00D0592D548C	90472	7	Saprotroph	Undefined Saprotroph	Possible	Microfungus	NULL	NULL	Sterkenburg E, et al. 2015. New Phytologist 207:1145-1158 ((https://doi.org/10.1111/nph.13426))	Aspergillaceae
ASV1745	Fungi	Basidiomycota	Agaricomycetes	Auriculariales	Exidiaceae	Basidiodendron	NA	Basidiodendron	sSH1023643.09FU	0.9988776	Basidiodendron	1CB1C4F5-36B9-11D5-9548-00D0592D548C	17148	13	Saprotroph	Undefined Saprotroph-|Wood Saprotroph|	Probable	Corticioid	NULL	Decay wood (Põlme et al. 2020)	Tedersoo L, et al. 2014. Science 346:e1256688 ((https://doi.org/10.1126/science.1256688)); Põlme S, et al. 2020. Fungal Diversity 105:1-16 ((https://doi.org/10.1007/s13225-020-00466-2))	Basidiodendron
ASV1746	Fungi	Basidiomycota	Agaricomycetes	Hymenochaetales	Hymenochaetaceae	Fuscoporia	Fuscoporia_chinensis	Fuscoporia_chinensis	sSH1189814.09FU	0.9999255	Hymenochaetaceae	CC29D6F9-5984-496D-97E7-42EB138C1FEE	536196	9	Saprotroph-Symbiotroph	Ectomycorrhizal-Wood Saprotroph	Probable	Corticioid-Polyporoid	NULL	Lignicolous, causing white rots, rarely ectomycorrhizal (Cannon & Kirk 2007)	Cannon PF, Kirk PM. 2007. Fungal Families of the World. CAB International, Cambridge (ISBN: 978-0851998275)	Fuscoporia_chinensis
ASV1747	Fungi	Basidiomycota	Agaricomycetes	Polyporales	Phanerochaetaceae	Bjerkandera	Bjerkandera_adusta	Bjerkandera_adusta	sSH1177901.09FU	0.9718370	Bjerkandera	1CB1C50E-36B9-11D5-9548-00D0592D548C	17160	13	Pathotroph-Saprotroph-Symbiotroph	Endophyte-Plant Pathogen-|Wood Saprotroph|	Highly Probable	Polyporoid	White Rot	As root_endophyte_dark_septate (Põlme et al. 2020); As white_rot (Põlme et al. 2020); As wood_pathogen (Põlme et al. 2020); Decay wood (Põlme et al. 2020)	Gilbertson RL, Ryvarden L. 1987-1987. North American Polypores. Fungiflora, Oslo (ISBN: 978-0945345060); Põlme S, et al. 2020. Fungal Diversity 105:1-16 ((https://doi.org/10.1007/s13225-020-00466-2))	Bjerkandera_adusta
ASV1748	Fungi	Basidiomycota	Agaricomycetes	Agaricales	Psathyrellaceae	Coprinopsis	NA	Coprinopsis	NA	0.8094081	Psathyrellaceae	F36155B5-ADC2-4C2C-83F3-2D3778EA9B7F	82127	9	Saprotroph	Dung Saprotroph-Plant Saprotroph-Wood Saprotroph	Probable	Agaricoid	NULL	Saprobic, in grass, on dung, rotten wood and similar substrata (Cannon & Kirk 2007)	Cannon PF, Kirk PM. 2007. Fungal Families of the World. CAB International, Cambridge (ISBN: 978-0851998275)	Coprinopsis
ASV1749	Fungi	Basidiomycota	Agaricomycetes	Polyporales	Meruliaceae	Phlebia	Phlebia_tremellosa	Phlebia_tremellosa	sSH0880595.09FU	1.0000000	Meruliaceae	9E12B0B5-1D82-4978-AF3D-6EC22C257619	89005	9	Pathotroph-Saprotroph	Plant Pathogen-Undefined Saprotroph	Probable	Corticioid-Polyporoid	NULL	Saprobic or parasitic on woody plants, causing a white rot (Cannon & Kirk 2007)	Cannon PF, Kirk PM. 2007. Fungal Families of the World. CAB International, Cambridge (ISBN: 978-0851998275)	Phlebia_tremellosa
ASV1750	Fungi	Basidiomycota	Agaricomycetes	Agaricales	Tricholomataceae	Baeospora	Baeospora_myosura	Baeospora_myosura	sSH1044662.09FU	0.9902560	Tricholomataceae	008764C7-3F16-4577-B343-C50EF7B78211	81487	9	Pathotroph-Symbiotroph	Ectomycorrhizal-Fungal Parasite	Probable	Agaricoid	NULL	Tricholoma species are ectomycorrhizal, occurring in coniferous and broadleaved forests (Cannon & Kirk 2007); T. sclerotoideum is parasitic on Helvella spp.	Cannon PF, Kirk PM. 2007. Fungal Families of the World. CAB International, Cambridge (ISBN: 978-0851998275)	Baeospora_myosura
ASV1751	Fungi	Ascomycota	Dothideomycetes	Capnodiales	Dissoconiaceae	Dissoconium	NA	Dissoconium	NA	0.9999869	Dissoconium	1CB1C6C8-36B9-11D5-9548-00D0592D548C	11074	13	Pathotroph-Saprotroph	Plant Pathogen-|Plant Saprotroph|-Undefined Saprotroph	Probable	Microfungus	NULL	As litter_saprotroph (Põlme et al. 2020); Decay leaf, fruit, seed (Põlme et al. 2020)	Tedersoo L, et al. 2014. Science 346:e1256688 ((https://doi.org/10.1126/science.1256688)); Põlme S, et al. 2020. Fungal Diversity 105:1-16 ((https://doi.org/10.1007/s13225-020-00466-2))	Dissoconium
ASV1752	Fungi	Basidiomycota	Agaricomycetes	Polyporales	Meruliaceae	Phlebia	Phlebia_tremellosa	Phlebia_tremellosa	sSH0880595.09FU	1.0000000	Meruliaceae	9E12B0B5-1D82-4978-AF3D-6EC22C257619	89005	9	Pathotroph-Saprotroph	Plant Pathogen-Undefined Saprotroph	Probable	Corticioid-Polyporoid	NULL	Saprobic or parasitic on woody plants, causing a white rot (Cannon & Kirk 2007)	Cannon PF, Kirk PM. 2007. Fungal Families of the World. CAB International, Cambridge (ISBN: 978-0851998275)	Phlebia_tremellosa
ASV1753	Fungi	Ascomycota	Leotiomycetes	Helotiales	NA	NA	NA	Helotiales	NA	0.8706030	NA	NA	NA	NA	NA	NA	NA	NA	NA	NA	NA	Helotiales
ASV1754	Fungi	Basidiomycota	Agaricomycetes	Agaricales	Pterulaceae	Coronicium	NA	Coronicium	sSH1287887.09FU	0.9986314	Pterulaceae	1CB1CDB0-36B9-11D5-9548-00D0592D548C	81309	9	Saprotroph	Wood Saprotroph	Probable	Clavarioid	NULL	Primarily saprobic on rotten wood. One unnamed taxon is cultivated in the neotropics by ants of the Apterostigma pilosum group (Cannon & Kirk 2007)	Cannon PF, Kirk PM. 2007. Fungal Families of the World. CAB International, Cambridge (ISBN: 978-0851998275)	Coronicium
ASV1755	Fungi	Basidiomycota	Agaricomycetes	Hymenochaetales	Hymenochaetaceae	Fuscoporia	NA	Fuscoporia	NA	1.0000000	Hymenochaetaceae	CC29D6F9-5984-496D-97E7-42EB138C1FEE	536196	9	Saprotroph-Symbiotroph	Ectomycorrhizal-Wood Saprotroph	Probable	Corticioid-Polyporoid	NULL	Lignicolous, causing white rots, rarely ectomycorrhizal (Cannon & Kirk 2007)	Cannon PF, Kirk PM. 2007. Fungal Families of the World. CAB International, Cambridge (ISBN: 978-0851998275)	Fuscoporia
ASV1756	Fungi	Basidiomycota	Agaricomycetes	Russulales	Peniophoraceae	Peniophora	Peniophora_bicornis	Peniophora_bicornis	sSH1068927.09FU	0.8599466	Peniophoraceae	1CB1CD8B-36B9-11D5-9548-00D0592D548C	81123	9	Pathotroph-Saprotroph	Plant Pathogen-Wood Saprotroph	Probable	Corticioid	White Rot	Most species are saprobic, causing rots of standing and fallen wood. Many species are adapted to xeric conditions, being able to grow on rapidly drying dead attached branches (Cannon & Kirk 2007)	Cannon PF, Kirk PM. 2007. Fungal Families of the World. CAB International, Cambridge (ISBN: 978-0851998275)	Peniophora_bicornis
ASV1757	Fungi	Basidiomycota	Agaricomycetes	Auriculariales	Hyaloriaceae	Stypella	NA	Stypella	sSH1161933.09FU	0.9999981	Stypella	1CB1CBCD-36B9-11D5-9548-00D0592D548C	18616	13	Saprotroph	Undefined Saprotroph-|Wood Saprotroph|	Probable	Corticioid	NULL	Decay wood (Põlme et al. 2020)	Tedersoo L, et al. 2014. Science 346:e1256688 ((https://doi.org/10.1126/science.1256688)); Põlme S, et al. 2020. Fungal Diversity 105:1-16 ((https://doi.org/10.1007/s13225-020-00466-2))	Stypella
ASV1758	Fungi	Ascomycota	Eurotiomycetes	Eurotiales	Aspergillaceae	Aspergillus	Aspergillus_fumigatus	Aspergillus_fumigatus	NA	0.9477832	Eurotiales	1CB1CE25-36B9-11D5-9548-00D0592D548C	90472	7	Saprotroph	Undefined Saprotroph	Possible	Microfungus	NULL	NULL	Sterkenburg E, et al. 2015. New Phytologist 207:1145-1158 ((https://doi.org/10.1111/nph.13426))	Aspergillus_fumigatus
ASV1759	Fungi	Ascomycota	Eurotiomycetes	Eurotiales	Aspergillaceae	Aspergillus	Aspergillus_penicillioides	Aspergillus_penicillioides	NA	0.9167564	Eurotiales	1CB1CE25-36B9-11D5-9548-00D0592D548C	90472	7	Saprotroph	Undefined Saprotroph	Possible	Microfungus	NULL	NULL	Sterkenburg E, et al. 2015. New Phytologist 207:1145-1158 ((https://doi.org/10.1111/nph.13426))	Aspergillus_penicillioides
ASV1760	Fungi	Ascomycota	Eurotiomycetes	Eurotiales	Aspergillaceae	Aspergillus	NA	Aspergillus	NA	0.9999904	Eurotiales	1CB1CE25-36B9-11D5-9548-00D0592D548C	90472	7	Saprotroph	Undefined Saprotroph	Possible	Microfungus	NULL	NULL	Sterkenburg E, et al. 2015. New Phytologist 207:1145-1158 ((https://doi.org/10.1111/nph.13426))	Aspergillus
ASV1761	Fungi	Ascomycota	Eurotiomycetes	Eurotiales	Aspergillaceae	Aspergillus	NA	Aspergillus	NA	0.8256065	Eurotiales	1CB1CE25-36B9-11D5-9548-00D0592D548C	90472	7	Saprotroph	Undefined Saprotroph	Possible	Microfungus	NULL	NULL	Sterkenburg E, et al. 2015. New Phytologist 207:1145-1158 ((https://doi.org/10.1111/nph.13426))	Aspergillus
ASV1762	Fungi	Basidiomycota	Agaricomycetes	NA	NA	NA	NA	Agaricomycetes	sSH0891464.09FU	0.9868783	NA	NA	NA	NA	NA	NA	NA	NA	NA	NA	NA	Agaricomycetes
ASV1763	Fungi	Basidiomycota	Agaricomycetes	Polyporales	Meripilaceae	Physisporinus	Physisporinus_vitreus	Physisporinus_vitreus	sSH1257021.09FU	0.9999787	Meripilaceae	1CB1CD64-36B9-11D5-9548-00D0592D548C	80007	9	Pathotroph-Saprotroph	Plant Pathogen-Undefined Saprotroph	Probable	Polyporoid	NULL	Saprobic or parasitic on hardwood trees, often growing from buried roots and causing white rot (Cannon & Kirk 2007)	Cannon PF, Kirk PM. 2007. Fungal Families of the World. CAB International, Cambridge (ISBN: 978-0851998275)	Physisporinus_vitreus
ASV1764	Fungi	Basidiomycota	Agaricomycetes	Russulales	Peniophoraceae	Peniophora	Peniophora_bicornis	Peniophora_bicornis	sSH1068927.09FU	0.9958682	Peniophoraceae	1CB1CD8B-36B9-11D5-9548-00D0592D548C	81123	9	Pathotroph-Saprotroph	Plant Pathogen-Wood Saprotroph	Probable	Corticioid	White Rot	Most species are saprobic, causing rots of standing and fallen wood. Many species are adapted to xeric conditions, being able to grow on rapidly drying dead attached branches (Cannon & Kirk 2007)	Cannon PF, Kirk PM. 2007. Fungal Families of the World. CAB International, Cambridge (ISBN: 978-0851998275)	Peniophora_bicornis
ASV1765	Fungi	Ascomycota	Taphrinomycetes	Taphrinales	Taphrinaceae	Taphrina	Taphrina_inositophila	Taphrina_inositophila	sSH1286365.09FU	0.9999206	Taphrinaceae	1CB1CDE3-36B9-11D5-9548-00D0592D548C	81450	9	Pathotroph	Plant Pathogen	Probable	Microfungus	NULL	Biotrophic on plants, usually causing hyperplasia (galls, witches broom) or lesions (Cannon & Kirk 2007)	Cannon PF, Kirk PM. 2007. Fungal Families of the World. CAB International, Cambridge (ISBN: 978-0851998275)	Taphrina_inositophila
ASV1766	Fungi	NA	NA	NA	NA	NA	NA	NA	NA	0.8165743	NA	NA	NA	NA	NA	NA	NA	NA	NA	NA	NA	NA
ASV1767	Fungi	Basidiomycota	Agaricomycetes	Sistotremastrales	Sistotremastraceae	Sistotremastrum	Sistotremastrum_guttuliferum	Sistotremastrum_guttuliferum	sSH0893878.09FU	0.9997577	Sistotremastrum	091F1714-D38C-4FB2-A0F9-84225773BCBE	18553	13	Saprotroph	Undefined Saprotroph-|Wood Saprotroph|	Probable	Corticioid	White Rot	As white_rot (Põlme et al. 2020); Decay wood (Põlme et al. 2020)	Tedersoo L, et al. 2014. Science 346:e1256688 ((https://doi.org/10.1126/science.1256688)); Põlme S, et al. 2020. Fungal Diversity 105:1-16 ((https://doi.org/10.1007/s13225-020-00466-2))	Sistotremastrum_guttuliferum
ASV1768	Fungi	Basidiomycota	Agaricomycetes	NA	NA	NA	NA	Agaricomycetes	sSH1122497.09FU	0.9999998	NA	NA	NA	NA	NA	NA	NA	NA	NA	NA	NA	Agaricomycetes
ASV1769	Fungi	Ascomycota	Leotiomycetes	Helotiales	Hyaloscyphaceae	Calycina	Calycina_cortegadensis	Calycina_cortegadensis	sSH1519086.09FU	0.9997736	Hyaloscyphaceae	1CB18D86-36B9-11D5-9548-00D0592D548C	80871	9	Saprotroph	Plant Saprotroph-Wood Saprotroph	Probable	Microfungus	NULL	Saprobic on woody and herbaceous material (Cannon & Kirk 2007)	Cannon PF, Kirk PM. 2007. Fungal Families of the World. CAB International, Cambridge (ISBN: 978-0851998275)	Calycina_cortegadensis
ASV1770	Fungi	Ascomycota	NA	NA	NA	NA	NA	Ascomycota	sSH1240427.09FU	0.9867992	NA	NA	NA	NA	NA	NA	NA	NA	NA	NA	NA	Ascomycota
ASV1771	Fungi	Basidiomycota	Agaricomycetes	Polyporales	Incrustoporiaceae	Skeletocutis	NA	Skeletocutis	NA	0.9999999	Skeletocutis	1CB1A2C9-36B9-11D5-9548-00D0592D548C	18554	13	Saprotroph	|Wood Saprotroph|	Highly Probable	Polyporoid	White Rot	As white_rot (Põlme et al. 2020); Decay wood (Põlme et al. 2020)	Gilbertson RL, Ryvarden L. 1987-1987. North American Polypores. Fungiflora, Oslo (ISBN: 978-0945345060); Põlme S, et al. 2020. Fungal Diversity 105:1-16 ((https://doi.org/10.1007/s13225-020-00466-2))	Skeletocutis
ASV1772	Fungi	NA	NA	NA	NA	NA	NA	NA	NA	0.7098685	NA	NA	NA	NA	NA	NA	NA	NA	NA	NA	NA	NA
ASV1773	Fungi	Basidiomycota	Agaricomycetes	Polyporales	NA	NA	NA	Polyporales	sSH1224743.09FU	0.9998052	NA	NA	NA	NA	NA	NA	NA	NA	NA	NA	NA	Polyporales
ASV1774	Fungi	NA	NA	NA	NA	NA	NA	NA	NA	0.9998857	NA	NA	NA	NA	NA	NA	NA	NA	NA	NA	NA	NA
ASV1775	Fungi	Ascomycota	Eurotiomycetes	Eurotiales	Aspergillaceae	Penicillium	NA	Penicillium	sSH1056191.09FU	0.7374772	Eurotiales	1CB1CE25-36B9-11D5-9548-00D0592D548C	90472	7	Saprotroph	Undefined Saprotroph	Possible	Microfungus	NULL	NULL	Sterkenburg E, et al. 2015. New Phytologist 207:1145-1158 ((https://doi.org/10.1111/nph.13426))	Penicillium
ASV1776	Fungi	Ascomycota	Eurotiomycetes	Eurotiales	Aspergillaceae	Aspergillus	NA	Aspergillus	NA	0.9997879	Eurotiales	1CB1CE25-36B9-11D5-9548-00D0592D548C	90472	7	Saprotroph	Undefined Saprotroph	Possible	Microfungus	NULL	NULL	Sterkenburg E, et al. 2015. New Phytologist 207:1145-1158 ((https://doi.org/10.1111/nph.13426))	Aspergillus
ASV1777	Fungi	Basidiomycota	Agaricomycetes	Hymenochaetales	Hyphodontiaceae	Kneiffiella	NA	Kneiffiella	sSH1101015.09FU	1.0000000	Kneiffiella	521B67D7-C6CE-4635-BDE1-314C8DF4C6B6	17877	13	Saprotroph	|Wood Saprotroph|	Probable	Corticioid	White Rot	As white_rot (Põlme et al. 2020); Decay wood (Põlme et al. 2020)	Põlme S, et al. 2020. Fungal Diversity 105:1-16 ((https://doi.org/10.1007/s13225-020-00466-2))	Kneiffiella
ASV1778	Fungi	Ascomycota	Dothideomycetes	Mycosphaerellales	Teratosphaeriaceae	Devriesia	NA	Devriesia	sSH0993975.09FU	0.9999525	Teratosphaeriaceae	87A3FDCC-E75C-4F2E-B987-C7579847CE32	504465	9	Pathotroph-Saprotroph	Animal Pathogen-Plant Pathogen-Undefined Saprotroph	Probable	NULL	NULL	Includes numerous saprobic, extremophilic, human opportunistic, and plant pathogenic fungi (Quaedvlieg et al. 2014)	Quaedvlieg W, et al. 2014. Persoonia 3:31-40 ((https://doi.org/10.3767/003158514X681981))	Devriesia
ASV1779	Fungi	Basidiomycota	Agaricomycetes	Russulales	Peniophoraceae	Peniophora	Peniophora_pini	Peniophora_pini	sSH1068862.09FU	0.9229912	Peniophoraceae	1CB1CD8B-36B9-11D5-9548-00D0592D548C	81123	9	Pathotroph-Saprotroph	Plant Pathogen-Wood Saprotroph	Probable	Corticioid	White Rot	Most species are saprobic, causing rots of standing and fallen wood. Many species are adapted to xeric conditions, being able to grow on rapidly drying dead attached branches (Cannon & Kirk 2007)	Cannon PF, Kirk PM. 2007. Fungal Families of the World. CAB International, Cambridge (ISBN: 978-0851998275)	Peniophora_pini
ASV1780	Fungi	Basidiomycota	Agaricomycetes	Polyporales	Steccherinaceae	Steccherinum	Steccherinum_ochraceum	Steccherinum_ochraceum	NA	0.9997477	Steccherinaceae	1CB1CDD9-36B9-11D5-9548-00D0592D548C	81420	9	Saprotroph	Wood Saprotroph	Probable	Corticioid-Polyporoid	White Rot	Growing on dead wood causing white rot, sometimes replacing early colonizers (Cannon & Kirk 2007)	Cannon PF, Kirk PM. 2007. Fungal Families of the World. CAB International, Cambridge (ISBN: 978-0851998275)	Steccherinum_ochraceum
ASV1781	Fungi	Basidiomycota	Agaricomycetes	Trechisporales	Hydnodontaceae	Trechispora	Trechispora_byssinella	Trechispora_byssinella	sSH1236068.09FU	1.0000000	Trechispora	1CB1CC1A-36B9-11D5-9548-00D0592D548C	18664	13	Saprotroph	|Wood Saprotroph|	Highly Probable	Corticioid	White Rot	As white_rot (Põlme et al. 2020); Decay wood (Põlme et al. 2020)	Gilbertson RL, Ryvarden L. 1987-1987. North American Polypores. Fungiflora, Oslo (ISBN: 978-0945345060); Rinaldi AC, et al. 2008. Fungal Diversity 33:1-45 ((http://www.fungaldiversity.org/fdp/sfdp/33-1.pdf)) (as Uncertain); Tedersoo L, et al. 2010. Mycorrhiza 20:217-263 ((https://doi.org/10.1007/s00572-009-0274-x)) (as not ECM).; Põlme S, et al. 2020. Fungal Diversity 105:1-16 ((https://doi.org/10.1007/s13225-020-00466-2))	Trechispora_byssinella
ASV1782	Fungi	Ascomycota	Dothideomycetes	Capnodiales	NA	NA	NA	Capnodiales	sSH0984118.09FU	0.8139473	NA	NA	NA	NA	NA	NA	NA	NA	NA	NA	NA	Capnodiales
ASV1783	Fungi	Basidiomycota	Agaricomycetes	Polyporales	Meruliaceae	Phlebia	Phlebia_tremellosa	Phlebia_tremellosa	sSH0880595.09FU	0.9999999	Meruliaceae	9E12B0B5-1D82-4978-AF3D-6EC22C257619	89005	9	Pathotroph-Saprotroph	Plant Pathogen-Undefined Saprotroph	Probable	Corticioid-Polyporoid	NULL	Saprobic or parasitic on woody plants, causing a white rot (Cannon & Kirk 2007)	Cannon PF, Kirk PM. 2007. Fungal Families of the World. CAB International, Cambridge (ISBN: 978-0851998275)	Phlebia_tremellosa
ASV1784	Fungi	Basidiomycota	Agaricomycetes	Polyporales	Irpicaceae	Trametopsis	Trametopsis_aborigena	Trametopsis_aborigena	sSH1215062.09FU	0.8324600	Trametopsis	2343CAB0-499A-4905-B0A2-6D09E1368E34	511347	13	Saprotroph	Undefined Saprotroph-|Wood Saprotroph|	Probable	Polyporoid	White Rot	As white_rot (Põlme et al. 2020); Decay wood (Põlme et al. 2020)	Tedersoo L, et al. 2014. Science 346:e1256688 ((https://doi.org/10.1126/science.1256688)); Põlme S, et al. 2020. Fungal Diversity 105:1-16 ((https://doi.org/10.1007/s13225-020-00466-2))	Trametopsis_aborigena
ASV1785	Fungi	Basidiomycota	Agaricomycetes	Polyporales	Steccherinaceae	Antrodiella	Antrodiella_faginea	Antrodiella_faginea	sSH1341378.09FU	0.8902414	Steccherinaceae	1CB1CDD9-36B9-11D5-9548-00D0592D548C	81420	9	Saprotroph	Wood Saprotroph	Probable	Corticioid-Polyporoid	White Rot	Growing on dead wood causing white rot, sometimes replacing early colonizers (Cannon & Kirk 2007)	Cannon PF, Kirk PM. 2007. Fungal Families of the World. CAB International, Cambridge (ISBN: 978-0851998275)	Antrodiella_faginea
ASV1786	Fungi	Ascomycota	Dothideomycetes	Mycosphaerellales	Teratosphaeriaceae	Hortaea	Hortaea_werneckii	Hortaea_werneckii	sSH1000031.09FU	0.9999999	Teratosphaeriaceae	87A3FDCC-E75C-4F2E-B987-C7579847CE32	504465	9	Pathotroph-Saprotroph	Animal Pathogen-Plant Pathogen-Undefined Saprotroph	Probable	NULL	NULL	Includes numerous saprobic, extremophilic, human opportunistic, and plant pathogenic fungi (Quaedvlieg et al. 2014)	Quaedvlieg W, et al. 2014. Persoonia 3:31-40 ((https://doi.org/10.3767/003158514X681981))	Hortaea_werneckii
ASV1787	Fungi	Basidiomycota	Agaricomycetes	Agaricales	Lycoperdaceae	Calvatia	Calvatia_cyathiformis	Calvatia_cyathiformis	sSH0948311.09FU	0.9754441	Lycoperdaceae	1CB1CD5A-36B9-11D5-9548-00D0592D548C	0	9	 Saprotroph	Undefined Saprotroph	Probable	Gasteroid	NULL	Common name - puffball; Primarily saprobes in grassland and woodland, with some species commonly forming typical fairy rings (Cannon & Kirk 2007)	Cannon PF, Kirk PM. 2007. Fungal Families of the World. CAB International, Cambridge ((https://isbnsearch.org/isbn/9780851998275))	Calvatia_cyathiformis
ASV1788	Fungi	Basidiomycota	Agaricomycetes	Russulales	Peniophoraceae	Peniophora	Peniophora_cinerea	Peniophora_cinerea	sSH1068907.09FU	0.9157917	Peniophoraceae	1CB1CD8B-36B9-11D5-9548-00D0592D548C	81123	9	Pathotroph-Saprotroph	Plant Pathogen-Wood Saprotroph	Probable	Corticioid	White Rot	Most species are saprobic, causing rots of standing and fallen wood. Many species are adapted to xeric conditions, being able to grow on rapidly drying dead attached branches (Cannon & Kirk 2007)	Cannon PF, Kirk PM. 2007. Fungal Families of the World. CAB International, Cambridge (ISBN: 978-0851998275)	Peniophora_cinerea
ASV1789	Fungi	NA	NA	NA	NA	NA	NA	NA	NA	0.7806548	NA	NA	NA	NA	NA	NA	NA	NA	NA	NA	NA	NA
ASV1790	Fungi	Basidiomycota	Wallemiomycetes	Wallemiales	Wallemiaceae	Wallemia	Wallemia_sebi	Wallemia_sebi	sSH0941783.09FU	0.9976602	Wallemia	1AFF3730-16EA-11D6-BEBB-00508BCA8DE8	10428	13	Saprotroph	|Undefined Saprotroph|	Probable	Microfungus	NULL	Decay sugar-rich substrates (Põlme et al. 2020)	Tedersoo L, et al. 2014. Science 346:e1256688 ((https://doi.org/10.1126/science.1256688)); Põlme S, et al. 2020. Fungal Diversity 105:1-16 ((https://doi.org/10.1007/s13225-020-00466-2))	Wallemia_sebi
ASV1791	Fungi	Basidiomycota	Exobasidiomycetes	Exobasidiales	Cryptobasidiaceae	Acaromyces	Acaromyces_ingoldii	Acaromyces_ingoldii	sSH1011890.09FU	0.7654528	Acaromyces ingoldii	6506EA06-4363-499A-9D57-EE0704F42362	488275	20	Pathotroph	Animal Pathogen	Highly Probable	Dimorphic	NULL	An anamorphic fungus isolated from cadavers of the citrus rust mite infesting grapefruit (C. paradisi) leaves - similar to the yeast-like fungi classified in the Ustilaginales, such as Pseudozyma species (Boekhout et al. 2003)	Boekhout T, et al. 2003. International Journal of Systematic and Evolutionary Microbiology 53:1655-1664 ((https://doi.org/10.1099/ijs.0.02434-0))	Acaromyces_ingoldii
ASV1792	Fungi	Basidiomycota	Agaricomycetes	Hymenochaetales	Hymenochaetaceae	Hymenochaetopsis	NA	Hymenochaetopsis	NA	0.9688703	Hymenochaetaceae	CC29D6F9-5984-496D-97E7-42EB138C1FEE	536196	9	Saprotroph-Symbiotroph	Ectomycorrhizal-Wood Saprotroph	Probable	Corticioid-Polyporoid	NULL	Lignicolous, causing white rots, rarely ectomycorrhizal (Cannon & Kirk 2007)	Cannon PF, Kirk PM. 2007. Fungal Families of the World. CAB International, Cambridge (ISBN: 978-0851998275)	Hymenochaetopsis
ASV1793	Fungi	Basidiomycota	Agaricomycetes	Russulales	NA	Scytinostromella	Scytinostromella_nannfeldtii	Scytinostromella_nannfeldtii	sSH0918112.09FU	0.9999960	Scytinostromella	C4E56178-44F9-493A-B9BC-8936B0D39727	18531	13	Saprotroph	Undefined Saprotroph-|Wood Saprotroph|	Probable	Corticioid	White Rot	As white_rot (Põlme et al. 2020); Decay wood (Põlme et al. 2020)	Tedersoo L, et al. 2014. Science 346:e1256688 ((https://doi.org/10.1126/science.1256688)); Põlme S, et al. 2020. Fungal Diversity 105:1-16 ((https://doi.org/10.1007/s13225-020-00466-2))	Scytinostromella_nannfeldtii
ASV1794	Fungi	Basidiomycota	Tremellomycetes	Tremellales	Bulleribasidiaceae	Dioszegia	NA	Dioszegia	sSH1004075.09FU	0.9385327	Tremellales	1CB1CE64-36B9-11D5-9548-00D0592D548C	90451	7	Pathotroph-Saprotroph-Symbiotroph	Fungal Parasite-Undefined Saprotroph	Possible	Tremelloid-Yeast	NULL	The order contains both teleomorphic and anamorphic species, most of the latter being yeasts	Sterkenburg E, et al. 2015. New Phytologist 207:1145-1158 ((https://doi.org/10.1111/nph.13426))	Dioszegia
ASV1795	Fungi	Basidiomycota	Agaricomycetes	Trechisporales	Hydnodontaceae	Trechispora	NA	Trechispora	sSH1260084.09FU	0.9824276	Trechispora	1CB1CC1A-36B9-11D5-9548-00D0592D548C	18664	13	Saprotroph	|Wood Saprotroph|	Highly Probable	Corticioid	White Rot	As white_rot (Põlme et al. 2020); Decay wood (Põlme et al. 2020)	Gilbertson RL, Ryvarden L. 1987-1987. North American Polypores. Fungiflora, Oslo (ISBN: 978-0945345060); Rinaldi AC, et al. 2008. Fungal Diversity 33:1-45 ((http://www.fungaldiversity.org/fdp/sfdp/33-1.pdf)) (as Uncertain); Tedersoo L, et al. 2010. Mycorrhiza 20:217-263 ((https://doi.org/10.1007/s00572-009-0274-x)) (as not ECM).; Põlme S, et al. 2020. Fungal Diversity 105:1-16 ((https://doi.org/10.1007/s13225-020-00466-2))	Trechispora
ASV1796	Fungi	Basidiomycota	Agaricomycetes	Russulales	Stereaceae	Stereum	NA	Stereum	NA	0.8289070	Stereaceae	1CB1CDDC-36B9-11D5-9548-00D0592D548C	81424	9	Saprotroph	Undefined Saprotroph-Wood Saprotroph	Probable	Corticioid-Polyporoid	NULL	Lignicolous or terrestrial (in leaf litter); typically saprobic (Cannon & Kirk 2007)	Cannon PF, Kirk PM. 2007. Fungal Families of the World. CAB International, Cambridge (ISBN: 978-0851998275)	Stereum
ASV1797	Fungi	Ascomycota	Dothideomycetes	Mycosphaerellales	Teratosphaeriaceae	Catenulostroma	Catenulostroma_hermanusense	Catenulostroma_hermanusense	sSH1083944.09FU	0.9850357	Teratosphaeriaceae	87A3FDCC-E75C-4F2E-B987-C7579847CE32	504465	9	Pathotroph-Saprotroph	Animal Pathogen-Plant Pathogen-Undefined Saprotroph	Probable	NULL	NULL	Includes numerous saprobic, extremophilic, human opportunistic, and plant pathogenic fungi (Quaedvlieg et al. 2014)	Quaedvlieg W, et al. 2014. Persoonia 3:31-40 ((https://doi.org/10.3767/003158514X681981))	Catenulostroma_hermanusense
ASV1798	Fungi	Ascomycota	Leotiomycetes	Helotiales	Hyaloscyphaceae	Incrucipulum	NA	Incrucipulum	NA	0.7710114	Hyaloscyphaceae	1CB18D86-36B9-11D5-9548-00D0592D548C	80871	9	Saprotroph	Plant Saprotroph-Wood Saprotroph	Probable	Microfungus	NULL	Saprobic on woody and herbaceous material (Cannon & Kirk 2007)	Cannon PF, Kirk PM. 2007. Fungal Families of the World. CAB International, Cambridge (ISBN: 978-0851998275)	Incrucipulum
ASV1799	Fungi	Basidiomycota	Agaricomycetes	Polyporales	Hyphodermataceae	Hyphoderma	Hyphoderma_setigerum	Hyphoderma_setigerum	sSH1236272.09FU	0.9994721	Hyphoderma	1CB18E22-36B9-11D5-9548-00D0592D548C	17823	13	 Saprotroph	Undefined Saprotroph-|Wood Saprotroph|	Probable	Corticioid	White Rot	As white_rot (Põlme et al. 2020); Decay wood (Põlme et al. 2020)	Tedersoo L, et al. 2014. Science 346:e1256688 ((https://doi.org/10.1126/science.1256688)); Põlme S, et al. 2020. Fungal Diversity 105:1-16 ((https://doi.org/10.1007/s13225-020-00466-2))	Hyphoderma_setigerum
ASV1800	Fungi	Basidiomycota	Agaricomycetes	Polyporales	Incrustoporiaceae	Skeletocutis	Skeletocutis_kuehneri	Skeletocutis_kuehneri	sSH1010839.09FU	0.9999956	Skeletocutis	1CB1A2C9-36B9-11D5-9548-00D0592D548C	18554	13	Saprotroph	|Wood Saprotroph|	Highly Probable	Polyporoid	White Rot	As white_rot (Põlme et al. 2020); Decay wood (Põlme et al. 2020)	Gilbertson RL, Ryvarden L. 1987-1987. North American Polypores. Fungiflora, Oslo (ISBN: 978-0945345060); Põlme S, et al. 2020. Fungal Diversity 105:1-16 ((https://doi.org/10.1007/s13225-020-00466-2))	Skeletocutis_kuehneri
ASV1801	Fungi	Basidiomycota	Agaricomycetes	Russulales	Russulaceae	Boidinia	Boidinia_furfuracea	Boidinia_furfuracea	sSH1278593.09FU	0.9999992	Russulaceae	1CB1A269-36B9-11D5-9548-00D0592D548C	81358	9	Symbiotroph	Ectomycorrhizal	Probable	Agaricoid-Corticioid-Gasteroid-Secotioid	NULL	The genera Lactarius, Lactifluus, Multifurca and Russula form a mutualistic ectomycorrhizal root symbiosis with trees and shrubs, while the corticioid species in Boidinia, Gloeopeniophorella, and Pseudoxenasma are saprotrophic, wood-degrading fungi.	Larsson E, K-H Larsson. 2003. Mycologia 95:1037-1065 ((https://doi.org/10.2307/3761912))	Boidinia_furfuracea
ASV1802	Fungi	Basidiomycota	Agaricomycetes	Hymenochaetales	Schizoporaceae	Xylodon	Xylodon_subflaviporus	Xylodon_subflaviporus	sSH1236554.09FU	0.8093523	Schizoporaceae	1CB1CDC9-36B9-11D5-9548-00D0592D548C	80038	9	Saprotroph	Wood Saprotroph	Probable	Corticioid	White Rot	Saprobic, causing white rot of standing and fallen wood of coniferous and broadleaved trees, rarely on herbaceous stems (Cannon & Kirk 2007)	Cannon PF, Kirk PM. 2007. Fungal Families of the World. CAB International, Cambridge (ISBN: 978-0851998275)	Xylodon_subflaviporus
ASV1803	Fungi	Basidiomycota	Agaricomycetes	Polyporales	Meruliaceae	Mycoacia	Mycoacia_fuscoatra	Mycoacia_fuscoatra	sSH1264944.09FU	0.9999957	Meruliaceae	9E12B0B5-1D82-4978-AF3D-6EC22C257619	89005	9	Pathotroph-Saprotroph	Plant Pathogen-Undefined Saprotroph	Probable	Corticioid-Polyporoid	NULL	Saprobic or parasitic on woody plants, causing a white rot (Cannon & Kirk 2007)	Cannon PF, Kirk PM. 2007. Fungal Families of the World. CAB International, Cambridge (ISBN: 978-0851998275)	Mycoacia_fuscoatra
ASV1804	Fungi	Basidiomycota	Agaricomycetes	Cantharellales	Botryobasidiaceae	Botryobasidium	NA	Botryobasidium	sSH1241749.09FU	0.9920866	Botryobasidiaceae	1CB1CCD1-36B9-11D5-9548-00D0592D548C	81744	9	Saprotroph	Undefined Saprotroph-Wood Saprotroph	Probable	Corticioid	NULL	Saprobic, typically on rotten wood (Cannon & Kirk 2007)	Cannon PF, Kirk PM. 2007. Fungal Families of the World. CAB International, Cambridge (ISBN: 978-0851998275)	Botryobasidium
ASV1805	Fungi	Basidiomycota	Agaricomycetes	Polyporales	Fomitopsidaceae	Postia	Postia_hibernica	Postia_hibernica	sSH1148513.09FU	0.9999508	Fomitopsidaceae	1CB1CD22-36B9-11D5-9548-00D0592D548C	81772	9	Pathotroph-Saprotroph	Plant Pathogen-Wood Saprotroph	Probable	Polyporoid	Brown Rot	Most species are parasitic on woody plants, causing brown rots (Cannon & Kirk 2007)	Cannon PF, Kirk PM. 2007. Fungal Families of the World. CAB International, Cambridge (ISBN: 978-0851998275)	Postia_hibernica
ASV1806	Fungi	Basidiomycota	Agaricomycetes	Russulales	NA	Scytinostromella	Scytinostromella_nannfeldtii	Scytinostromella_nannfeldtii	sSH0918112.09FU	0.9999925	Scytinostromella	C4E56178-44F9-493A-B9BC-8936B0D39727	18531	13	Saprotroph	Undefined Saprotroph-|Wood Saprotroph|	Probable	Corticioid	White Rot	As white_rot (Põlme et al. 2020); Decay wood (Põlme et al. 2020)	Tedersoo L, et al. 2014. Science 346:e1256688 ((https://doi.org/10.1126/science.1256688)); Põlme S, et al. 2020. Fungal Diversity 105:1-16 ((https://doi.org/10.1007/s13225-020-00466-2))	Scytinostromella_nannfeldtii
ASV1807	Fungi	Basidiomycota	Agaricomycetes	Cantharellales	Botryobasidiaceae	Botryobasidium	NA	Botryobasidium	NA	0.9329457	Botryobasidiaceae	1CB1CCD1-36B9-11D5-9548-00D0592D548C	81744	9	Saprotroph	Undefined Saprotroph-Wood Saprotroph	Probable	Corticioid	NULL	Saprobic, typically on rotten wood (Cannon & Kirk 2007)	Cannon PF, Kirk PM. 2007. Fungal Families of the World. CAB International, Cambridge (ISBN: 978-0851998275)	Botryobasidium
ASV1808	Fungi	Ascomycota	Saccharomycetes	Saccharomycetales	Phaffomycetaceae	Wickerhamomyces	Wickerhamomyces_anomalus	Wickerhamomyces_anomalus	sSH1240804.09FU	0.9800883	Saccharomycetales	B73A15F4-AB90-4E11-B6D7-E0BE710B986C	816369	7	Saprotroph	Undefined Saprotroph	Possible	Yeast	NULL	NULL	Sterkenburg E, et al. 2015. New Phytologist 207:1145-1158 ((https://doi.org/10.1111/nph.13426))	Wickerhamomyces_anomalus
ASV1809	Fungi	Basidiomycota	Agaricomycetes	Russulales	Wrightoporiaceae	Wrightoporia	Wrightoporia_austrosinensis	Wrightoporia_austrosinensis	sSH1323069.09FU	1.0000000	Wrightoporia	1CB1CC82-36B9-11D5-9548-00D0592D548C	18750	13	Saprotroph	|Wood Saprotroph|	Highly Probable	Corticioid	White Rot	As white_rot (Põlme et al. 2020); Decay wood (Põlme et al. 2020)	Gilbertson RL, Ryvarden L. 1987-1987. North American Polypores. Fungiflora, Oslo (ISBN: 978-0945345060); Põlme S, et al. 2020. Fungal Diversity 105:1-16 ((https://doi.org/10.1007/s13225-020-00466-2))	Wrightoporia_austrosinensis
ASV1810	Fungi	Basidiomycota	Agaricomycetes	Hymenochaetales	Schizoporaceae	Xylodon	Xylodon_pseudolanatus	Xylodon_pseudolanatus	sSH1236516.09FU	0.8933734	Schizoporaceae	1CB1CDC9-36B9-11D5-9548-00D0592D548C	80038	9	Saprotroph	Wood Saprotroph	Probable	Corticioid	White Rot	Saprobic, causing white rot of standing and fallen wood of coniferous and broadleaved trees, rarely on herbaceous stems (Cannon & Kirk 2007)	Cannon PF, Kirk PM. 2007. Fungal Families of the World. CAB International, Cambridge (ISBN: 978-0851998275)	Xylodon_pseudolanatus
ASV1811	Fungi	Basidiomycota	Agaricomycetes	Agaricales	NA	NA	NA	Agaricales	sSH1217731.09FU	0.9999994	Agaricales	715D162F-5F0E-40C8-A7DC-79D488D3F937	90508	7	Pathotroph-Saprotroph-Symbiotroph	Bryophyte Parasite-Dung Saprotroph-Ectomycorrhizal-Fungal Parasite-Leaf Saprotroph-Plant Parasite-Undefined Saprotroph-Wood Saprotroph	Possible	Agaricoid-Gasteroid-Microfungus-Secotioid-Yeast	NULL	Mushrooms and toadstools, Gill fungi, Agarics... lignicolous, sometimes muscicolous or fungicolous, saprobic, mycorrhizal, rarely parasitic on plants or fungi (Kirk et al. 2008)	Kirk PM et al. 2008. Dictionary of the Fungi. Tenth Edition. CAB International, Wallingford (ISBN: 978-0851998268)	Agaricales
ASV1812	Fungi	Basidiomycota	Agaricomycetes	Russulales	Wrightoporiaceae	Wrightoporia	Wrightoporia_austrosinensis	Wrightoporia_austrosinensis	sSH1323069.09FU	1.0000000	Wrightoporia	1CB1CC82-36B9-11D5-9548-00D0592D548C	18750	13	Saprotroph	|Wood Saprotroph|	Highly Probable	Corticioid	White Rot	As white_rot (Põlme et al. 2020); Decay wood (Põlme et al. 2020)	Gilbertson RL, Ryvarden L. 1987-1987. North American Polypores. Fungiflora, Oslo (ISBN: 978-0945345060); Põlme S, et al. 2020. Fungal Diversity 105:1-16 ((https://doi.org/10.1007/s13225-020-00466-2))	Wrightoporia_austrosinensis
ASV1813	Fungi	Basidiomycota	Agaricomycetes	Cantharellales	Botryobasidiaceae	Botryobasidium	Botryobasidium_candicans	Botryobasidium_candicans	sSH0891569.09FU	0.9992571	Botryobasidiaceae	1CB1CCD1-36B9-11D5-9548-00D0592D548C	81744	9	Saprotroph	Undefined Saprotroph-Wood Saprotroph	Probable	Corticioid	NULL	Saprobic, typically on rotten wood (Cannon & Kirk 2007)	Cannon PF, Kirk PM. 2007. Fungal Families of the World. CAB International, Cambridge (ISBN: 978-0851998275)	Botryobasidium_candicans
